2026-07-10 03:16:50,444 [INFO] Activator:176 - 


2026-07-10 03:16:50,451 [INFO] Activator:177 - !SESSION log4j initialized
2026-07-10 03:16:52,967 [INFO] ApplicationProperties:184 - Using Application install path: C:\ST\STM32CubeIDE_1.18.0\STM32CubeIDE\plugins\com.st.stm32cube.common.mx_6.15.0.202507011659
2026-07-10 03:16:52,986 [INFO] DbMcusXml:78 - Set database path to: C:\ST\STM32CubeIDE_1.18.0\STM32CubeIDE\plugins\com.st.stm32cube.common.mx_6.15.0.202507011659\\db\/mcu/
2026-07-10 03:16:52,986 [INFO] ApiDb:274 - Set plugin database path to: C:\ST\STM32CubeIDE_1.18.0\STM32CubeIDE\plugins\com.st.stm32cube.common.mx_6.15.0.202507011659\\db\/plugins/boardmanager/
2026-07-10 03:16:52,986 [WARN] ApiDb:259 - Overriding images path with different value:  => C:\ST\STM32CubeIDE_1.18.0\STM32CubeIDE\plugins\com.st.stm32cube.common.mx_6.15.0.202507011659\\db\/plugins/mcufinder/images/
2026-07-10 03:16:52,996 [INFO] ApiDb:250 - Set database path to: C:\Users\Mowibox\.stmcufinder\plugins\mcufinder//mcu/
2026-07-10 03:16:53,003 [INFO] DbMcusAds:125 - Set database path to: C:\Users\Mowibox\.stmcufinder\plugins\mcufinder//mcu/
2026-07-10 03:16:53,039 [INFO] CrossReferenceDbSqlite:203 - Set database path to: C:\Users\Mowibox\.stmcufinder\plugins\mcufinder//mcu/cs/
2026-07-10 03:16:53,253 [INFO] RulesReader:64 - Compatibility file has been processed (317 Rules)
2026-07-10 03:16:53,380 [INFO] DbMcusXml:78 - Set database path to: C:\ST\STM32CubeIDE_1.18.0\STM32CubeIDE\plugins\com.st.stm32cube.common.mx_6.15.0.202507011659\\db\/mcu/
2026-07-10 03:16:53,380 [INFO] ApiDb:274 - Set plugin database path to: C:\ST\STM32CubeIDE_1.18.0\STM32CubeIDE\plugins\com.st.stm32cube.common.mx_6.15.0.202507011659\\db\/plugins/boardmanager/
2026-07-10 03:16:53,380 [INFO] ApiDb:261 - Set plugin images path to: C:\ST\STM32CubeIDE_1.18.0\STM32CubeIDE\plugins\com.st.stm32cube.common.mx_6.15.0.202507011659\\db\/plugins/mcufinder/images/
2026-07-10 03:16:53,380 [WARN] DbFile:41 - Overriding database path with different value: C:\Users\Mowibox\.stmcufinder\plugins\mcufinder/ => C:\Users\Mowibox\.stmcufinder\plugins\mcufinder
2026-07-10 03:16:53,380 [INFO] ApiDb:250 - Set database path to: C:\Users\Mowibox\.stmcufinder\plugins\mcufinder//mcu/
2026-07-10 03:16:53,380 [WARN] DbFile:41 - Overriding database path with different value: C:\Users\Mowibox\.stmcufinder\plugins\mcufinder/ => C:\Users\Mowibox\.stmcufinder\plugins\mcufinder
2026-07-10 03:16:53,380 [INFO] DbMcusAds:125 - Set database path to: C:\Users\Mowibox\.stmcufinder\plugins\mcufinder//mcu/
2026-07-10 03:16:53,380 [WARN] DbFile:41 - Overriding database path with different value: C:\Users\Mowibox\.stmcufinder\plugins\mcufinder/ => C:\Users\Mowibox\.stmcufinder\plugins\mcufinder
2026-07-10 03:16:53,380 [WARN] DbFile:41 - Overriding database path with different value: C:\Users\Mowibox\.stmcufinder\plugins\mcufinder/ => C:\Users\Mowibox\.stmcufinder\plugins\mcufinder
2026-07-10 03:16:53,380 [INFO] CrossReferenceDbSqlite:203 - Set database path to: C:\Users\Mowibox\.stmcufinder\plugins\mcufinder//mcu/cs/
2026-07-10 03:16:53,490 [INFO] MainPanel:274 - HeapMemory: 268435456
2026-07-10 03:16:53,673 [INFO] DbMcusXml:78 - Set database path to: C:\ST\STM32CubeIDE_1.18.0\STM32CubeIDE\plugins\com.st.stm32cube.common.mx_6.15.0.202507011659\\db\/mcu/
2026-07-10 03:16:53,673 [INFO] ApiDb:274 - Set plugin database path to: C:\ST\STM32CubeIDE_1.18.0\STM32CubeIDE\plugins\com.st.stm32cube.common.mx_6.15.0.202507011659\\db\/plugins/boardmanager/
2026-07-10 03:16:53,673 [INFO] ApiDb:261 - Set plugin images path to: C:\ST\STM32CubeIDE_1.18.0\STM32CubeIDE\plugins\com.st.stm32cube.common.mx_6.15.0.202507011659\\db\/plugins/mcufinder/images/
2026-07-10 03:16:53,676 [WARN] DbFile:41 - Overriding database path with different value: C:\Users\Mowibox\.stmcufinder\plugins\mcufinder/ => C:\Users\Mowibox\.stmcufinder\plugins\mcufinder
2026-07-10 03:16:53,676 [INFO] ApiDb:250 - Set database path to: C:\Users\Mowibox\.stmcufinder\plugins\mcufinder//mcu/
2026-07-10 03:16:53,676 [WARN] DbFile:41 - Overriding database path with different value: C:\Users\Mowibox\.stmcufinder\plugins\mcufinder/ => C:\Users\Mowibox\.stmcufinder\plugins\mcufinder
2026-07-10 03:16:53,676 [INFO] DbMcusAds:125 - Set database path to: C:\Users\Mowibox\.stmcufinder\plugins\mcufinder//mcu/
2026-07-10 03:16:53,676 [WARN] DbFile:41 - Overriding database path with different value: C:\Users\Mowibox\.stmcufinder\plugins\mcufinder/ => C:\Users\Mowibox\.stmcufinder\plugins\mcufinder
2026-07-10 03:16:53,676 [WARN] DbFile:41 - Overriding database path with different value: C:\Users\Mowibox\.stmcufinder\plugins\mcufinder/ => C:\Users\Mowibox\.stmcufinder\plugins\mcufinder
2026-07-10 03:16:53,676 [INFO] CrossReferenceDbSqlite:203 - Set database path to: C:\Users\Mowibox\.stmcufinder\plugins\mcufinder//mcu/cs/
2026-07-10 03:16:53,695 [INFO] ApplicationProperties:184 - Using Application install path: C:\ST\STM32CubeIDE_1.18.0\STM32CubeIDE\plugins\com.st.stm32cube.common.mx_6.15.0.202507011659
2026-07-10 03:16:53,695 [INFO] PluginManage:196 - Search for loadable plugins [exclusion list=, ]
2026-07-10 03:16:53,695 [INFO] PluginManage:310 - Check plugin analytics
2026-07-10 03:16:54,177 [INFO] AnalyticsPlugin:253 - Accepted Software Licenses: 
2026-07-10 03:16:54,177 [INFO] AnalyticsPlugin:255 - Accepted CMSIS Pack Licenses: 
2026-07-10 03:16:54,177 [INFO] AnalyticsPlugin:257 - Accepted Firmware Licenses: 
2026-07-10 03:16:54,192 [INFO] PluginManage:359 - Loaded plugin analytics (category:tool,tabindex:-1)
2026-07-10 03:16:54,194 [INFO] PluginManage:310 - Check plugin cadmodel
2026-07-10 03:16:54,205 [INFO] CADModel:105 - Init CAD model plugin
2026-07-10 03:16:54,205 [INFO] PluginManage:359 - Loaded plugin cadmodel (category:power,tabindex:5)
2026-07-10 03:16:54,205 [INFO] PluginManage:310 - Check plugin clock
2026-07-10 03:16:54,228 [INFO] PluginManage:359 - Loaded plugin clock (category:base,tabindex:2)
2026-07-10 03:16:54,228 [INFO] PluginManage:310 - Check plugin ddr
2026-07-10 03:16:54,242 [INFO] PluginManage:359 - Loaded plugin ddr (category:tool,tabindex:6)
2026-07-10 03:16:54,242 [INFO] PluginManage:310 - Check plugin filemanager
2026-07-10 03:16:54,467 [INFO] PluginManage:359 - Loaded plugin filemanager (category:base,tabindex:10)
2026-07-10 03:16:54,467 [INFO] PluginManage:310 - Check plugin ipmanager
2026-07-10 03:16:54,477 [INFO] PluginManage:359 - Loaded plugin ipmanager (category:base,tabindex:5)
2026-07-10 03:16:54,477 [INFO] PluginManage:310 - Check plugin lpbam
2026-07-10 03:16:54,492 [INFO] PluginManage:359 - Loaded plugin lpbam (category:base,tabindex:0)
2026-07-10 03:16:54,492 [INFO] PluginManage:310 - Check plugin memorymap
2026-07-10 03:16:54,496 [INFO] PluginManage:359 - Loaded plugin memorymap (category:base,tabindex:4)
2026-07-10 03:16:54,496 [INFO] PluginManage:310 - Check plugin pinoutandconfiguration
2026-07-10 03:16:54,513 [INFO] PluginManage:359 - Loaded plugin pinoutandconfiguration (category:base,tabindex:1)
2026-07-10 03:16:54,513 [INFO] PluginManage:310 - Check plugin pinoutconfig
2026-07-10 03:16:54,625 [WARN] SupportedApi:132 - Cannot load RTOS API schema: s4s-elt-must-match.1: The content of 'definitions' must match (annotation?, (simpleType | complexType)?, (unique | key | keyref)*)). A problem was found starting at: attribute.
2026-07-10 03:16:54,783 [INFO] PluginManage:359 - Loaded plugin pinoutconfig (category:base,tabindex:0)
2026-07-10 03:16:54,783 [INFO] PluginManage:310 - Check plugin power
2026-07-10 03:16:54,793 [INFO] PluginManage:359 - Loaded plugin power (category:power,tabindex:4)
2026-07-10 03:16:54,793 [INFO] PluginManage:310 - Check plugin projectmanager
2026-07-10 03:16:54,819 [INFO] PluginManage:359 - Loaded plugin projectmanager (category:projectmanager,tabindex:4)
2026-07-10 03:16:54,819 [INFO] PluginManage:310 - Check plugin rif
2026-07-10 03:16:54,826 [INFO] PluginManage:359 - Loaded plugin rif (category:base,tabindex:3)
2026-07-10 03:16:54,826 [INFO] PluginManage:310 - Check plugin thirdparty
2026-07-10 03:16:55,025 [INFO] PluginManage:359 - Loaded plugin thirdparty (category:base,tabindex:-1)
2026-07-10 03:16:55,025 [INFO] PluginManage:310 - Check plugin tools
2026-07-10 03:16:55,025 [WARN] IntegrityCheckThread:84 - waiting for thirdparty lock release [integrity check]
2026-07-10 03:16:55,025 [INFO] IntegrityCheckThread:86 - entering critical section [integrity check]
2026-07-10 03:16:55,027 [INFO] ThirdPartyUpdaterWithRetryManager:70 - Updater plugin not ready yet. [1/15]
2026-07-10 03:16:55,029 [INFO] PluginManage:359 - Loaded plugin tools (category:base,tabindex:7)
2026-07-10 03:16:55,029 [INFO] PluginManage:310 - Check plugin tutovideos
2026-07-10 03:16:55,275 [INFO] PluginManage:359 - Loaded plugin tutovideos (category:base,tabindex:-1)
2026-07-10 03:16:55,275 [INFO] PluginManage:310 - Check plugin updater
2026-07-10 03:16:55,312 [INFO] PluginManage:359 - Loaded plugin updater (category:base,tabindex:12)
2026-07-10 03:16:55,312 [INFO] PluginManage:310 - Check plugin userauth
2026-07-10 03:16:55,327 [INFO] UserAuth:118 - Init User Auth plugin
2026-07-10 03:16:55,329 [INFO] PluginManage:359 - Loaded plugin userauth (category:base,tabindex:14)
2026-07-10 03:16:55,329 [INFO] PluginManage:283 - PluginManage : Loaded plugins [18]
2026-07-10 03:16:55,758 [INFO] PinOutPanel:1589 - setPackage(No Configuration,No Configuration)
2026-07-10 03:16:55,866 [INFO] CADModel:165 - CPN selected for project level
2026-07-10 03:16:55,866 [INFO] CADModel:114 - Register for checkConnection events
2026-07-10 03:16:55,901 [INFO] IPUIPlugin:80 - create IPUIPlugin
2026-07-10 03:16:55,901 [INFO] PluginManager:220 - loadIPPluginJar : add adc
2026-07-10 03:16:55,905 [INFO] IPUIPlugin:80 - create IPUIPlugin
2026-07-10 03:16:55,905 [INFO] PluginManager:220 - loadIPPluginJar : add aes
2026-07-10 03:16:55,910 [INFO] IPUIPlugin:80 - create IPUIPlugin
2026-07-10 03:16:55,910 [INFO] PluginManager:220 - loadIPPluginJar : add can
2026-07-10 03:16:55,912 [INFO] IPUIPlugin:80 - create IPUIPlugin
2026-07-10 03:16:55,912 [INFO] PluginManager:220 - loadIPPluginJar : add comp
2026-07-10 03:16:55,912 [INFO] IPUIPlugin:80 - create IPUIPlugin
2026-07-10 03:16:55,912 [INFO] PluginManager:220 - loadIPPluginJar : add cryp
2026-07-10 03:16:55,921 [INFO] IPUIPlugin:80 - create IPUIPlugin
2026-07-10 03:16:55,921 [INFO] PluginManager:220 - loadIPPluginJar : add ddr_ctrl_phy
2026-07-10 03:16:55,924 [INFO] IPUIPlugin:80 - create IPUIPlugin
2026-07-10 03:16:55,924 [INFO] PluginManager:220 - loadIPPluginJar : add dfsdm
2026-07-10 03:16:55,931 [INFO] IPUIPlugin:80 - create IPUIPlugin
2026-07-10 03:16:55,933 [INFO] PluginManager:220 - loadIPPluginJar : add dma
2026-07-10 03:16:55,933 [INFO] IPUIPlugin:80 - create IPUIPlugin
2026-07-10 03:16:55,933 [INFO] PluginManager:220 - loadIPPluginJar : add dma3
2026-07-10 03:16:55,941 [INFO] IPUIPlugin:80 - create IPUIPlugin
2026-07-10 03:16:55,941 [INFO] PluginManager:220 - loadIPPluginJar : add extmemmanager
2026-07-10 03:16:55,945 [INFO] IPUIPlugin:80 - create IPUIPlugin
2026-07-10 03:16:55,945 [INFO] PluginManager:220 - loadIPPluginJar : add fatfs
2026-07-10 03:16:55,950 [INFO] IPUIPlugin:80 - create IPUIPlugin
2026-07-10 03:16:55,950 [INFO] PluginManager:220 - loadIPPluginJar : add fmc
2026-07-10 03:16:55,958 [INFO] IPUIPlugin:80 - create IPUIPlugin
2026-07-10 03:16:55,958 [INFO] PluginManager:220 - loadIPPluginJar : add freertos
2026-07-10 03:16:55,960 [INFO] IPUIPlugin:80 - create IPUIPlugin
2026-07-10 03:16:55,960 [INFO] PluginManager:220 - loadIPPluginJar : add genericplugin
2026-07-10 03:16:55,964 [INFO] IPUIPlugin:80 - create IPUIPlugin
2026-07-10 03:16:55,964 [INFO] PluginManager:220 - loadIPPluginJar : add gfxmmu
2026-07-10 03:16:55,969 [INFO] IPUIPlugin:80 - create IPUIPlugin
2026-07-10 03:16:55,969 [INFO] PluginManager:220 - loadIPPluginJar : add gic
2026-07-10 03:16:55,974 [INFO] IPUIPlugin:80 - create IPUIPlugin
2026-07-10 03:16:55,976 [INFO] PluginManager:220 - loadIPPluginJar : add gpio
2026-07-10 03:16:55,979 [INFO] IPUIPlugin:80 - create IPUIPlugin
2026-07-10 03:16:55,979 [INFO] PluginManager:220 - loadIPPluginJar : add gtzc
2026-07-10 03:16:55,979 [INFO] IPUIPlugin:80 - create IPUIPlugin
2026-07-10 03:16:55,979 [INFO] PluginManager:220 - loadIPPluginJar : add hash
2026-07-10 03:16:55,987 [INFO] IPUIPlugin:80 - create IPUIPlugin
2026-07-10 03:16:55,987 [INFO] PluginManager:220 - loadIPPluginJar : add i2c
2026-07-10 03:16:55,991 [INFO] IPUIPlugin:80 - create IPUIPlugin
2026-07-10 03:16:55,991 [INFO] PluginManager:220 - loadIPPluginJar : add i2s
2026-07-10 03:16:55,993 [INFO] IPUIPlugin:80 - create IPUIPlugin
2026-07-10 03:16:55,993 [INFO] PluginManager:220 - loadIPPluginJar : add i3c
2026-07-10 03:16:55,999 [INFO] IPUIPlugin:80 - create IPUIPlugin
2026-07-10 03:16:55,999 [INFO] PluginManager:220 - loadIPPluginJar : add ipddr
2026-07-10 03:16:56,009 [INFO] IPUIPlugin:80 - create IPUIPlugin
2026-07-10 03:16:56,009 [INFO] PluginManager:220 - loadIPPluginJar : add linkedlist
2026-07-10 03:16:56,013 [INFO] IPUIPlugin:80 - create IPUIPlugin
2026-07-10 03:16:56,013 [INFO] PluginManager:220 - loadIPPluginJar : add lorawan
2026-07-10 03:16:56,013 [INFO] IPUIPlugin:80 - create IPUIPlugin
2026-07-10 03:16:56,013 [INFO] PluginManager:220 - loadIPPluginJar : add ltdc
2026-07-10 03:16:56,023 [INFO] IPUIPlugin:80 - create IPUIPlugin
2026-07-10 03:16:56,023 [INFO] PluginManager:220 - loadIPPluginJar : add mdma
2026-07-10 03:16:56,026 [INFO] IPUIPlugin:80 - create IPUIPlugin
2026-07-10 03:16:56,026 [INFO] PluginManager:220 - loadIPPluginJar : add nvic
2026-07-10 03:16:56,032 [INFO] IPUIPlugin:80 - create IPUIPlugin
2026-07-10 03:16:56,032 [INFO] PluginManager:220 - loadIPPluginJar : add opamp
2026-07-10 03:16:56,037 [INFO] IPUIPlugin:80 - create IPUIPlugin
2026-07-10 03:16:56,037 [INFO] PluginManager:220 - loadIPPluginJar : add openamp
2026-07-10 03:16:56,043 [INFO] IPUIPlugin:80 - create IPUIPlugin
2026-07-10 03:16:56,043 [INFO] PluginManager:220 - loadIPPluginJar : add pdm2pcm
2026-07-10 03:16:56,052 [INFO] IPUIPlugin:80 - create IPUIPlugin
2026-07-10 03:16:56,052 [INFO] PluginManager:220 - loadIPPluginJar : add plateformsettings
2026-07-10 03:16:56,052 [INFO] IPUIPlugin:80 - create IPUIPlugin
2026-07-10 03:16:56,052 [INFO] PluginManager:220 - loadIPPluginJar : add quadspi
2026-07-10 03:16:56,059 [INFO] IPUIPlugin:80 - create IPUIPlugin
2026-07-10 03:16:56,059 [INFO] PluginManager:220 - loadIPPluginJar : add radio
2026-07-10 03:16:56,059 [INFO] IPUIPlugin:80 - create IPUIPlugin
2026-07-10 03:16:56,059 [INFO] PluginManager:220 - loadIPPluginJar : add resmgrutility
2026-07-10 03:16:56,070 [INFO] IPUIPlugin:80 - create IPUIPlugin
2026-07-10 03:16:56,070 [INFO] PluginManager:220 - loadIPPluginJar : add sai
2026-07-10 03:16:56,075 [INFO] IPUIPlugin:80 - create IPUIPlugin
2026-07-10 03:16:56,075 [INFO] PluginManager:220 - loadIPPluginJar : add spi
2026-07-10 03:16:56,082 [INFO] IPUIPlugin:80 - create IPUIPlugin
2026-07-10 03:16:56,082 [INFO] PluginManager:220 - loadIPPluginJar : add stm32_wpan
2026-07-10 03:16:56,082 [INFO] IPUIPlugin:80 - create IPUIPlugin
2026-07-10 03:16:56,082 [INFO] PluginManager:220 - loadIPPluginJar : add tim
2026-07-10 03:16:56,091 [INFO] IPUIPlugin:80 - create IPUIPlugin
2026-07-10 03:16:56,091 [INFO] PluginManager:220 - loadIPPluginJar : add touchsensing
2026-07-10 03:16:56,093 [INFO] IPUIPlugin:80 - create IPUIPlugin
2026-07-10 03:16:56,093 [INFO] PluginManager:220 - loadIPPluginJar : add tracer_emb
2026-07-10 03:16:56,095 [INFO] IPUIPlugin:80 - create IPUIPlugin
2026-07-10 03:16:56,095 [INFO] PluginManager:220 - loadIPPluginJar : add ts
2026-07-10 03:16:56,095 [INFO] IPUIPlugin:80 - create IPUIPlugin
2026-07-10 03:16:56,095 [INFO] PluginManager:220 - loadIPPluginJar : add tsc
2026-07-10 03:16:56,095 [INFO] IPUIPlugin:80 - create IPUIPlugin
2026-07-10 03:16:56,095 [INFO] PluginManager:220 - loadIPPluginJar : add ucpd
2026-07-10 03:16:56,103 [INFO] IPUIPlugin:80 - create IPUIPlugin
2026-07-10 03:16:56,103 [INFO] PluginManager:220 - loadIPPluginJar : add usart
2026-07-10 03:16:56,105 [INFO] IPUIPlugin:80 - create IPUIPlugin
2026-07-10 03:16:56,105 [INFO] PluginManager:220 - loadIPPluginJar : add usbx
2026-07-10 03:16:56,241 [FATAL] Updater:351 - Updater called before beeing initialized
2026-07-10 03:16:56,285 [INFO] RulesReader:64 - Compatibility file has been processed (317 Rules)
2026-07-10 03:16:56,301 [INFO] RulesReader:64 - Compatibility file has been processed (317 Rules)
2026-07-10 03:16:56,319 [INFO] CADModel:165 - CPN selected for project level
2026-07-10 03:16:56,319 [INFO] CADModel:114 - Register for checkConnection events
2026-07-10 03:16:56,319 [FATAL] Updater:351 - Updater called before beeing initialized
2026-07-10 03:16:56,319 [ERROR] CADModel:125 - Updater not yet initialized, retry later 
2026-07-10 03:16:56,542 [FATAL] Updater:351 - Updater called before beeing initialized
2026-07-10 03:16:56,545 [INFO] CADModel:165 - CPN selected for project level
2026-07-10 03:16:56,545 [INFO] CADModel:114 - Register for checkConnection events
2026-07-10 03:16:56,545 [FATAL] Updater:351 - Updater called before beeing initialized
2026-07-10 03:16:56,545 [ERROR] CADModel:125 - Updater not yet initialized, retry later 
2026-07-10 03:16:56,545 [FATAL] Updater:351 - Updater called before beeing initialized
2026-07-10 03:16:56,676 [FATAL] Updater:351 - Updater called before beeing initialized
2026-07-10 03:16:56,676 [INFO] DbMcusAds:53 - JSON generation date=Thu Mar 05 15:32:53 CET 2026 (1772721173050)
2026-07-10 03:16:56,676 [FATAL] Updater:351 - Updater called before beeing initialized
2026-07-10 03:16:56,727 [WARN] DetailPanel:346 - Failed to get advertising image, set to default
2026-07-10 03:16:56,825 [FATAL] Updater:351 - Updater called before beeing initialized
2026-07-10 03:16:56,827 [FATAL] Updater:351 - Updater called before beeing initialized
2026-07-10 03:16:56,827 [FATAL] Updater:351 - Updater called before beeing initialized
2026-07-10 03:16:56,827 [WARN] DetailPanel:346 - Failed to get advertising image, set to default
2026-07-10 03:16:56,827 [FATAL] Updater:351 - Updater called before beeing initialized
2026-07-10 03:16:56,890 [ERROR] Updater:1198 - MainUpdater not yet initialized. External WinMGr cannot be set.
2026-07-10 03:16:56,892 [INFO] Updater:1134 - Updater Version found : 6.15.0
2026-07-10 03:16:56,908 [INFO] ApplicationProperties:184 - Using Application install path: C:\ST\STM32CubeIDE_1.18.0\STM32CubeIDE\plugins\com.st.stm32cube.common.mx_6.15.0.202507011659
2026-07-10 03:16:58,037 [INFO] ThirdPartyUpdaterWithRetryManager:70 - Updater plugin not ready yet. [2/15]
2026-07-10 03:16:58,542 [ERROR] LogOutputStream:75 - [STDERR_REDIRECT] Jul 10, 2026 3:16:58 AM java.util.prefs.WindowsPreferences <init>
2026-07-10 03:16:58,542 [ERROR] LogOutputStream:75 - [STDERR_REDIRECT] WARNING: Could not open/create prefs root node Software\JavaSoft\Prefs at root 0xffffffff80000002. Windows RegCreateKeyEx(...) returned error code 5.
2026-07-10 03:16:58,542 [ERROR] LogOutputStream:75 - [STDERR_REDIRECT] 
2026-07-10 03:16:59,658 [INFO] MainUpdater:2872 - connection check result : 10
2026-07-10 03:16:59,658 [INFO] MainUpdater:3604 - Updater definition file requires update
2026-07-10 03:16:59,658 [INFO] MainUpdater:289 - Updater Check For Update Now.
2026-07-10 03:16:59,658 [INFO] MicroXplorer:498 - Change Database Version : DB.6.0.150
2026-07-10 03:16:59,841 [INFO] ServerAccessManage:452 - Complete download http(s) 200
2026-07-10 03:16:59,845 [INFO] ServerAccessManage:509 - Download File updaters.zip
2026-07-10 03:17:00,028 [INFO] FileExtend:248 - Unzip File : updaters.zip
2026-07-10 03:17:00,028 [INFO] FileExtend:263 - Standard Zip Deflate
2026-07-10 03:17:00,576 [INFO] ServerAccessManage:452 - Complete download http(s) 200
2026-07-10 03:17:00,576 [INFO] ServerAccessManage:509 - Download File PacksControlFlags.xml
2026-07-10 03:17:00,640 [INFO] ServerAccessManage:452 - Complete download http(s) 200
2026-07-10 03:17:00,640 [INFO] ServerAccessManage:509 - Download File cubemx.pidx
2026-07-10 03:17:01,050 [WARN] MainUpdater:1193 - Updater busy. Cannot search thirdparties
2026-07-10 03:17:01,050 [INFO] ThirdPartyUpdaterWithRetryManager:96 - Updater plugin is busy. [1/15]
2026-07-10 03:17:01,329 [INFO] ServerAccessManage:452 - Complete download http(s) 200
2026-07-10 03:17:01,331 [INFO] ServerAccessManage:509 - Download File STMicroelectronics.X-CUBE-BLEMGR.pdsc
2026-07-10 03:17:01,598 [ERROR] ServerAccessManage:1212 - Problem, file not found on Server
2026-07-10 03:17:03,241 [WARN] PopulateThirdPartyThread:106 - Error when creating pack: C:/Users/Mowibox/.stm32cubemx/thirdparties/pdsc/STMicroelectronics.X-CUBE-BLEMGR.pdsc
2026-07-10 03:17:03,241 [INFO] PopulateThirdPartyThread:66 - Ending populate Thread
2026-07-10 03:17:03,241 [INFO] LoadServerUpdatesThread:375 - End of LoadServerUpdate Thread
2026-07-10 03:17:03,418 [INFO] CheckServerUpdateThread:120 - End of CheckServer Thread
2026-07-10 03:17:03,433 [INFO] MainUpdater:2872 - connection check result : 10
2026-07-10 03:17:03,433 [INFO] MainUpdater:2872 - connection check result : 10
2026-07-10 03:17:03,595 [INFO] MicroXplorer:468 - Change Database Path : 
2026-07-10 03:17:03,595 [INFO] MicroXplorer:498 - Change Database Version : DB.6.0.150
2026-07-10 03:17:03,616 [WARN] ThirdParty:871 - waiting for thirdparty lock release [close project]
2026-07-10 03:17:04,753 [WARN] PackLoader:240 - Cannot read IP mode file for STMicroelectronics.X-CUBE-AZRTOS-H7.3.5.0
2026-07-10 03:17:04,771 [WARN] PackLoader:240 - Cannot read IP mode file for STMicroelectronics.FP-SNS-MOTENVWB1.1.4.0
2026-07-10 03:17:04,788 [WARN] PackLoader:240 - Cannot read IP mode file for STMicroelectronics.FP-ATR-ASTRA1.2.0.2
2026-07-10 03:17:04,805 [ERROR] Engine:466 - C:\Users\Mowibox\.stm32cubemx\thirdparties\pdsc\STMicroelectronics.X-CUBE-SMBUS.2.1.1.pdsc: PDSC version is not supported
2026-07-10 03:17:04,817 [WARN] PackLoader:240 - Cannot read IP mode file for STMicroelectronics.X-CUBE-SMBUS.2.1.0
2026-07-10 03:17:04,837 [WARN] PackLoader:240 - Cannot read IP mode file for STMicroelectronics.X-CUBE-WB05N.1.1.0
2026-07-10 03:17:04,871 [WARN] PackLoader:240 - Cannot read IP mode file for STMicroelectronics.X-CUBE-AZRTOS-F7.1.1.0
2026-07-10 03:17:04,891 [WARN] PackLoader:240 - Cannot read IP mode file for STMicroelectronics.X-CUBE-FREERTOS.1.6.0
2026-07-10 03:17:04,908 [WARN] PackLoader:240 - Cannot read IP mode file for STMicroelectronics.FP-SNS-MOTENV1.5.1.0
2026-07-10 03:17:04,936 [WARN] PackLoader:240 - Cannot read IP mode file for STMicroelectronics.X-CUBE-AZRTOS-H7RS.1.3.0
2026-07-10 03:17:04,950 [WARN] PackLoader:240 - Cannot read IP mode file for STMicroelectronics.FP-SNS-FLIGHT1.5.0.2
2026-07-10 03:17:05,000 [WARN] PackLoader:240 - Cannot read IP mode file for Infineon.AIROC-Wi-Fi-Bluetooth-STM32.1.7.0
2026-07-10 03:17:05,050 [WARN] PackLoader:240 - Cannot read IP mode file for STMicroelectronics.X-CUBE-AZRTOS-H7.3.4.0
2026-07-10 03:17:05,066 [WARN] PackLoader:240 - Cannot read IP mode file for STMicroelectronics.X-CUBE-DISPLAY.3.0.0
2026-07-10 03:17:05,075 [WARN] PackLoader:240 - Cannot read IP mode file for STMicroelectronics.X-CUBE-GNSS1.7.1.1
2026-07-10 03:17:05,088 [WARN] PackLoader:240 - Cannot read IP mode file for STMicroelectronics.FP-SNS-MOTENVWB1.1.5.0
2026-07-10 03:17:05,100 [WARN] PackLoader:240 - Cannot read IP mode file for STMicroelectronics.X-CUBE-NFC10.1.0.0
2026-07-10 03:17:05,130 [WARN] PackLoader:240 - Cannot read IP mode file for STMicroelectronics.X-CUBE-BLEMGR.4.0.0
2026-07-10 03:17:05,138 [WARN] PackLoader:240 - Cannot read IP mode file for STMicroelectronics.X-CUBE-ST60.1.1.0
2026-07-10 03:17:05,152 [WARN] PackLoader:240 - Cannot read IP mode file for emotas.I-CUBE-CANOPEN.1.3.0
2026-07-10 03:17:05,155 [ERROR] Engine:466 - C:\Users\Mowibox\.stm32cubemx\thirdparties\pdsc\STMicroelectronics.X-CUBE-WBA.1.1.0.pdsc: PDSC version is not supported
2026-07-10 03:17:05,158 [WARN] PackLoader:240 - Cannot read IP mode file for STMicroelectronics.X-CUBE-GNSS1.7.1.0
2026-07-10 03:17:05,171 [WARN] ConditionMgr:438 - getConditionDescription Invalid condition id : Cortex-A Device cause : null
2026-07-10 03:17:05,192 [WARN] ConditionMgr:1044 - genDependencies : Invalid condition id : Cortex-A Device cause : null
2026-07-10 03:17:05,192 [WARN] ConditionMgr:1044 - genDependencies : Invalid condition id : Cortex-A Device cause : null
2026-07-10 03:17:05,192 [WARN] ConditionMgr:1044 - genDependencies : Invalid condition id : Cortex-A Device cause : null
2026-07-10 03:17:05,205 [WARN] PackLoader:240 - Cannot read IP mode file for STMicroelectronics.X-CUBE-AI.10.0.0
2026-07-10 03:17:05,215 [WARN] PackLoader:240 - Cannot read IP mode file for STMicroelectronics.FP-SNS-STBOX1.2.1.0
2026-07-10 03:17:05,220 [WARN] PackLoader:240 - Cannot read IP mode file for STMicroelectronics.FP-SNS-SMARTAG2.1.2.0
2026-07-10 03:17:05,230 [WARN] PackLoader:240 - Cannot read IP mode file for STMicroelectronics.FP-SNS-FLIGHT1.5.1.0
2026-07-10 03:17:05,284 [WARN] PackLoader:240 - Cannot read IP mode file for STMicroelectronics.X-CUBE-MEMS1.11.1.0
2026-07-10 03:17:05,453 [INFO] LogOutputStream:77 - [STDOUT_REDIRECT] 1 : Invalid condition id : UX_CORESTACK_Condition cause : null
2026-07-10 03:17:05,453 [INFO] LogOutputStream:77 - [STDOUT_REDIRECT] 1 : Invalid condition id : UX_CORESTACK_Condition cause : null
2026-07-10 03:17:05,453 [INFO] LogOutputStream:77 - [STDOUT_REDIRECT] 1 : Invalid condition id : UX_CORESTACK_Condition cause : null
2026-07-10 03:17:05,453 [INFO] LogOutputStream:77 - [STDOUT_REDIRECT] 1 : Invalid condition id : UX_CORESTACK_Condition cause : null
2026-07-10 03:17:05,453 [INFO] LogOutputStream:77 - [STDOUT_REDIRECT] 1 : Invalid condition id : UX_CORESTACK_Condition cause : null
2026-07-10 03:17:05,464 [WARN] PackLoader:240 - Cannot read IP mode file for STMicroelectronics.X-CUBE-AZRTOS-WL.2.0.0
2026-07-10 03:17:05,470 [WARN] PackLoader:240 - Cannot read IP mode file for STMicroelectronics.FP-SNS-MOTENV1.5.0.0
2026-07-10 03:17:05,487 [WARN] PackLoader:240 - Cannot read IP mode file for STMicroelectronics.X-CUBE-AZRTOS-H7RS.1.2.0
2026-07-10 03:17:05,495 [WARN] PackLoader:240 - Cannot read IP mode file for WES.I-CUBE-Cesium.1.3.0
2026-07-10 03:17:05,502 [WARN] PackLoader:240 - Cannot read IP mode file for STMicroelectronics.X-CUBE-BLE2.3.3.0
2026-07-10 03:17:05,518 [WARN] PackLoader:240 - Cannot read IP mode file for STMicroelectronics.X-CUBE-NFC9.1.0.0
2026-07-10 03:17:05,518 [WARN] PackLoader:240 - Cannot read IP mode file for STMicroelectronics.X-CUBE-BLE1.7.1.0
2026-07-10 03:17:05,537 [WARN] PackLoader:240 - Cannot read IP mode file for wolfSSL.I-CUBE-wolfMQTT.1.19.2
2026-07-10 03:17:05,537 [WARN] PackLoader:240 - Cannot read IP mode file for STMicroelectronics.X-CUBE-FREERTOS.1.4.0
2026-07-10 03:17:05,554 [WARN] PackLoader:240 - Cannot read IP mode file for STMicroelectronics.X-CUBE-EEPRMA1.5.2.0
2026-07-10 03:17:05,563 [WARN] PackLoader:240 - Cannot read IP mode file for STMicroelectronics.X-CUBE-ST67W61.1.1.0
2026-07-10 03:17:05,572 [WARN] PackLoader:240 - Cannot read IP mode file for STMicroelectronics.FP-SNS-STAIOTCFT.1.1.0
2026-07-10 03:17:05,620 [WARN] PackLoader:240 - Cannot read IP mode file for STMicroelectronics.X-CUBE-MEMS1.12.0.0
2026-07-10 03:17:05,720 [WARN] PackLoader:240 - Cannot read IP mode file for STMicroelectronics.X-CUBE-AZRTOS-G0.1.1.0
2026-07-10 03:17:05,737 [WARN] PackLoader:240 - Cannot read IP mode file for STMicroelectronics.X-CUBE-SAFEA1.1.2.2
2026-07-10 03:17:05,748 [WARN] PackLoader:240 - Cannot read IP mode file for STMicroelectronics.X-CUBE-NFC4.3.0.0
2026-07-10 03:17:05,754 [WARN] PackLoader:240 - Cannot read IP mode file for EmbeddedOffice.I-CUBE-FS-RTOS.1.0.1
2026-07-10 03:17:05,764 [WARN] PackLoader:240 - Cannot read IP mode file for STMicroelectronics.X-CUBE-WB05N.2.0.0
2026-07-10 03:17:05,771 [WARN] PackLoader:240 - Cannot read IP mode file for wolfSSL.I-CUBE-wolfTPM.3.8.0
2026-07-10 03:17:05,771 [WARN] PackLoader:240 - Cannot read IP mode file for STMicroelectronics.X-CUBE-TCPP.4.2.0
2026-07-10 03:17:05,786 [WARN] PackLoader:240 - Cannot read IP mode file for RealThread.X-CUBE-RT-Thread_Nano.4.1.1
2026-07-10 03:17:05,803 [WARN] PackLoader:240 - Cannot read IP mode file for STMicroelectronics.FP-ATR-SIGFOX1.3.2.0
2026-07-10 03:17:05,810 [WARN] PackLoader:240 - Cannot read IP mode file for STMicroelectronics.X-CUBE-EEPRMA1.5.1.0
2026-07-10 03:17:05,816 [WARN] PackLoader:240 - Cannot read IP mode file for STMicroelectronics.X-CUBE-FREERTOS.1.5.0
2026-07-10 03:17:05,821 [WARN] PackLoader:240 - Cannot read IP mode file for wolfSSL.I-CUBE-wolfSSL.5.7.6
2026-07-10 03:17:05,833 [WARN] PackLoader:240 - Cannot read IP mode file for ITTIA_DB.I-CUBE-ITTIADB.8.9.0
2026-07-10 03:17:05,836 [WARN] PackLoader:240 - Cannot read IP mode file for STMicroelectronics.X-CUBE-NFC6.3.2.0
2026-07-10 03:17:05,849 [WARN] PackLoader:240 - Cannot read IP mode file for STMicroelectronics.X-CUBE-AI.10.2.1
2026-07-10 03:17:05,853 [WARN] PackLoader:240 - Cannot read IP mode file for STMicroelectronics.X-CUBE-AI.10.2.0
2026-07-10 03:17:05,898 [WARN] PackLoader:240 - Cannot read IP mode file for STMicroelectronics.X-CUBE-MEMS1.12.1.0
2026-07-10 03:17:05,986 [WARN] PackLoader:240 - Cannot read IP mode file for SEGGER.I-CUBE-embOS.1.3.1
2026-07-10 03:17:06,033 [WARN] PackLoader:240 - Cannot read IP mode file for STMicroelectronics.X-CUBE-ALGOBUILD.1.4.0
2026-07-10 03:17:06,078 [WARN] PackLoader:240 - Cannot read IP mode file for STMicroelectronics.X-CUBE-MEMS1.11.3.0
2026-07-10 03:17:06,350 [WARN] PackLoader:240 - Cannot read IP mode file for STMicroelectronics.X-CUBE-NFC13.1.0.0
2026-07-10 03:17:06,360 [WARN] PackLoader:240 - Cannot read IP mode file for STMicroelectronics.X-CUBE-PM33A1.1.0.0
2026-07-10 03:17:06,370 [WARN] PackLoader:240 - Cannot read IP mode file for STMicroelectronics.X-CUBE-AZRTOS-F4.1.1.0
2026-07-10 03:17:06,383 [WARN] PackLoader:240 - Cannot read IP mode file for STMicroelectronics.X-CUBE-ISPU.2.1.0
2026-07-10 03:17:06,397 [WARN] PackLoader:240 - Cannot read IP mode file for STMicroelectronics.X-CUBE-IPS.3.2.0
2026-07-10 03:17:06,408 [WARN] PackLoader:240 - Cannot read IP mode file for STMicroelectronics.eDS-WB_DPC_TT-BIDIR.2.1.1
2026-07-10 03:17:06,416 [WARN] PackLoader:240 - Cannot read IP mode file for STMicroelectronics.X-CUBE-NFC12.1.0.0
2026-07-10 03:17:06,433 [WARN] PackLoader:240 - Cannot read IP mode file for STMicroelectronics.X-CUBE-AZRTOS-L5.2.0.0
2026-07-10 03:17:06,441 [WARN] PackLoader:240 - Cannot read IP mode file for STMicroelectronics.X-CUBE-NFC6.3.1.0
2026-07-10 03:17:06,453 [WARN] PackLoader:240 - Cannot read IP mode file for STMicroelectronics.X-CUBE-ALGOBUILD.1.5.0
2026-07-10 03:17:06,463 [WARN] PackLoader:240 - Cannot read IP mode file for STMicroelectronics.X-CUBE-DPower.1.2.0
2026-07-10 03:17:06,468 [WARN] PackLoader:240 - Cannot read IP mode file for STMicroelectronics.eDS-WB_DPC_VIENNA.1.2.0
2026-07-10 03:17:06,470 [WARN] PackLoader:240 - Cannot read IP mode file for STMicroelectronics.eDS-WB_DPC_3PH2L-BIDIR.1.1.1
2026-07-10 03:17:06,481 [ERROR] Engine:466 - C:\Users\Mowibox\.stm32cubemx\thirdparties\pdsc\STMicroelectronics.X-CUBE-ST67W61.1.3.0.pdsc: PDSC version is not supported
2026-07-10 03:17:06,486 [WARN] PackLoader:240 - Cannot read IP mode file for STMicroelectronics.X-CUBE-FREERTOS.1.3.1
2026-07-10 03:17:06,486 [WARN] PackLoader:240 - Cannot read IP mode file for STMicroelectronics.X-CUBE-FREERTOS.1.3.0
2026-07-10 03:17:06,499 [WARN] PackLoader:240 - Cannot read IP mode file for STMicroelectronics.X-CUBE-NFC7.1.0.1
2026-07-10 03:17:06,502 [WARN] PackLoader:240 - Cannot read IP mode file for STMicroelectronics.X-CUBE-TOUCHGFX.4.26.0
2026-07-10 03:17:06,502 [WARN] PackLoader:240 - Cannot read IP mode file for STMicroelectronics.X-CUBE-TOUCHGFX.4.26.1
2026-07-10 03:17:06,516 [WARN] PackLoader:240 - Cannot read IP mode file for STMicroelectronics.FP-SNS-STAIOTCFT.1.0.0
2026-07-10 03:17:06,523 [WARN] PackLoader:240 - Cannot read IP mode file for STMicroelectronics.X-CUBE-DPower.1.3.0
2026-07-10 03:17:06,537 [WARN] ConditionMgr:438 - getConditionDescription Invalid condition id : LAN8742 Phy interface Condition cause : null
2026-07-10 03:17:06,537 [WARN] PackLoader:240 - Cannot read IP mode file for STMicroelectronics.X-CUBE-AZRTOS-L4.2.0.0
2026-07-10 03:17:06,537 [WARN] ConditionMgr:1044 - genDependencies : Invalid condition id : LAN8742 Phy interface Condition cause : null
2026-07-10 03:17:06,537 [WARN] ConditionMgr:1044 - genDependencies : Invalid condition id : LAN8742 Phy interface Condition cause : null
2026-07-10 03:17:06,537 [WARN] ConditionMgr:1044 - genDependencies : Invalid condition id : LAN8742 Phy interface Condition cause : null
2026-07-10 03:17:06,545 [WARN] PackLoader:240 - Cannot read IP mode file for STMicroelectronics.X-CUBE-SFXS2LP1.4.0.0
2026-07-10 03:17:06,552 [WARN] PackLoader:240 - Cannot read IP mode file for STMicroelectronics.X-CUBE-WB05N.2.1.0
2026-07-10 03:17:06,562 [WARN] PackLoader:240 - Cannot read IP mode file for STMicroelectronics.X-CUBE-ST67W61.1.2.0
2026-07-10 03:17:06,587 [WARN] PackLoader:240 - Cannot read IP mode file for STMicroelectronics.X-CUBE-AZRTOS-H7.3.3.0
2026-07-10 03:17:06,608 [WARN] PackLoader:240 - Cannot read IP mode file for STMicroelectronics.X-CUBE-BLEMGR.4.1.0
2026-07-10 03:17:06,619 [WARN] ConditionMgr:438 - getConditionDescription Invalid condition id : UX DEVICE CLASS RTOS Condition cause : null
2026-07-10 03:17:06,619 [WARN] ConditionMgr:438 - getConditionDescription Invalid condition id : UX DEVICE CLASS RTOS Condition cause : null
2026-07-10 03:17:06,619 [WARN] PackLoader:240 - Cannot read IP mode file for STMicroelectronics.X-CUBE-AZRTOS-WB.2.0.0
2026-07-10 03:17:06,625 [WARN] ConditionMgr:1044 - genDependencies : Invalid condition id : UX DEVICE CLASS RTOS Condition cause : null
2026-07-10 03:17:06,625 [WARN] ConditionMgr:1044 - genDependencies : Invalid condition id : UX DEVICE CLASS RTOS Condition cause : null
2026-07-10 03:17:06,625 [WARN] ConditionMgr:1044 - genDependencies : Invalid condition id : UX DEVICE CLASS RTOS Condition cause : null
2026-07-10 03:17:06,625 [WARN] ConditionMgr:1044 - genDependencies : Invalid condition id : UX DEVICE CLASS RTOS Condition cause : null
2026-07-10 03:17:06,625 [WARN] ConditionMgr:1044 - genDependencies : Invalid condition id : UX DEVICE CLASS RTOS Condition cause : null
2026-07-10 03:17:06,633 [WARN] PackLoader:240 - Cannot read IP mode file for STMicroelectronics.X-CUBE-GNSS1.7.0.1
2026-07-10 03:17:06,637 [WARN] PackLoader:240 - Cannot read IP mode file for STMicroelectronics.X-CUBE-TOUCHGFX.4.25.0
2026-07-10 03:17:06,644 [WARN] PackLoader:240 - Cannot read IP mode file for STMicroelectronics.FP-SNS-STBOX1.2.0.0
2026-07-10 03:17:06,652 [WARN] PackLoader:240 - Cannot read IP mode file for STMicroelectronics.X-CUBE-STSE01.2.0.0
2026-07-10 03:17:06,666 [WARN] PackLoader:240 - Cannot read IP mode file for STMicroelectronics.X-CUBE-SUBG2.5.0.0
2026-07-10 03:17:06,683 [WARN] PackLoader:240 - Cannot read IP mode file for STMicroelectronics.X-CUBE-AZRTOS-H7RS.1.1.0
2026-07-10 03:17:06,693 [WARN] PackLoader:240 - Cannot read IP mode file for Cesanta.I-CUBE-Mongoose.7.13.0
2026-07-10 03:17:06,704 [WARN] PackLoader:240 - Cannot read IP mode file for STMicroelectronics.X-CUBE-AZRTOS-G4.2.0.0
2026-07-10 03:17:06,713 [WARN] PackLoader:240 - Cannot read IP mode file for wolfSSL.I-CUBE-wolfSSH.1.4.20
2026-07-10 03:17:06,719 [WARN] PackLoader:240 - Cannot read IP mode file for STMicroelectronics.X-CUBE-NFC7.2.0.0
2026-07-10 03:17:06,730 [WARN] PackLoader:240 - Cannot read IP mode file for STMicroelectronics.X-CUBE-IPS.3.1.0
2026-07-10 03:17:06,743 [ERROR] Engine:466 - C:\Users\Mowibox\.stm32cubemx\thirdparties\pdsc\STMicroelectronics.X-CUBE-BLEMGR.4.2.0.pdsc: PDSC version is not supported
2026-07-10 03:17:06,752 [WARN] PackLoader:240 - Cannot read IP mode file for STMicroelectronics.X-CUBE-ALS.1.0.2
2026-07-10 03:17:06,752 [WARN] PackLoader:240 - Cannot read IP mode file for STMicroelectronics.X-CUBE-TOUCHGFX.4.24.2
2026-07-10 03:17:06,768 [WARN] PackLoader:240 - Cannot read IP mode file for STMicroelectronics.X-CUBE-STSE01.1.0.0
2026-07-10 03:17:06,779 [WARN] PackLoader:240 - Cannot read IP mode file for portGmbH.I-Cube-SoM-uGOAL.1.1.0
2026-07-10 03:17:06,794 [WARN] PackLoader:240 - Cannot read IP mode file for STMicroelectronics.X-CUBE-AZRTOS-H7RS.1.0.0
2026-07-10 03:17:06,813 [WARN] PackLoader:240 - Cannot read IP mode file for STMicroelectronics.X-CUBE-TOF1.3.4.2
2026-07-10 03:17:06,828 [WARN] PackLoader:240 - Cannot read IP mode file for STMicroelectronics.X-CUBE-TOF1.3.4.3
2026-07-10 03:17:06,836 [INFO] ThirdParty:978 - Integrity check success = true
2026-07-10 03:17:06,836 [INFO] IntegrityCheckThread:100 - exiting critical section [integrity check]
2026-07-10 03:17:06,836 [INFO] IntegrityCheckThread:103 - End integrity checks thread
2026-07-10 03:17:06,836 [INFO] ThirdParty:873 - entering critical section [close project]
2026-07-10 03:17:06,836 [INFO] ThirdParty:883 - exiting critical section [close project]
2026-07-10 03:17:06,844 [INFO] PinOutPanel:1589 - setPackage(No Configuration,No Configuration)
2026-07-10 03:17:06,849 [INFO] UtilMem:75 - Begin LoadConfig() Used Memory: 363425120 Bytes (479199232)
2026-07-10 03:17:06,852 [INFO] MicroXplorer:468 - Change Database Path : 
2026-07-10 03:17:06,852 [INFO] MicroXplorer:498 - Change Database Version : DB.6.0.150
2026-07-10 03:17:06,852 [INFO] OpenFileManager:355 - Change cursor
2026-07-10 03:17:06,907 [INFO] Mcu:2029 - Initializing MCU STM32G431K(6-8-B)Tx STM32G431KBTx STM32G431KBT6
2026-07-10 03:17:11,316 [INFO] Context:786 - Trying to add GPIOservice into a context  which must be forbidden
2026-07-10 03:17:12,232 [INFO] ImportTextPane:234 - (OptionalMessage_ERROR) Pin25 (VP_RIF_VS_RIF1) cannot be retrieved for this MCU
2026-07-10 03:17:12,416 [INFO] RtosManager:558 - Registered RTOS mode: class=CMSIS, group=RTOS, mode=CMSIS_V1, owner=FREERTOS
2026-07-10 03:17:12,416 [INFO] RtosManager:558 - Registered RTOS mode: class=CMSIS, group=RTOS2, mode=CMSIS_V2, owner=FREERTOS
2026-07-10 03:17:12,416 [INFO] RtosManager:558 - Registered RTOS mode: class=RTOS, group=Core, mode=CMSIS_V1, owner=FREERTOS
2026-07-10 03:17:12,416 [INFO] RtosManager:558 - Registered RTOS mode: class=RTOS, group=Core, mode=CMSIS_V2, owner=FREERTOS
2026-07-10 03:17:12,416 [WARN] ModelIntegratedComponent:184 - Missing modes for component STMicroelectronics:FreeRTOS:0.0.1:STMicroelectronics:RTOS:FreeRTOS:Core:::10.2.0:
2026-07-10 03:17:12,440 [WARN] ModelIntegratedComponent:63 - No mode defined for component null
2026-07-10 03:17:12,440 [WARN] ModelIntegratedComponent:63 - No mode defined for component null
2026-07-10 03:17:12,440 [WARN] ModelIntegratedComponent:63 - No mode defined for component null
2026-07-10 03:17:12,440 [WARN] ModelIntegratedComponent:63 - No mode defined for component null
2026-07-10 03:17:12,440 [WARN] ModelIntegratedComponent:63 - No mode defined for component null
2026-07-10 03:17:12,440 [WARN] ModelIntegratedComponent:63 - No mode defined for component null
2026-07-10 03:17:12,440 [WARN] ModelIntegratedComponent:63 - No mode defined for component null
2026-07-10 03:17:12,440 [WARN] ModelIntegratedComponent:63 - No mode defined for component null
2026-07-10 03:17:12,440 [WARN] ModelIntegratedComponent:63 - No mode defined for component null
2026-07-10 03:17:12,440 [WARN] ModelIntegratedComponent:63 - No mode defined for component null
2026-07-10 03:17:12,440 [WARN] ModelIntegratedComponent:63 - No mode defined for component null
2026-07-10 03:17:12,440 [WARN] ModelIntegratedComponent:63 - No mode defined for component null
2026-07-10 03:17:12,440 [WARN] ModelIntegratedComponent:63 - No mode defined for component null
2026-07-10 03:17:12,440 [WARN] ModelIntegratedComponent:63 - No mode defined for component null
2026-07-10 03:17:12,440 [WARN] ModelIntegratedComponent:63 - No mode defined for component null
2026-07-10 03:17:12,440 [WARN] ModelIntegratedComponent:63 - No mode defined for component null
2026-07-10 03:17:12,440 [WARN] ModelIntegratedComponent:63 - No mode defined for component null
2026-07-10 03:17:12,440 [WARN] ModelIntegratedComponent:63 - No mode defined for component null
2026-07-10 03:17:12,440 [WARN] ModelIntegratedComponent:63 - No mode defined for component null
2026-07-10 03:17:12,440 [WARN] ModelIntegratedComponent:63 - No mode defined for component null
2026-07-10 03:17:12,440 [WARN] ModelIntegratedComponent:63 - No mode defined for component null
2026-07-10 03:17:12,444 [WARN] ModelIntegratedComponent:63 - No mode defined for component null
2026-07-10 03:17:12,444 [WARN] ModelIntegratedComponent:63 - No mode defined for component null
2026-07-10 03:17:12,444 [WARN] ModelIntegratedComponent:63 - No mode defined for component null
2026-07-10 03:17:12,444 [WARN] ModelIntegratedComponent:63 - No mode defined for component null
2026-07-10 03:17:12,444 [WARN] ModelIntegratedComponent:63 - No mode defined for component null
2026-07-10 03:17:12,444 [WARN] ModelIntegratedComponent:63 - No mode defined for component null
2026-07-10 03:17:12,444 [WARN] ModelIntegratedComponent:63 - No mode defined for component null
2026-07-10 03:17:12,444 [WARN] ModelIntegratedComponent:63 - No mode defined for component null
2026-07-10 03:17:12,444 [WARN] ModelIntegratedComponent:63 - No mode defined for component null
2026-07-10 03:17:12,444 [WARN] ModelIntegratedComponent:63 - No mode defined for component null
2026-07-10 03:17:12,444 [WARN] ModelIntegratedComponent:63 - No mode defined for component null
2026-07-10 03:17:12,444 [WARN] ModelIntegratedComponent:63 - No mode defined for component null
2026-07-10 03:17:12,444 [WARN] ModelIntegratedComponent:63 - No mode defined for component null
2026-07-10 03:17:12,444 [WARN] ModelIntegratedComponent:63 - No mode defined for component null
2026-07-10 03:17:12,444 [WARN] ModelPack:524 - Component already loaded: STMicroelectronics:HAL Drivers:0.0.0:STMicroelectronics:Device:STMicro_Driver:XSPI:HAL::0.0.1:HAL_XSPI
2026-07-10 03:17:12,830 [INFO] ThirdPartyModel:298 - Start build external matchings
2026-07-10 03:17:14,044 [INFO] ThirdPartyModel:316 - End build external matchings
2026-07-10 03:17:14,096 [INFO] ImportTextPane:234 - (OptionalMessage_ERROR) IP (DMA) : Parameter (Instance) has Id (USART2_TX) currently not set
2026-07-10 03:17:14,104 [INFO] ImportTextPane:234 - (OptionalMessage_ERROR) IP (DMA) : Parameter (Request) has Id (USART2_TX) currently not set
2026-07-10 03:17:14,104 [INFO] ImportTextPane:234 - (OptionalMessage_ERROR) IP (DMA) : Parameter (Direction) has Id (USART2_TX) currently not set
2026-07-10 03:17:14,104 [INFO] ImportTextPane:234 - (OptionalMessage_ERROR) IP (DMA) : Parameter (PeriphInc) has Id (USART2_TX) currently not set
2026-07-10 03:17:14,104 [INFO] ImportTextPane:234 - (OptionalMessage_ERROR) IP (DMA) : Parameter (MemInc) has Id (USART2_TX) currently not set
2026-07-10 03:17:14,104 [INFO] ImportTextPane:234 - (OptionalMessage_ERROR) IP (DMA) : Parameter (PeriphDataAlignment) has Id (USART2_TX) currently not set
2026-07-10 03:17:14,107 [INFO] ImportTextPane:234 - (OptionalMessage_ERROR) IP (DMA) : Parameter (MemDataAlignment) has Id (USART2_TX) currently not set
2026-07-10 03:17:14,107 [INFO] ImportTextPane:234 - (OptionalMessage_ERROR) IP (DMA) : Parameter (Mode) has Id (USART2_TX) currently not set
2026-07-10 03:17:14,107 [INFO] ImportTextPane:234 - (OptionalMessage_ERROR) IP (DMA) : Parameter (Priority) has Id (USART2_TX) currently not set
2026-07-10 03:17:14,107 [INFO] ImportTextPane:234 - (OptionalMessage_ERROR) IP (DMA) : Parameter (SignalID) has Id (USART2_TX) currently not set
2026-07-10 03:17:14,107 [INFO] ImportTextPane:234 - (OptionalMessage_ERROR) IP (DMA) : Parameter (Polarity) has Id (USART2_TX) currently not set
2026-07-10 03:17:14,107 [INFO] ImportTextPane:234 - (OptionalMessage_ERROR) IP (DMA) : Parameter (RequestNumber) has Id (USART2_TX) currently not set
2026-07-10 03:17:14,107 [INFO] ImportTextPane:234 - (OptionalMessage_ERROR) IP (DMA) : Parameter (SyncSignalID) has Id (USART2_TX) currently not set
2026-07-10 03:17:14,107 [INFO] ImportTextPane:234 - (OptionalMessage_ERROR) IP (DMA) : Parameter (SyncPolarity) has Id (USART2_TX) currently not set
2026-07-10 03:17:14,107 [INFO] ImportTextPane:234 - (OptionalMessage_ERROR) IP (DMA) : Parameter (SyncEnable) has Id (USART2_TX) currently not set
2026-07-10 03:17:14,107 [INFO] ImportTextPane:234 - (OptionalMessage_ERROR) IP (DMA) : Parameter (EventEnable) has Id (USART2_TX) currently not set
2026-07-10 03:17:14,107 [INFO] ImportTextPane:234 - (OptionalMessage_ERROR) IP (DMA) : Parameter (SyncRequestNumber) has Id (USART2_TX) currently not set
2026-07-10 03:17:14,107 [INFO] ImportTextPane:234 - (OptionalMessage_ERROR) IP (DMA) : Parameter (Instance) has Id (USART2_RX) currently not set
2026-07-10 03:17:14,107 [INFO] ImportTextPane:234 - (OptionalMessage_ERROR) IP (DMA) : Parameter (Request) has Id (USART2_RX) currently not set
2026-07-10 03:17:14,107 [INFO] ImportTextPane:234 - (OptionalMessage_ERROR) IP (DMA) : Parameter (Direction) has Id (USART2_RX) currently not set
2026-07-10 03:17:14,107 [INFO] ImportTextPane:234 - (OptionalMessage_ERROR) IP (DMA) : Parameter (PeriphInc) has Id (USART2_RX) currently not set
2026-07-10 03:17:14,107 [INFO] ImportTextPane:234 - (OptionalMessage_ERROR) IP (DMA) : Parameter (MemInc) has Id (USART2_RX) currently not set
2026-07-10 03:17:14,110 [INFO] ImportTextPane:234 - (OptionalMessage_ERROR) IP (DMA) : Parameter (PeriphDataAlignment) has Id (USART2_RX) currently not set
2026-07-10 03:17:14,110 [INFO] ImportTextPane:234 - (OptionalMessage_ERROR) IP (DMA) : Parameter (MemDataAlignment) has Id (USART2_RX) currently not set
2026-07-10 03:17:14,110 [INFO] ImportTextPane:234 - (OptionalMessage_ERROR) IP (DMA) : Parameter (Mode) has Id (USART2_RX) currently not set
2026-07-10 03:17:14,110 [INFO] ImportTextPane:234 - (OptionalMessage_ERROR) IP (DMA) : Parameter (Priority) has Id (USART2_RX) currently not set
2026-07-10 03:17:14,110 [INFO] ImportTextPane:234 - (OptionalMessage_ERROR) IP (DMA) : Parameter (SignalID) has Id (USART2_RX) currently not set
2026-07-10 03:17:14,110 [INFO] ImportTextPane:234 - (OptionalMessage_ERROR) IP (DMA) : Parameter (Polarity) has Id (USART2_RX) currently not set
2026-07-10 03:17:14,110 [INFO] ImportTextPane:234 - (OptionalMessage_ERROR) IP (DMA) : Parameter (RequestNumber) has Id (USART2_RX) currently not set
2026-07-10 03:17:14,110 [INFO] ImportTextPane:234 - (OptionalMessage_ERROR) IP (DMA) : Parameter (SyncSignalID) has Id (USART2_RX) currently not set
2026-07-10 03:17:14,110 [INFO] ImportTextPane:234 - (OptionalMessage_ERROR) IP (DMA) : Parameter (SyncPolarity) has Id (USART2_RX) currently not set
2026-07-10 03:17:14,110 [INFO] ImportTextPane:234 - (OptionalMessage_ERROR) IP (DMA) : Parameter (SyncEnable) has Id (USART2_RX) currently not set
2026-07-10 03:17:14,110 [INFO] ImportTextPane:234 - (OptionalMessage_ERROR) IP (DMA) : Parameter (EventEnable) has Id (USART2_RX) currently not set
2026-07-10 03:17:14,110 [INFO] ImportTextPane:234 - (OptionalMessage_ERROR) IP (DMA) : Parameter (SyncRequestNumber) has Id (USART2_RX) currently not set
2026-07-10 03:17:14,110 [INFO] ImportTextPane:234 - (OptionalMessage_ERROR) IP (DMA) : Parameter (Instance) has Id (TIM4_CH1) currently not set
2026-07-10 03:17:14,110 [INFO] ImportTextPane:234 - (OptionalMessage_ERROR) IP (DMA) : Parameter (Request) has Id (TIM4_CH1) currently not set
2026-07-10 03:17:14,112 [INFO] ImportTextPane:234 - (OptionalMessage_ERROR) IP (DMA) : Parameter (Direction) has Id (TIM4_CH1) currently not set
2026-07-10 03:17:14,112 [INFO] ImportTextPane:234 - (OptionalMessage_ERROR) IP (DMA) : Parameter (PeriphInc) has Id (TIM4_CH1) currently not set
2026-07-10 03:17:14,112 [INFO] ImportTextPane:234 - (OptionalMessage_ERROR) IP (DMA) : Parameter (MemInc) has Id (TIM4_CH1) currently not set
2026-07-10 03:17:14,112 [INFO] ImportTextPane:234 - (OptionalMessage_ERROR) IP (DMA) : Parameter (PeriphDataAlignment) has Id (TIM4_CH1) currently not set
2026-07-10 03:17:14,112 [INFO] ImportTextPane:234 - (OptionalMessage_ERROR) IP (DMA) : Parameter (MemDataAlignment) has Id (TIM4_CH1) currently not set
2026-07-10 03:17:14,112 [INFO] ImportTextPane:234 - (OptionalMessage_ERROR) IP (DMA) : Parameter (Mode) has Id (TIM4_CH1) currently not set
2026-07-10 03:17:14,112 [INFO] ImportTextPane:234 - (OptionalMessage_ERROR) IP (DMA) : Parameter (Priority) has Id (TIM4_CH1) currently not set
2026-07-10 03:17:14,112 [INFO] ImportTextPane:234 - (OptionalMessage_ERROR) IP (DMA) : Parameter (SignalID) has Id (TIM4_CH1) currently not set
2026-07-10 03:17:14,112 [INFO] ImportTextPane:234 - (OptionalMessage_ERROR) IP (DMA) : Parameter (Polarity) has Id (TIM4_CH1) currently not set
2026-07-10 03:17:14,112 [INFO] ImportTextPane:234 - (OptionalMessage_ERROR) IP (DMA) : Parameter (RequestNumber) has Id (TIM4_CH1) currently not set
2026-07-10 03:17:14,112 [INFO] ImportTextPane:234 - (OptionalMessage_ERROR) IP (DMA) : Parameter (SyncSignalID) has Id (TIM4_CH1) currently not set
2026-07-10 03:17:14,112 [INFO] ImportTextPane:234 - (OptionalMessage_ERROR) IP (DMA) : Parameter (SyncPolarity) has Id (TIM4_CH1) currently not set
2026-07-10 03:17:14,114 [INFO] ImportTextPane:234 - (OptionalMessage_ERROR) IP (DMA) : Parameter (SyncEnable) has Id (TIM4_CH1) currently not set
2026-07-10 03:17:14,114 [INFO] ImportTextPane:234 - (OptionalMessage_ERROR) IP (DMA) : Parameter (EventEnable) has Id (TIM4_CH1) currently not set
2026-07-10 03:17:14,114 [INFO] ImportTextPane:234 - (OptionalMessage_ERROR) IP (DMA) : Parameter (SyncRequestNumber) has Id (TIM4_CH1) currently not set
2026-07-10 03:17:14,114 [INFO] ImportTextPane:234 - (OptionalMessage_ERROR) IP (DMA) : Parameter (Instance) has Id (USART1_RX) currently not set
2026-07-10 03:17:14,114 [INFO] ImportTextPane:234 - (OptionalMessage_ERROR) IP (DMA) : Parameter (Request) has Id (USART1_RX) currently not set
2026-07-10 03:17:14,114 [INFO] ImportTextPane:234 - (OptionalMessage_ERROR) IP (DMA) : Parameter (Direction) has Id (USART1_RX) currently not set
2026-07-10 03:17:14,114 [INFO] ImportTextPane:234 - (OptionalMessage_ERROR) IP (DMA) : Parameter (PeriphInc) has Id (USART1_RX) currently not set
2026-07-10 03:17:14,114 [INFO] ImportTextPane:234 - (OptionalMessage_ERROR) IP (DMA) : Parameter (MemInc) has Id (USART1_RX) currently not set
2026-07-10 03:17:14,114 [INFO] ImportTextPane:234 - (OptionalMessage_ERROR) IP (DMA) : Parameter (PeriphDataAlignment) has Id (USART1_RX) currently not set
2026-07-10 03:17:14,114 [INFO] ImportTextPane:234 - (OptionalMessage_ERROR) IP (DMA) : Parameter (MemDataAlignment) has Id (USART1_RX) currently not set
2026-07-10 03:17:14,114 [INFO] ImportTextPane:234 - (OptionalMessage_ERROR) IP (DMA) : Parameter (Mode) has Id (USART1_RX) currently not set
2026-07-10 03:17:14,114 [INFO] ImportTextPane:234 - (OptionalMessage_ERROR) IP (DMA) : Parameter (Priority) has Id (USART1_RX) currently not set
2026-07-10 03:17:14,114 [INFO] ImportTextPane:234 - (OptionalMessage_ERROR) IP (DMA) : Parameter (SignalID) has Id (USART1_RX) currently not set
2026-07-10 03:17:14,114 [INFO] ImportTextPane:234 - (OptionalMessage_ERROR) IP (DMA) : Parameter (Polarity) has Id (USART1_RX) currently not set
2026-07-10 03:17:14,114 [INFO] ImportTextPane:234 - (OptionalMessage_ERROR) IP (DMA) : Parameter (RequestNumber) has Id (USART1_RX) currently not set
2026-07-10 03:17:14,114 [INFO] ImportTextPane:234 - (OptionalMessage_ERROR) IP (DMA) : Parameter (SyncSignalID) has Id (USART1_RX) currently not set
2026-07-10 03:17:14,114 [INFO] ImportTextPane:234 - (OptionalMessage_ERROR) IP (DMA) : Parameter (SyncPolarity) has Id (USART1_RX) currently not set
2026-07-10 03:17:14,114 [INFO] ImportTextPane:234 - (OptionalMessage_ERROR) IP (DMA) : Parameter (SyncEnable) has Id (USART1_RX) currently not set
2026-07-10 03:17:14,114 [INFO] ImportTextPane:234 - (OptionalMessage_ERROR) IP (DMA) : Parameter (EventEnable) has Id (USART1_RX) currently not set
2026-07-10 03:17:14,114 [INFO] ImportTextPane:234 - (OptionalMessage_ERROR) IP (DMA) : Parameter (SyncRequestNumber) has Id (USART1_RX) currently not set
2026-07-10 03:17:14,114 [INFO] ImportTextPane:234 - (OptionalMessage_ERROR) IP (DMA) : Parameter (Instance) has Id (USART1_TX) currently not set
2026-07-10 03:17:14,114 [INFO] ImportTextPane:234 - (OptionalMessage_ERROR) IP (DMA) : Parameter (Request) has Id (USART1_TX) currently not set
2026-07-10 03:17:14,114 [INFO] ImportTextPane:234 - (OptionalMessage_ERROR) IP (DMA) : Parameter (Direction) has Id (USART1_TX) currently not set
2026-07-10 03:17:14,114 [INFO] ImportTextPane:234 - (OptionalMessage_ERROR) IP (DMA) : Parameter (PeriphInc) has Id (USART1_TX) currently not set
2026-07-10 03:17:14,114 [INFO] ImportTextPane:234 - (OptionalMessage_ERROR) IP (DMA) : Parameter (MemInc) has Id (USART1_TX) currently not set
2026-07-10 03:17:14,114 [INFO] ImportTextPane:234 - (OptionalMessage_ERROR) IP (DMA) : Parameter (PeriphDataAlignment) has Id (USART1_TX) currently not set
2026-07-10 03:17:14,114 [INFO] ImportTextPane:234 - (OptionalMessage_ERROR) IP (DMA) : Parameter (MemDataAlignment) has Id (USART1_TX) currently not set
2026-07-10 03:17:14,114 [INFO] ImportTextPane:234 - (OptionalMessage_ERROR) IP (DMA) : Parameter (Mode) has Id (USART1_TX) currently not set
2026-07-10 03:17:14,114 [INFO] ImportTextPane:234 - (OptionalMessage_ERROR) IP (DMA) : Parameter (Priority) has Id (USART1_TX) currently not set
2026-07-10 03:17:14,114 [INFO] ImportTextPane:234 - (OptionalMessage_ERROR) IP (DMA) : Parameter (SignalID) has Id (USART1_TX) currently not set
2026-07-10 03:17:14,114 [INFO] ImportTextPane:234 - (OptionalMessage_ERROR) IP (DMA) : Parameter (Polarity) has Id (USART1_TX) currently not set
2026-07-10 03:17:14,114 [INFO] ImportTextPane:234 - (OptionalMessage_ERROR) IP (DMA) : Parameter (RequestNumber) has Id (USART1_TX) currently not set
2026-07-10 03:17:14,114 [INFO] ImportTextPane:234 - (OptionalMessage_ERROR) IP (DMA) : Parameter (SyncSignalID) has Id (USART1_TX) currently not set
2026-07-10 03:17:14,114 [INFO] ImportTextPane:234 - (OptionalMessage_ERROR) IP (DMA) : Parameter (SyncPolarity) has Id (USART1_TX) currently not set
2026-07-10 03:17:14,114 [INFO] ImportTextPane:234 - (OptionalMessage_ERROR) IP (DMA) : Parameter (SyncEnable) has Id (USART1_TX) currently not set
2026-07-10 03:17:14,114 [INFO] ImportTextPane:234 - (OptionalMessage_ERROR) IP (DMA) : Parameter (EventEnable) has Id (USART1_TX) currently not set
2026-07-10 03:17:14,114 [INFO] ImportTextPane:234 - (OptionalMessage_ERROR) IP (DMA) : Parameter (SyncRequestNumber) has Id (USART1_TX) currently not set
2026-07-10 03:17:14,986 [INFO] ApiDb:581 - Connected to CubeFinder SQLite database (C:\Users\Mowibox\.stmcufinder\plugins\mcufinder\mcu\cube-finder-db.db)
2026-07-10 03:17:15,094 [INFO] ApiDb:668 - CubeFinder database Data Model version=2.1
2026-07-10 03:17:15,094 [INFO] ApiDb:669 - CubeFinder database Configuration version=3.0.42
2026-07-10 03:17:15,094 [INFO] ApiDb:670 - CubeFinder database generation date=2026-02-13 (1770995876)
2026-07-10 03:17:15,094 [INFO] ApiDb:671 - CubeFinder database FW Pack versions=[FP-ATR-ASTRA1_V2.0.0, FP-SNS-FLIGHT1_V5.1.0, FP-SNS-MOTENV1_V5.1.0, FP-SNS-MOTENVWB1_V1.4.0, FP-SNS-SMARTAG2_V1.2.0, FP-SNS-STBOX1_V2.1.0, STM32Cube_FW_C0_V1.4.0, STM32Cube_FW_F4_V1.28.3, STM32Cube_FW_F7_V1.17.4, STM32Cube_FW_G0_V1.6.2, STM32Cube_FW_G4_V1.6.1, STM32Cube_FW_H5_V1.6.0, STM32Cube_FW_H7RS_V1.3.0, STM32Cube_FW_H7_V1.13.0, STM32Cube_FW_L0_V1.12.2, STM32Cube_FW_L4_V1.18.2, STM32Cube_FW_L5_V1.6.0, STM32Cube_FW_N6_V1.3.0, STM32Cube_FW_U0_V1.3.0, STM32Cube_FW_U3_V1.3.0, STM32Cube_FW_U5_V1.8.0, STM32Cube_FW_WB0_V1.4.0, STM32Cube_FW_WBA_V1.9.0, STM32Cube_FW_WB_V1.24.0, STM32Cube_FW_WL3_V1.4.0, STM32Cube_FW_WL_V1.5.0, X-CUBE-ALGOBUILD_V1.4.0, X-CUBE-ALS_V1.0.2, X-CUBE-AZRTOS-F4_V1.1.0, X-CUBE-AZRTOS-F7_V1.1.0, X-CUBE-AZRTOS-G0_V1.1.0, X-CUBE-AZRTOS-G4_V2.0.0, X-CUBE-AZRTOS-H7RS_V1.1.0, X-CUBE-AZRTOS-H7_V3.4.0, X-CUBE-AZRTOS-L4_V2.0.0, X-CUBE-AZRTOS-L5_V2.0.0, X-CUBE-AZRTOS-WB_V2.0.0, X-CUBE-AZRTOS-WL_V2.0.0, X-CUBE-BLE1_V7.1.0, X-CUBE-BLE2_V3.3.0, X-CUBE-BLEMGR_V4.1.0, X-CUBE-EEPRMA1_V5.2.0, X-CUBE-FREERTOS_V1.3.1, X-CUBE-GNSS1_V6.0.0, X-CUBE-MEMS1_V12.0.0, X-CUBE-NFC4_V3.0.0, X-CUBE-NFC7_V2.0.0, X-CUBE-SFXS2LP1_V4.0.0, X-CUBE-ST67W61_V1.1.0, X-CUBE-SUBG2_V5.0.0, X-CUBE-TOF1_V3.4.3]
2026-07-10 03:17:15,231 [INFO] DbBoardsSqlite:226 - include board P-NUCLEO-WB55-NUCLEO as a kit item of type 'Nucleo-64'
2026-07-10 03:17:15,231 [INFO] DbBoardsSqlite:226 - include board P-NUCLEO-WB55-USBDONGLE as a kit item of type 'Nucleo USB Dongle'
2026-07-10 03:17:15,241 [INFO] DbBoardsSqlite:226 - include board STEVAL-IDP005V1 as a kit item of type 'Evaluation Board'
2026-07-10 03:17:15,241 [INFO] DbBoardsSqlite:226 - include board STEVAL-IDP005V2 as a kit item of type 'Evaluation Board'
2026-07-10 03:17:15,697 [INFO] ApiDb:240 - Found 880 in-development CPN: [B-G473E-ZEST1S, B-WB1M-WPAN1, B-WBA5M-WPAN, B-WL5M-SUBG1, NUCLEO-C031C6, NUCLEO-C051C8, NUCLEO-C071RB, NUCLEO-C092RC, NUCLEO-H503RB, NUCLEO-H533RE, NUCLEO-H563ZI, NUCLEO-H7S3L8, NUCLEO-N657X0-Q, NUCLEO-U031R8, NUCLEO-U083RC, NUCLEO-U385RG-Q, NUCLEO-U545RE-Q, NUCLEO-U5A5ZJ-Q, NUCLEO-WB05KZ, NUCLEO-WB07CC, NUCLEO-WB09KE, NUCLEO-WBA52CG, NUCLEO-WBA55CG, NUCLEO-WL33CC1, NUCLEO-WL33CC2, STEVAL-PROTEUS1, STEVAL-SMARTAG2, STEVAL-STWINBX1, STM320518-EVAL, STM32C0116-DK, STM32C011D6Y3TR, STM32C011D6Y6TR, STM32C011F4P3, STM32C011F4P6, STM32C011F4U3, STM32C011F4U6TR, STM32C011F6P3, STM32C011F6P6, STM32C011F6U3, STM32C011F6U6TR, STM32C011J4M3, STM32C011J4M6, STM32C011J6M3, STM32C011J6M6, STM32C0316-DK, STM32C031C4T3, STM32C031C4T6, STM32C031C4U3, STM32C031C4U6, STM32C031C6T3, STM32C031C6T6, STM32C031C6U3, STM32C031C6U6, STM32C031F4P3, STM32C031F4P6, STM32C031F6P3, STM32C031F6P6, STM32C031G4U3, STM32C031G4U6, STM32C031G6U3, STM32C031G6U6, STM32C031K4T3, STM32C031K4T6, STM32C031K4U3, STM32C031K4U6, STM32C031K6T3, STM32C031K6T6, STM32C031K6U3, STM32C031K6U6, STM32C051C6T6, STM32C051C6U6, STM32C051C8T6, STM32C051C8U6, STM32C051D8Y6TR, STM32C051F6P6, STM32C051F8P6, STM32C051G6U6, STM32C051G8U6, STM32C051K6T6, STM32C051K6U6, STM32C051K8T6, STM32C071C8T6, STM32C071C8T6N, STM32C071C8U6, STM32C071C8U6N, STM32C071CBT6, STM32C071CBT6N, STM32C071CBU6, STM32C071CBU6N, STM32C071F8P6, STM32C071F8P6N, STM32C071FBP6, STM32C071FBP6N, STM32C071FBY6TR, STM32C071G8U6, STM32C071G8U6N, STM32C071GBU6, STM32C071GBU6N, STM32C071K8T6, STM32C071K8T6N, STM32C071K8U6, STM32C071K8U6N, STM32C071KBT6, STM32C071KBT6N, STM32C071KBU6, STM32C071KBU6N, STM32C071R8T6, STM32C071R8T6N, STM32C071RBI6N, STM32C071RBT6, STM32C071RBT6N, STM32C091CBT6, STM32C091CBU6, STM32C091CCT6, STM32C091CCU6, STM32C091ECY6TR, STM32C091FBP6, STM32C091FCP6, STM32C091GBU6, STM32C091GCU6, STM32C091KBT6, STM32C091KBU6, STM32C091KCT6, STM32C091KCU6, STM32C091RBT6, STM32C091RCI6, STM32C091RCT6, STM32C092CBT6, STM32C092CBU6, STM32C092CCT6, STM32C092CCU6, STM32C092ECY6TR, STM32C092FBP6, STM32C092FCP6, STM32C092GBU6, STM32C092GCU6, STM32C092KBT6, STM32C092KBU6, STM32C092KCT6, STM32C092KCU6, STM32C092RBT6, STM32C092RCI6, STM32C092RCT6, STM32G071K8TXN, STM32G071K8UXN, STM32G081GBU6N, STM32G081KBT6N, STM32G081KBUXN, STM32G0B1CCT6N, STM32G0B1KCT6, STM32G0B1NEY6TR, STM32G0B1RCT6N, STM32G0C1CCT6, STM32G0C1CCT6N, STM32G0C1CCU6N, STM32G0C1CET6N, STM32G0C1CEU6N, STM32G0C1KCT6, STM32G0C1NEY6TR, STM32G0C1RCI6N, STM32G0C1RCT6N, STM32G0C1REI6N, STM32G0C1RET6N, STM32G0C1VCI6, STM32G0C1VEI6, STM32G411C6T3, STM32G411C6T6, STM32G411C6U3, STM32G411C6U6, STM32G411C8T3, STM32G411C8T6, STM32G411C8U3, STM32G411C8U6, STM32G411CBT3, STM32G411CBT6, STM32G411CBU3, STM32G411CBU6, STM32G411K6T3, STM32G411K6T6, STM32G411K6U3, STM32G411K6U6, STM32G411K8T3, STM32G411K8T6, STM32G411K8U3, STM32G411K8U6, STM32G411KBT3, STM32G411KBT6, STM32G411KBU3, STM32G411KBU6, STM32G411M6T3, STM32G411M6T6, STM32G411M8T3, STM32G411M8T6, STM32G411MBT3, STM32G411MBT6, STM32G411R6T3, STM32G411R6T6, STM32G411R8T3, STM32G411R8T6, STM32G411RBT3, STM32G411RBT6, STM32G414CBT3, STM32G414CBT6, STM32G414CBU3, STM32G414CBU6, STM32G414CCT3, STM32G414CCT6, STM32G414CCU3, STM32G414CCU6, STM32G414MBT3, STM32G414MBT6, STM32G414MCT3, STM32G414MCT6, STM32G414RBT3, STM32G414RBT6, STM32G414RCT3, STM32G414RCT6, STM32G414VBT3, STM32G414VBT6, STM32G414VCT3, STM32G414VCT6, STM32G431CBT3Z, STM32G431RBT3Z, STM32G471CCT6, STM32G471CCU6, STM32G471CET3, STM32G471CET6, STM32G471CEU3, STM32G471CEU6, STM32G471MCT6, STM32G471MET3, STM32G471MET6, STM32G471MEY6TR, STM32G471QCT6, STM32G471QET3, STM32G471RCT6, STM32G471RET3, STM32G471RET6, STM32G471VCH6, STM32G471VCI6, STM32G471VCT6, STM32G471VEH3, STM32G471VEH6, STM32G471VEI3, STM32G471VEI6, STM32G471VET3, STM32G471VET6, STM32G473QET3Z, STM32G473RET3Z, STM32G474CCT6, STM32G491RET3Z, STM32H503CBT6, STM32H503CBU6, STM32H503EBY6TR, STM32H503KBU6, STM32H503RBT6, STM32H523CCT6, STM32H523CCU6, STM32H523CET6, STM32H523CEU6, STM32H523HEY6TR, STM32H523RCT6, STM32H523RET6, STM32H523VCI6, STM32H523VCT6, STM32H523VEI6, STM32H523VET6, STM32H523ZCJ6, STM32H523ZCT6, STM32H523ZEJ6, STM32H523ZET6, STM32H533CET6, STM32H533CEU6, STM32H533HEY6TR, STM32H533RET6, STM32H533VEI6, STM32H533VET6, STM32H533ZEJ6, STM32H533ZET6, STM32H562AGI6, STM32H562AII6, STM32H562IGK6, STM32H562IGT6, STM32H562IIK6, STM32H562IIT6, STM32H562RGT6, STM32H562RGV6, STM32H562RIT6, STM32H562RIV6, STM32H562VGT6, STM32H562VIT6, STM32H562ZGT6, STM32H562ZIT6, STM32H563AGI6, STM32H563AII3Q, STM32H563AII6, STM32H563IGK6, STM32H563IGT6, STM32H563IIK3Q, STM32H563IIK6, STM32H563IIT3Q, STM32H563IIT6, STM32H563MIY3QTR, STM32H563RGT6, STM32H563RGV6, STM32H563RIT6, STM32H563RIV6, STM32H563VGT6, STM32H563VIT3Q, STM32H563VIT6, STM32H563ZGT6, STM32H563ZIT3Q, STM32H563ZIT6, STM32H573AII3Q, STM32H573AII6, STM32H573I-DK, STM32H573IIK3Q, STM32H573IIK6, STM32H573IIT3Q, STM32H573IIT6, STM32H573MIY3QTR, STM32H573RIT6, STM32H573RIV6, STM32H573VIT3Q, STM32H573VIT6, STM32H573ZIT3Q, STM32H573ZIT6, STM32H7R3A8I6, STM32H7R3I8K6, STM32H7R3I8T6, STM32H7R3L8H6, STM32H7R3L8H6H, STM32H7R3R8V6, STM32H7R3V8H6, STM32H7R3V8T6, STM32H7R3V8Y6TR, STM32H7R3Z8J6, STM32H7R3Z8T6, STM32H7R7A8I6, STM32H7R7I8K6, STM32H7R7I8T6, STM32H7R7L8H6, STM32H7R7L8H6H, STM32H7R7Z8J6, STM32H7S3A8I6, STM32H7S3I8K6, STM32H7S3I8T6, STM32H7S3L8H6, STM32H7S3L8H6H, STM32H7S3R8V6, STM32H7S3V8H6, STM32H7S3V8T6, STM32H7S3V8Y6TR, STM32H7S3Z8J6, STM32H7S3Z8T6, STM32H7S78-DK, STM32H7S7A8I6, STM32H7S7I8K6, STM32H7S7I8T6, STM32H7S7L8H6, STM32H7S7L8H6H, STM32H7S7Z8J6, STM32L4R5QGI6STR, STM32MP131AAE3, STM32MP131AAF3, STM32MP131AAG3, STM32MP131CAE3, STM32MP131CAF3, STM32MP131CAG3, STM32MP131DAE7, STM32MP131DAF7, STM32MP131DAG7, STM32MP131FAE7, STM32MP131FAF7, STM32MP131FAG7, STM32MP133AAE3, STM32MP133AAF3, STM32MP133AAG3, STM32MP133CAE3, STM32MP133CAF3, STM32MP133CAG3, STM32MP133DAE7, STM32MP133DAF7, STM32MP133DAG7, STM32MP133FAE7, STM32MP133FAF7, STM32MP133FAG7, STM32MP135AAE3, STM32MP135AAF3, STM32MP135AAG3, STM32MP135CAE3, STM32MP135CAF3, STM32MP135CAG3, STM32MP135DAE7, STM32MP135DAF7, STM32MP135DAG7, STM32MP135F-DK, STM32MP135FAE7, STM32MP135FAF7, STM32MP135FAF7T, STM32MP135FAF7U, STM32MP135FAG7, STM32MP211AAL3, STM32MP211AAM3, STM32MP211AAN3, STM32MP211AAO3, STM32MP211CAL3, STM32MP211CAM3, STM32MP211CAN3, STM32MP211CAO3, STM32MP211DAL3, STM32MP211DAM3, STM32MP211DAN3, STM32MP211DAO3, STM32MP211FAL3, STM32MP211FAM3, STM32MP211FAN3, STM32MP211FAO3, STM32MP213AAL3, STM32MP213AAM3, STM32MP213AAN3, STM32MP213AAO3, STM32MP213CAL3, STM32MP213CAM3, STM32MP213CAN3, STM32MP213CAO3, STM32MP213DAL3, STM32MP213DAM3, STM32MP213DAN3, STM32MP213DAO3, STM32MP213FAL3, STM32MP213FAM3, STM32MP213FAN3, STM32MP213FAO3, STM32MP215AAL3, STM32MP215AAM3, STM32MP215AAN3, STM32MP215AAO3, STM32MP215CAL3, STM32MP215CAM3, STM32MP215CAN3, STM32MP215CAO3, STM32MP215DAL3, STM32MP215DAM3, STM32MP215DAN3, STM32MP215DAO3, STM32MP215F-DK, STM32MP215FAL3, STM32MP215FAM3, STM32MP215FAN3, STM32MP215FAO3, STM32MP231AAJ3, STM32MP231AAK3, STM32MP231AAL3, STM32MP231CAJ3, STM32MP231CAK3, STM32MP231CAL3, STM32MP231DAJ3, STM32MP231DAK3, STM32MP231DAL3, STM32MP231FAJ3, STM32MP231FAK3, STM32MP231FAL3, STM32MP233AAJ3, STM32MP233AAK3, STM32MP233AAL3, STM32MP233CAJ3, STM32MP233CAK3, STM32MP233CAL3, STM32MP233DAJ3, STM32MP233DAK3, STM32MP233DAL3, STM32MP233FAJ3, STM32MP233FAK3, STM32MP233FAL3, STM32MP235AAJ3, STM32MP235AAK3, STM32MP235AAL3, STM32MP235CAJ3, STM32MP235CAK3, STM32MP235CAL3, STM32MP235DAJ3, STM32MP235DAK3, STM32MP235DAL3, STM32MP235FAJ3, STM32MP235FAK3, STM32MP235FAL3, STM32MP251AAI3, STM32MP251AAK3, STM32MP251AAL3, STM32MP251CAI3, STM32MP251CAK3, STM32MP251CAL3, STM32MP251DAI3, STM32MP251DAK3, STM32MP251DAL3, STM32MP251FAI3, STM32MP251FAK3, STM32MP251FAL3, STM32MP253AAI3, STM32MP253AAK3, STM32MP253AAL3, STM32MP253CAI3, STM32MP253CAK3, STM32MP253CAL3, STM32MP253DAI3, STM32MP253DAK3, STM32MP253DAL3, STM32MP253FAI3, STM32MP253FAK3, STM32MP253FAL3, STM32MP255AAI3, STM32MP255AAK3, STM32MP255AAL3, STM32MP255CAI3, STM32MP255CAK3, STM32MP255CAL3, STM32MP255DAI3, STM32MP255DAK3, STM32MP255DAL3, STM32MP255FAI3, STM32MP255FAK3, STM32MP255FAL3, STM32MP257AAI3, STM32MP257AAK3, STM32MP257AAL3, STM32MP257CAI3, STM32MP257CAK3, STM32MP257CAL3, STM32MP257DAI3, STM32MP257DAK3, STM32MP257DAL3, STM32MP257F-DK, STM32MP257F-EV1, STM32MP257FAI3, STM32MP257FAK3, STM32MP257FAL3, STM32N645A0H3Q, STM32N645B0H3Q, STM32N645I0H3Q, STM32N645L0H3Q, STM32N645X0H3Q, STM32N645Z0H3Q, STM32N647A0H3Q, STM32N647B0H3Q, STM32N647I0H3Q, STM32N647L0H3Q, STM32N647X0H3Q, STM32N647Z0H3Q, STM32N655A0H3Q, STM32N655B0H3Q, STM32N655I0H3Q, STM32N655L0H3Q, STM32N655X0H3Q, STM32N655Z0H3Q, STM32N6570-DK, STM32N657A0H3Q, STM32N657B0H3Q, STM32N657I0H3Q, STM32N657L0H3Q, STM32N657X0H3Q, STM32N657Z0H3Q, STM32U031C6T6, STM32U031C6U6, STM32U031C8T6, STM32U031C8U6, STM32U031F4P6, STM32U031F6P6, STM32U031F8P6, STM32U031G6Y6TR, STM32U031G8Y6TR, STM32U031K4U6, STM32U031K6U6, STM32U031K8U6, STM32U031R6I6, STM32U031R6T6, STM32U031R8I6, STM32U031R8T6, STM32U073C8T6, STM32U073C8U6, STM32U073CBT6, STM32U073CBU6, STM32U073CCT6, STM32U073CCU6, STM32U073H8Y6TR, STM32U073HBY6TR, STM32U073HCY6TR, STM32U073K8U6, STM32U073KBU6, STM32U073KCU6, STM32U073M8I6, STM32U073M8T6, STM32U073MBI6, STM32U073MBT6, STM32U073MCI6, STM32U073MCT6, STM32U073R8I6, STM32U073R8T6, STM32U073RBI6, STM32U073RBT6, STM32U073RCI6, STM32U073RCT6, STM32U083C-DK, STM32U083CCT6, STM32U083CCU6, STM32U083HCY6TR, STM32U083KCU6, STM32U083MCI6, STM32U083MCT6, STM32U083RCI6, STM32U083RCT6, STM32U375CET6, STM32U375CET6Q, STM32U375CEU6, STM32U375CEU6Q, STM32U375CEY6QTR, STM32U375CGT6, STM32U375CGT6Q, STM32U375CGU6, STM32U375CGU6Q, STM32U375CGY6QTR, STM32U375KEU6, STM32U375KGU6, STM32U375REI6, STM32U375REI6Q, STM32U375RET6, STM32U375RET6Q, STM32U375REY6GTR, STM32U375REY6QTR, STM32U375RGI6, STM32U375RGI6Q, STM32U375RGT6, STM32U375RGT6Q, STM32U375RGY6GTR, STM32U375RGY6QTR, STM32U375VEI6, STM32U375VEI6Q, STM32U375VET6, STM32U375VET6Q, STM32U375VGI6, STM32U375VGI6Q, STM32U375VGT6, STM32U375VGT6Q, STM32U385CGT6, STM32U385CGT6Q, STM32U385CGU6, STM32U385CGU6Q, STM32U385CGY6QTR, STM32U385KGU6, STM32U385RGI6, STM32U385RGI6Q, STM32U385RGT6, STM32U385RGT6Q, STM32U385RGY6GTR, STM32U385RGY6QTR, STM32U385VGI6, STM32U385VGI6Q, STM32U385VGT6, STM32U385VGT6Q, STM32U535CBT6, STM32U535CBT6Q, STM32U535CBU6, STM32U535CBU6Q, STM32U535CCT6, STM32U535CCT6Q, STM32U535CCU6, STM32U535CCU6Q, STM32U535CET6, STM32U535CET6Q, STM32U535CEU6, STM32U535CEU6Q, STM32U535JEY6QTR, STM32U535NCY6QTR, STM32U535NEY6QTR, STM32U535RBI6, STM32U535RBI6Q, STM32U535RBT6, STM32U535RBT6Q, STM32U535RCI6, STM32U535RCI6Q, STM32U535RCT6, STM32U535RCT6Q, STM32U535REI6, STM32U535REI6Q, STM32U535RET6, STM32U535RET6Q, STM32U535VCI6, STM32U535VCI6Q, STM32U535VCT6, STM32U535VCT6Q, STM32U535VEI6, STM32U535VEI6Q, STM32U535VET6, STM32U535VET6Q, STM32U545CET6, STM32U545CET6Q, STM32U545CEU6, STM32U545CEU6Q, STM32U545JEY6QTR, STM32U545NEY6QTR, STM32U545REI6, STM32U545REI6Q, STM32U545RET6, STM32U545RET6Q, STM32U545VEI6, STM32U545VEI6Q, STM32U545VET6, STM32U545VET6Q, STM32U595AIH6, STM32U595AIH6Q, STM32U595AJH6, STM32U595AJH6Q, STM32U595QII6, STM32U595QII6Q, STM32U595QJI6, STM32U595QJI6Q, STM32U595RIT6, STM32U595RIT6Q, STM32U595RJT6, STM32U595RJT6Q, STM32U595VIT6, STM32U595VIT6Q, STM32U595VJT6, STM32U595VJT6Q, STM32U595ZIT6, STM32U595ZIT6Q, STM32U595ZIY6QTR, STM32U595ZJT6, STM32U595ZJT6Q, STM32U595ZJY6QTR, STM32U599BJY6QTR, STM32U599NIH6Q, STM32U599NJH6Q, STM32U599VIT6Q, STM32U599VJT6, STM32U599VJT6Q, STM32U599ZIT6Q, STM32U599ZIY6QTR, STM32U599ZJT6Q, STM32U599ZJY6QTR, STM32U5A5AJH6, STM32U5A5AJH6Q, STM32U5A5QII3Q , STM32U5A5QJI6, STM32U5A5QJI6Q, STM32U5A5RJT6, STM32U5A5RJT6Q, STM32U5A5VJT6, STM32U5A5VJT6Q, STM32U5A5ZJT6, STM32U5A5ZJT6Q, STM32U5A5ZJY6QTR, STM32U5A9BJY6QTR, STM32U5A9J-DK, STM32U5A9NJH6Q, STM32U5A9VJT6Q, STM32U5A9ZJT6Q, STM32U5A9ZJY6QTR, STM32U5F7VIT6, STM32U5F7VIT6Q, STM32U5F7VJT6, STM32U5F7VJT6Q, STM32U5F9BJY6QTR, STM32U5F9NJH6Q, STM32U5F9VIT6Q, STM32U5F9VJT6Q, STM32U5F9ZIJ6QTR, STM32U5F9ZIT6Q, STM32U5F9ZJJ6QTR, STM32U5F9ZJT6Q, STM32U5G7VJT6, STM32U5G7VJT6Q, STM32U5G9BJY6QTR, STM32U5G9J-DK1, STM32U5G9J-DK2, STM32U5G9NJH6Q, STM32U5G9VJT6Q, STM32U5G9ZJJ6QTR, STM32U5G9ZJT6Q, STM32WB05KZV6TR, STM32WB05KZV7TR, STM32WB05TZF6TR, STM32WB05TZF7TR, STM32WB06CCF6TR, STM32WB06CCF7TR, STM32WB06CCV6TR, STM32WB06CCV7TR, STM32WB06KCV6TR, STM32WB06KCV7TR, STM32WB07CCF6TR, STM32WB07CCF7TR, STM32WB07CCV6TR, STM32WB07CCV7TR, STM32WB07KCV6TR, STM32WB07KCV7TR, STM32WB09KEV6TR, STM32WB09KEV7TR, STM32WB09TEF6TR, STM32WB09TEF7TR, STM32WB1MMCH6, STM32WBA50KGU6, STM32WBA50KGU6TR, STM32WBA52CEU6, STM32WBA52CEU6TR, STM32WBA52CEU7, STM32WBA52CEU7TR, STM32WBA52CGU6, STM32WBA52CGU6TR, STM32WBA52CGU6U, STM32WBA52CGU7, STM32WBA52CGU7TR, STM32WBA52KEU6, STM32WBA52KEU6TR, STM32WBA52KGU6, STM32WBA52KGU6TR, STM32WBA54CEU6, STM32WBA54CEU6TR, STM32WBA54CEU7, STM32WBA54CEU7TR, STM32WBA54CGU6, STM32WBA54CGU6TR, STM32WBA54CGU7, STM32WBA54CGU7TR, STM32WBA54KEU6, STM32WBA54KEU6TR, STM32WBA54KEU7, STM32WBA54KEU7TR, STM32WBA54KGU6, STM32WBA54KGU6TR, STM32WBA54KGU7, STM32WBA54KGU7TR, STM32WBA55CEU6, STM32WBA55CEU6TR, STM32WBA55CEU7, STM32WBA55CEU7TR, STM32WBA55CGU6, STM32WBA55CGU6TR, STM32WBA55CGU6U, STM32WBA55CGU7, STM32WBA55CGU7TR, STM32WBA55G-DK1, STM32WBA55HEF6, STM32WBA55HEF7, STM32WBA55HGF6, STM32WBA55HGF7, STM32WBA55UEI6, STM32WBA55UEI6TR, STM32WBA55UEI7, STM32WBA55UEI7TR, STM32WBA55UGI6, STM32WBA55UGI6TR, STM32WBA55UGI7, STM32WBA55UGI7TR, STM32WBA5MMGH6TR, STM32WBA62MGF6, STM32WBA62MIF6, STM32WBA65MGF7, STM32WBA65MIF6, STM32WBA65MIF7, STM32WL30K8V6, STM32WL30KBV6, STM32WL31C8V6, STM32WL31CBV6, STM32WL31K8V6, STM32WL31KBV6, STM32WL33C8V6, STM32WL33C8V6X, STM32WL33CBV6, STM32WL33CBV6X, STM32WL33CCV6, STM32WL33CCV6A, STM32WL33CCV6X, STM32WL33K8V7, STM32WL33K8V7X, STM32WL33KBV7 , STM32WL33KBV7X, STM32WL33KCV7, STM32WL33KCV7X, STM32WL5MOCH6, STM32WL5MOCH6TR]
2026-07-10 03:17:15,702 [INFO] ApiDb:668 - CubeFinder database Data Model version=2.1
2026-07-10 03:17:15,702 [INFO] ApiDb:669 - CubeFinder database Configuration version=3.0.42
2026-07-10 03:17:15,702 [INFO] ApiDb:670 - CubeFinder database generation date=2026-02-13 (1770995876)
2026-07-10 03:17:15,702 [INFO] ApiDb:671 - CubeFinder database FW Pack versions=[FP-ATR-ASTRA1_V2.0.0, FP-SNS-FLIGHT1_V5.1.0, FP-SNS-MOTENV1_V5.1.0, FP-SNS-MOTENVWB1_V1.4.0, FP-SNS-SMARTAG2_V1.2.0, FP-SNS-STBOX1_V2.1.0, STM32Cube_FW_C0_V1.4.0, STM32Cube_FW_F4_V1.28.3, STM32Cube_FW_F7_V1.17.4, STM32Cube_FW_G0_V1.6.2, STM32Cube_FW_G4_V1.6.1, STM32Cube_FW_H5_V1.6.0, STM32Cube_FW_H7RS_V1.3.0, STM32Cube_FW_H7_V1.13.0, STM32Cube_FW_L0_V1.12.2, STM32Cube_FW_L4_V1.18.2, STM32Cube_FW_L5_V1.6.0, STM32Cube_FW_N6_V1.3.0, STM32Cube_FW_U0_V1.3.0, STM32Cube_FW_U3_V1.3.0, STM32Cube_FW_U5_V1.8.0, STM32Cube_FW_WB0_V1.4.0, STM32Cube_FW_WBA_V1.9.0, STM32Cube_FW_WB_V1.24.0, STM32Cube_FW_WL3_V1.4.0, STM32Cube_FW_WL_V1.5.0, X-CUBE-ALGOBUILD_V1.4.0, X-CUBE-ALS_V1.0.2, X-CUBE-AZRTOS-F4_V1.1.0, X-CUBE-AZRTOS-F7_V1.1.0, X-CUBE-AZRTOS-G0_V1.1.0, X-CUBE-AZRTOS-G4_V2.0.0, X-CUBE-AZRTOS-H7RS_V1.1.0, X-CUBE-AZRTOS-H7_V3.4.0, X-CUBE-AZRTOS-L4_V2.0.0, X-CUBE-AZRTOS-L5_V2.0.0, X-CUBE-AZRTOS-WB_V2.0.0, X-CUBE-AZRTOS-WL_V2.0.0, X-CUBE-BLE1_V7.1.0, X-CUBE-BLE2_V3.3.0, X-CUBE-BLEMGR_V4.1.0, X-CUBE-EEPRMA1_V5.2.0, X-CUBE-FREERTOS_V1.3.1, X-CUBE-GNSS1_V6.0.0, X-CUBE-MEMS1_V12.0.0, X-CUBE-NFC4_V3.0.0, X-CUBE-NFC7_V2.0.0, X-CUBE-SFXS2LP1_V4.0.0, X-CUBE-ST67W61_V1.1.0, X-CUBE-SUBG2_V5.0.0, X-CUBE-TOF1_V3.4.3]
2026-07-10 03:17:17,798 [INFO] ApiDb:240 - Found 880 in-development CPN: [B-G473E-ZEST1S, B-WB1M-WPAN1, B-WBA5M-WPAN, B-WL5M-SUBG1, NUCLEO-C031C6, NUCLEO-C051C8, NUCLEO-C071RB, NUCLEO-C092RC, NUCLEO-H503RB, NUCLEO-H533RE, NUCLEO-H563ZI, NUCLEO-H7S3L8, NUCLEO-N657X0-Q, NUCLEO-U031R8, NUCLEO-U083RC, NUCLEO-U385RG-Q, NUCLEO-U545RE-Q, NUCLEO-U5A5ZJ-Q, NUCLEO-WB05KZ, NUCLEO-WB07CC, NUCLEO-WB09KE, NUCLEO-WBA52CG, NUCLEO-WBA55CG, NUCLEO-WL33CC1, NUCLEO-WL33CC2, STEVAL-PROTEUS1, STEVAL-SMARTAG2, STEVAL-STWINBX1, STM320518-EVAL, STM32C0116-DK, STM32C011D6Y3TR, STM32C011D6Y6TR, STM32C011F4P3, STM32C011F4P6, STM32C011F4U3, STM32C011F4U6TR, STM32C011F6P3, STM32C011F6P6, STM32C011F6U3, STM32C011F6U6TR, STM32C011J4M3, STM32C011J4M6, STM32C011J6M3, STM32C011J6M6, STM32C0316-DK, STM32C031C4T3, STM32C031C4T6, STM32C031C4U3, STM32C031C4U6, STM32C031C6T3, STM32C031C6T6, STM32C031C6U3, STM32C031C6U6, STM32C031F4P3, STM32C031F4P6, STM32C031F6P3, STM32C031F6P6, STM32C031G4U3, STM32C031G4U6, STM32C031G6U3, STM32C031G6U6, STM32C031K4T3, STM32C031K4T6, STM32C031K4U3, STM32C031K4U6, STM32C031K6T3, STM32C031K6T6, STM32C031K6U3, STM32C031K6U6, STM32C051C6T6, STM32C051C6U6, STM32C051C8T6, STM32C051C8U6, STM32C051D8Y6TR, STM32C051F6P6, STM32C051F8P6, STM32C051G6U6, STM32C051G8U6, STM32C051K6T6, STM32C051K6U6, STM32C051K8T6, STM32C071C8T6, STM32C071C8T6N, STM32C071C8U6, STM32C071C8U6N, STM32C071CBT6, STM32C071CBT6N, STM32C071CBU6, STM32C071CBU6N, STM32C071F8P6, STM32C071F8P6N, STM32C071FBP6, STM32C071FBP6N, STM32C071FBY6TR, STM32C071G8U6, STM32C071G8U6N, STM32C071GBU6, STM32C071GBU6N, STM32C071K8T6, STM32C071K8T6N, STM32C071K8U6, STM32C071K8U6N, STM32C071KBT6, STM32C071KBT6N, STM32C071KBU6, STM32C071KBU6N, STM32C071R8T6, STM32C071R8T6N, STM32C071RBI6N, STM32C071RBT6, STM32C071RBT6N, STM32C091CBT6, STM32C091CBU6, STM32C091CCT6, STM32C091CCU6, STM32C091ECY6TR, STM32C091FBP6, STM32C091FCP6, STM32C091GBU6, STM32C091GCU6, STM32C091KBT6, STM32C091KBU6, STM32C091KCT6, STM32C091KCU6, STM32C091RBT6, STM32C091RCI6, STM32C091RCT6, STM32C092CBT6, STM32C092CBU6, STM32C092CCT6, STM32C092CCU6, STM32C092ECY6TR, STM32C092FBP6, STM32C092FCP6, STM32C092GBU6, STM32C092GCU6, STM32C092KBT6, STM32C092KBU6, STM32C092KCT6, STM32C092KCU6, STM32C092RBT6, STM32C092RCI6, STM32C092RCT6, STM32G071K8TXN, STM32G071K8UXN, STM32G081GBU6N, STM32G081KBT6N, STM32G081KBUXN, STM32G0B1CCT6N, STM32G0B1KCT6, STM32G0B1NEY6TR, STM32G0B1RCT6N, STM32G0C1CCT6, STM32G0C1CCT6N, STM32G0C1CCU6N, STM32G0C1CET6N, STM32G0C1CEU6N, STM32G0C1KCT6, STM32G0C1NEY6TR, STM32G0C1RCI6N, STM32G0C1RCT6N, STM32G0C1REI6N, STM32G0C1RET6N, STM32G0C1VCI6, STM32G0C1VEI6, STM32G411C6T3, STM32G411C6T6, STM32G411C6U3, STM32G411C6U6, STM32G411C8T3, STM32G411C8T6, STM32G411C8U3, STM32G411C8U6, STM32G411CBT3, STM32G411CBT6, STM32G411CBU3, STM32G411CBU6, STM32G411K6T3, STM32G411K6T6, STM32G411K6U3, STM32G411K6U6, STM32G411K8T3, STM32G411K8T6, STM32G411K8U3, STM32G411K8U6, STM32G411KBT3, STM32G411KBT6, STM32G411KBU3, STM32G411KBU6, STM32G411M6T3, STM32G411M6T6, STM32G411M8T3, STM32G411M8T6, STM32G411MBT3, STM32G411MBT6, STM32G411R6T3, STM32G411R6T6, STM32G411R8T3, STM32G411R8T6, STM32G411RBT3, STM32G411RBT6, STM32G414CBT3, STM32G414CBT6, STM32G414CBU3, STM32G414CBU6, STM32G414CCT3, STM32G414CCT6, STM32G414CCU3, STM32G414CCU6, STM32G414MBT3, STM32G414MBT6, STM32G414MCT3, STM32G414MCT6, STM32G414RBT3, STM32G414RBT6, STM32G414RCT3, STM32G414RCT6, STM32G414VBT3, STM32G414VBT6, STM32G414VCT3, STM32G414VCT6, STM32G431CBT3Z, STM32G431RBT3Z, STM32G471CCT6, STM32G471CCU6, STM32G471CET3, STM32G471CET6, STM32G471CEU3, STM32G471CEU6, STM32G471MCT6, STM32G471MET3, STM32G471MET6, STM32G471MEY6TR, STM32G471QCT6, STM32G471QET3, STM32G471RCT6, STM32G471RET3, STM32G471RET6, STM32G471VCH6, STM32G471VCI6, STM32G471VCT6, STM32G471VEH3, STM32G471VEH6, STM32G471VEI3, STM32G471VEI6, STM32G471VET3, STM32G471VET6, STM32G473QET3Z, STM32G473RET3Z, STM32G474CCT6, STM32G491RET3Z, STM32H503CBT6, STM32H503CBU6, STM32H503EBY6TR, STM32H503KBU6, STM32H503RBT6, STM32H523CCT6, STM32H523CCU6, STM32H523CET6, STM32H523CEU6, STM32H523HEY6TR, STM32H523RCT6, STM32H523RET6, STM32H523VCI6, STM32H523VCT6, STM32H523VEI6, STM32H523VET6, STM32H523ZCJ6, STM32H523ZCT6, STM32H523ZEJ6, STM32H523ZET6, STM32H533CET6, STM32H533CEU6, STM32H533HEY6TR, STM32H533RET6, STM32H533VEI6, STM32H533VET6, STM32H533ZEJ6, STM32H533ZET6, STM32H562AGI6, STM32H562AII6, STM32H562IGK6, STM32H562IGT6, STM32H562IIK6, STM32H562IIT6, STM32H562RGT6, STM32H562RGV6, STM32H562RIT6, STM32H562RIV6, STM32H562VGT6, STM32H562VIT6, STM32H562ZGT6, STM32H562ZIT6, STM32H563AGI6, STM32H563AII3Q, STM32H563AII6, STM32H563IGK6, STM32H563IGT6, STM32H563IIK3Q, STM32H563IIK6, STM32H563IIT3Q, STM32H563IIT6, STM32H563MIY3QTR, STM32H563RGT6, STM32H563RGV6, STM32H563RIT6, STM32H563RIV6, STM32H563VGT6, STM32H563VIT3Q, STM32H563VIT6, STM32H563ZGT6, STM32H563ZIT3Q, STM32H563ZIT6, STM32H573AII3Q, STM32H573AII6, STM32H573I-DK, STM32H573IIK3Q, STM32H573IIK6, STM32H573IIT3Q, STM32H573IIT6, STM32H573MIY3QTR, STM32H573RIT6, STM32H573RIV6, STM32H573VIT3Q, STM32H573VIT6, STM32H573ZIT3Q, STM32H573ZIT6, STM32H7R3A8I6, STM32H7R3I8K6, STM32H7R3I8T6, STM32H7R3L8H6, STM32H7R3L8H6H, STM32H7R3R8V6, STM32H7R3V8H6, STM32H7R3V8T6, STM32H7R3V8Y6TR, STM32H7R3Z8J6, STM32H7R3Z8T6, STM32H7R7A8I6, STM32H7R7I8K6, STM32H7R7I8T6, STM32H7R7L8H6, STM32H7R7L8H6H, STM32H7R7Z8J6, STM32H7S3A8I6, STM32H7S3I8K6, STM32H7S3I8T6, STM32H7S3L8H6, STM32H7S3L8H6H, STM32H7S3R8V6, STM32H7S3V8H6, STM32H7S3V8T6, STM32H7S3V8Y6TR, STM32H7S3Z8J6, STM32H7S3Z8T6, STM32H7S78-DK, STM32H7S7A8I6, STM32H7S7I8K6, STM32H7S7I8T6, STM32H7S7L8H6, STM32H7S7L8H6H, STM32H7S7Z8J6, STM32L4R5QGI6STR, STM32MP131AAE3, STM32MP131AAF3, STM32MP131AAG3, STM32MP131CAE3, STM32MP131CAF3, STM32MP131CAG3, STM32MP131DAE7, STM32MP131DAF7, STM32MP131DAG7, STM32MP131FAE7, STM32MP131FAF7, STM32MP131FAG7, STM32MP133AAE3, STM32MP133AAF3, STM32MP133AAG3, STM32MP133CAE3, STM32MP133CAF3, STM32MP133CAG3, STM32MP133DAE7, STM32MP133DAF7, STM32MP133DAG7, STM32MP133FAE7, STM32MP133FAF7, STM32MP133FAG7, STM32MP135AAE3, STM32MP135AAF3, STM32MP135AAG3, STM32MP135CAE3, STM32MP135CAF3, STM32MP135CAG3, STM32MP135DAE7, STM32MP135DAF7, STM32MP135DAG7, STM32MP135F-DK, STM32MP135FAE7, STM32MP135FAF7, STM32MP135FAF7T, STM32MP135FAF7U, STM32MP135FAG7, STM32MP211AAL3, STM32MP211AAM3, STM32MP211AAN3, STM32MP211AAO3, STM32MP211CAL3, STM32MP211CAM3, STM32MP211CAN3, STM32MP211CAO3, STM32MP211DAL3, STM32MP211DAM3, STM32MP211DAN3, STM32MP211DAO3, STM32MP211FAL3, STM32MP211FAM3, STM32MP211FAN3, STM32MP211FAO3, STM32MP213AAL3, STM32MP213AAM3, STM32MP213AAN3, STM32MP213AAO3, STM32MP213CAL3, STM32MP213CAM3, STM32MP213CAN3, STM32MP213CAO3, STM32MP213DAL3, STM32MP213DAM3, STM32MP213DAN3, STM32MP213DAO3, STM32MP213FAL3, STM32MP213FAM3, STM32MP213FAN3, STM32MP213FAO3, STM32MP215AAL3, STM32MP215AAM3, STM32MP215AAN3, STM32MP215AAO3, STM32MP215CAL3, STM32MP215CAM3, STM32MP215CAN3, STM32MP215CAO3, STM32MP215DAL3, STM32MP215DAM3, STM32MP215DAN3, STM32MP215DAO3, STM32MP215F-DK, STM32MP215FAL3, STM32MP215FAM3, STM32MP215FAN3, STM32MP215FAO3, STM32MP231AAJ3, STM32MP231AAK3, STM32MP231AAL3, STM32MP231CAJ3, STM32MP231CAK3, STM32MP231CAL3, STM32MP231DAJ3, STM32MP231DAK3, STM32MP231DAL3, STM32MP231FAJ3, STM32MP231FAK3, STM32MP231FAL3, STM32MP233AAJ3, STM32MP233AAK3, STM32MP233AAL3, STM32MP233CAJ3, STM32MP233CAK3, STM32MP233CAL3, STM32MP233DAJ3, STM32MP233DAK3, STM32MP233DAL3, STM32MP233FAJ3, STM32MP233FAK3, STM32MP233FAL3, STM32MP235AAJ3, STM32MP235AAK3, STM32MP235AAL3, STM32MP235CAJ3, STM32MP235CAK3, STM32MP235CAL3, STM32MP235DAJ3, STM32MP235DAK3, STM32MP235DAL3, STM32MP235FAJ3, STM32MP235FAK3, STM32MP235FAL3, STM32MP251AAI3, STM32MP251AAK3, STM32MP251AAL3, STM32MP251CAI3, STM32MP251CAK3, STM32MP251CAL3, STM32MP251DAI3, STM32MP251DAK3, STM32MP251DAL3, STM32MP251FAI3, STM32MP251FAK3, STM32MP251FAL3, STM32MP253AAI3, STM32MP253AAK3, STM32MP253AAL3, STM32MP253CAI3, STM32MP253CAK3, STM32MP253CAL3, STM32MP253DAI3, STM32MP253DAK3, STM32MP253DAL3, STM32MP253FAI3, STM32MP253FAK3, STM32MP253FAL3, STM32MP255AAI3, STM32MP255AAK3, STM32MP255AAL3, STM32MP255CAI3, STM32MP255CAK3, STM32MP255CAL3, STM32MP255DAI3, STM32MP255DAK3, STM32MP255DAL3, STM32MP255FAI3, STM32MP255FAK3, STM32MP255FAL3, STM32MP257AAI3, STM32MP257AAK3, STM32MP257AAL3, STM32MP257CAI3, STM32MP257CAK3, STM32MP257CAL3, STM32MP257DAI3, STM32MP257DAK3, STM32MP257DAL3, STM32MP257F-DK, STM32MP257F-EV1, STM32MP257FAI3, STM32MP257FAK3, STM32MP257FAL3, STM32N645A0H3Q, STM32N645B0H3Q, STM32N645I0H3Q, STM32N645L0H3Q, STM32N645X0H3Q, STM32N645Z0H3Q, STM32N647A0H3Q, STM32N647B0H3Q, STM32N647I0H3Q, STM32N647L0H3Q, STM32N647X0H3Q, STM32N647Z0H3Q, STM32N655A0H3Q, STM32N655B0H3Q, STM32N655I0H3Q, STM32N655L0H3Q, STM32N655X0H3Q, STM32N655Z0H3Q, STM32N6570-DK, STM32N657A0H3Q, STM32N657B0H3Q, STM32N657I0H3Q, STM32N657L0H3Q, STM32N657X0H3Q, STM32N657Z0H3Q, STM32U031C6T6, STM32U031C6U6, STM32U031C8T6, STM32U031C8U6, STM32U031F4P6, STM32U031F6P6, STM32U031F8P6, STM32U031G6Y6TR, STM32U031G8Y6TR, STM32U031K4U6, STM32U031K6U6, STM32U031K8U6, STM32U031R6I6, STM32U031R6T6, STM32U031R8I6, STM32U031R8T6, STM32U073C8T6, STM32U073C8U6, STM32U073CBT6, STM32U073CBU6, STM32U073CCT6, STM32U073CCU6, STM32U073H8Y6TR, STM32U073HBY6TR, STM32U073HCY6TR, STM32U073K8U6, STM32U073KBU6, STM32U073KCU6, STM32U073M8I6, STM32U073M8T6, STM32U073MBI6, STM32U073MBT6, STM32U073MCI6, STM32U073MCT6, STM32U073R8I6, STM32U073R8T6, STM32U073RBI6, STM32U073RBT6, STM32U073RCI6, STM32U073RCT6, STM32U083C-DK, STM32U083CCT6, STM32U083CCU6, STM32U083HCY6TR, STM32U083KCU6, STM32U083MCI6, STM32U083MCT6, STM32U083RCI6, STM32U083RCT6, STM32U375CET6, STM32U375CET6Q, STM32U375CEU6, STM32U375CEU6Q, STM32U375CEY6QTR, STM32U375CGT6, STM32U375CGT6Q, STM32U375CGU6, STM32U375CGU6Q, STM32U375CGY6QTR, STM32U375KEU6, STM32U375KGU6, STM32U375REI6, STM32U375REI6Q, STM32U375RET6, STM32U375RET6Q, STM32U375REY6GTR, STM32U375REY6QTR, STM32U375RGI6, STM32U375RGI6Q, STM32U375RGT6, STM32U375RGT6Q, STM32U375RGY6GTR, STM32U375RGY6QTR, STM32U375VEI6, STM32U375VEI6Q, STM32U375VET6, STM32U375VET6Q, STM32U375VGI6, STM32U375VGI6Q, STM32U375VGT6, STM32U375VGT6Q, STM32U385CGT6, STM32U385CGT6Q, STM32U385CGU6, STM32U385CGU6Q, STM32U385CGY6QTR, STM32U385KGU6, STM32U385RGI6, STM32U385RGI6Q, STM32U385RGT6, STM32U385RGT6Q, STM32U385RGY6GTR, STM32U385RGY6QTR, STM32U385VGI6, STM32U385VGI6Q, STM32U385VGT6, STM32U385VGT6Q, STM32U535CBT6, STM32U535CBT6Q, STM32U535CBU6, STM32U535CBU6Q, STM32U535CCT6, STM32U535CCT6Q, STM32U535CCU6, STM32U535CCU6Q, STM32U535CET6, STM32U535CET6Q, STM32U535CEU6, STM32U535CEU6Q, STM32U535JEY6QTR, STM32U535NCY6QTR, STM32U535NEY6QTR, STM32U535RBI6, STM32U535RBI6Q, STM32U535RBT6, STM32U535RBT6Q, STM32U535RCI6, STM32U535RCI6Q, STM32U535RCT6, STM32U535RCT6Q, STM32U535REI6, STM32U535REI6Q, STM32U535RET6, STM32U535RET6Q, STM32U535VCI6, STM32U535VCI6Q, STM32U535VCT6, STM32U535VCT6Q, STM32U535VEI6, STM32U535VEI6Q, STM32U535VET6, STM32U535VET6Q, STM32U545CET6, STM32U545CET6Q, STM32U545CEU6, STM32U545CEU6Q, STM32U545JEY6QTR, STM32U545NEY6QTR, STM32U545REI6, STM32U545REI6Q, STM32U545RET6, STM32U545RET6Q, STM32U545VEI6, STM32U545VEI6Q, STM32U545VET6, STM32U545VET6Q, STM32U595AIH6, STM32U595AIH6Q, STM32U595AJH6, STM32U595AJH6Q, STM32U595QII6, STM32U595QII6Q, STM32U595QJI6, STM32U595QJI6Q, STM32U595RIT6, STM32U595RIT6Q, STM32U595RJT6, STM32U595RJT6Q, STM32U595VIT6, STM32U595VIT6Q, STM32U595VJT6, STM32U595VJT6Q, STM32U595ZIT6, STM32U595ZIT6Q, STM32U595ZIY6QTR, STM32U595ZJT6, STM32U595ZJT6Q, STM32U595ZJY6QTR, STM32U599BJY6QTR, STM32U599NIH6Q, STM32U599NJH6Q, STM32U599VIT6Q, STM32U599VJT6, STM32U599VJT6Q, STM32U599ZIT6Q, STM32U599ZIY6QTR, STM32U599ZJT6Q, STM32U599ZJY6QTR, STM32U5A5AJH6, STM32U5A5AJH6Q, STM32U5A5QII3Q , STM32U5A5QJI6, STM32U5A5QJI6Q, STM32U5A5RJT6, STM32U5A5RJT6Q, STM32U5A5VJT6, STM32U5A5VJT6Q, STM32U5A5ZJT6, STM32U5A5ZJT6Q, STM32U5A5ZJY6QTR, STM32U5A9BJY6QTR, STM32U5A9J-DK, STM32U5A9NJH6Q, STM32U5A9VJT6Q, STM32U5A9ZJT6Q, STM32U5A9ZJY6QTR, STM32U5F7VIT6, STM32U5F7VIT6Q, STM32U5F7VJT6, STM32U5F7VJT6Q, STM32U5F9BJY6QTR, STM32U5F9NJH6Q, STM32U5F9VIT6Q, STM32U5F9VJT6Q, STM32U5F9ZIJ6QTR, STM32U5F9ZIT6Q, STM32U5F9ZJJ6QTR, STM32U5F9ZJT6Q, STM32U5G7VJT6, STM32U5G7VJT6Q, STM32U5G9BJY6QTR, STM32U5G9J-DK1, STM32U5G9J-DK2, STM32U5G9NJH6Q, STM32U5G9VJT6Q, STM32U5G9ZJJ6QTR, STM32U5G9ZJT6Q, STM32WB05KZV6TR, STM32WB05KZV7TR, STM32WB05TZF6TR, STM32WB05TZF7TR, STM32WB06CCF6TR, STM32WB06CCF7TR, STM32WB06CCV6TR, STM32WB06CCV7TR, STM32WB06KCV6TR, STM32WB06KCV7TR, STM32WB07CCF6TR, STM32WB07CCF7TR, STM32WB07CCV6TR, STM32WB07CCV7TR, STM32WB07KCV6TR, STM32WB07KCV7TR, STM32WB09KEV6TR, STM32WB09KEV7TR, STM32WB09TEF6TR, STM32WB09TEF7TR, STM32WB1MMCH6, STM32WBA50KGU6, STM32WBA50KGU6TR, STM32WBA52CEU6, STM32WBA52CEU6TR, STM32WBA52CEU7, STM32WBA52CEU7TR, STM32WBA52CGU6, STM32WBA52CGU6TR, STM32WBA52CGU6U, STM32WBA52CGU7, STM32WBA52CGU7TR, STM32WBA52KEU6, STM32WBA52KEU6TR, STM32WBA52KGU6, STM32WBA52KGU6TR, STM32WBA54CEU6, STM32WBA54CEU6TR, STM32WBA54CEU7, STM32WBA54CEU7TR, STM32WBA54CGU6, STM32WBA54CGU6TR, STM32WBA54CGU7, STM32WBA54CGU7TR, STM32WBA54KEU6, STM32WBA54KEU6TR, STM32WBA54KEU7, STM32WBA54KEU7TR, STM32WBA54KGU6, STM32WBA54KGU6TR, STM32WBA54KGU7, STM32WBA54KGU7TR, STM32WBA55CEU6, STM32WBA55CEU6TR, STM32WBA55CEU7, STM32WBA55CEU7TR, STM32WBA55CGU6, STM32WBA55CGU6TR, STM32WBA55CGU6U, STM32WBA55CGU7, STM32WBA55CGU7TR, STM32WBA55G-DK1, STM32WBA55HEF6, STM32WBA55HEF7, STM32WBA55HGF6, STM32WBA55HGF7, STM32WBA55UEI6, STM32WBA55UEI6TR, STM32WBA55UEI7, STM32WBA55UEI7TR, STM32WBA55UGI6, STM32WBA55UGI6TR, STM32WBA55UGI7, STM32WBA55UGI7TR, STM32WBA5MMGH6TR, STM32WBA62MGF6, STM32WBA62MIF6, STM32WBA65MGF7, STM32WBA65MIF6, STM32WBA65MIF7, STM32WL30K8V6, STM32WL30KBV6, STM32WL31C8V6, STM32WL31CBV6, STM32WL31K8V6, STM32WL31KBV6, STM32WL33C8V6, STM32WL33C8V6X, STM32WL33CBV6, STM32WL33CBV6X, STM32WL33CCV6, STM32WL33CCV6A, STM32WL33CCV6X, STM32WL33K8V7, STM32WL33K8V7X, STM32WL33KBV7 , STM32WL33KBV7X, STM32WL33KCV7, STM32WL33KCV7X, STM32WL5MOCH6, STM32WL5MOCH6TR]
2026-07-10 03:17:17,804 [INFO] DbMcus:218 - Found 4922 MCUs, 4922 are supported
2026-07-10 03:17:17,805 [INFO] ApiDb:423 - Load user favorites file C:\Users\Mowibox/.stm32cubeide/favorites.mcus.txt: 0 item(s)
2026-07-10 03:17:17,807 [INFO] ApiDb:427 - User favorites MCUs=[]
2026-07-10 03:17:17,807 [INFO] DbMcus:224 - Set 0 / 0 favorites MCUs
2026-07-10 03:17:18,490 [INFO] BoardInfo:889 - No configuration file found for board P-NUCLEO-WB55
2026-07-10 03:17:18,503 [INFO] DbBoards:161 - Kit is not supported: P-NUCLEO-WB55
2026-07-10 03:17:18,514 [INFO] BoardInfo:889 - No configuration file found for board STEVAL-BFA001V1B
2026-07-10 03:17:18,514 [INFO] DbBoards:161 - Kit is not supported: STEVAL-BFA001V1B
2026-07-10 03:17:18,516 [INFO] BoardInfo:889 - No configuration file found for board STEVAL-BFA001V2B
2026-07-10 03:17:18,518 [INFO] DbBoards:161 - Kit is not supported: STEVAL-BFA001V2B
2026-07-10 03:17:18,741 [INFO] DbBoards:168 - Found 212 boards, 209 are supported
2026-07-10 03:17:18,741 [INFO] DbBoards:169 - Found 212 boards, 43 of them is supported for  Bsp
2026-07-10 03:17:18,741 [INFO] ApiDb:423 - Load user favorites file C:\Users\Mowibox/.stm32cubeide/favorites.boards.txt: 0 item(s)
2026-07-10 03:17:18,741 [INFO] ApiDb:427 - User favorites Boards=[]
2026-07-10 03:17:18,741 [INFO] DbBoards:198 - Set 0 / 0 favorites Boards
2026-07-10 03:17:18,826 [INFO] UtilMem:75 - End LoadConfig() Used Memory: 347886936 Bytes (479199232)
2026-07-10 03:17:18,991 [WARN] ThirdParty:833 - waiting for thirdparty lock release [change project]
2026-07-10 03:17:18,991 [INFO] ThirdParty:835 - entering critical section [change project]
2026-07-10 03:17:18,991 [INFO] ThirdParty:1030 - CMSIS Pack Vendor :STMicroelectronics X-CUBE-AZRTOS-H7 3.5.0
2026-07-10 03:17:18,991 [INFO] ThirdParty:1030 - CMSIS Pack Vendor :STMicroelectronics X-CUBE-PM33A1 1.0.0
2026-07-10 03:17:18,991 [INFO] ThirdParty:1030 - CMSIS Pack Vendor :STMicroelectronics USBPD 4.1
2026-07-10 03:17:18,991 [INFO] ThirdParty:1030 - CMSIS Pack Vendor :STMicroelectronics USB_HOST 2.0.0
2026-07-10 03:17:18,991 [INFO] ThirdParty:1030 - CMSIS Pack Vendor :STMicroelectronics FP-SNS-MOTENVWB1 1.4.0
2026-07-10 03:17:18,991 [INFO] ThirdParty:1030 - CMSIS Pack Vendor :STMicroelectronics X-CUBE-AZRTOS-F4 1.1.0
2026-07-10 03:17:18,991 [INFO] ThirdParty:1030 - CMSIS Pack Vendor :STMicroelectronics LIBJPEG 8.0.0
2026-07-10 03:17:18,991 [INFO] ThirdParty:1030 - CMSIS Pack Vendor :STMicroelectronics FP-ATR-ASTRA1 2.0.2
2026-07-10 03:17:18,991 [INFO] ThirdParty:1030 - CMSIS Pack Vendor :STMicroelectronics X-CUBE-SMBUS 2.1.0
2026-07-10 03:17:18,991 [INFO] ThirdParty:1030 - CMSIS Pack Vendor :STMicroelectronics X-CUBE-WB05N 1.1.0
2026-07-10 03:17:18,991 [INFO] ThirdParty:1030 - CMSIS Pack Vendor :STMicroelectronics X-CUBE-ISPU 2.1.0
2026-07-10 03:17:18,991 [INFO] ThirdParty:1030 - CMSIS Pack Vendor :STMicroelectronics X-CUBE-IPS 3.2.0
2026-07-10 03:17:18,991 [INFO] ThirdParty:1030 - CMSIS Pack Vendor :STMicroelectronics eDS-WB_DPC_TT-BIDIR 2.1.1
2026-07-10 03:17:18,991 [INFO] ThirdParty:1030 - CMSIS Pack Vendor :STMicroelectronics X-CUBE-NFC12 1.0.0
2026-07-10 03:17:18,991 [INFO] ThirdParty:1030 - CMSIS Pack Vendor :STMicroelectronics X-CUBE-AZRTOS-F7 1.1.0
2026-07-10 03:17:18,991 [INFO] ThirdParty:1030 - CMSIS Pack Vendor :STMicroelectronics X-CUBE-AZRTOS-L5 2.0.0
2026-07-10 03:17:18,991 [INFO] ThirdParty:1030 - CMSIS Pack Vendor :STMicroelectronics USB_DEVICE 2.0.0
2026-07-10 03:17:18,991 [INFO] ThirdParty:1030 - CMSIS Pack Vendor :STMicroelectronics X-CUBE-FREERTOS 1.6.0
2026-07-10 03:17:18,991 [INFO] ThirdParty:1030 - CMSIS Pack Vendor :STMicroelectronics X-CUBE-NFC6 3.1.0
2026-07-10 03:17:18,991 [INFO] ThirdParty:1030 - CMSIS Pack Vendor :STMicroelectronics X-CUBE-ALGOBUILD 1.5.0
2026-07-10 03:17:18,991 [INFO] ThirdParty:1030 - CMSIS Pack Vendor :STMicroelectronics FP-SNS-MOTENV1 5.1.0
2026-07-10 03:17:18,991 [INFO] ThirdParty:1030 - CMSIS Pack Vendor :STMicroelectronics FreeRTOS 0.0.1
2026-07-10 03:17:18,991 [INFO] ThirdParty:1030 - CMSIS Pack Vendor :STMicroelectronics X-CUBE-AZRTOS-H7RS 1.3.0
2026-07-10 03:17:18,991 [INFO] ThirdParty:1030 - CMSIS Pack Vendor :STMicroelectronics X-CUBE-DPower 1.2.0
2026-07-10 03:17:18,991 [INFO] ThirdParty:1030 - CMSIS Pack Vendor :STMicroelectronics eDS-WB_DPC_VIENNA 1.2.0
2026-07-10 03:17:18,991 [INFO] ThirdParty:1030 - CMSIS Pack Vendor :STMicroelectronics FP-SNS-FLIGHT1 5.0.2
2026-07-10 03:17:18,991 [INFO] ThirdParty:1030 - CMSIS Pack Vendor :STMicroelectronics eDS-WB_DPC_3PH2L-BIDIR 1.1.1
2026-07-10 03:17:18,991 [INFO] ThirdParty:1030 - CMSIS Pack Vendor :Infineon AIROC-Wi-Fi-Bluetooth-STM32 1.7.0
2026-07-10 03:17:18,991 [INFO] ThirdParty:1030 - CMSIS Pack Vendor :STMicroelectronics PDM2PCM 3.3.0
2026-07-10 03:17:18,991 [INFO] ThirdParty:1030 - CMSIS Pack Vendor :STMicroelectronics X-CUBE-AZRTOS-H7 3.4.0
2026-07-10 03:17:18,991 [INFO] ThirdParty:1030 - CMSIS Pack Vendor :STMicroelectronics X-CUBE-DISPLAY 3.0.0
2026-07-10 03:17:18,991 [INFO] ThirdParty:1030 - CMSIS Pack Vendor :STMicroelectronics X-CUBE-GNSS1 7.1.1
2026-07-10 03:17:18,991 [INFO] ThirdParty:1030 - CMSIS Pack Vendor :STMicroelectronics FP-SNS-MOTENVWB1 1.5.0
2026-07-10 03:17:18,991 [INFO] ThirdParty:1030 - CMSIS Pack Vendor :STMicroelectronics X-CUBE-NFC10 1.0.0
2026-07-10 03:17:18,991 [INFO] ThirdParty:1030 - CMSIS Pack Vendor :STMicroelectronics X-CUBE-BLEMGR 4.0.0
2026-07-10 03:17:18,991 [INFO] ThirdParty:1030 - CMSIS Pack Vendor :STMicroelectronics X-CUBE-FREERTOS 1.3.1
2026-07-10 03:17:18,991 [INFO] ThirdParty:1030 - CMSIS Pack Vendor :STMicroelectronics HAL Drivers 0.0.0
2026-07-10 03:17:18,991 [INFO] ThirdParty:1030 - CMSIS Pack Vendor :STMicroelectronics X-CUBE-ST60 1.1.0
2026-07-10 03:17:18,991 [INFO] ThirdParty:1030 - CMSIS Pack Vendor :emotas I-CUBE-CANOPEN 1.3.0
2026-07-10 03:17:18,991 [INFO] ThirdParty:1030 - CMSIS Pack Vendor :STMicroelectronics X-CUBE-FREERTOS 1.3.0
2026-07-10 03:17:18,991 [INFO] ThirdParty:1030 - CMSIS Pack Vendor :STMicroelectronics X-CUBE-NFC7 1.0.1
2026-07-10 03:17:18,991 [INFO] ThirdParty:1030 - CMSIS Pack Vendor :STMicroelectronics MBEDTLS 2.14.1
2026-07-10 03:17:18,991 [INFO] ThirdParty:1030 - CMSIS Pack Vendor :STMicroelectronics X-CUBE-GNSS1 7.1.0
2026-07-10 03:17:18,991 [INFO] ThirdParty:1030 - CMSIS Pack Vendor :STMicroelectronics X-CUBE-TOUCHGFX 4.26.0
2026-07-10 03:17:18,991 [INFO] ThirdParty:1030 - CMSIS Pack Vendor :STMicroelectronics X-CUBE-TOUCHGFX 4.26.1
2026-07-10 03:17:18,991 [INFO] ThirdParty:1030 - CMSIS Pack Vendor :quantropi X-CUBE-qispace-sdk-base 2.0.0
2026-07-10 03:17:18,991 [INFO] ThirdParty:1030 - CMSIS Pack Vendor :STMicroelectronics X-CUBE-AI 10.0.0
2026-07-10 03:17:18,991 [INFO] ThirdParty:1030 - CMSIS Pack Vendor :STMicroelectronics FP-SNS-STBOX1 2.1.0
2026-07-10 03:17:18,991 [INFO] ThirdParty:1030 - CMSIS Pack Vendor :STMicroelectronics FP-SNS-STAIOTCFT 1.0.0
2026-07-10 03:17:18,991 [INFO] ThirdParty:1030 - CMSIS Pack Vendor :STMicroelectronics FP-SNS-SMARTAG2 1.2.0
2026-07-10 03:17:18,991 [INFO] ThirdParty:1030 - CMSIS Pack Vendor :STMicroelectronics FP-SNS-FLIGHT1 5.1.0
2026-07-10 03:17:18,996 [INFO] ThirdParty:1030 - CMSIS Pack Vendor :STMicroelectronics X-CUBE-MEMS1 11.1.0
2026-07-10 03:17:18,996 [INFO] ThirdParty:1030 - CMSIS Pack Vendor :STMicroelectronics X-CUBE-AZRTOS-WL 2.0.0
2026-07-10 03:17:18,996 [INFO] ThirdParty:1030 - CMSIS Pack Vendor :STMicroelectronics X-CUBE-DPower 1.3.0
2026-07-10 03:17:18,996 [INFO] ThirdParty:1030 - CMSIS Pack Vendor :STMicroelectronics FP-SNS-MOTENV1 5.0.0
2026-07-10 03:17:18,996 [INFO] ThirdParty:1030 - CMSIS Pack Vendor :STMicroelectronics USB_DEVICE 1.0.0
2026-07-10 03:17:18,996 [INFO] ThirdParty:1030 - CMSIS Pack Vendor :STMicroelectronics X-CUBE-AZRTOS-H7RS 1.2.0
2026-07-10 03:17:18,996 [INFO] ThirdParty:1030 - CMSIS Pack Vendor :STMicroelectronics X-CUBE-AZRTOS-L4 2.0.0
2026-07-10 03:17:18,996 [INFO] ThirdParty:1030 - CMSIS Pack Vendor :STMicroelectronics ThreadX 0.0.2
2026-07-10 03:17:18,996 [INFO] ThirdParty:1030 - CMSIS Pack Vendor :WES I-CUBE-Cesium 1.3.0
2026-07-10 03:17:18,996 [INFO] ThirdParty:1030 - CMSIS Pack Vendor :STMicroelectronics lwIP 2.1.2
2026-07-10 03:17:18,996 [INFO] ThirdParty:1030 - CMSIS Pack Vendor :STMicroelectronics X-CUBE-SFXS2LP1 4.0.0
2026-07-10 03:17:18,996 [INFO] ThirdParty:1030 - CMSIS Pack Vendor :STMicroelectronics X-CUBE-BLE2 3.3.0
2026-07-10 03:17:18,996 [INFO] ThirdParty:1030 - CMSIS Pack Vendor :Avnet-IOTCONNECT X-CUBE-iotc-st67-sdk 1.0.0
2026-07-10 03:17:18,996 [INFO] ThirdParty:1030 - CMSIS Pack Vendor :STMicroelectronics PDM2PCM 3.2.0
2026-07-10 03:17:18,996 [INFO] ThirdParty:1030 - CMSIS Pack Vendor :STMicroelectronics X-CUBE-WB05N 2.1.0
2026-07-10 03:17:18,996 [INFO] ThirdParty:1030 - CMSIS Pack Vendor :STMicroelectronics X-CUBE-ST67W61 1.2.0
2026-07-10 03:17:18,996 [INFO] ThirdParty:1030 - CMSIS Pack Vendor :STMicroelectronics X-CUBE-AZRTOS-H7 3.3.0
2026-07-10 03:17:18,996 [INFO] ThirdParty:1030 - CMSIS Pack Vendor :STMicroelectronics X-CUBE-NFC9 1.0.0
2026-07-10 03:17:18,996 [INFO] ThirdParty:1030 - CMSIS Pack Vendor :STMicroelectronics X-CUBE-BLE1 7.1.0
2026-07-10 03:17:18,996 [INFO] ThirdParty:1030 - CMSIS Pack Vendor :wolfSSL I-CUBE-wolfMQTT 1.19.2
2026-07-10 03:17:18,996 [INFO] ThirdParty:1030 - CMSIS Pack Vendor :STMicroelectronics USB_DEVICE 3.0.0
2026-07-10 03:17:18,996 [INFO] ThirdParty:1030 - CMSIS Pack Vendor :STMicroelectronics X-CUBE-FREERTOS 1.4.0
2026-07-10 03:17:18,996 [INFO] ThirdParty:1030 - CMSIS Pack Vendor :STMicroelectronics X-CUBE-EEPRMA1 5.2.0
2026-07-10 03:17:18,996 [INFO] ThirdParty:1030 - CMSIS Pack Vendor :STMicroelectronics X-CUBE-BLEMGR 4.1.0
2026-07-10 03:17:18,996 [INFO] ThirdParty:1030 - CMSIS Pack Vendor :STMicroelectronics X-CUBE-AZRTOS-WB 2.0.0
2026-07-10 03:17:18,996 [INFO] ThirdParty:1030 - CMSIS Pack Vendor :STMicroelectronics X-CUBE-GNSS1 7.0.1
2026-07-10 03:17:18,996 [INFO] ThirdParty:1030 - CMSIS Pack Vendor :STMicroelectronics X-CUBE-TOUCHGFX 4.25.0
2026-07-10 03:17:18,996 [INFO] ThirdParty:1030 - CMSIS Pack Vendor :STMicroelectronics X-CUBE-ST67W61 1.1.0
2026-07-10 03:17:18,996 [INFO] ThirdParty:1030 - CMSIS Pack Vendor :STMicroelectronics FP-SNS-STBOX1 2.0.0
2026-07-10 03:17:18,996 [INFO] ThirdParty:1030 - CMSIS Pack Vendor :STMicroelectronics FP-SNS-STAIOTCFT 1.1.0
2026-07-10 03:17:18,996 [INFO] ThirdParty:1030 - CMSIS Pack Vendor :STMicroelectronics X-CUBE-MEMS1 12.0.0
2026-07-10 03:17:18,996 [INFO] ThirdParty:1030 - CMSIS Pack Vendor :STMicroelectronics X-CUBE-STSE01 2.0.0
2026-07-10 03:17:18,996 [INFO] ThirdParty:1030 - CMSIS Pack Vendor :STMicroelectronics X-CUBE-AZRTOS-G0 1.1.0
2026-07-10 03:17:18,996 [INFO] ThirdParty:1030 - CMSIS Pack Vendor :STMicroelectronics X-CUBE-SAFEA1 1.2.2
2026-07-10 03:17:18,996 [INFO] ThirdParty:1030 - CMSIS Pack Vendor :STMicroelectronics X-CUBE-NFC4 3.0.0
2026-07-10 03:17:18,998 [INFO] ThirdParty:1030 - CMSIS Pack Vendor :STMicroelectronics X-CUBE-SUBG2 5.0.0
2026-07-10 03:17:18,998 [INFO] ThirdParty:1030 - CMSIS Pack Vendor :STMicroelectronics X-CUBE-AZRTOS-H7RS 1.1.0
2026-07-10 03:17:18,998 [INFO] ThirdParty:1030 - CMSIS Pack Vendor :STMicroelectronics STM32_WPAN 1.0.0
2026-07-10 03:17:18,998 [INFO] ThirdParty:1030 - CMSIS Pack Vendor :EmbeddedOffice I-CUBE-FS-RTOS 1.0.1
2026-07-10 03:17:18,998 [INFO] ThirdParty:1030 - CMSIS Pack Vendor :STMicroelectronics lwIP 2.0.3
2026-07-10 03:17:18,998 [INFO] ThirdParty:1030 - CMSIS Pack Vendor :Cesanta I-CUBE-Mongoose 7.13.0
2026-07-10 03:17:18,998 [INFO] ThirdParty:1030 - CMSIS Pack Vendor :STMicroelectronics USB_HOST 1.0.0
2026-07-10 03:17:18,998 [INFO] ThirdParty:1030 - CMSIS Pack Vendor :STMicroelectronics X-CUBE-AZRTOS-G4 2.0.0
2026-07-10 03:17:18,998 [INFO] ThirdParty:1030 - CMSIS Pack Vendor :STMicroelectronics X-CUBE-WB05N 2.0.0
2026-07-10 03:17:18,998 [INFO] ThirdParty:1030 - CMSIS Pack Vendor :STMicroelectronics PDM2PCM 3.1.0
2026-07-10 03:17:18,998 [INFO] ThirdParty:1030 - CMSIS Pack Vendor :wolfSSL I-CUBE-wolfTPM 3.8.0
2026-07-10 03:17:18,998 [INFO] ThirdParty:1030 - CMSIS Pack Vendor :wolfSSL I-CUBE-wolfSSH 1.4.20
2026-07-10 03:17:18,998 [INFO] ThirdParty:1030 - CMSIS Pack Vendor :STMicroelectronics X-CUBE-NFC7 2.0.0
2026-07-10 03:17:18,998 [INFO] ThirdParty:1030 - CMSIS Pack Vendor :STMicroelectronics X-CUBE-TCPP 4.2.0
2026-07-10 03:17:18,998 [INFO] ThirdParty:1030 - CMSIS Pack Vendor :RealThread X-CUBE-RT-Thread_Nano 4.1.1
2026-07-10 03:17:18,998 [INFO] ThirdParty:1030 - CMSIS Pack Vendor :STMicroelectronics FP-ATR-SIGFOX1 3.2.0
2026-07-10 03:17:18,998 [INFO] ThirdParty:1030 - CMSIS Pack Vendor :STMicroelectronics X-CUBE-EEPRMA1 5.1.0
2026-07-10 03:17:18,998 [INFO] ThirdParty:1030 - CMSIS Pack Vendor :STMicroelectronics X-CUBE-FREERTOS 1.5.0
2026-07-10 03:17:18,998 [INFO] ThirdParty:1030 - CMSIS Pack Vendor :STMicroelectronics MBEDTLS 2.16.2
2026-07-10 03:17:18,998 [INFO] ThirdParty:1030 - CMSIS Pack Vendor :STMicroelectronics X-CUBE-IPS 3.1.0
2026-07-10 03:17:18,998 [INFO] ThirdParty:1030 - CMSIS Pack Vendor :STMicroelectronics X-CUBE-ALS 1.0.2
2026-07-10 03:17:18,998 [INFO] ThirdParty:1030 - CMSIS Pack Vendor :wolfSSL I-CUBE-wolfSSL 5.7.6
2026-07-10 03:17:18,998 [INFO] ThirdParty:1030 - CMSIS Pack Vendor :ITTIA_DB I-CUBE-ITTIADB 8.9.0
2026-07-10 03:17:18,998 [INFO] ThirdParty:1030 - CMSIS Pack Vendor :STMicroelectronics X-CUBE-TOUCHGFX 4.24.2
2026-07-10 03:17:18,998 [INFO] ThirdParty:1030 - CMSIS Pack Vendor :STMicroelectronics X-CUBE-STSE01 1.0.0
2026-07-10 03:17:18,998 [INFO] ThirdParty:1030 - CMSIS Pack Vendor :portGmbH I-Cube-SoM-uGOAL 1.1.0
2026-07-10 03:17:18,998 [INFO] ThirdParty:1030 - CMSIS Pack Vendor :STMicroelectronics X-CUBE-NFC6 3.2.0
2026-07-10 03:17:18,998 [INFO] ThirdParty:1030 - CMSIS Pack Vendor :STMicroelectronics X-CUBE-AI 10.2.1
2026-07-10 03:17:18,998 [INFO] ThirdParty:1030 - CMSIS Pack Vendor :STMicroelectronics X-CUBE-AI 10.2.0
2026-07-10 03:17:18,998 [INFO] ThirdParty:1030 - CMSIS Pack Vendor :STMicroelectronics ThreadX 1.0.0
2026-07-10 03:17:18,998 [INFO] ThirdParty:1030 - CMSIS Pack Vendor :STMicroelectronics X-CUBE-MEMS1 12.1.0
2026-07-10 03:17:18,998 [INFO] ThirdParty:1030 - CMSIS Pack Vendor :SEGGER I-CUBE-embOS 1.3.1
2026-07-10 03:17:18,998 [INFO] ThirdParty:1030 - CMSIS Pack Vendor :STMicroelectronics X-CUBE-ALGOBUILD 1.4.0
2026-07-10 03:17:18,998 [INFO] ThirdParty:1030 - CMSIS Pack Vendor :STMicroelectronics X-CUBE-MEMS1 11.3.0
2026-07-10 03:17:18,998 [INFO] ThirdParty:1030 - CMSIS Pack Vendor :STMicroelectronics X-CUBE-AZRTOS-H7RS 1.0.0
2026-07-10 03:17:18,998 [INFO] ThirdParty:1030 - CMSIS Pack Vendor :STMicroelectronics X-CUBE-TOF1 3.4.2
2026-07-10 03:17:18,998 [INFO] ThirdParty:1030 - CMSIS Pack Vendor :STMicroelectronics X-CUBE-TOF1 3.4.3
2026-07-10 03:17:18,998 [INFO] ThirdParty:1030 - CMSIS Pack Vendor :STMicroelectronics X-CUBE-NFC13 1.0.0
2026-07-10 03:17:18,998 [INFO] ThirdParty:841 - exiting critical section [change project]
2026-07-10 03:17:19,774 [INFO] PinOutPanel:1589 - setPackage(No Configuration,No Configuration)
2026-07-10 03:17:19,774 [INFO] PinOutPanel:1589 - setPackage(STM32G431KBTx,LQFP32)
2026-07-10 03:17:20,692 [INFO] UtilMem:75 - Before build in PCC Used Memory: 213911552 Bytes (479199232)
2026-07-10 03:17:22,290 [INFO] UtilMem:75 - After build in PCC Used Memory: 329777152 Bytes (479199232)
2026-07-10 03:17:22,357 [INFO] IPUIPlugin:80 - create IPUIPlugin
2026-07-10 03:17:22,357 [INFO] IPUIPlugin:80 - create IPUIPlugin
2026-07-10 03:17:22,357 [INFO] IPUIPlugin:80 - create IPUIPlugin
2026-07-10 03:17:22,357 [INFO] IPUIPlugin:80 - create IPUIPlugin
2026-07-10 03:17:22,357 [INFO] IPUIPlugin:80 - create IPUIPlugin
2026-07-10 03:17:22,357 [INFO] IPUIPlugin:80 - create IPUIPlugin
2026-07-10 03:17:22,370 [INFO] IPUIPlugin:80 - create IPUIPlugin
2026-07-10 03:17:22,370 [INFO] IPUIPlugin:80 - create IPUIPlugin
2026-07-10 03:17:22,370 [INFO] IPUIPlugin:80 - create IPUIPlugin
2026-07-10 03:17:22,370 [INFO] IPUIPlugin:80 - create IPUIPlugin
2026-07-10 03:17:22,370 [INFO] IPUIPlugin:80 - create IPUIPlugin
2026-07-10 03:17:22,370 [INFO] IPUIPlugin:80 - create IPUIPlugin
2026-07-10 03:17:22,370 [INFO] IPUIPlugin:80 - create IPUIPlugin
2026-07-10 03:17:22,370 [INFO] IPUIPlugin:80 - create IPUIPlugin
2026-07-10 03:17:22,370 [INFO] IPUIPlugin:80 - create IPUIPlugin
2026-07-10 03:17:22,370 [INFO] IPUIPlugin:80 - create IPUIPlugin
2026-07-10 03:17:22,370 [INFO] IPUIPlugin:80 - create IPUIPlugin
2026-07-10 03:17:22,370 [INFO] IPUIPlugin:80 - create IPUIPlugin
2026-07-10 03:17:22,370 [INFO] IPUIPlugin:80 - create IPUIPlugin
2026-07-10 03:17:22,370 [INFO] IPUIPlugin:80 - create IPUIPlugin
2026-07-10 03:17:22,370 [INFO] IPUIPlugin:80 - create IPUIPlugin
2026-07-10 03:17:22,370 [INFO] IPUIPlugin:80 - create IPUIPlugin
2026-07-10 03:17:22,370 [INFO] IPUIPlugin:80 - create IPUIPlugin
2026-07-10 03:17:22,370 [INFO] IPUIPlugin:80 - create IPUIPlugin
2026-07-10 03:17:22,370 [INFO] IPUIPlugin:80 - create IPUIPlugin
2026-07-10 03:17:22,370 [INFO] IPUIPlugin:80 - create IPUIPlugin
2026-07-10 03:17:22,370 [INFO] IPUIPlugin:80 - create IPUIPlugin
2026-07-10 03:17:22,370 [INFO] IPUIPlugin:80 - create IPUIPlugin
2026-07-10 03:17:22,370 [INFO] IPUIPlugin:80 - create IPUIPlugin
2026-07-10 03:17:22,370 [INFO] IPUIPlugin:80 - create IPUIPlugin
2026-07-10 03:17:22,370 [INFO] IPUIPlugin:80 - create IPUIPlugin
2026-07-10 03:17:22,370 [INFO] IPUIPlugin:80 - create IPUIPlugin
2026-07-10 03:17:22,370 [INFO] IPUIPlugin:80 - create IPUIPlugin
2026-07-10 03:17:22,374 [INFO] IPUIPlugin:80 - create IPUIPlugin
2026-07-10 03:17:22,375 [INFO] IPUIPlugin:80 - create IPUIPlugin
2026-07-10 03:17:22,375 [INFO] IPUIPlugin:80 - create IPUIPlugin
2026-07-10 03:17:22,375 [INFO] IPUIPlugin:80 - create IPUIPlugin
2026-07-10 03:17:22,375 [INFO] IPUIPlugin:80 - create IPUIPlugin
2026-07-10 03:17:22,375 [INFO] IPUIPlugin:80 - create IPUIPlugin
2026-07-10 03:17:22,375 [INFO] IPUIPlugin:80 - create IPUIPlugin
2026-07-10 03:17:22,375 [INFO] IPUIPlugin:80 - create IPUIPlugin
2026-07-10 03:17:22,375 [INFO] IPUIPlugin:80 - create IPUIPlugin
2026-07-10 03:17:22,375 [INFO] IPUIPlugin:80 - create IPUIPlugin
2026-07-10 03:17:22,375 [INFO] IPUIPlugin:80 - create IPUIPlugin
2026-07-10 03:17:22,375 [INFO] IPUIPlugin:80 - create IPUIPlugin
2026-07-10 03:17:22,375 [INFO] IPUIPlugin:80 - create IPUIPlugin
2026-07-10 03:17:22,375 [INFO] IPUIPlugin:80 - create IPUIPlugin
2026-07-10 03:17:22,375 [INFO] IPUIPlugin:80 - create IPUIPlugin
2026-07-10 03:17:22,375 [INFO] IPUIPlugin:80 - create IPUIPlugin
2026-07-10 03:17:22,375 [INFO] IPUIPlugin:80 - create IPUIPlugin
2026-07-10 03:17:22,375 [INFO] IPUIPlugin:80 - create IPUIPlugin
2026-07-10 03:17:22,375 [INFO] IPUIPlugin:80 - create IPUIPlugin
2026-07-10 03:17:22,375 [INFO] IPUIPlugin:80 - create IPUIPlugin
2026-07-10 03:17:22,375 [INFO] IPUIPlugin:80 - create IPUIPlugin
2026-07-10 03:17:22,375 [INFO] IPUIPlugin:80 - create IPUIPlugin
2026-07-10 03:17:22,375 [INFO] IPUIPlugin:80 - create IPUIPlugin
2026-07-10 03:17:22,843 [INFO] CADModel:165 - CPN selected for project levelSTM32G431KBT6
2026-07-10 03:17:22,843 [INFO] CADModel:114 - Register for checkConnection events
2026-07-10 03:17:22,902 [INFO] OpenFileManager:386 - Restore cursor
2026-07-10 03:17:25,902 [INFO] LogOutputStream:77 - [STDOUT_REDIRECT] 
2026-07-10 03:17:28,023 [INFO] McuFinderGlobals:63 - Set McuFinder mode to 2 (CubeIDE integrated)
2026-07-10 03:17:28,025 [INFO] UserAuth:487 - Internet connection configuration mode: 1
2026-07-10 03:17:28,052 [INFO] JxBrowserEngine:152 - Initiate JxBrowser Engine with user profile folder
2026-07-10 03:17:28,197 [ERROR] LogOutputStream:75 - [STDERR_REDIRECT] [Fatal Error] :1:1: Premature end of file.
2026-07-10 03:17:28,198 [ERROR] LogOutputStream:75 - [STDERR_REDIRECT] 
2026-07-10 03:17:29,173 [ERROR] LogOutputStream:75 - [STDERR_REDIRECT] [Fatal Error] :1:1: Premature end of file.
2026-07-10 03:17:29,174 [ERROR] LogOutputStream:75 - [STDERR_REDIRECT] 
2026-07-10 03:17:29,235 [INFO] WebApp:169 - Instantiating new browser for Auth
2026-07-10 03:17:30,177 [ERROR] LogOutputStream:75 - [STDERR_REDIRECT] [Fatal Error] :1:1: Premature end of file.
2026-07-10 03:17:30,178 [ERROR] LogOutputStream:75 - [STDERR_REDIRECT] 
2026-07-10 03:17:30,557 [INFO] WebApp:463 - Apply proxy settings
2026-07-10 03:17:30,557 [INFO] WebApp:548 - Chromium requires no authentication
2026-07-10 03:17:30,576 [INFO] WebApp:491 - Direct internet connection detected
2026-07-10 03:17:30,647 [INFO] WebApp:900 - Register for checkConnection events
2026-07-10 03:17:30,647 [INFO] WebApp:463 - Apply proxy settings
2026-07-10 03:17:30,647 [INFO] WebApp:548 - Chromium requires no authentication
2026-07-10 03:17:30,649 [INFO] WebApp:491 - Direct internet connection detected
2026-07-10 03:17:30,913 [INFO] WebApp:225 - Starting web application
2026-07-10 03:17:30,913 [INFO] WebApp:593 - Web application path used C:\ST\STM32CubeIDE_1.18.0\STM32CubeIDE\plugins\com.st.stm32cube.common.mx_6.15.0.202507011659\db\plugins\mcufinder\reactClient1\index.html
2026-07-10 03:17:31,063 [INFO] UserAuth:487 - Internet connection configuration mode: 1
2026-07-10 03:17:31,152 [ERROR] LogOutputStream:75 - [STDERR_REDIRECT] [Fatal Error] :1:1: Premature end of file.
2026-07-10 03:17:31,152 [ERROR] LogOutputStream:75 - [STDERR_REDIRECT] 
2026-07-10 03:17:31,588 [INFO] WebApp:191 - Connection restablished
2026-07-10 03:17:32,249 [ERROR] LogOutputStream:75 - [STDERR_REDIRECT] [Fatal Error] :1:1: Premature end of file.
2026-07-10 03:17:32,250 [ERROR] LogOutputStream:75 - [STDERR_REDIRECT] 
2026-07-10 03:17:33,212 [ERROR] LogOutputStream:75 - [STDERR_REDIRECT] [Fatal Error] :1:1: Premature end of file.
2026-07-10 03:17:33,212 [ERROR] LogOutputStream:75 - [STDERR_REDIRECT] 
2026-07-10 03:17:34,225 [ERROR] LogOutputStream:75 - [STDERR_REDIRECT] [Fatal Error] :1:1: Premature end of file.
2026-07-10 03:17:34,226 [ERROR] LogOutputStream:75 - [STDERR_REDIRECT] 
2026-07-10 03:17:35,224 [ERROR] LogOutputStream:75 - [STDERR_REDIRECT] [Fatal Error] :1:1: Premature end of file.
2026-07-10 03:17:35,225 [ERROR] LogOutputStream:75 - [STDERR_REDIRECT] 
2026-07-10 03:17:36,201 [ERROR] LogOutputStream:75 - [STDERR_REDIRECT] [Fatal Error] :1:1: Premature end of file.
2026-07-10 03:17:36,202 [ERROR] LogOutputStream:75 - [STDERR_REDIRECT] 
2026-07-10 03:17:37,192 [ERROR] LogOutputStream:75 - [STDERR_REDIRECT] [Fatal Error] :1:1: Premature end of file.
2026-07-10 03:17:37,193 [ERROR] LogOutputStream:75 - [STDERR_REDIRECT] 
2026-07-10 03:17:38,190 [ERROR] LogOutputStream:75 - [STDERR_REDIRECT] [Fatal Error] :1:1: Premature end of file.
2026-07-10 03:17:38,191 [ERROR] LogOutputStream:75 - [STDERR_REDIRECT] 
2026-07-10 03:17:39,214 [ERROR] LogOutputStream:75 - [STDERR_REDIRECT] [Fatal Error] :1:1: Premature end of file.
2026-07-10 03:17:39,215 [ERROR] LogOutputStream:75 - [STDERR_REDIRECT] 
2026-07-10 03:17:40,274 [ERROR] LogOutputStream:75 - [STDERR_REDIRECT] [Fatal Error] :1:1: Premature end of file.
2026-07-10 03:17:40,274 [ERROR] LogOutputStream:75 - [STDERR_REDIRECT] 
2026-07-10 03:17:41,220 [ERROR] LogOutputStream:75 - [STDERR_REDIRECT] [Fatal Error] :1:1: Premature end of file.
2026-07-10 03:17:41,221 [ERROR] LogOutputStream:75 - [STDERR_REDIRECT] 
2026-07-10 03:17:42,201 [ERROR] LogOutputStream:75 - [STDERR_REDIRECT] [Fatal Error] :1:1: Premature end of file.
2026-07-10 03:17:42,201 [ERROR] LogOutputStream:75 - [STDERR_REDIRECT] 
2026-07-10 03:17:43,234 [ERROR] LogOutputStream:75 - [STDERR_REDIRECT] [Fatal Error] :1:1: Premature end of file.
2026-07-10 03:17:43,234 [ERROR] LogOutputStream:75 - [STDERR_REDIRECT] 
2026-07-10 03:17:44,412 [ERROR] LogOutputStream:75 - [STDERR_REDIRECT] [Fatal Error] :1:1: Premature end of file.
2026-07-10 03:17:44,414 [ERROR] LogOutputStream:75 - [STDERR_REDIRECT] 
2026-07-10 03:17:45,225 [ERROR] LogOutputStream:75 - [STDERR_REDIRECT] [Fatal Error] :1:1: Premature end of file.
2026-07-10 03:17:45,226 [ERROR] LogOutputStream:75 - [STDERR_REDIRECT] 
2026-07-10 03:17:46,181 [ERROR] LogOutputStream:75 - [STDERR_REDIRECT] [Fatal Error] :1:1: Premature end of file.
2026-07-10 03:17:46,181 [ERROR] LogOutputStream:75 - [STDERR_REDIRECT] 
2026-07-10 03:17:47,184 [ERROR] LogOutputStream:75 - [STDERR_REDIRECT] [Fatal Error] :1:1: Premature end of file.
2026-07-10 03:17:47,185 [ERROR] LogOutputStream:75 - [STDERR_REDIRECT] 
2026-07-10 03:17:48,210 [ERROR] LogOutputStream:75 - [STDERR_REDIRECT] [Fatal Error] :1:1: Premature end of file.
2026-07-10 03:17:48,212 [ERROR] LogOutputStream:75 - [STDERR_REDIRECT] 
2026-07-10 03:17:49,190 [ERROR] LogOutputStream:75 - [STDERR_REDIRECT] [Fatal Error] :1:1: Premature end of file.
2026-07-10 03:17:49,190 [ERROR] LogOutputStream:75 - [STDERR_REDIRECT] 
2026-07-10 03:17:50,255 [ERROR] LogOutputStream:75 - [STDERR_REDIRECT] [Fatal Error] :1:1: Premature end of file.
2026-07-10 03:17:50,256 [ERROR] LogOutputStream:75 - [STDERR_REDIRECT] 
2026-07-10 03:17:51,237 [ERROR] LogOutputStream:75 - [STDERR_REDIRECT] [Fatal Error] :1:1: Premature end of file.
2026-07-10 03:17:51,237 [ERROR] LogOutputStream:75 - [STDERR_REDIRECT] 
2026-07-10 03:17:52,215 [ERROR] LogOutputStream:75 - [STDERR_REDIRECT] [Fatal Error] :1:1: Premature end of file.
2026-07-10 03:17:52,216 [ERROR] LogOutputStream:75 - [STDERR_REDIRECT] 
2026-07-10 03:17:53,211 [ERROR] LogOutputStream:75 - [STDERR_REDIRECT] [Fatal Error] :1:1: Premature end of file.
2026-07-10 03:17:53,211 [ERROR] LogOutputStream:75 - [STDERR_REDIRECT] 
2026-07-10 03:17:54,208 [ERROR] LogOutputStream:75 - [STDERR_REDIRECT] [Fatal Error] :1:1: Premature end of file.
2026-07-10 03:17:54,210 [ERROR] LogOutputStream:75 - [STDERR_REDIRECT] 
2026-07-10 03:17:55,246 [ERROR] LogOutputStream:75 - [STDERR_REDIRECT] [Fatal Error] :1:1: Premature end of file.
2026-07-10 03:17:55,249 [ERROR] LogOutputStream:75 - [STDERR_REDIRECT] 
2026-07-10 03:17:56,223 [ERROR] LogOutputStream:75 - [STDERR_REDIRECT] [Fatal Error] :1:1: Premature end of file.
2026-07-10 03:17:56,223 [ERROR] LogOutputStream:75 - [STDERR_REDIRECT] 
2026-07-10 03:17:57,233 [ERROR] LogOutputStream:75 - [STDERR_REDIRECT] [Fatal Error] :1:1: Premature end of file.
2026-07-10 03:17:57,233 [ERROR] LogOutputStream:75 - [STDERR_REDIRECT] 
2026-07-10 03:17:58,203 [ERROR] LogOutputStream:75 - [STDERR_REDIRECT] [Fatal Error] :1:1: Premature end of file.
2026-07-10 03:17:58,203 [ERROR] LogOutputStream:75 - [STDERR_REDIRECT] 
2026-07-10 03:17:59,189 [ERROR] LogOutputStream:75 - [STDERR_REDIRECT] [Fatal Error] :1:1: Premature end of file.
2026-07-10 03:17:59,190 [ERROR] LogOutputStream:75 - [STDERR_REDIRECT] 
2026-07-10 03:18:00,215 [ERROR] LogOutputStream:75 - [STDERR_REDIRECT] [Fatal Error] :1:1: Premature end of file.
2026-07-10 03:18:00,215 [ERROR] LogOutputStream:75 - [STDERR_REDIRECT] 
2026-07-10 03:18:01,168 [ERROR] LogOutputStream:75 - [STDERR_REDIRECT] [Fatal Error] :1:1: Premature end of file.
2026-07-10 03:18:01,168 [ERROR] LogOutputStream:75 - [STDERR_REDIRECT] 
2026-07-10 03:18:02,251 [ERROR] LogOutputStream:75 - [STDERR_REDIRECT] [Fatal Error] :1:1: Premature end of file.
2026-07-10 03:18:02,253 [ERROR] LogOutputStream:75 - [STDERR_REDIRECT] 
2026-07-10 03:18:03,191 [ERROR] LogOutputStream:75 - [STDERR_REDIRECT] [Fatal Error] :1:1: Premature end of file.
2026-07-10 03:18:03,192 [ERROR] LogOutputStream:75 - [STDERR_REDIRECT] 
2026-07-10 03:18:04,238 [ERROR] LogOutputStream:75 - [STDERR_REDIRECT] [Fatal Error] :1:1: Premature end of file.
2026-07-10 03:18:04,239 [ERROR] LogOutputStream:75 - [STDERR_REDIRECT] 
2026-07-10 03:18:05,195 [ERROR] LogOutputStream:75 - [STDERR_REDIRECT] [Fatal Error] :1:1: Premature end of file.
2026-07-10 03:18:05,195 [ERROR] LogOutputStream:75 - [STDERR_REDIRECT] 
2026-07-10 03:18:06,187 [ERROR] LogOutputStream:75 - [STDERR_REDIRECT] [Fatal Error] :1:1: Premature end of file.
2026-07-10 03:18:06,188 [ERROR] LogOutputStream:75 - [STDERR_REDIRECT] 
2026-07-10 03:18:07,229 [ERROR] LogOutputStream:75 - [STDERR_REDIRECT] [Fatal Error] :1:1: Premature end of file.
2026-07-10 03:18:07,230 [ERROR] LogOutputStream:75 - [STDERR_REDIRECT] 
2026-07-10 03:18:08,192 [ERROR] LogOutputStream:75 - [STDERR_REDIRECT] [Fatal Error] :1:1: Premature end of file.
2026-07-10 03:18:08,193 [ERROR] LogOutputStream:75 - [STDERR_REDIRECT] 
2026-07-10 03:18:09,359 [ERROR] LogOutputStream:75 - [STDERR_REDIRECT] [Fatal Error] :1:1: Premature end of file.
2026-07-10 03:18:09,360 [ERROR] LogOutputStream:75 - [STDERR_REDIRECT] 
2026-07-10 03:18:10,216 [ERROR] LogOutputStream:75 - [STDERR_REDIRECT] [Fatal Error] :1:1: Premature end of file.
2026-07-10 03:18:10,216 [ERROR] LogOutputStream:75 - [STDERR_REDIRECT] 
2026-07-10 03:18:11,210 [ERROR] LogOutputStream:75 - [STDERR_REDIRECT] [Fatal Error] :1:1: Premature end of file.
2026-07-10 03:18:11,210 [ERROR] LogOutputStream:75 - [STDERR_REDIRECT] 
2026-07-10 03:18:12,351 [ERROR] LogOutputStream:75 - [STDERR_REDIRECT] [Fatal Error] :1:1: Premature end of file.
2026-07-10 03:18:12,351 [ERROR] LogOutputStream:75 - [STDERR_REDIRECT] 
2026-07-10 03:18:13,301 [ERROR] LogOutputStream:75 - [STDERR_REDIRECT] [Fatal Error] :1:1: Premature end of file.
2026-07-10 03:18:13,301 [ERROR] LogOutputStream:75 - [STDERR_REDIRECT] 
2026-07-10 03:18:14,327 [ERROR] LogOutputStream:75 - [STDERR_REDIRECT] [Fatal Error] :1:1: Premature end of file.
2026-07-10 03:18:14,329 [ERROR] LogOutputStream:75 - [STDERR_REDIRECT] 
2026-07-10 03:18:15,221 [ERROR] LogOutputStream:75 - [STDERR_REDIRECT] [Fatal Error] :1:1: Premature end of file.
2026-07-10 03:18:15,223 [ERROR] LogOutputStream:75 - [STDERR_REDIRECT] 
2026-07-10 03:18:16,309 [ERROR] LogOutputStream:75 - [STDERR_REDIRECT] [Fatal Error] :1:1: Premature end of file.
2026-07-10 03:18:16,315 [ERROR] LogOutputStream:75 - [STDERR_REDIRECT] 
2026-07-10 03:18:17,189 [ERROR] LogOutputStream:75 - [STDERR_REDIRECT] [Fatal Error] :1:1: Premature end of file.
2026-07-10 03:18:17,190 [ERROR] LogOutputStream:75 - [STDERR_REDIRECT] 
2026-07-10 03:18:18,191 [ERROR] LogOutputStream:75 - [STDERR_REDIRECT] [Fatal Error] :1:1: Premature end of file.
2026-07-10 03:18:18,192 [ERROR] LogOutputStream:75 - [STDERR_REDIRECT] 
2026-07-10 03:18:19,163 [ERROR] LogOutputStream:75 - [STDERR_REDIRECT] [Fatal Error] :1:1: Premature end of file.
2026-07-10 03:18:19,163 [ERROR] LogOutputStream:75 - [STDERR_REDIRECT] 
2026-07-10 03:18:20,182 [ERROR] LogOutputStream:75 - [STDERR_REDIRECT] [Fatal Error] :1:1: Premature end of file.
2026-07-10 03:18:20,183 [ERROR] LogOutputStream:75 - [STDERR_REDIRECT] 
2026-07-10 03:18:21,199 [ERROR] LogOutputStream:75 - [STDERR_REDIRECT] [Fatal Error] :1:1: Premature end of file.
2026-07-10 03:18:21,199 [ERROR] LogOutputStream:75 - [STDERR_REDIRECT] 
2026-07-10 03:18:22,161 [ERROR] LogOutputStream:75 - [STDERR_REDIRECT] [Fatal Error] :1:1: Premature end of file.
2026-07-10 03:18:22,161 [ERROR] LogOutputStream:75 - [STDERR_REDIRECT] 
2026-07-10 03:18:23,163 [ERROR] LogOutputStream:75 - [STDERR_REDIRECT] [Fatal Error] :1:1: Premature end of file.
2026-07-10 03:18:23,163 [ERROR] LogOutputStream:75 - [STDERR_REDIRECT] 
2026-07-10 03:18:24,165 [ERROR] LogOutputStream:75 - [STDERR_REDIRECT] [Fatal Error] :1:1: Premature end of file.
2026-07-10 03:18:24,166 [ERROR] LogOutputStream:75 - [STDERR_REDIRECT] 
2026-07-10 03:18:25,155 [ERROR] LogOutputStream:75 - [STDERR_REDIRECT] [Fatal Error] :1:1: Premature end of file.
2026-07-10 03:18:25,156 [ERROR] LogOutputStream:75 - [STDERR_REDIRECT] 
2026-07-10 03:18:26,159 [ERROR] LogOutputStream:75 - [STDERR_REDIRECT] [Fatal Error] :1:1: Premature end of file.
2026-07-10 03:18:26,159 [ERROR] LogOutputStream:75 - [STDERR_REDIRECT] 
2026-07-10 03:18:27,264 [ERROR] LogOutputStream:75 - [STDERR_REDIRECT] [Fatal Error] :1:1: Premature end of file.
2026-07-10 03:18:27,265 [ERROR] LogOutputStream:75 - [STDERR_REDIRECT] 
2026-07-10 03:18:28,157 [ERROR] LogOutputStream:75 - [STDERR_REDIRECT] [Fatal Error] :1:1: Premature end of file.
2026-07-10 03:18:28,157 [ERROR] LogOutputStream:75 - [STDERR_REDIRECT] 
2026-07-10 03:18:29,259 [ERROR] LogOutputStream:75 - [STDERR_REDIRECT] [Fatal Error] :1:1: Premature end of file.
2026-07-10 03:18:29,259 [ERROR] LogOutputStream:75 - [STDERR_REDIRECT] 
2026-07-10 03:18:30,164 [ERROR] LogOutputStream:75 - [STDERR_REDIRECT] [Fatal Error] :1:1: Premature end of file.
2026-07-10 03:18:30,165 [ERROR] LogOutputStream:75 - [STDERR_REDIRECT] 
2026-07-10 03:18:31,192 [ERROR] LogOutputStream:75 - [STDERR_REDIRECT] [Fatal Error] :1:1: Premature end of file.
2026-07-10 03:18:31,193 [ERROR] LogOutputStream:75 - [STDERR_REDIRECT] 
2026-07-10 03:18:32,152 [ERROR] LogOutputStream:75 - [STDERR_REDIRECT] [Fatal Error] :1:1: Premature end of file.
2026-07-10 03:18:32,152 [ERROR] LogOutputStream:75 - [STDERR_REDIRECT] 
2026-07-10 03:18:33,185 [ERROR] LogOutputStream:75 - [STDERR_REDIRECT] [Fatal Error] :1:1: Premature end of file.
2026-07-10 03:18:33,185 [ERROR] LogOutputStream:75 - [STDERR_REDIRECT] 
2026-07-10 03:18:34,172 [ERROR] LogOutputStream:75 - [STDERR_REDIRECT] [Fatal Error] :1:1: Premature end of file.
2026-07-10 03:18:34,172 [ERROR] LogOutputStream:75 - [STDERR_REDIRECT] 
2026-07-10 03:18:35,208 [ERROR] LogOutputStream:75 - [STDERR_REDIRECT] [Fatal Error] :1:1: Premature end of file.
2026-07-10 03:18:35,209 [ERROR] LogOutputStream:75 - [STDERR_REDIRECT] 
2026-07-10 03:18:36,177 [ERROR] LogOutputStream:75 - [STDERR_REDIRECT] [Fatal Error] :1:1: Premature end of file.
2026-07-10 03:18:36,177 [ERROR] LogOutputStream:75 - [STDERR_REDIRECT] 
2026-07-10 03:18:37,188 [ERROR] LogOutputStream:75 - [STDERR_REDIRECT] [Fatal Error] :1:1: Premature end of file.
2026-07-10 03:18:37,188 [ERROR] LogOutputStream:75 - [STDERR_REDIRECT] 
2026-07-10 03:18:38,189 [ERROR] LogOutputStream:75 - [STDERR_REDIRECT] [Fatal Error] :1:1: Premature end of file.
2026-07-10 03:18:38,190 [ERROR] LogOutputStream:75 - [STDERR_REDIRECT] 
2026-07-10 03:18:39,187 [ERROR] LogOutputStream:75 - [STDERR_REDIRECT] [Fatal Error] :1:1: Premature end of file.
2026-07-10 03:18:39,188 [ERROR] LogOutputStream:75 - [STDERR_REDIRECT] 
2026-07-10 03:18:40,236 [ERROR] LogOutputStream:75 - [STDERR_REDIRECT] [Fatal Error] :1:1: Premature end of file.
2026-07-10 03:18:40,236 [ERROR] LogOutputStream:75 - [STDERR_REDIRECT] 
2026-07-10 03:18:41,195 [ERROR] LogOutputStream:75 - [STDERR_REDIRECT] [Fatal Error] :1:1: Premature end of file.
2026-07-10 03:18:41,196 [ERROR] LogOutputStream:75 - [STDERR_REDIRECT] 
2026-07-10 03:18:42,162 [ERROR] LogOutputStream:75 - [STDERR_REDIRECT] [Fatal Error] :1:1: Premature end of file.
2026-07-10 03:18:42,163 [ERROR] LogOutputStream:75 - [STDERR_REDIRECT] 
2026-07-10 03:18:43,184 [ERROR] LogOutputStream:75 - [STDERR_REDIRECT] [Fatal Error] :1:1: Premature end of file.
2026-07-10 03:18:43,185 [ERROR] LogOutputStream:75 - [STDERR_REDIRECT] 
2026-07-10 03:18:44,189 [ERROR] LogOutputStream:75 - [STDERR_REDIRECT] [Fatal Error] :1:1: Premature end of file.
2026-07-10 03:18:44,189 [ERROR] LogOutputStream:75 - [STDERR_REDIRECT] 
2026-07-10 03:18:45,165 [ERROR] LogOutputStream:75 - [STDERR_REDIRECT] [Fatal Error] :1:1: Premature end of file.
2026-07-10 03:18:45,165 [ERROR] LogOutputStream:75 - [STDERR_REDIRECT] 
2026-07-10 03:18:46,164 [ERROR] LogOutputStream:75 - [STDERR_REDIRECT] [Fatal Error] :1:1: Premature end of file.
2026-07-10 03:18:46,165 [ERROR] LogOutputStream:75 - [STDERR_REDIRECT] 
2026-07-10 03:18:47,182 [ERROR] LogOutputStream:75 - [STDERR_REDIRECT] [Fatal Error] :1:1: Premature end of file.
2026-07-10 03:18:47,183 [ERROR] LogOutputStream:75 - [STDERR_REDIRECT] 
2026-07-10 03:18:48,247 [ERROR] LogOutputStream:75 - [STDERR_REDIRECT] [Fatal Error] :1:1: Premature end of file.
2026-07-10 03:18:48,247 [ERROR] LogOutputStream:75 - [STDERR_REDIRECT] 
2026-07-10 03:18:49,250 [ERROR] LogOutputStream:75 - [STDERR_REDIRECT] [Fatal Error] :1:1: Premature end of file.
2026-07-10 03:18:49,251 [ERROR] LogOutputStream:75 - [STDERR_REDIRECT] 
2026-07-10 03:18:50,226 [ERROR] LogOutputStream:75 - [STDERR_REDIRECT] [Fatal Error] :1:1: Premature end of file.
2026-07-10 03:18:50,226 [ERROR] LogOutputStream:75 - [STDERR_REDIRECT] 
2026-07-10 03:18:51,202 [ERROR] LogOutputStream:75 - [STDERR_REDIRECT] [Fatal Error] :1:1: Premature end of file.
2026-07-10 03:18:51,203 [ERROR] LogOutputStream:75 - [STDERR_REDIRECT] 
2026-07-10 03:18:52,174 [ERROR] LogOutputStream:75 - [STDERR_REDIRECT] [Fatal Error] :1:1: Premature end of file.
2026-07-10 03:18:52,175 [ERROR] LogOutputStream:75 - [STDERR_REDIRECT] 
2026-07-10 03:18:53,180 [ERROR] LogOutputStream:75 - [STDERR_REDIRECT] [Fatal Error] :1:1: Premature end of file.
2026-07-10 03:18:53,180 [ERROR] LogOutputStream:75 - [STDERR_REDIRECT] 
2026-07-10 03:18:54,193 [ERROR] LogOutputStream:75 - [STDERR_REDIRECT] [Fatal Error] :1:1: Premature end of file.
2026-07-10 03:18:54,194 [ERROR] LogOutputStream:75 - [STDERR_REDIRECT] 
2026-07-10 03:18:55,182 [ERROR] LogOutputStream:75 - [STDERR_REDIRECT] [Fatal Error] :1:1: Premature end of file.
2026-07-10 03:18:55,183 [ERROR] LogOutputStream:75 - [STDERR_REDIRECT] 
2026-07-10 03:18:56,183 [ERROR] LogOutputStream:75 - [STDERR_REDIRECT] [Fatal Error] :1:1: Premature end of file.
2026-07-10 03:18:56,184 [ERROR] LogOutputStream:75 - [STDERR_REDIRECT] 
2026-07-10 03:18:57,187 [ERROR] LogOutputStream:75 - [STDERR_REDIRECT] [Fatal Error] :1:1: Premature end of file.
2026-07-10 03:18:57,188 [ERROR] LogOutputStream:75 - [STDERR_REDIRECT] 
2026-07-10 03:18:58,185 [ERROR] LogOutputStream:75 - [STDERR_REDIRECT] [Fatal Error] :1:1: Premature end of file.
2026-07-10 03:18:58,186 [ERROR] LogOutputStream:75 - [STDERR_REDIRECT] 
2026-07-10 03:18:59,216 [ERROR] LogOutputStream:75 - [STDERR_REDIRECT] [Fatal Error] :1:1: Premature end of file.
2026-07-10 03:18:59,217 [ERROR] LogOutputStream:75 - [STDERR_REDIRECT] 
2026-07-10 03:19:00,164 [ERROR] LogOutputStream:75 - [STDERR_REDIRECT] [Fatal Error] :1:1: Premature end of file.
2026-07-10 03:19:00,164 [ERROR] LogOutputStream:75 - [STDERR_REDIRECT] 
2026-07-10 03:19:01,194 [ERROR] LogOutputStream:75 - [STDERR_REDIRECT] [Fatal Error] :1:1: Premature end of file.
2026-07-10 03:19:01,194 [ERROR] LogOutputStream:75 - [STDERR_REDIRECT] 
2026-07-10 03:19:02,178 [ERROR] LogOutputStream:75 - [STDERR_REDIRECT] [Fatal Error] :1:1: Premature end of file.
2026-07-10 03:19:02,178 [ERROR] LogOutputStream:75 - [STDERR_REDIRECT] 
2026-07-10 03:19:03,199 [ERROR] LogOutputStream:75 - [STDERR_REDIRECT] [Fatal Error] :1:1: Premature end of file.
2026-07-10 03:19:03,199 [ERROR] LogOutputStream:75 - [STDERR_REDIRECT] 
2026-07-10 03:19:04,196 [ERROR] LogOutputStream:75 - [STDERR_REDIRECT] [Fatal Error] :1:1: Premature end of file.
2026-07-10 03:19:04,197 [ERROR] LogOutputStream:75 - [STDERR_REDIRECT] 
2026-07-10 03:19:05,160 [ERROR] LogOutputStream:75 - [STDERR_REDIRECT] [Fatal Error] :1:1: Premature end of file.
2026-07-10 03:19:05,161 [ERROR] LogOutputStream:75 - [STDERR_REDIRECT] 
2026-07-10 03:19:06,213 [ERROR] LogOutputStream:75 - [STDERR_REDIRECT] [Fatal Error] :1:1: Premature end of file.
2026-07-10 03:19:06,213 [ERROR] LogOutputStream:75 - [STDERR_REDIRECT] 
2026-07-10 03:19:07,197 [ERROR] LogOutputStream:75 - [STDERR_REDIRECT] [Fatal Error] :1:1: Premature end of file.
2026-07-10 03:19:07,198 [ERROR] LogOutputStream:75 - [STDERR_REDIRECT] 
2026-07-10 03:19:08,197 [ERROR] LogOutputStream:75 - [STDERR_REDIRECT] [Fatal Error] :1:1: Premature end of file.
2026-07-10 03:19:08,198 [ERROR] LogOutputStream:75 - [STDERR_REDIRECT] 
2026-07-10 03:19:09,194 [ERROR] LogOutputStream:75 - [STDERR_REDIRECT] [Fatal Error] :1:1: Premature end of file.
2026-07-10 03:19:09,195 [ERROR] LogOutputStream:75 - [STDERR_REDIRECT] 
2026-07-10 03:19:10,192 [ERROR] LogOutputStream:75 - [STDERR_REDIRECT] [Fatal Error] :1:1: Premature end of file.
2026-07-10 03:19:10,193 [ERROR] LogOutputStream:75 - [STDERR_REDIRECT] 
2026-07-10 03:19:11,176 [ERROR] LogOutputStream:75 - [STDERR_REDIRECT] [Fatal Error] :1:1: Premature end of file.
2026-07-10 03:19:11,177 [ERROR] LogOutputStream:75 - [STDERR_REDIRECT] 
2026-07-10 03:19:12,200 [ERROR] LogOutputStream:75 - [STDERR_REDIRECT] [Fatal Error] :1:1: Premature end of file.
2026-07-10 03:19:12,200 [ERROR] LogOutputStream:75 - [STDERR_REDIRECT] 
2026-07-10 03:19:13,223 [ERROR] LogOutputStream:75 - [STDERR_REDIRECT] [Fatal Error] :1:1: Premature end of file.
2026-07-10 03:19:13,225 [ERROR] LogOutputStream:75 - [STDERR_REDIRECT] 
2026-07-10 03:19:14,274 [ERROR] LogOutputStream:75 - [STDERR_REDIRECT] [Fatal Error] :1:1: Premature end of file.
2026-07-10 03:19:14,275 [ERROR] LogOutputStream:75 - [STDERR_REDIRECT] 
2026-07-10 03:19:15,319 [ERROR] LogOutputStream:75 - [STDERR_REDIRECT] [Fatal Error] :1:1: Premature end of file.
2026-07-10 03:19:15,320 [ERROR] LogOutputStream:75 - [STDERR_REDIRECT] 
2026-07-10 03:19:16,263 [ERROR] LogOutputStream:75 - [STDERR_REDIRECT] [Fatal Error] :1:1: Premature end of file.
2026-07-10 03:19:16,264 [ERROR] LogOutputStream:75 - [STDERR_REDIRECT] 
2026-07-10 03:19:17,216 [ERROR] LogOutputStream:75 - [STDERR_REDIRECT] [Fatal Error] :1:1: Premature end of file.
2026-07-10 03:19:17,217 [ERROR] LogOutputStream:75 - [STDERR_REDIRECT] 
2026-07-10 03:19:18,260 [ERROR] LogOutputStream:75 - [STDERR_REDIRECT] [Fatal Error] :1:1: Premature end of file.
2026-07-10 03:19:18,261 [ERROR] LogOutputStream:75 - [STDERR_REDIRECT] 
2026-07-10 03:19:19,169 [ERROR] LogOutputStream:75 - [STDERR_REDIRECT] [Fatal Error] :1:1: Premature end of file.
2026-07-10 03:19:19,169 [ERROR] LogOutputStream:75 - [STDERR_REDIRECT] 
2026-07-10 03:19:20,271 [ERROR] LogOutputStream:75 - [STDERR_REDIRECT] [Fatal Error] :1:1: Premature end of file.
2026-07-10 03:19:20,271 [ERROR] LogOutputStream:75 - [STDERR_REDIRECT] 
2026-07-10 03:19:21,279 [ERROR] LogOutputStream:75 - [STDERR_REDIRECT] [Fatal Error] :1:1: Premature end of file.
2026-07-10 03:19:21,279 [ERROR] LogOutputStream:75 - [STDERR_REDIRECT] 
2026-07-10 03:19:22,314 [ERROR] LogOutputStream:75 - [STDERR_REDIRECT] [Fatal Error] :1:1: Premature end of file.
2026-07-10 03:19:22,314 [ERROR] LogOutputStream:75 - [STDERR_REDIRECT] 
2026-07-10 03:19:23,240 [ERROR] LogOutputStream:75 - [STDERR_REDIRECT] [Fatal Error] :1:1: Premature end of file.
2026-07-10 03:19:23,243 [ERROR] LogOutputStream:75 - [STDERR_REDIRECT] 
2026-07-10 03:19:24,281 [ERROR] LogOutputStream:75 - [STDERR_REDIRECT] [Fatal Error] :1:1: Premature end of file.
2026-07-10 03:19:24,284 [ERROR] LogOutputStream:75 - [STDERR_REDIRECT] 
2026-07-10 03:19:25,283 [ERROR] LogOutputStream:75 - [STDERR_REDIRECT] [Fatal Error] :1:1: Premature end of file.
2026-07-10 03:19:25,285 [ERROR] LogOutputStream:75 - [STDERR_REDIRECT] 
2026-07-10 03:19:26,281 [ERROR] LogOutputStream:75 - [STDERR_REDIRECT] [Fatal Error] :1:1: Premature end of file.
2026-07-10 03:19:26,281 [ERROR] LogOutputStream:75 - [STDERR_REDIRECT] 
2026-07-10 03:19:27,307 [ERROR] LogOutputStream:75 - [STDERR_REDIRECT] [Fatal Error] :1:1: Premature end of file.
2026-07-10 03:19:27,309 [ERROR] LogOutputStream:75 - [STDERR_REDIRECT] 
2026-07-10 03:19:28,279 [ERROR] LogOutputStream:75 - [STDERR_REDIRECT] [Fatal Error] :1:1: Premature end of file.
2026-07-10 03:19:28,291 [ERROR] LogOutputStream:75 - [STDERR_REDIRECT] 
2026-07-10 03:19:29,247 [ERROR] LogOutputStream:75 - [STDERR_REDIRECT] [Fatal Error] :1:1: Premature end of file.
2026-07-10 03:19:29,256 [ERROR] LogOutputStream:75 - [STDERR_REDIRECT] 
2026-07-10 03:19:30,231 [ERROR] LogOutputStream:75 - [STDERR_REDIRECT] [Fatal Error] :1:1: Premature end of file.
2026-07-10 03:19:30,233 [ERROR] LogOutputStream:75 - [STDERR_REDIRECT] 
2026-07-10 03:19:31,225 [ERROR] LogOutputStream:75 - [STDERR_REDIRECT] [Fatal Error] :1:1: Premature end of file.
2026-07-10 03:19:31,225 [ERROR] LogOutputStream:75 - [STDERR_REDIRECT] 
2026-07-10 03:19:32,224 [ERROR] LogOutputStream:75 - [STDERR_REDIRECT] [Fatal Error] :1:1: Premature end of file.
2026-07-10 03:19:32,224 [ERROR] LogOutputStream:75 - [STDERR_REDIRECT] 
2026-07-10 03:19:33,235 [ERROR] LogOutputStream:75 - [STDERR_REDIRECT] [Fatal Error] :1:1: Premature end of file.
2026-07-10 03:19:33,235 [ERROR] LogOutputStream:75 - [STDERR_REDIRECT] 
2026-07-10 03:19:34,241 [ERROR] LogOutputStream:75 - [STDERR_REDIRECT] [Fatal Error] :1:1: Premature end of file.
2026-07-10 03:19:34,241 [ERROR] LogOutputStream:75 - [STDERR_REDIRECT] 
2026-07-10 03:19:35,233 [ERROR] LogOutputStream:75 - [STDERR_REDIRECT] [Fatal Error] :1:1: Premature end of file.
2026-07-10 03:19:35,236 [ERROR] LogOutputStream:75 - [STDERR_REDIRECT] 
2026-07-10 03:19:36,248 [ERROR] LogOutputStream:75 - [STDERR_REDIRECT] [Fatal Error] :1:1: Premature end of file.
2026-07-10 03:19:36,248 [ERROR] LogOutputStream:75 - [STDERR_REDIRECT] 
2026-07-10 03:19:37,231 [ERROR] LogOutputStream:75 - [STDERR_REDIRECT] [Fatal Error] :1:1: Premature end of file.
2026-07-10 03:19:37,231 [ERROR] LogOutputStream:75 - [STDERR_REDIRECT] 
2026-07-10 03:19:38,219 [ERROR] LogOutputStream:75 - [STDERR_REDIRECT] [Fatal Error] :1:1: Premature end of file.
2026-07-10 03:19:38,219 [ERROR] LogOutputStream:75 - [STDERR_REDIRECT] 
2026-07-10 03:19:39,265 [ERROR] LogOutputStream:75 - [STDERR_REDIRECT] [Fatal Error] :1:1: Premature end of file.
2026-07-10 03:19:39,266 [ERROR] LogOutputStream:75 - [STDERR_REDIRECT] 
2026-07-10 03:19:40,255 [ERROR] LogOutputStream:75 - [STDERR_REDIRECT] [Fatal Error] :1:1: Premature end of file.
2026-07-10 03:19:40,256 [ERROR] LogOutputStream:75 - [STDERR_REDIRECT] 
2026-07-10 03:19:41,208 [ERROR] LogOutputStream:75 - [STDERR_REDIRECT] [Fatal Error] :1:1: Premature end of file.
2026-07-10 03:19:41,209 [ERROR] LogOutputStream:75 - [STDERR_REDIRECT] 
2026-07-10 03:19:42,211 [ERROR] LogOutputStream:75 - [STDERR_REDIRECT] [Fatal Error] :1:1: Premature end of file.
2026-07-10 03:19:42,211 [ERROR] LogOutputStream:75 - [STDERR_REDIRECT] 
2026-07-10 03:19:43,159 [ERROR] LogOutputStream:75 - [STDERR_REDIRECT] [Fatal Error] :1:1: Premature end of file.
2026-07-10 03:19:43,159 [ERROR] LogOutputStream:75 - [STDERR_REDIRECT] 
2026-07-10 03:19:44,237 [ERROR] LogOutputStream:75 - [STDERR_REDIRECT] [Fatal Error] :1:1: Premature end of file.
2026-07-10 03:19:44,239 [ERROR] LogOutputStream:75 - [STDERR_REDIRECT] 
2026-07-10 03:19:45,178 [ERROR] LogOutputStream:75 - [STDERR_REDIRECT] [Fatal Error] :1:1: Premature end of file.
2026-07-10 03:19:45,179 [ERROR] LogOutputStream:75 - [STDERR_REDIRECT] 
2026-07-10 03:19:46,192 [ERROR] LogOutputStream:75 - [STDERR_REDIRECT] [Fatal Error] :1:1: Premature end of file.
2026-07-10 03:19:46,192 [ERROR] LogOutputStream:75 - [STDERR_REDIRECT] 
2026-07-10 03:19:47,168 [ERROR] LogOutputStream:75 - [STDERR_REDIRECT] [Fatal Error] :1:1: Premature end of file.
2026-07-10 03:19:47,169 [ERROR] LogOutputStream:75 - [STDERR_REDIRECT] 
2026-07-10 03:19:48,183 [ERROR] LogOutputStream:75 - [STDERR_REDIRECT] [Fatal Error] :1:1: Premature end of file.
2026-07-10 03:19:48,183 [ERROR] LogOutputStream:75 - [STDERR_REDIRECT] 
2026-07-10 03:19:49,201 [ERROR] LogOutputStream:75 - [STDERR_REDIRECT] [Fatal Error] :1:1: Premature end of file.
2026-07-10 03:19:49,201 [ERROR] LogOutputStream:75 - [STDERR_REDIRECT] 
2026-07-10 03:19:50,182 [ERROR] LogOutputStream:75 - [STDERR_REDIRECT] [Fatal Error] :1:1: Premature end of file.
2026-07-10 03:19:50,182 [ERROR] LogOutputStream:75 - [STDERR_REDIRECT] 
2026-07-10 03:19:51,206 [ERROR] LogOutputStream:75 - [STDERR_REDIRECT] [Fatal Error] :1:1: Premature end of file.
2026-07-10 03:19:51,206 [ERROR] LogOutputStream:75 - [STDERR_REDIRECT] 
2026-07-10 03:19:52,172 [ERROR] LogOutputStream:75 - [STDERR_REDIRECT] [Fatal Error] :1:1: Premature end of file.
2026-07-10 03:19:52,172 [ERROR] LogOutputStream:75 - [STDERR_REDIRECT] 
2026-07-10 03:19:53,180 [ERROR] LogOutputStream:75 - [STDERR_REDIRECT] [Fatal Error] :1:1: Premature end of file.
2026-07-10 03:19:53,181 [ERROR] LogOutputStream:75 - [STDERR_REDIRECT] 
2026-07-10 03:19:54,173 [ERROR] LogOutputStream:75 - [STDERR_REDIRECT] [Fatal Error] :1:1: Premature end of file.
2026-07-10 03:19:54,174 [ERROR] LogOutputStream:75 - [STDERR_REDIRECT] 
2026-07-10 03:19:55,175 [ERROR] LogOutputStream:75 - [STDERR_REDIRECT] [Fatal Error] :1:1: Premature end of file.
2026-07-10 03:19:55,176 [ERROR] LogOutputStream:75 - [STDERR_REDIRECT] 
2026-07-10 03:19:56,173 [ERROR] LogOutputStream:75 - [STDERR_REDIRECT] [Fatal Error] :1:1: Premature end of file.
2026-07-10 03:19:56,174 [ERROR] LogOutputStream:75 - [STDERR_REDIRECT] 
2026-07-10 03:19:57,170 [ERROR] LogOutputStream:75 - [STDERR_REDIRECT] [Fatal Error] :1:1: Premature end of file.
2026-07-10 03:19:57,170 [ERROR] LogOutputStream:75 - [STDERR_REDIRECT] 
2026-07-10 03:19:58,175 [ERROR] LogOutputStream:75 - [STDERR_REDIRECT] [Fatal Error] :1:1: Premature end of file.
2026-07-10 03:19:58,176 [ERROR] LogOutputStream:75 - [STDERR_REDIRECT] 
2026-07-10 03:19:59,179 [ERROR] LogOutputStream:75 - [STDERR_REDIRECT] [Fatal Error] :1:1: Premature end of file.
2026-07-10 03:19:59,180 [ERROR] LogOutputStream:75 - [STDERR_REDIRECT] 
2026-07-10 03:20:00,196 [ERROR] LogOutputStream:75 - [STDERR_REDIRECT] [Fatal Error] :1:1: Premature end of file.
2026-07-10 03:20:00,196 [ERROR] LogOutputStream:75 - [STDERR_REDIRECT] 
2026-07-10 03:20:01,185 [ERROR] LogOutputStream:75 - [STDERR_REDIRECT] [Fatal Error] :1:1: Premature end of file.
2026-07-10 03:20:01,186 [ERROR] LogOutputStream:75 - [STDERR_REDIRECT] 
2026-07-10 03:20:02,177 [ERROR] LogOutputStream:75 - [STDERR_REDIRECT] [Fatal Error] :1:1: Premature end of file.
2026-07-10 03:20:02,177 [ERROR] LogOutputStream:75 - [STDERR_REDIRECT] 
2026-07-10 03:20:03,183 [ERROR] LogOutputStream:75 - [STDERR_REDIRECT] [Fatal Error] :1:1: Premature end of file.
2026-07-10 03:20:03,184 [ERROR] LogOutputStream:75 - [STDERR_REDIRECT] 
2026-07-10 03:20:04,181 [ERROR] LogOutputStream:75 - [STDERR_REDIRECT] [Fatal Error] :1:1: Premature end of file.
2026-07-10 03:20:04,182 [ERROR] LogOutputStream:75 - [STDERR_REDIRECT] 
2026-07-10 03:20:05,180 [ERROR] LogOutputStream:75 - [STDERR_REDIRECT] [Fatal Error] :1:1: Premature end of file.
2026-07-10 03:20:05,180 [ERROR] LogOutputStream:75 - [STDERR_REDIRECT] 
2026-07-10 03:20:06,179 [ERROR] LogOutputStream:75 - [STDERR_REDIRECT] [Fatal Error] :1:1: Premature end of file.
2026-07-10 03:20:06,179 [ERROR] LogOutputStream:75 - [STDERR_REDIRECT] 
2026-07-10 03:20:07,179 [ERROR] LogOutputStream:75 - [STDERR_REDIRECT] [Fatal Error] :1:1: Premature end of file.
2026-07-10 03:20:07,179 [ERROR] LogOutputStream:75 - [STDERR_REDIRECT] 
2026-07-10 03:20:08,178 [ERROR] LogOutputStream:75 - [STDERR_REDIRECT] [Fatal Error] :1:1: Premature end of file.
2026-07-10 03:20:08,178 [ERROR] LogOutputStream:75 - [STDERR_REDIRECT] 
2026-07-10 03:20:09,177 [ERROR] LogOutputStream:75 - [STDERR_REDIRECT] [Fatal Error] :1:1: Premature end of file.
2026-07-10 03:20:09,177 [ERROR] LogOutputStream:75 - [STDERR_REDIRECT] 
2026-07-10 03:20:10,183 [ERROR] LogOutputStream:75 - [STDERR_REDIRECT] [Fatal Error] :1:1: Premature end of file.
2026-07-10 03:20:10,184 [ERROR] LogOutputStream:75 - [STDERR_REDIRECT] 
2026-07-10 03:20:11,172 [ERROR] LogOutputStream:75 - [STDERR_REDIRECT] [Fatal Error] :1:1: Premature end of file.
2026-07-10 03:20:11,172 [ERROR] LogOutputStream:75 - [STDERR_REDIRECT] 
2026-07-10 03:20:12,175 [ERROR] LogOutputStream:75 - [STDERR_REDIRECT] [Fatal Error] :1:1: Premature end of file.
2026-07-10 03:20:12,175 [ERROR] LogOutputStream:75 - [STDERR_REDIRECT] 
2026-07-10 03:20:13,174 [ERROR] LogOutputStream:75 - [STDERR_REDIRECT] [Fatal Error] :1:1: Premature end of file.
2026-07-10 03:20:13,174 [ERROR] LogOutputStream:75 - [STDERR_REDIRECT] 
2026-07-10 03:20:14,173 [ERROR] LogOutputStream:75 - [STDERR_REDIRECT] [Fatal Error] :1:1: Premature end of file.
2026-07-10 03:20:14,173 [ERROR] LogOutputStream:75 - [STDERR_REDIRECT] 
2026-07-10 03:20:15,183 [ERROR] LogOutputStream:75 - [STDERR_REDIRECT] [Fatal Error] :1:1: Premature end of file.
2026-07-10 03:20:15,183 [ERROR] LogOutputStream:75 - [STDERR_REDIRECT] 
2026-07-10 03:20:16,197 [ERROR] LogOutputStream:75 - [STDERR_REDIRECT] [Fatal Error] :1:1: Premature end of file.
2026-07-10 03:20:16,197 [ERROR] LogOutputStream:75 - [STDERR_REDIRECT] 
2026-07-10 03:20:17,229 [ERROR] LogOutputStream:75 - [STDERR_REDIRECT] [Fatal Error] :1:1: Premature end of file.
2026-07-10 03:20:17,230 [ERROR] LogOutputStream:75 - [STDERR_REDIRECT] 
2026-07-10 03:20:18,172 [ERROR] LogOutputStream:75 - [STDERR_REDIRECT] [Fatal Error] :1:1: Premature end of file.
2026-07-10 03:20:18,173 [ERROR] LogOutputStream:75 - [STDERR_REDIRECT] 
2026-07-10 03:20:19,196 [ERROR] LogOutputStream:75 - [STDERR_REDIRECT] [Fatal Error] :1:1: Premature end of file.
2026-07-10 03:20:19,197 [ERROR] LogOutputStream:75 - [STDERR_REDIRECT] 
2026-07-10 03:20:20,190 [ERROR] LogOutputStream:75 - [STDERR_REDIRECT] [Fatal Error] :1:1: Premature end of file.
2026-07-10 03:20:20,190 [ERROR] LogOutputStream:75 - [STDERR_REDIRECT] 
2026-07-10 03:20:21,221 [ERROR] LogOutputStream:75 - [STDERR_REDIRECT] [Fatal Error] :1:1: Premature end of file.
2026-07-10 03:20:21,221 [ERROR] LogOutputStream:75 - [STDERR_REDIRECT] 
2026-07-10 03:20:22,173 [ERROR] LogOutputStream:75 - [STDERR_REDIRECT] [Fatal Error] :1:1: Premature end of file.
2026-07-10 03:20:22,174 [ERROR] LogOutputStream:75 - [STDERR_REDIRECT] 
2026-07-10 03:20:23,173 [ERROR] LogOutputStream:75 - [STDERR_REDIRECT] [Fatal Error] :1:1: Premature end of file.
2026-07-10 03:20:23,173 [ERROR] LogOutputStream:75 - [STDERR_REDIRECT] 
2026-07-10 03:20:24,180 [ERROR] LogOutputStream:75 - [STDERR_REDIRECT] [Fatal Error] :1:1: Premature end of file.
2026-07-10 03:20:24,181 [ERROR] LogOutputStream:75 - [STDERR_REDIRECT] 
2026-07-10 03:20:25,184 [ERROR] LogOutputStream:75 - [STDERR_REDIRECT] [Fatal Error] :1:1: Premature end of file.
2026-07-10 03:20:25,185 [ERROR] LogOutputStream:75 - [STDERR_REDIRECT] 
2026-07-10 03:20:26,178 [ERROR] LogOutputStream:75 - [STDERR_REDIRECT] [Fatal Error] :1:1: Premature end of file.
2026-07-10 03:20:26,178 [ERROR] LogOutputStream:75 - [STDERR_REDIRECT] 
2026-07-10 03:20:27,181 [ERROR] LogOutputStream:75 - [STDERR_REDIRECT] [Fatal Error] :1:1: Premature end of file.
2026-07-10 03:20:27,181 [ERROR] LogOutputStream:75 - [STDERR_REDIRECT] 
2026-07-10 03:20:28,168 [ERROR] LogOutputStream:75 - [STDERR_REDIRECT] [Fatal Error] :1:1: Premature end of file.
2026-07-10 03:20:28,169 [ERROR] LogOutputStream:75 - [STDERR_REDIRECT] 
2026-07-10 03:20:29,190 [ERROR] LogOutputStream:75 - [STDERR_REDIRECT] [Fatal Error] :1:1: Premature end of file.
2026-07-10 03:20:29,190 [ERROR] LogOutputStream:75 - [STDERR_REDIRECT] 
2026-07-10 03:20:30,240 [ERROR] LogOutputStream:75 - [STDERR_REDIRECT] [Fatal Error] :1:1: Premature end of file.
2026-07-10 03:20:30,241 [ERROR] LogOutputStream:75 - [STDERR_REDIRECT] 
2026-07-10 03:20:31,262 [ERROR] LogOutputStream:75 - [STDERR_REDIRECT] [Fatal Error] :1:1: Premature end of file.
2026-07-10 03:20:31,262 [ERROR] LogOutputStream:75 - [STDERR_REDIRECT] 
2026-07-10 03:20:32,224 [ERROR] LogOutputStream:75 - [STDERR_REDIRECT] [Fatal Error] :1:1: Premature end of file.
2026-07-10 03:20:32,224 [ERROR] LogOutputStream:75 - [STDERR_REDIRECT] 
2026-07-10 03:20:33,211 [ERROR] LogOutputStream:75 - [STDERR_REDIRECT] [Fatal Error] :1:1: Premature end of file.
2026-07-10 03:20:33,215 [ERROR] LogOutputStream:75 - [STDERR_REDIRECT] 
2026-07-10 03:20:34,209 [ERROR] LogOutputStream:75 - [STDERR_REDIRECT] [Fatal Error] :1:1: Premature end of file.
2026-07-10 03:20:34,209 [ERROR] LogOutputStream:75 - [STDERR_REDIRECT] 
2026-07-10 03:20:35,203 [ERROR] LogOutputStream:75 - [STDERR_REDIRECT] [Fatal Error] :1:1: Premature end of file.
2026-07-10 03:20:35,203 [ERROR] LogOutputStream:75 - [STDERR_REDIRECT] 
2026-07-10 03:20:36,232 [ERROR] LogOutputStream:75 - [STDERR_REDIRECT] [Fatal Error] :1:1: Premature end of file.
2026-07-10 03:20:36,232 [ERROR] LogOutputStream:75 - [STDERR_REDIRECT] 
2026-07-10 03:20:37,227 [ERROR] LogOutputStream:75 - [STDERR_REDIRECT] [Fatal Error] :1:1: Premature end of file.
2026-07-10 03:20:37,228 [ERROR] LogOutputStream:75 - [STDERR_REDIRECT] 
2026-07-10 03:20:38,227 [ERROR] LogOutputStream:75 - [STDERR_REDIRECT] [Fatal Error] :1:1: Premature end of file.
2026-07-10 03:20:38,230 [ERROR] LogOutputStream:75 - [STDERR_REDIRECT] 
2026-07-10 03:20:39,346 [ERROR] LogOutputStream:75 - [STDERR_REDIRECT] [Fatal Error] :1:1: Premature end of file.
2026-07-10 03:20:39,347 [ERROR] LogOutputStream:75 - [STDERR_REDIRECT] 
2026-07-10 03:20:40,200 [ERROR] LogOutputStream:75 - [STDERR_REDIRECT] [Fatal Error] :1:1: Premature end of file.
2026-07-10 03:20:40,201 [ERROR] LogOutputStream:75 - [STDERR_REDIRECT] 
2026-07-10 03:20:41,201 [ERROR] LogOutputStream:75 - [STDERR_REDIRECT] [Fatal Error] :1:1: Premature end of file.
2026-07-10 03:20:41,202 [ERROR] LogOutputStream:75 - [STDERR_REDIRECT] 
2026-07-10 03:20:42,194 [ERROR] LogOutputStream:75 - [STDERR_REDIRECT] [Fatal Error] :1:1: Premature end of file.
2026-07-10 03:20:42,194 [ERROR] LogOutputStream:75 - [STDERR_REDIRECT] 
2026-07-10 03:20:43,221 [ERROR] LogOutputStream:75 - [STDERR_REDIRECT] [Fatal Error] :1:1: Premature end of file.
2026-07-10 03:20:43,223 [ERROR] LogOutputStream:75 - [STDERR_REDIRECT] 
2026-07-10 03:20:44,263 [ERROR] LogOutputStream:75 - [STDERR_REDIRECT] [Fatal Error] :1:1: Premature end of file.
2026-07-10 03:20:44,265 [ERROR] LogOutputStream:75 - [STDERR_REDIRECT] 
2026-07-10 03:20:45,267 [ERROR] LogOutputStream:75 - [STDERR_REDIRECT] [Fatal Error] :1:1: Premature end of file.
2026-07-10 03:20:45,267 [ERROR] LogOutputStream:75 - [STDERR_REDIRECT] 
2026-07-10 03:20:46,211 [ERROR] LogOutputStream:75 - [STDERR_REDIRECT] [Fatal Error] :1:1: Premature end of file.
2026-07-10 03:20:46,211 [ERROR] LogOutputStream:75 - [STDERR_REDIRECT] 
2026-07-10 03:20:47,199 [ERROR] LogOutputStream:75 - [STDERR_REDIRECT] [Fatal Error] :1:1: Premature end of file.
2026-07-10 03:20:47,199 [ERROR] LogOutputStream:75 - [STDERR_REDIRECT] 
2026-07-10 03:20:48,188 [ERROR] LogOutputStream:75 - [STDERR_REDIRECT] [Fatal Error] :1:1: Premature end of file.
2026-07-10 03:20:48,189 [ERROR] LogOutputStream:75 - [STDERR_REDIRECT] 
2026-07-10 03:20:49,209 [ERROR] LogOutputStream:75 - [STDERR_REDIRECT] [Fatal Error] :1:1: Premature end of file.
2026-07-10 03:20:49,209 [ERROR] LogOutputStream:75 - [STDERR_REDIRECT] 
2026-07-10 03:20:50,192 [ERROR] LogOutputStream:75 - [STDERR_REDIRECT] [Fatal Error] :1:1: Premature end of file.
2026-07-10 03:20:50,192 [ERROR] LogOutputStream:75 - [STDERR_REDIRECT] 
2026-07-10 03:20:51,190 [ERROR] LogOutputStream:75 - [STDERR_REDIRECT] [Fatal Error] :1:1: Premature end of file.
2026-07-10 03:20:51,191 [ERROR] LogOutputStream:75 - [STDERR_REDIRECT] 
2026-07-10 03:20:52,211 [ERROR] LogOutputStream:75 - [STDERR_REDIRECT] [Fatal Error] :1:1: Premature end of file.
2026-07-10 03:20:52,212 [ERROR] LogOutputStream:75 - [STDERR_REDIRECT] 
2026-07-10 03:20:53,190 [ERROR] LogOutputStream:75 - [STDERR_REDIRECT] [Fatal Error] :1:1: Premature end of file.
2026-07-10 03:20:53,191 [ERROR] LogOutputStream:75 - [STDERR_REDIRECT] 
2026-07-10 03:20:54,193 [ERROR] LogOutputStream:75 - [STDERR_REDIRECT] [Fatal Error] :1:1: Premature end of file.
2026-07-10 03:20:54,194 [ERROR] LogOutputStream:75 - [STDERR_REDIRECT] 
2026-07-10 03:20:55,237 [ERROR] LogOutputStream:75 - [STDERR_REDIRECT] [Fatal Error] :1:1: Premature end of file.
2026-07-10 03:20:55,237 [ERROR] LogOutputStream:75 - [STDERR_REDIRECT] 
2026-07-10 03:20:56,193 [ERROR] LogOutputStream:75 - [STDERR_REDIRECT] [Fatal Error] :1:1: Premature end of file.
2026-07-10 03:20:56,193 [ERROR] LogOutputStream:75 - [STDERR_REDIRECT] 
2026-07-10 03:20:57,213 [ERROR] LogOutputStream:75 - [STDERR_REDIRECT] [Fatal Error] :1:1: Premature end of file.
2026-07-10 03:20:57,214 [ERROR] LogOutputStream:75 - [STDERR_REDIRECT] 
2026-07-10 03:20:58,440 [ERROR] LogOutputStream:75 - [STDERR_REDIRECT] [Fatal Error] :1:1: Premature end of file.
2026-07-10 03:20:58,441 [ERROR] LogOutputStream:75 - [STDERR_REDIRECT] 
2026-07-10 03:20:59,322 [ERROR] LogOutputStream:75 - [STDERR_REDIRECT] [Fatal Error] :1:1: Premature end of file.
2026-07-10 03:20:59,322 [ERROR] LogOutputStream:75 - [STDERR_REDIRECT] 
2026-07-10 03:21:00,308 [ERROR] LogOutputStream:75 - [STDERR_REDIRECT] [Fatal Error] :1:1: Premature end of file.
2026-07-10 03:21:00,309 [ERROR] LogOutputStream:75 - [STDERR_REDIRECT] 
2026-07-10 03:21:01,418 [ERROR] LogOutputStream:75 - [STDERR_REDIRECT] [Fatal Error] :1:1: Premature end of file.
2026-07-10 03:21:01,419 [ERROR] LogOutputStream:75 - [STDERR_REDIRECT] 
2026-07-10 03:21:02,344 [ERROR] LogOutputStream:75 - [STDERR_REDIRECT] [Fatal Error] :1:1: Premature end of file.
2026-07-10 03:21:02,345 [ERROR] LogOutputStream:75 - [STDERR_REDIRECT] 
2026-07-10 03:21:03,349 [ERROR] LogOutputStream:75 - [STDERR_REDIRECT] [Fatal Error] :1:1: Premature end of file.
2026-07-10 03:21:03,350 [ERROR] LogOutputStream:75 - [STDERR_REDIRECT] 
2026-07-10 03:21:04,177 [ERROR] LogOutputStream:75 - [STDERR_REDIRECT] [Fatal Error] :1:1: Premature end of file.
2026-07-10 03:21:04,177 [ERROR] LogOutputStream:75 - [STDERR_REDIRECT] 
2026-07-10 03:21:05,191 [ERROR] LogOutputStream:75 - [STDERR_REDIRECT] [Fatal Error] :1:1: Premature end of file.
2026-07-10 03:21:05,191 [ERROR] LogOutputStream:75 - [STDERR_REDIRECT] 
2026-07-10 03:21:06,231 [ERROR] LogOutputStream:75 - [STDERR_REDIRECT] [Fatal Error] :1:1: Premature end of file.
2026-07-10 03:21:06,232 [ERROR] LogOutputStream:75 - [STDERR_REDIRECT] 
2026-07-10 03:21:07,188 [ERROR] LogOutputStream:75 - [STDERR_REDIRECT] [Fatal Error] :1:1: Premature end of file.
2026-07-10 03:21:07,189 [ERROR] LogOutputStream:75 - [STDERR_REDIRECT] 
2026-07-10 03:21:08,199 [ERROR] LogOutputStream:75 - [STDERR_REDIRECT] [Fatal Error] :1:1: Premature end of file.
2026-07-10 03:21:08,199 [ERROR] LogOutputStream:75 - [STDERR_REDIRECT] 
2026-07-10 03:21:09,211 [ERROR] LogOutputStream:75 - [STDERR_REDIRECT] [Fatal Error] :1:1: Premature end of file.
2026-07-10 03:21:09,211 [ERROR] LogOutputStream:75 - [STDERR_REDIRECT] 
2026-07-10 03:21:10,199 [ERROR] LogOutputStream:75 - [STDERR_REDIRECT] [Fatal Error] :1:1: Premature end of file.
2026-07-10 03:21:10,199 [ERROR] LogOutputStream:75 - [STDERR_REDIRECT] 
2026-07-10 03:21:11,178 [ERROR] LogOutputStream:75 - [STDERR_REDIRECT] [Fatal Error] :1:1: Premature end of file.
2026-07-10 03:21:11,179 [ERROR] LogOutputStream:75 - [STDERR_REDIRECT] 
2026-07-10 03:21:12,178 [ERROR] LogOutputStream:75 - [STDERR_REDIRECT] [Fatal Error] :1:1: Premature end of file.
2026-07-10 03:21:12,178 [ERROR] LogOutputStream:75 - [STDERR_REDIRECT] 
2026-07-10 03:21:13,198 [ERROR] LogOutputStream:75 - [STDERR_REDIRECT] [Fatal Error] :1:1: Premature end of file.
2026-07-10 03:21:13,199 [ERROR] LogOutputStream:75 - [STDERR_REDIRECT] 
2026-07-10 03:21:14,195 [ERROR] LogOutputStream:75 - [STDERR_REDIRECT] [Fatal Error] :1:1: Premature end of file.
2026-07-10 03:21:14,197 [ERROR] LogOutputStream:75 - [STDERR_REDIRECT] 
2026-07-10 03:21:15,253 [ERROR] LogOutputStream:75 - [STDERR_REDIRECT] [Fatal Error] :1:1: Premature end of file.
2026-07-10 03:21:15,253 [ERROR] LogOutputStream:75 - [STDERR_REDIRECT] 
2026-07-10 03:21:16,190 [ERROR] LogOutputStream:75 - [STDERR_REDIRECT] [Fatal Error] :1:1: Premature end of file.
2026-07-10 03:21:16,190 [ERROR] LogOutputStream:75 - [STDERR_REDIRECT] 
2026-07-10 03:21:17,174 [ERROR] LogOutputStream:75 - [STDERR_REDIRECT] [Fatal Error] :1:1: Premature end of file.
2026-07-10 03:21:17,175 [ERROR] LogOutputStream:75 - [STDERR_REDIRECT] 
2026-07-10 03:21:18,205 [ERROR] LogOutputStream:75 - [STDERR_REDIRECT] [Fatal Error] :1:1: Premature end of file.
2026-07-10 03:21:18,206 [ERROR] LogOutputStream:75 - [STDERR_REDIRECT] 
2026-07-10 03:21:19,284 [ERROR] LogOutputStream:75 - [STDERR_REDIRECT] [Fatal Error] :1:1: Premature end of file.
2026-07-10 03:21:19,284 [ERROR] LogOutputStream:75 - [STDERR_REDIRECT] 
2026-07-10 03:21:20,197 [ERROR] LogOutputStream:75 - [STDERR_REDIRECT] [Fatal Error] :1:1: Premature end of file.
2026-07-10 03:21:20,197 [ERROR] LogOutputStream:75 - [STDERR_REDIRECT] 
2026-07-10 03:21:21,222 [ERROR] LogOutputStream:75 - [STDERR_REDIRECT] [Fatal Error] :1:1: Premature end of file.
2026-07-10 03:21:21,228 [ERROR] LogOutputStream:75 - [STDERR_REDIRECT] 
2026-07-10 03:21:22,232 [ERROR] LogOutputStream:75 - [STDERR_REDIRECT] [Fatal Error] :1:1: Premature end of file.
2026-07-10 03:21:22,232 [ERROR] LogOutputStream:75 - [STDERR_REDIRECT] 
2026-07-10 03:21:23,224 [ERROR] LogOutputStream:75 - [STDERR_REDIRECT] [Fatal Error] :1:1: Premature end of file.
2026-07-10 03:21:23,224 [ERROR] LogOutputStream:75 - [STDERR_REDIRECT] 
2026-07-10 03:21:24,273 [ERROR] LogOutputStream:75 - [STDERR_REDIRECT] [Fatal Error] :1:1: Premature end of file.
2026-07-10 03:21:24,274 [ERROR] LogOutputStream:75 - [STDERR_REDIRECT] 
2026-07-10 03:21:25,178 [ERROR] LogOutputStream:75 - [STDERR_REDIRECT] [Fatal Error] :1:1: Premature end of file.
2026-07-10 03:21:25,178 [ERROR] LogOutputStream:75 - [STDERR_REDIRECT] 
2026-07-10 03:21:26,211 [ERROR] LogOutputStream:75 - [STDERR_REDIRECT] [Fatal Error] :1:1: Premature end of file.
2026-07-10 03:21:26,212 [ERROR] LogOutputStream:75 - [STDERR_REDIRECT] 
2026-07-10 03:21:27,184 [ERROR] LogOutputStream:75 - [STDERR_REDIRECT] [Fatal Error] :1:1: Premature end of file.
2026-07-10 03:21:27,184 [ERROR] LogOutputStream:75 - [STDERR_REDIRECT] 
2026-07-10 03:21:28,192 [ERROR] LogOutputStream:75 - [STDERR_REDIRECT] [Fatal Error] :1:1: Premature end of file.
2026-07-10 03:21:28,193 [ERROR] LogOutputStream:75 - [STDERR_REDIRECT] 
2026-07-10 03:21:29,200 [ERROR] LogOutputStream:75 - [STDERR_REDIRECT] [Fatal Error] :1:1: Premature end of file.
2026-07-10 03:21:29,200 [ERROR] LogOutputStream:75 - [STDERR_REDIRECT] 
2026-07-10 03:21:30,202 [ERROR] LogOutputStream:75 - [STDERR_REDIRECT] [Fatal Error] :1:1: Premature end of file.
2026-07-10 03:21:30,203 [ERROR] LogOutputStream:75 - [STDERR_REDIRECT] 
2026-07-10 03:21:31,194 [ERROR] LogOutputStream:75 - [STDERR_REDIRECT] [Fatal Error] :1:1: Premature end of file.
2026-07-10 03:21:31,195 [ERROR] LogOutputStream:75 - [STDERR_REDIRECT] 
2026-07-10 03:21:32,192 [ERROR] LogOutputStream:75 - [STDERR_REDIRECT] [Fatal Error] :1:1: Premature end of file.
2026-07-10 03:21:32,192 [ERROR] LogOutputStream:75 - [STDERR_REDIRECT] 
2026-07-10 03:21:33,183 [ERROR] LogOutputStream:75 - [STDERR_REDIRECT] [Fatal Error] :1:1: Premature end of file.
2026-07-10 03:21:33,184 [ERROR] LogOutputStream:75 - [STDERR_REDIRECT] 
2026-07-10 03:21:34,198 [ERROR] LogOutputStream:75 - [STDERR_REDIRECT] [Fatal Error] :1:1: Premature end of file.
2026-07-10 03:21:34,199 [ERROR] LogOutputStream:75 - [STDERR_REDIRECT] 
2026-07-10 03:21:35,175 [ERROR] LogOutputStream:75 - [STDERR_REDIRECT] [Fatal Error] :1:1: Premature end of file.
2026-07-10 03:21:35,175 [ERROR] LogOutputStream:75 - [STDERR_REDIRECT] 
2026-07-10 03:21:36,183 [ERROR] LogOutputStream:75 - [STDERR_REDIRECT] [Fatal Error] :1:1: Premature end of file.
2026-07-10 03:21:36,184 [ERROR] LogOutputStream:75 - [STDERR_REDIRECT] 
2026-07-10 03:21:37,174 [ERROR] LogOutputStream:75 - [STDERR_REDIRECT] [Fatal Error] :1:1: Premature end of file.
2026-07-10 03:21:37,174 [ERROR] LogOutputStream:75 - [STDERR_REDIRECT] 
2026-07-10 03:21:38,190 [ERROR] LogOutputStream:75 - [STDERR_REDIRECT] [Fatal Error] :1:1: Premature end of file.
2026-07-10 03:21:38,192 [ERROR] LogOutputStream:75 - [STDERR_REDIRECT] 
2026-07-10 03:21:39,172 [ERROR] LogOutputStream:75 - [STDERR_REDIRECT] [Fatal Error] :1:1: Premature end of file.
2026-07-10 03:21:39,173 [ERROR] LogOutputStream:75 - [STDERR_REDIRECT] 
2026-07-10 03:21:40,161 [ERROR] LogOutputStream:75 - [STDERR_REDIRECT] [Fatal Error] :1:1: Premature end of file.
2026-07-10 03:21:40,161 [ERROR] LogOutputStream:75 - [STDERR_REDIRECT] 
2026-07-10 03:21:41,178 [ERROR] LogOutputStream:75 - [STDERR_REDIRECT] [Fatal Error] :1:1: Premature end of file.
2026-07-10 03:21:41,179 [ERROR] LogOutputStream:75 - [STDERR_REDIRECT] 
2026-07-10 03:21:42,192 [ERROR] LogOutputStream:75 - [STDERR_REDIRECT] [Fatal Error] :1:1: Premature end of file.
2026-07-10 03:21:42,192 [ERROR] LogOutputStream:75 - [STDERR_REDIRECT] 
2026-07-10 03:21:43,200 [ERROR] LogOutputStream:75 - [STDERR_REDIRECT] [Fatal Error] :1:1: Premature end of file.
2026-07-10 03:21:43,201 [ERROR] LogOutputStream:75 - [STDERR_REDIRECT] 
2026-07-10 03:21:44,192 [ERROR] LogOutputStream:75 - [STDERR_REDIRECT] [Fatal Error] :1:1: Premature end of file.
2026-07-10 03:21:44,192 [ERROR] LogOutputStream:75 - [STDERR_REDIRECT] 
2026-07-10 03:21:45,187 [ERROR] LogOutputStream:75 - [STDERR_REDIRECT] [Fatal Error] :1:1: Premature end of file.
2026-07-10 03:21:45,188 [ERROR] LogOutputStream:75 - [STDERR_REDIRECT] 
2026-07-10 03:21:46,192 [ERROR] LogOutputStream:75 - [STDERR_REDIRECT] [Fatal Error] :1:1: Premature end of file.
2026-07-10 03:21:46,193 [ERROR] LogOutputStream:75 - [STDERR_REDIRECT] 
2026-07-10 03:21:47,230 [ERROR] LogOutputStream:75 - [STDERR_REDIRECT] [Fatal Error] :1:1: Premature end of file.
2026-07-10 03:21:47,232 [ERROR] LogOutputStream:75 - [STDERR_REDIRECT] 
2026-07-10 03:21:48,187 [ERROR] LogOutputStream:75 - [STDERR_REDIRECT] [Fatal Error] :1:1: Premature end of file.
2026-07-10 03:21:48,188 [ERROR] LogOutputStream:75 - [STDERR_REDIRECT] 
2026-07-10 03:21:49,166 [ERROR] LogOutputStream:75 - [STDERR_REDIRECT] [Fatal Error] :1:1: Premature end of file.
2026-07-10 03:21:49,167 [ERROR] LogOutputStream:75 - [STDERR_REDIRECT] 
2026-07-10 03:21:50,189 [ERROR] LogOutputStream:75 - [STDERR_REDIRECT] [Fatal Error] :1:1: Premature end of file.
2026-07-10 03:21:50,189 [ERROR] LogOutputStream:75 - [STDERR_REDIRECT] 
2026-07-10 03:21:51,192 [ERROR] LogOutputStream:75 - [STDERR_REDIRECT] [Fatal Error] :1:1: Premature end of file.
2026-07-10 03:21:51,193 [ERROR] LogOutputStream:75 - [STDERR_REDIRECT] 
2026-07-10 03:21:52,174 [ERROR] LogOutputStream:75 - [STDERR_REDIRECT] [Fatal Error] :1:1: Premature end of file.
2026-07-10 03:21:52,175 [ERROR] LogOutputStream:75 - [STDERR_REDIRECT] 
2026-07-10 03:21:53,192 [ERROR] LogOutputStream:75 - [STDERR_REDIRECT] [Fatal Error] :1:1: Premature end of file.
2026-07-10 03:21:53,193 [ERROR] LogOutputStream:75 - [STDERR_REDIRECT] 
2026-07-10 03:21:54,185 [ERROR] LogOutputStream:75 - [STDERR_REDIRECT] [Fatal Error] :1:1: Premature end of file.
2026-07-10 03:21:54,186 [ERROR] LogOutputStream:75 - [STDERR_REDIRECT] 
2026-07-10 03:21:55,193 [ERROR] LogOutputStream:75 - [STDERR_REDIRECT] [Fatal Error] :1:1: Premature end of file.
2026-07-10 03:21:55,193 [ERROR] LogOutputStream:75 - [STDERR_REDIRECT] 
2026-07-10 03:21:56,180 [ERROR] LogOutputStream:75 - [STDERR_REDIRECT] [Fatal Error] :1:1: Premature end of file.
2026-07-10 03:21:56,181 [ERROR] LogOutputStream:75 - [STDERR_REDIRECT] 
2026-07-10 03:21:57,171 [ERROR] LogOutputStream:75 - [STDERR_REDIRECT] [Fatal Error] :1:1: Premature end of file.
2026-07-10 03:21:57,172 [ERROR] LogOutputStream:75 - [STDERR_REDIRECT] 
2026-07-10 03:21:58,191 [ERROR] LogOutputStream:75 - [STDERR_REDIRECT] [Fatal Error] :1:1: Premature end of file.
2026-07-10 03:21:58,191 [ERROR] LogOutputStream:75 - [STDERR_REDIRECT] 
2026-07-10 03:21:59,187 [ERROR] LogOutputStream:75 - [STDERR_REDIRECT] [Fatal Error] :1:1: Premature end of file.
2026-07-10 03:21:59,187 [ERROR] LogOutputStream:75 - [STDERR_REDIRECT] 
2026-07-10 03:22:00,182 [ERROR] LogOutputStream:75 - [STDERR_REDIRECT] [Fatal Error] :1:1: Premature end of file.
2026-07-10 03:22:00,182 [ERROR] LogOutputStream:75 - [STDERR_REDIRECT] 
2026-07-10 03:22:01,195 [ERROR] LogOutputStream:75 - [STDERR_REDIRECT] [Fatal Error] :1:1: Premature end of file.
2026-07-10 03:22:01,195 [ERROR] LogOutputStream:75 - [STDERR_REDIRECT] 
2026-07-10 03:22:02,186 [ERROR] LogOutputStream:75 - [STDERR_REDIRECT] [Fatal Error] :1:1: Premature end of file.
2026-07-10 03:22:02,187 [ERROR] LogOutputStream:75 - [STDERR_REDIRECT] 
2026-07-10 03:22:03,194 [ERROR] LogOutputStream:75 - [STDERR_REDIRECT] [Fatal Error] :1:1: Premature end of file.
2026-07-10 03:22:03,195 [ERROR] LogOutputStream:75 - [STDERR_REDIRECT] 
2026-07-10 03:22:04,187 [ERROR] LogOutputStream:75 - [STDERR_REDIRECT] [Fatal Error] :1:1: Premature end of file.
2026-07-10 03:22:04,187 [ERROR] LogOutputStream:75 - [STDERR_REDIRECT] 
2026-07-10 03:22:05,196 [ERROR] LogOutputStream:75 - [STDERR_REDIRECT] [Fatal Error] :1:1: Premature end of file.
2026-07-10 03:22:05,196 [ERROR] LogOutputStream:75 - [STDERR_REDIRECT] 
2026-07-10 03:22:06,187 [ERROR] LogOutputStream:75 - [STDERR_REDIRECT] [Fatal Error] :1:1: Premature end of file.
2026-07-10 03:22:06,187 [ERROR] LogOutputStream:75 - [STDERR_REDIRECT] 
2026-07-10 03:22:07,184 [ERROR] LogOutputStream:75 - [STDERR_REDIRECT] [Fatal Error] :1:1: Premature end of file.
2026-07-10 03:22:07,184 [ERROR] LogOutputStream:75 - [STDERR_REDIRECT] 
2026-07-10 03:22:08,282 [ERROR] LogOutputStream:75 - [STDERR_REDIRECT] [Fatal Error] :1:1: Premature end of file.
2026-07-10 03:22:08,285 [ERROR] LogOutputStream:75 - [STDERR_REDIRECT] 
2026-07-10 03:22:09,208 [ERROR] LogOutputStream:75 - [STDERR_REDIRECT] [Fatal Error] :1:1: Premature end of file.
2026-07-10 03:22:09,208 [ERROR] LogOutputStream:75 - [STDERR_REDIRECT] 
2026-07-10 03:22:10,224 [ERROR] LogOutputStream:75 - [STDERR_REDIRECT] [Fatal Error] :1:1: Premature end of file.
2026-07-10 03:22:10,224 [ERROR] LogOutputStream:75 - [STDERR_REDIRECT] 
2026-07-10 03:22:11,236 [ERROR] LogOutputStream:75 - [STDERR_REDIRECT] [Fatal Error] :1:1: Premature end of file.
2026-07-10 03:22:11,236 [ERROR] LogOutputStream:75 - [STDERR_REDIRECT] 
2026-07-10 03:22:12,207 [ERROR] LogOutputStream:75 - [STDERR_REDIRECT] [Fatal Error] :1:1: Premature end of file.
2026-07-10 03:22:12,209 [ERROR] LogOutputStream:75 - [STDERR_REDIRECT] 
2026-07-10 03:22:13,234 [ERROR] LogOutputStream:75 - [STDERR_REDIRECT] [Fatal Error] :1:1: Premature end of file.
2026-07-10 03:22:13,234 [ERROR] LogOutputStream:75 - [STDERR_REDIRECT] 
2026-07-10 03:22:14,218 [ERROR] LogOutputStream:75 - [STDERR_REDIRECT] [Fatal Error] :1:1: Premature end of file.
2026-07-10 03:22:14,218 [ERROR] LogOutputStream:75 - [STDERR_REDIRECT] 
2026-07-10 03:22:15,215 [ERROR] LogOutputStream:75 - [STDERR_REDIRECT] [Fatal Error] :1:1: Premature end of file.
2026-07-10 03:22:15,217 [ERROR] LogOutputStream:75 - [STDERR_REDIRECT] 
2026-07-10 03:22:16,217 [ERROR] LogOutputStream:75 - [STDERR_REDIRECT] [Fatal Error] :1:1: Premature end of file.
2026-07-10 03:22:16,217 [ERROR] LogOutputStream:75 - [STDERR_REDIRECT] 
2026-07-10 03:22:17,217 [ERROR] LogOutputStream:75 - [STDERR_REDIRECT] [Fatal Error] :1:1: Premature end of file.
2026-07-10 03:22:17,217 [ERROR] LogOutputStream:75 - [STDERR_REDIRECT] 
2026-07-10 03:22:18,229 [ERROR] LogOutputStream:75 - [STDERR_REDIRECT] [Fatal Error] :1:1: Premature end of file.
2026-07-10 03:22:18,229 [ERROR] LogOutputStream:75 - [STDERR_REDIRECT] 
2026-07-10 03:22:19,297 [ERROR] LogOutputStream:75 - [STDERR_REDIRECT] [Fatal Error] :1:1: Premature end of file.
2026-07-10 03:22:19,297 [ERROR] LogOutputStream:75 - [STDERR_REDIRECT] 
2026-07-10 03:22:20,236 [ERROR] LogOutputStream:75 - [STDERR_REDIRECT] [Fatal Error] :1:1: Premature end of file.
2026-07-10 03:22:20,236 [ERROR] LogOutputStream:75 - [STDERR_REDIRECT] 
2026-07-10 03:22:21,198 [ERROR] LogOutputStream:75 - [STDERR_REDIRECT] [Fatal Error] :1:1: Premature end of file.
2026-07-10 03:22:21,199 [ERROR] LogOutputStream:75 - [STDERR_REDIRECT] 
2026-07-10 03:22:22,209 [ERROR] LogOutputStream:75 - [STDERR_REDIRECT] [Fatal Error] :1:1: Premature end of file.
2026-07-10 03:22:22,212 [ERROR] LogOutputStream:75 - [STDERR_REDIRECT] 
2026-07-10 03:22:23,211 [ERROR] LogOutputStream:75 - [STDERR_REDIRECT] [Fatal Error] :1:1: Premature end of file.
2026-07-10 03:22:23,211 [ERROR] LogOutputStream:75 - [STDERR_REDIRECT] 
2026-07-10 03:22:24,211 [ERROR] LogOutputStream:75 - [STDERR_REDIRECT] [Fatal Error] :1:1: Premature end of file.
2026-07-10 03:22:24,211 [ERROR] LogOutputStream:75 - [STDERR_REDIRECT] 
2026-07-10 03:22:25,226 [ERROR] LogOutputStream:75 - [STDERR_REDIRECT] [Fatal Error] :1:1: Premature end of file.
2026-07-10 03:22:25,238 [ERROR] LogOutputStream:75 - [STDERR_REDIRECT] 
2026-07-10 03:22:26,256 [ERROR] LogOutputStream:75 - [STDERR_REDIRECT] [Fatal Error] :1:1: Premature end of file.
2026-07-10 03:22:26,260 [ERROR] LogOutputStream:75 - [STDERR_REDIRECT] 
2026-07-10 03:22:27,207 [ERROR] LogOutputStream:75 - [STDERR_REDIRECT] [Fatal Error] :1:1: Premature end of file.
2026-07-10 03:22:27,207 [ERROR] LogOutputStream:75 - [STDERR_REDIRECT] 
2026-07-10 03:22:28,215 [ERROR] LogOutputStream:75 - [STDERR_REDIRECT] [Fatal Error] :1:1: Premature end of file.
2026-07-10 03:22:28,215 [ERROR] LogOutputStream:75 - [STDERR_REDIRECT] 
2026-07-10 03:22:29,233 [ERROR] LogOutputStream:75 - [STDERR_REDIRECT] [Fatal Error] :1:1: Premature end of file.
2026-07-10 03:22:29,233 [ERROR] LogOutputStream:75 - [STDERR_REDIRECT] 
2026-07-10 03:22:30,191 [ERROR] LogOutputStream:75 - [STDERR_REDIRECT] [Fatal Error] :1:1: Premature end of file.
2026-07-10 03:22:30,191 [ERROR] LogOutputStream:75 - [STDERR_REDIRECT] 
2026-07-10 03:22:31,244 [ERROR] LogOutputStream:75 - [STDERR_REDIRECT] [Fatal Error] :1:1: Premature end of file.
2026-07-10 03:22:31,244 [ERROR] LogOutputStream:75 - [STDERR_REDIRECT] 
2026-07-10 03:22:32,294 [ERROR] LogOutputStream:75 - [STDERR_REDIRECT] [Fatal Error] :1:1: Premature end of file.
2026-07-10 03:22:32,295 [ERROR] LogOutputStream:75 - [STDERR_REDIRECT] 
2026-07-10 03:22:33,179 [ERROR] LogOutputStream:75 - [STDERR_REDIRECT] [Fatal Error] :1:1: Premature end of file.
2026-07-10 03:22:33,183 [ERROR] LogOutputStream:75 - [STDERR_REDIRECT] 
2026-07-10 03:22:34,219 [ERROR] LogOutputStream:75 - [STDERR_REDIRECT] [Fatal Error] :1:1: Premature end of file.
2026-07-10 03:22:34,219 [ERROR] LogOutputStream:75 - [STDERR_REDIRECT] 
2026-07-10 03:22:35,211 [ERROR] LogOutputStream:75 - [STDERR_REDIRECT] [Fatal Error] :1:1: Premature end of file.
2026-07-10 03:22:35,211 [ERROR] LogOutputStream:75 - [STDERR_REDIRECT] 
2026-07-10 03:22:36,167 [ERROR] LogOutputStream:75 - [STDERR_REDIRECT] [Fatal Error] :1:1: Premature end of file.
2026-07-10 03:22:36,167 [ERROR] LogOutputStream:75 - [STDERR_REDIRECT] 
2026-07-10 03:22:37,304 [ERROR] LogOutputStream:75 - [STDERR_REDIRECT] [Fatal Error] :1:1: Premature end of file.
2026-07-10 03:22:37,304 [ERROR] LogOutputStream:75 - [STDERR_REDIRECT] 
2026-07-10 03:22:38,196 [ERROR] LogOutputStream:75 - [STDERR_REDIRECT] [Fatal Error] :1:1: Premature end of file.
2026-07-10 03:22:38,199 [ERROR] LogOutputStream:75 - [STDERR_REDIRECT] 
2026-07-10 03:22:39,233 [ERROR] LogOutputStream:75 - [STDERR_REDIRECT] [Fatal Error] :1:1: Premature end of file.
2026-07-10 03:22:39,235 [ERROR] LogOutputStream:75 - [STDERR_REDIRECT] 
2026-07-10 03:22:40,266 [ERROR] LogOutputStream:75 - [STDERR_REDIRECT] [Fatal Error] :1:1: Premature end of file.
2026-07-10 03:22:40,266 [ERROR] LogOutputStream:75 - [STDERR_REDIRECT] 
2026-07-10 03:22:41,244 [ERROR] LogOutputStream:75 - [STDERR_REDIRECT] [Fatal Error] :1:1: Premature end of file.
2026-07-10 03:22:41,252 [ERROR] LogOutputStream:75 - [STDERR_REDIRECT] 
2026-07-10 03:22:42,237 [ERROR] LogOutputStream:75 - [STDERR_REDIRECT] [Fatal Error] :1:1: Premature end of file.
2026-07-10 03:22:42,238 [ERROR] LogOutputStream:75 - [STDERR_REDIRECT] 
2026-07-10 03:22:43,286 [ERROR] LogOutputStream:75 - [STDERR_REDIRECT] [Fatal Error] :1:1: Premature end of file.
2026-07-10 03:22:43,294 [ERROR] LogOutputStream:75 - [STDERR_REDIRECT] 
2026-07-10 03:22:44,252 [ERROR] LogOutputStream:75 - [STDERR_REDIRECT] [Fatal Error] :1:1: Premature end of file.
2026-07-10 03:22:44,254 [ERROR] LogOutputStream:75 - [STDERR_REDIRECT] 
2026-07-10 03:22:45,259 [ERROR] LogOutputStream:75 - [STDERR_REDIRECT] [Fatal Error] :1:1: Premature end of file.
2026-07-10 03:22:45,259 [ERROR] LogOutputStream:75 - [STDERR_REDIRECT] 
2026-07-10 03:22:46,242 [ERROR] LogOutputStream:75 - [STDERR_REDIRECT] [Fatal Error] :1:1: Premature end of file.
2026-07-10 03:22:46,245 [ERROR] LogOutputStream:75 - [STDERR_REDIRECT] 
2026-07-10 03:22:47,241 [ERROR] LogOutputStream:75 - [STDERR_REDIRECT] [Fatal Error] :1:1: Premature end of file.
2026-07-10 03:22:47,241 [ERROR] LogOutputStream:75 - [STDERR_REDIRECT] 
2026-07-10 03:22:48,233 [ERROR] LogOutputStream:75 - [STDERR_REDIRECT] [Fatal Error] :1:1: Premature end of file.
2026-07-10 03:22:48,235 [ERROR] LogOutputStream:75 - [STDERR_REDIRECT] 
2026-07-10 03:22:49,218 [ERROR] LogOutputStream:75 - [STDERR_REDIRECT] [Fatal Error] :1:1: Premature end of file.
2026-07-10 03:22:49,218 [ERROR] LogOutputStream:75 - [STDERR_REDIRECT] 
2026-07-10 03:22:50,224 [ERROR] LogOutputStream:75 - [STDERR_REDIRECT] [Fatal Error] :1:1: Premature end of file.
2026-07-10 03:22:50,224 [ERROR] LogOutputStream:75 - [STDERR_REDIRECT] 
2026-07-10 03:22:51,240 [ERROR] LogOutputStream:75 - [STDERR_REDIRECT] [Fatal Error] :1:1: Premature end of file.
2026-07-10 03:22:51,240 [ERROR] LogOutputStream:75 - [STDERR_REDIRECT] 
2026-07-10 03:22:52,248 [ERROR] LogOutputStream:75 - [STDERR_REDIRECT] [Fatal Error] :1:1: Premature end of file.
2026-07-10 03:22:52,250 [ERROR] LogOutputStream:75 - [STDERR_REDIRECT] 
2026-07-10 03:22:53,222 [ERROR] LogOutputStream:75 - [STDERR_REDIRECT] [Fatal Error] :1:1: Premature end of file.
2026-07-10 03:22:53,222 [ERROR] LogOutputStream:75 - [STDERR_REDIRECT] 
2026-07-10 03:22:54,246 [ERROR] LogOutputStream:75 - [STDERR_REDIRECT] [Fatal Error] :1:1: Premature end of file.
2026-07-10 03:22:54,248 [ERROR] LogOutputStream:75 - [STDERR_REDIRECT] 
2026-07-10 03:22:55,222 [ERROR] LogOutputStream:75 - [STDERR_REDIRECT] [Fatal Error] :1:1: Premature end of file.
2026-07-10 03:22:55,226 [ERROR] LogOutputStream:75 - [STDERR_REDIRECT] 
2026-07-10 03:22:56,410 [ERROR] LogOutputStream:75 - [STDERR_REDIRECT] [Fatal Error] :1:1: Premature end of file.
2026-07-10 03:22:56,410 [ERROR] LogOutputStream:75 - [STDERR_REDIRECT] 
2026-07-10 03:22:57,250 [ERROR] LogOutputStream:75 - [STDERR_REDIRECT] [Fatal Error] :1:1: Premature end of file.
2026-07-10 03:22:57,252 [ERROR] LogOutputStream:75 - [STDERR_REDIRECT] 
2026-07-10 03:22:58,234 [ERROR] LogOutputStream:75 - [STDERR_REDIRECT] [Fatal Error] :1:1: Premature end of file.
2026-07-10 03:22:58,236 [ERROR] LogOutputStream:75 - [STDERR_REDIRECT] 
2026-07-10 03:22:59,211 [ERROR] LogOutputStream:75 - [STDERR_REDIRECT] [Fatal Error] :1:1: Premature end of file.
2026-07-10 03:22:59,217 [ERROR] LogOutputStream:75 - [STDERR_REDIRECT] 
2026-07-10 03:23:00,214 [ERROR] LogOutputStream:75 - [STDERR_REDIRECT] [Fatal Error] :1:1: Premature end of file.
2026-07-10 03:23:00,216 [ERROR] LogOutputStream:75 - [STDERR_REDIRECT] 
2026-07-10 03:23:01,241 [ERROR] LogOutputStream:75 - [STDERR_REDIRECT] [Fatal Error] :1:1: Premature end of file.
2026-07-10 03:23:01,241 [ERROR] LogOutputStream:75 - [STDERR_REDIRECT] 
2026-07-10 03:23:02,213 [ERROR] LogOutputStream:75 - [STDERR_REDIRECT] [Fatal Error] :1:1: Premature end of file.
2026-07-10 03:23:02,213 [ERROR] LogOutputStream:75 - [STDERR_REDIRECT] 
2026-07-10 03:23:03,230 [ERROR] LogOutputStream:75 - [STDERR_REDIRECT] [Fatal Error] :1:1: Premature end of file.
2026-07-10 03:23:03,230 [ERROR] LogOutputStream:75 - [STDERR_REDIRECT] 
2026-07-10 03:23:04,230 [ERROR] LogOutputStream:75 - [STDERR_REDIRECT] [Fatal Error] :1:1: Premature end of file.
2026-07-10 03:23:04,230 [ERROR] LogOutputStream:75 - [STDERR_REDIRECT] 
2026-07-10 03:23:05,213 [ERROR] LogOutputStream:75 - [STDERR_REDIRECT] [Fatal Error] :1:1: Premature end of file.
2026-07-10 03:23:05,213 [ERROR] LogOutputStream:75 - [STDERR_REDIRECT] 
2026-07-10 03:23:06,198 [ERROR] LogOutputStream:75 - [STDERR_REDIRECT] [Fatal Error] :1:1: Premature end of file.
2026-07-10 03:23:06,198 [ERROR] LogOutputStream:75 - [STDERR_REDIRECT] 
2026-07-10 03:23:07,219 [ERROR] LogOutputStream:75 - [STDERR_REDIRECT] [Fatal Error] :1:1: Premature end of file.
2026-07-10 03:23:07,219 [ERROR] LogOutputStream:75 - [STDERR_REDIRECT] 
2026-07-10 03:23:08,249 [ERROR] LogOutputStream:75 - [STDERR_REDIRECT] [Fatal Error] :1:1: Premature end of file.
2026-07-10 03:23:08,251 [ERROR] LogOutputStream:75 - [STDERR_REDIRECT] 
2026-07-10 03:23:09,234 [ERROR] LogOutputStream:75 - [STDERR_REDIRECT] [Fatal Error] :1:1: Premature end of file.
2026-07-10 03:23:09,234 [ERROR] LogOutputStream:75 - [STDERR_REDIRECT] 
2026-07-10 03:23:10,257 [ERROR] LogOutputStream:75 - [STDERR_REDIRECT] [Fatal Error] :1:1: Premature end of file.
2026-07-10 03:23:10,257 [ERROR] LogOutputStream:75 - [STDERR_REDIRECT] 
2026-07-10 03:23:11,229 [ERROR] LogOutputStream:75 - [STDERR_REDIRECT] [Fatal Error] :1:1: Premature end of file.
2026-07-10 03:23:11,229 [ERROR] LogOutputStream:75 - [STDERR_REDIRECT] 
2026-07-10 03:23:12,256 [ERROR] LogOutputStream:75 - [STDERR_REDIRECT] [Fatal Error] :1:1: Premature end of file.
2026-07-10 03:23:12,258 [ERROR] LogOutputStream:75 - [STDERR_REDIRECT] 
2026-07-10 03:23:13,234 [ERROR] LogOutputStream:75 - [STDERR_REDIRECT] [Fatal Error] :1:1: Premature end of file.
2026-07-10 03:23:13,236 [ERROR] LogOutputStream:75 - [STDERR_REDIRECT] 
2026-07-10 03:23:14,246 [ERROR] LogOutputStream:75 - [STDERR_REDIRECT] [Fatal Error] :1:1: Premature end of file.
2026-07-10 03:23:14,246 [ERROR] LogOutputStream:75 - [STDERR_REDIRECT] 
2026-07-10 03:23:15,224 [ERROR] LogOutputStream:75 - [STDERR_REDIRECT] [Fatal Error] :1:1: Premature end of file.
2026-07-10 03:23:15,226 [ERROR] LogOutputStream:75 - [STDERR_REDIRECT] 
2026-07-10 03:23:16,244 [ERROR] LogOutputStream:75 - [STDERR_REDIRECT] [Fatal Error] :1:1: Premature end of file.
2026-07-10 03:23:16,244 [ERROR] LogOutputStream:75 - [STDERR_REDIRECT] 
2026-07-10 03:23:17,246 [ERROR] LogOutputStream:75 - [STDERR_REDIRECT] [Fatal Error] :1:1: Premature end of file.
2026-07-10 03:23:17,246 [ERROR] LogOutputStream:75 - [STDERR_REDIRECT] 
2026-07-10 03:23:18,238 [ERROR] LogOutputStream:75 - [STDERR_REDIRECT] [Fatal Error] :1:1: Premature end of file.
2026-07-10 03:23:18,240 [ERROR] LogOutputStream:75 - [STDERR_REDIRECT] 
2026-07-10 03:23:19,220 [ERROR] LogOutputStream:75 - [STDERR_REDIRECT] [Fatal Error] :1:1: Premature end of file.
2026-07-10 03:23:19,222 [ERROR] LogOutputStream:75 - [STDERR_REDIRECT] 
2026-07-10 03:23:20,251 [ERROR] LogOutputStream:75 - [STDERR_REDIRECT] [Fatal Error] :1:1: Premature end of file.
2026-07-10 03:23:20,251 [ERROR] LogOutputStream:75 - [STDERR_REDIRECT] 
2026-07-10 03:23:21,284 [ERROR] LogOutputStream:75 - [STDERR_REDIRECT] [Fatal Error] :1:1: Premature end of file.
2026-07-10 03:23:21,284 [ERROR] LogOutputStream:75 - [STDERR_REDIRECT] 
2026-07-10 03:23:22,232 [ERROR] LogOutputStream:75 - [STDERR_REDIRECT] [Fatal Error] :1:1: Premature end of file.
2026-07-10 03:23:22,234 [ERROR] LogOutputStream:75 - [STDERR_REDIRECT] 
2026-07-10 03:23:23,238 [ERROR] LogOutputStream:75 - [STDERR_REDIRECT] [Fatal Error] :1:1: Premature end of file.
2026-07-10 03:23:23,239 [ERROR] LogOutputStream:75 - [STDERR_REDIRECT] 
2026-07-10 03:23:24,277 [ERROR] LogOutputStream:75 - [STDERR_REDIRECT] [Fatal Error] :1:1: Premature end of file.
2026-07-10 03:23:24,277 [ERROR] LogOutputStream:75 - [STDERR_REDIRECT] 
2026-07-10 03:23:25,255 [ERROR] LogOutputStream:75 - [STDERR_REDIRECT] [Fatal Error] :1:1: Premature end of file.
2026-07-10 03:23:25,255 [ERROR] LogOutputStream:75 - [STDERR_REDIRECT] 
2026-07-10 03:23:26,258 [ERROR] LogOutputStream:75 - [STDERR_REDIRECT] [Fatal Error] :1:1: Premature end of file.
2026-07-10 03:23:26,260 [ERROR] LogOutputStream:75 - [STDERR_REDIRECT] 
2026-07-10 03:23:27,231 [ERROR] LogOutputStream:75 - [STDERR_REDIRECT] [Fatal Error] :1:1: Premature end of file.
2026-07-10 03:23:27,233 [ERROR] LogOutputStream:75 - [STDERR_REDIRECT] 
2026-07-10 03:23:28,243 [ERROR] LogOutputStream:75 - [STDERR_REDIRECT] [Fatal Error] :1:1: Premature end of file.
2026-07-10 03:23:28,243 [ERROR] LogOutputStream:75 - [STDERR_REDIRECT] 
2026-07-10 03:23:29,259 [ERROR] LogOutputStream:75 - [STDERR_REDIRECT] [Fatal Error] :1:1: Premature end of file.
2026-07-10 03:23:29,259 [ERROR] LogOutputStream:75 - [STDERR_REDIRECT] 
2026-07-10 03:23:30,260 [ERROR] LogOutputStream:75 - [STDERR_REDIRECT] [Fatal Error] :1:1: Premature end of file.
2026-07-10 03:23:30,261 [ERROR] LogOutputStream:75 - [STDERR_REDIRECT] 
2026-07-10 03:23:31,231 [ERROR] LogOutputStream:75 - [STDERR_REDIRECT] [Fatal Error] :1:1: Premature end of file.
2026-07-10 03:23:31,231 [ERROR] LogOutputStream:75 - [STDERR_REDIRECT] 
2026-07-10 03:23:32,238 [ERROR] LogOutputStream:75 - [STDERR_REDIRECT] [Fatal Error] :1:1: Premature end of file.
2026-07-10 03:23:32,238 [ERROR] LogOutputStream:75 - [STDERR_REDIRECT] 
2026-07-10 03:23:33,209 [ERROR] LogOutputStream:75 - [STDERR_REDIRECT] [Fatal Error] :1:1: Premature end of file.
2026-07-10 03:23:33,209 [ERROR] LogOutputStream:75 - [STDERR_REDIRECT] 
2026-07-10 03:23:34,244 [ERROR] LogOutputStream:75 - [STDERR_REDIRECT] [Fatal Error] :1:1: Premature end of file.
2026-07-10 03:23:34,246 [ERROR] LogOutputStream:75 - [STDERR_REDIRECT] 
2026-07-10 03:23:35,231 [ERROR] LogOutputStream:75 - [STDERR_REDIRECT] [Fatal Error] :1:1: Premature end of file.
2026-07-10 03:23:35,231 [ERROR] LogOutputStream:75 - [STDERR_REDIRECT] 
2026-07-10 03:23:36,214 [ERROR] LogOutputStream:75 - [STDERR_REDIRECT] [Fatal Error] :1:1: Premature end of file.
2026-07-10 03:23:36,214 [ERROR] LogOutputStream:75 - [STDERR_REDIRECT] 
2026-07-10 03:23:37,252 [ERROR] LogOutputStream:75 - [STDERR_REDIRECT] [Fatal Error] :1:1: Premature end of file.
2026-07-10 03:23:37,254 [ERROR] LogOutputStream:75 - [STDERR_REDIRECT] 
2026-07-10 03:23:38,232 [ERROR] LogOutputStream:75 - [STDERR_REDIRECT] [Fatal Error] :1:1: Premature end of file.
2026-07-10 03:23:38,233 [ERROR] LogOutputStream:75 - [STDERR_REDIRECT] 
2026-07-10 03:23:39,193 [ERROR] LogOutputStream:75 - [STDERR_REDIRECT] [Fatal Error] :1:1: Premature end of file.
2026-07-10 03:23:39,193 [ERROR] LogOutputStream:75 - [STDERR_REDIRECT] 
2026-07-10 03:23:40,277 [ERROR] LogOutputStream:75 - [STDERR_REDIRECT] [Fatal Error] :1:1: Premature end of file.
2026-07-10 03:23:40,279 [ERROR] LogOutputStream:75 - [STDERR_REDIRECT] 
2026-07-10 03:23:41,261 [ERROR] LogOutputStream:75 - [STDERR_REDIRECT] [Fatal Error] :1:1: Premature end of file.
2026-07-10 03:23:41,263 [ERROR] LogOutputStream:75 - [STDERR_REDIRECT] 
2026-07-10 03:23:42,297 [ERROR] LogOutputStream:75 - [STDERR_REDIRECT] [Fatal Error] :1:1: Premature end of file.
2026-07-10 03:23:42,301 [ERROR] LogOutputStream:75 - [STDERR_REDIRECT] 
2026-07-10 03:23:43,268 [ERROR] LogOutputStream:75 - [STDERR_REDIRECT] [Fatal Error] :1:1: Premature end of file.
2026-07-10 03:23:43,270 [ERROR] LogOutputStream:75 - [STDERR_REDIRECT] 
2026-07-10 03:23:44,257 [ERROR] LogOutputStream:75 - [STDERR_REDIRECT] [Fatal Error] :1:1: Premature end of file.
2026-07-10 03:23:44,262 [ERROR] LogOutputStream:75 - [STDERR_REDIRECT] 
2026-07-10 03:23:45,243 [ERROR] LogOutputStream:75 - [STDERR_REDIRECT] [Fatal Error] :1:1: Premature end of file.
2026-07-10 03:23:45,245 [ERROR] LogOutputStream:75 - [STDERR_REDIRECT] 
2026-07-10 03:23:46,259 [ERROR] LogOutputStream:75 - [STDERR_REDIRECT] [Fatal Error] :1:1: Premature end of file.
2026-07-10 03:23:46,259 [ERROR] LogOutputStream:75 - [STDERR_REDIRECT] 
2026-07-10 03:23:47,245 [ERROR] LogOutputStream:75 - [STDERR_REDIRECT] [Fatal Error] :1:1: Premature end of file.
2026-07-10 03:23:47,251 [ERROR] LogOutputStream:75 - [STDERR_REDIRECT] 
2026-07-10 03:23:48,254 [ERROR] LogOutputStream:75 - [STDERR_REDIRECT] [Fatal Error] :1:1: Premature end of file.
2026-07-10 03:23:48,254 [ERROR] LogOutputStream:75 - [STDERR_REDIRECT] 
2026-07-10 03:23:49,241 [ERROR] LogOutputStream:75 - [STDERR_REDIRECT] [Fatal Error] :1:1: Premature end of file.
2026-07-10 03:23:49,243 [ERROR] LogOutputStream:75 - [STDERR_REDIRECT] 
2026-07-10 03:23:50,226 [ERROR] LogOutputStream:75 - [STDERR_REDIRECT] [Fatal Error] :1:1: Premature end of file.
2026-07-10 03:23:50,226 [ERROR] LogOutputStream:75 - [STDERR_REDIRECT] 
2026-07-10 03:23:51,250 [ERROR] LogOutputStream:75 - [STDERR_REDIRECT] [Fatal Error] :1:1: Premature end of file.
2026-07-10 03:23:51,254 [ERROR] LogOutputStream:75 - [STDERR_REDIRECT] 
2026-07-10 03:23:52,457 [ERROR] LogOutputStream:75 - [STDERR_REDIRECT] [Fatal Error] :1:1: Premature end of file.
2026-07-10 03:23:52,460 [ERROR] LogOutputStream:75 - [STDERR_REDIRECT] 
2026-07-10 03:23:53,322 [ERROR] LogOutputStream:75 - [STDERR_REDIRECT] [Fatal Error] :1:1: Premature end of file.
2026-07-10 03:23:53,322 [ERROR] LogOutputStream:75 - [STDERR_REDIRECT] 
2026-07-10 03:23:54,242 [ERROR] LogOutputStream:75 - [STDERR_REDIRECT] [Fatal Error] :1:1: Premature end of file.
2026-07-10 03:23:54,242 [ERROR] LogOutputStream:75 - [STDERR_REDIRECT] 
2026-07-10 03:23:55,291 [ERROR] LogOutputStream:75 - [STDERR_REDIRECT] [Fatal Error] :1:1: Premature end of file.
2026-07-10 03:23:55,291 [ERROR] LogOutputStream:75 - [STDERR_REDIRECT] 
2026-07-10 03:23:56,373 [ERROR] LogOutputStream:75 - [STDERR_REDIRECT] [Fatal Error] :1:1: Premature end of file.
2026-07-10 03:23:56,377 [ERROR] LogOutputStream:75 - [STDERR_REDIRECT] 
2026-07-10 03:23:57,226 [ERROR] LogOutputStream:75 - [STDERR_REDIRECT] [Fatal Error] :1:1: Premature end of file.
2026-07-10 03:23:57,226 [ERROR] LogOutputStream:75 - [STDERR_REDIRECT] 
2026-07-10 03:23:58,237 [ERROR] LogOutputStream:75 - [STDERR_REDIRECT] [Fatal Error] :1:1: Premature end of file.
2026-07-10 03:23:58,240 [ERROR] LogOutputStream:75 - [STDERR_REDIRECT] 
2026-07-10 03:23:59,230 [ERROR] LogOutputStream:75 - [STDERR_REDIRECT] [Fatal Error] :1:1: Premature end of file.
2026-07-10 03:23:59,231 [ERROR] LogOutputStream:75 - [STDERR_REDIRECT] 
2026-07-10 03:24:00,318 [ERROR] LogOutputStream:75 - [STDERR_REDIRECT] [Fatal Error] :1:1: Premature end of file.
2026-07-10 03:24:00,318 [ERROR] LogOutputStream:75 - [STDERR_REDIRECT] 
2026-07-10 03:24:01,233 [ERROR] LogOutputStream:75 - [STDERR_REDIRECT] [Fatal Error] :1:1: Premature end of file.
2026-07-10 03:24:01,233 [ERROR] LogOutputStream:75 - [STDERR_REDIRECT] 
2026-07-10 03:24:02,247 [ERROR] LogOutputStream:75 - [STDERR_REDIRECT] [Fatal Error] :1:1: Premature end of file.
2026-07-10 03:24:02,249 [ERROR] LogOutputStream:75 - [STDERR_REDIRECT] 
2026-07-10 03:24:03,232 [ERROR] LogOutputStream:75 - [STDERR_REDIRECT] [Fatal Error] :1:1: Premature end of file.
2026-07-10 03:24:03,232 [ERROR] LogOutputStream:75 - [STDERR_REDIRECT] 
2026-07-10 03:24:04,214 [ERROR] LogOutputStream:75 - [STDERR_REDIRECT] [Fatal Error] :1:1: Premature end of file.
2026-07-10 03:24:04,214 [ERROR] LogOutputStream:75 - [STDERR_REDIRECT] 
2026-07-10 03:24:05,219 [ERROR] LogOutputStream:75 - [STDERR_REDIRECT] [Fatal Error] :1:1: Premature end of file.
2026-07-10 03:24:05,219 [ERROR] LogOutputStream:75 - [STDERR_REDIRECT] 
2026-07-10 03:24:06,210 [ERROR] LogOutputStream:75 - [STDERR_REDIRECT] [Fatal Error] :1:1: Premature end of file.
2026-07-10 03:24:06,210 [ERROR] LogOutputStream:75 - [STDERR_REDIRECT] 
2026-07-10 03:24:07,212 [ERROR] LogOutputStream:75 - [STDERR_REDIRECT] [Fatal Error] :1:1: Premature end of file.
2026-07-10 03:24:07,212 [ERROR] LogOutputStream:75 - [STDERR_REDIRECT] 
2026-07-10 03:24:08,224 [ERROR] LogOutputStream:75 - [STDERR_REDIRECT] [Fatal Error] :1:1: Premature end of file.
2026-07-10 03:24:08,224 [ERROR] LogOutputStream:75 - [STDERR_REDIRECT] 
2026-07-10 03:24:09,215 [ERROR] LogOutputStream:75 - [STDERR_REDIRECT] [Fatal Error] :1:1: Premature end of file.
2026-07-10 03:24:09,215 [ERROR] LogOutputStream:75 - [STDERR_REDIRECT] 
2026-07-10 03:24:10,217 [ERROR] LogOutputStream:75 - [STDERR_REDIRECT] [Fatal Error] :1:1: Premature end of file.
2026-07-10 03:24:10,217 [ERROR] LogOutputStream:75 - [STDERR_REDIRECT] 
2026-07-10 03:24:11,211 [ERROR] LogOutputStream:75 - [STDERR_REDIRECT] [Fatal Error] :1:1: Premature end of file.
2026-07-10 03:24:11,211 [ERROR] LogOutputStream:75 - [STDERR_REDIRECT] 
2026-07-10 03:24:12,220 [ERROR] LogOutputStream:75 - [STDERR_REDIRECT] [Fatal Error] :1:1: Premature end of file.
2026-07-10 03:24:12,220 [ERROR] LogOutputStream:75 - [STDERR_REDIRECT] 
2026-07-10 03:24:13,222 [ERROR] LogOutputStream:75 - [STDERR_REDIRECT] [Fatal Error] :1:1: Premature end of file.
2026-07-10 03:24:13,224 [ERROR] LogOutputStream:75 - [STDERR_REDIRECT] 
2026-07-10 03:24:14,229 [ERROR] LogOutputStream:75 - [STDERR_REDIRECT] [Fatal Error] :1:1: Premature end of file.
2026-07-10 03:24:14,229 [ERROR] LogOutputStream:75 - [STDERR_REDIRECT] 
2026-07-10 03:24:15,216 [ERROR] LogOutputStream:75 - [STDERR_REDIRECT] [Fatal Error] :1:1: Premature end of file.
2026-07-10 03:24:15,216 [ERROR] LogOutputStream:75 - [STDERR_REDIRECT] 
2026-07-10 03:24:16,241 [ERROR] LogOutputStream:75 - [STDERR_REDIRECT] [Fatal Error] :1:1: Premature end of file.
2026-07-10 03:24:16,241 [ERROR] LogOutputStream:75 - [STDERR_REDIRECT] 
2026-07-10 03:24:17,213 [ERROR] LogOutputStream:75 - [STDERR_REDIRECT] [Fatal Error] :1:1: Premature end of file.
2026-07-10 03:24:17,213 [ERROR] LogOutputStream:75 - [STDERR_REDIRECT] 
2026-07-10 03:24:18,211 [ERROR] LogOutputStream:75 - [STDERR_REDIRECT] [Fatal Error] :1:1: Premature end of file.
2026-07-10 03:24:18,219 [ERROR] LogOutputStream:75 - [STDERR_REDIRECT] 
2026-07-10 03:24:19,240 [ERROR] LogOutputStream:75 - [STDERR_REDIRECT] [Fatal Error] :1:1: Premature end of file.
2026-07-10 03:24:19,240 [ERROR] LogOutputStream:75 - [STDERR_REDIRECT] 
2026-07-10 03:24:20,220 [ERROR] LogOutputStream:75 - [STDERR_REDIRECT] [Fatal Error] :1:1: Premature end of file.
2026-07-10 03:24:20,220 [ERROR] LogOutputStream:75 - [STDERR_REDIRECT] 
2026-07-10 03:24:21,232 [ERROR] LogOutputStream:75 - [STDERR_REDIRECT] [Fatal Error] :1:1: Premature end of file.
2026-07-10 03:24:21,232 [ERROR] LogOutputStream:75 - [STDERR_REDIRECT] 
2026-07-10 03:24:22,211 [ERROR] LogOutputStream:75 - [STDERR_REDIRECT] [Fatal Error] :1:1: Premature end of file.
2026-07-10 03:24:22,211 [ERROR] LogOutputStream:75 - [STDERR_REDIRECT] 
2026-07-10 03:24:23,227 [ERROR] LogOutputStream:75 - [STDERR_REDIRECT] [Fatal Error] :1:1: Premature end of file.
2026-07-10 03:24:23,227 [ERROR] LogOutputStream:75 - [STDERR_REDIRECT] 
2026-07-10 03:24:24,233 [ERROR] LogOutputStream:75 - [STDERR_REDIRECT] [Fatal Error] :1:1: Premature end of file.
2026-07-10 03:24:24,233 [ERROR] LogOutputStream:75 - [STDERR_REDIRECT] 
2026-07-10 03:24:25,189 [ERROR] LogOutputStream:75 - [STDERR_REDIRECT] [Fatal Error] :1:1: Premature end of file.
2026-07-10 03:24:25,189 [ERROR] LogOutputStream:75 - [STDERR_REDIRECT] 
2026-07-10 03:24:26,234 [ERROR] LogOutputStream:75 - [STDERR_REDIRECT] [Fatal Error] :1:1: Premature end of file.
2026-07-10 03:24:26,234 [ERROR] LogOutputStream:75 - [STDERR_REDIRECT] 
2026-07-10 03:24:27,210 [ERROR] LogOutputStream:75 - [STDERR_REDIRECT] [Fatal Error] :1:1: Premature end of file.
2026-07-10 03:24:27,213 [ERROR] LogOutputStream:75 - [STDERR_REDIRECT] 
2026-07-10 03:24:28,207 [ERROR] LogOutputStream:75 - [STDERR_REDIRECT] [Fatal Error] :1:1: Premature end of file.
2026-07-10 03:24:28,207 [ERROR] LogOutputStream:75 - [STDERR_REDIRECT] 
2026-07-10 03:24:29,213 [ERROR] LogOutputStream:75 - [STDERR_REDIRECT] [Fatal Error] :1:1: Premature end of file.
2026-07-10 03:24:29,214 [ERROR] LogOutputStream:75 - [STDERR_REDIRECT] 
2026-07-10 03:24:30,231 [ERROR] LogOutputStream:75 - [STDERR_REDIRECT] [Fatal Error] :1:1: Premature end of file.
2026-07-10 03:24:30,233 [ERROR] LogOutputStream:75 - [STDERR_REDIRECT] 
2026-07-10 03:24:31,225 [ERROR] LogOutputStream:75 - [STDERR_REDIRECT] [Fatal Error] :1:1: Premature end of file.
2026-07-10 03:24:31,225 [ERROR] LogOutputStream:75 - [STDERR_REDIRECT] 
2026-07-10 03:24:32,227 [ERROR] LogOutputStream:75 - [STDERR_REDIRECT] [Fatal Error] :1:1: Premature end of file.
2026-07-10 03:24:32,227 [ERROR] LogOutputStream:75 - [STDERR_REDIRECT] 
2026-07-10 03:24:33,219 [ERROR] LogOutputStream:75 - [STDERR_REDIRECT] [Fatal Error] :1:1: Premature end of file.
2026-07-10 03:24:33,219 [ERROR] LogOutputStream:75 - [STDERR_REDIRECT] 
2026-07-10 03:24:34,227 [ERROR] LogOutputStream:75 - [STDERR_REDIRECT] [Fatal Error] :1:1: Premature end of file.
2026-07-10 03:24:34,227 [ERROR] LogOutputStream:75 - [STDERR_REDIRECT] 
2026-07-10 03:24:35,222 [ERROR] LogOutputStream:75 - [STDERR_REDIRECT] [Fatal Error] :1:1: Premature end of file.
2026-07-10 03:24:35,224 [ERROR] LogOutputStream:75 - [STDERR_REDIRECT] 
2026-07-10 03:24:36,226 [ERROR] LogOutputStream:75 - [STDERR_REDIRECT] [Fatal Error] :1:1: Premature end of file.
2026-07-10 03:24:36,226 [ERROR] LogOutputStream:75 - [STDERR_REDIRECT] 
2026-07-10 03:24:37,212 [ERROR] LogOutputStream:75 - [STDERR_REDIRECT] [Fatal Error] :1:1: Premature end of file.
2026-07-10 03:24:37,212 [ERROR] LogOutputStream:75 - [STDERR_REDIRECT] 
2026-07-10 03:24:38,214 [ERROR] LogOutputStream:75 - [STDERR_REDIRECT] [Fatal Error] :1:1: Premature end of file.
2026-07-10 03:24:38,214 [ERROR] LogOutputStream:75 - [STDERR_REDIRECT] 
2026-07-10 03:24:39,228 [ERROR] LogOutputStream:75 - [STDERR_REDIRECT] [Fatal Error] :1:1: Premature end of file.
2026-07-10 03:24:39,228 [ERROR] LogOutputStream:75 - [STDERR_REDIRECT] 
2026-07-10 03:24:40,226 [ERROR] LogOutputStream:75 - [STDERR_REDIRECT] [Fatal Error] :1:1: Premature end of file.
2026-07-10 03:24:40,226 [ERROR] LogOutputStream:75 - [STDERR_REDIRECT] 
2026-07-10 03:24:41,225 [ERROR] LogOutputStream:75 - [STDERR_REDIRECT] [Fatal Error] :1:1: Premature end of file.
2026-07-10 03:24:41,235 [ERROR] LogOutputStream:75 - [STDERR_REDIRECT] 
2026-07-10 03:24:42,247 [ERROR] LogOutputStream:75 - [STDERR_REDIRECT] [Fatal Error] :1:1: Premature end of file.
2026-07-10 03:24:42,247 [ERROR] LogOutputStream:75 - [STDERR_REDIRECT] 
2026-07-10 03:24:43,224 [ERROR] LogOutputStream:75 - [STDERR_REDIRECT] [Fatal Error] :1:1: Premature end of file.
2026-07-10 03:24:43,224 [ERROR] LogOutputStream:75 - [STDERR_REDIRECT] 
2026-07-10 03:24:44,221 [ERROR] LogOutputStream:75 - [STDERR_REDIRECT] [Fatal Error] :1:1: Premature end of file.
2026-07-10 03:24:44,221 [ERROR] LogOutputStream:75 - [STDERR_REDIRECT] 
2026-07-10 03:24:45,250 [ERROR] LogOutputStream:75 - [STDERR_REDIRECT] [Fatal Error] :1:1: Premature end of file.
2026-07-10 03:24:45,250 [ERROR] LogOutputStream:75 - [STDERR_REDIRECT] 
2026-07-10 03:24:46,265 [ERROR] LogOutputStream:75 - [STDERR_REDIRECT] [Fatal Error] :1:1: Premature end of file.
2026-07-10 03:24:46,273 [ERROR] LogOutputStream:75 - [STDERR_REDIRECT] 
2026-07-10 03:24:47,220 [ERROR] LogOutputStream:75 - [STDERR_REDIRECT] [Fatal Error] :1:1: Premature end of file.
2026-07-10 03:24:47,220 [ERROR] LogOutputStream:75 - [STDERR_REDIRECT] 
2026-07-10 03:24:48,233 [ERROR] LogOutputStream:75 - [STDERR_REDIRECT] [Fatal Error] :1:1: Premature end of file.
2026-07-10 03:24:48,233 [ERROR] LogOutputStream:75 - [STDERR_REDIRECT] 
2026-07-10 03:24:49,218 [ERROR] LogOutputStream:75 - [STDERR_REDIRECT] [Fatal Error] :1:1: Premature end of file.
2026-07-10 03:24:49,218 [ERROR] LogOutputStream:75 - [STDERR_REDIRECT] 
2026-07-10 03:24:50,212 [ERROR] LogOutputStream:75 - [STDERR_REDIRECT] [Fatal Error] :1:1: Premature end of file.
2026-07-10 03:24:50,212 [ERROR] LogOutputStream:75 - [STDERR_REDIRECT] 
2026-07-10 03:24:51,218 [ERROR] LogOutputStream:75 - [STDERR_REDIRECT] [Fatal Error] :1:1: Premature end of file.
2026-07-10 03:24:51,218 [ERROR] LogOutputStream:75 - [STDERR_REDIRECT] 
2026-07-10 03:24:52,211 [ERROR] LogOutputStream:75 - [STDERR_REDIRECT] [Fatal Error] :1:1: Premature end of file.
2026-07-10 03:24:52,211 [ERROR] LogOutputStream:75 - [STDERR_REDIRECT] 
2026-07-10 03:24:53,230 [ERROR] LogOutputStream:75 - [STDERR_REDIRECT] [Fatal Error] :1:1: Premature end of file.
2026-07-10 03:24:53,231 [ERROR] LogOutputStream:75 - [STDERR_REDIRECT] 
2026-07-10 03:24:54,203 [ERROR] LogOutputStream:75 - [STDERR_REDIRECT] [Fatal Error] :1:1: Premature end of file.
2026-07-10 03:24:54,203 [ERROR] LogOutputStream:75 - [STDERR_REDIRECT] 
2026-07-10 03:24:55,226 [ERROR] LogOutputStream:75 - [STDERR_REDIRECT] [Fatal Error] :1:1: Premature end of file.
2026-07-10 03:24:55,226 [ERROR] LogOutputStream:75 - [STDERR_REDIRECT] 
2026-07-10 03:24:56,202 [ERROR] LogOutputStream:75 - [STDERR_REDIRECT] [Fatal Error] :1:1: Premature end of file.
2026-07-10 03:24:56,202 [ERROR] LogOutputStream:75 - [STDERR_REDIRECT] 
2026-07-10 03:24:57,226 [ERROR] LogOutputStream:75 - [STDERR_REDIRECT] [Fatal Error] :1:1: Premature end of file.
2026-07-10 03:24:57,226 [ERROR] LogOutputStream:75 - [STDERR_REDIRECT] 
2026-07-10 03:24:58,219 [ERROR] LogOutputStream:75 - [STDERR_REDIRECT] [Fatal Error] :1:1: Premature end of file.
2026-07-10 03:24:58,219 [ERROR] LogOutputStream:75 - [STDERR_REDIRECT] 
2026-07-10 03:24:59,223 [ERROR] LogOutputStream:75 - [STDERR_REDIRECT] [Fatal Error] :1:1: Premature end of file.
2026-07-10 03:24:59,223 [ERROR] LogOutputStream:75 - [STDERR_REDIRECT] 
2026-07-10 03:25:00,216 [ERROR] LogOutputStream:75 - [STDERR_REDIRECT] [Fatal Error] :1:1: Premature end of file.
2026-07-10 03:25:00,216 [ERROR] LogOutputStream:75 - [STDERR_REDIRECT] 
2026-07-10 03:25:01,235 [ERROR] LogOutputStream:75 - [STDERR_REDIRECT] [Fatal Error] :1:1: Premature end of file.
2026-07-10 03:25:01,235 [ERROR] LogOutputStream:75 - [STDERR_REDIRECT] 
2026-07-10 03:25:02,216 [ERROR] LogOutputStream:75 - [STDERR_REDIRECT] [Fatal Error] :1:1: Premature end of file.
2026-07-10 03:25:02,216 [ERROR] LogOutputStream:75 - [STDERR_REDIRECT] 
2026-07-10 03:25:03,258 [ERROR] LogOutputStream:75 - [STDERR_REDIRECT] [Fatal Error] :1:1: Premature end of file.
2026-07-10 03:25:03,260 [ERROR] LogOutputStream:75 - [STDERR_REDIRECT] 
2026-07-10 03:25:04,208 [ERROR] LogOutputStream:75 - [STDERR_REDIRECT] [Fatal Error] :1:1: Premature end of file.
2026-07-10 03:25:04,208 [ERROR] LogOutputStream:75 - [STDERR_REDIRECT] 
2026-07-10 03:25:05,211 [ERROR] LogOutputStream:75 - [STDERR_REDIRECT] [Fatal Error] :1:1: Premature end of file.
2026-07-10 03:25:05,217 [ERROR] LogOutputStream:75 - [STDERR_REDIRECT] 
2026-07-10 03:25:06,214 [ERROR] LogOutputStream:75 - [STDERR_REDIRECT] [Fatal Error] :1:1: Premature end of file.
2026-07-10 03:25:06,214 [ERROR] LogOutputStream:75 - [STDERR_REDIRECT] 
2026-07-10 03:25:07,215 [ERROR] LogOutputStream:75 - [STDERR_REDIRECT] [Fatal Error] :1:1: Premature end of file.
2026-07-10 03:25:07,217 [ERROR] LogOutputStream:75 - [STDERR_REDIRECT] 
2026-07-10 03:25:08,215 [ERROR] LogOutputStream:75 - [STDERR_REDIRECT] [Fatal Error] :1:1: Premature end of file.
2026-07-10 03:25:08,215 [ERROR] LogOutputStream:75 - [STDERR_REDIRECT] 
2026-07-10 03:25:09,225 [ERROR] LogOutputStream:75 - [STDERR_REDIRECT] [Fatal Error] :1:1: Premature end of file.
2026-07-10 03:25:09,225 [ERROR] LogOutputStream:75 - [STDERR_REDIRECT] 
2026-07-10 03:25:10,228 [ERROR] LogOutputStream:75 - [STDERR_REDIRECT] [Fatal Error] :1:1: Premature end of file.
2026-07-10 03:25:10,228 [ERROR] LogOutputStream:75 - [STDERR_REDIRECT] 
2026-07-10 03:25:11,236 [ERROR] LogOutputStream:75 - [STDERR_REDIRECT] [Fatal Error] :1:1: Premature end of file.
2026-07-10 03:25:11,236 [ERROR] LogOutputStream:75 - [STDERR_REDIRECT] 
2026-07-10 03:25:12,195 [ERROR] LogOutputStream:75 - [STDERR_REDIRECT] [Fatal Error] :1:1: Premature end of file.
2026-07-10 03:25:12,195 [ERROR] LogOutputStream:75 - [STDERR_REDIRECT] 
2026-07-10 03:25:13,234 [ERROR] LogOutputStream:75 - [STDERR_REDIRECT] [Fatal Error] :1:1: Premature end of file.
2026-07-10 03:25:13,234 [ERROR] LogOutputStream:75 - [STDERR_REDIRECT] 
2026-07-10 03:25:14,234 [ERROR] LogOutputStream:75 - [STDERR_REDIRECT] [Fatal Error] :1:1: Premature end of file.
2026-07-10 03:25:14,234 [ERROR] LogOutputStream:75 - [STDERR_REDIRECT] 
2026-07-10 03:25:15,235 [ERROR] LogOutputStream:75 - [STDERR_REDIRECT] [Fatal Error] :1:1: Premature end of file.
2026-07-10 03:25:15,235 [ERROR] LogOutputStream:75 - [STDERR_REDIRECT] 
2026-07-10 03:25:16,243 [ERROR] LogOutputStream:75 - [STDERR_REDIRECT] [Fatal Error] :1:1: Premature end of file.
2026-07-10 03:25:16,243 [ERROR] LogOutputStream:75 - [STDERR_REDIRECT] 
2026-07-10 03:25:17,217 [ERROR] LogOutputStream:75 - [STDERR_REDIRECT] [Fatal Error] :1:1: Premature end of file.
2026-07-10 03:25:17,217 [ERROR] LogOutputStream:75 - [STDERR_REDIRECT] 
2026-07-10 03:25:18,239 [ERROR] LogOutputStream:75 - [STDERR_REDIRECT] [Fatal Error] :1:1: Premature end of file.
2026-07-10 03:25:18,239 [ERROR] LogOutputStream:75 - [STDERR_REDIRECT] 
2026-07-10 03:25:19,214 [ERROR] LogOutputStream:75 - [STDERR_REDIRECT] [Fatal Error] :1:1: Premature end of file.
2026-07-10 03:25:19,214 [ERROR] LogOutputStream:75 - [STDERR_REDIRECT] 
2026-07-10 03:25:20,231 [ERROR] LogOutputStream:75 - [STDERR_REDIRECT] [Fatal Error] :1:1: Premature end of file.
2026-07-10 03:25:20,231 [ERROR] LogOutputStream:75 - [STDERR_REDIRECT] 
2026-07-10 03:25:21,252 [ERROR] LogOutputStream:75 - [STDERR_REDIRECT] [Fatal Error] :1:1: Premature end of file.
2026-07-10 03:25:21,254 [ERROR] LogOutputStream:75 - [STDERR_REDIRECT] 
2026-07-10 03:25:22,250 [ERROR] LogOutputStream:75 - [STDERR_REDIRECT] [Fatal Error] :1:1: Premature end of file.
2026-07-10 03:25:22,250 [ERROR] LogOutputStream:75 - [STDERR_REDIRECT] 
2026-07-10 03:25:23,226 [ERROR] LogOutputStream:75 - [STDERR_REDIRECT] [Fatal Error] :1:1: Premature end of file.
2026-07-10 03:25:23,226 [ERROR] LogOutputStream:75 - [STDERR_REDIRECT] 
2026-07-10 03:25:24,248 [ERROR] LogOutputStream:75 - [STDERR_REDIRECT] [Fatal Error] :1:1: Premature end of file.
2026-07-10 03:25:24,248 [ERROR] LogOutputStream:75 - [STDERR_REDIRECT] 
2026-07-10 03:25:25,225 [ERROR] LogOutputStream:75 - [STDERR_REDIRECT] [Fatal Error] :1:1: Premature end of file.
2026-07-10 03:25:25,225 [ERROR] LogOutputStream:75 - [STDERR_REDIRECT] 
2026-07-10 03:25:26,228 [ERROR] LogOutputStream:75 - [STDERR_REDIRECT] [Fatal Error] :1:1: Premature end of file.
2026-07-10 03:25:26,228 [ERROR] LogOutputStream:75 - [STDERR_REDIRECT] 
2026-07-10 03:25:27,215 [ERROR] LogOutputStream:75 - [STDERR_REDIRECT] [Fatal Error] :1:1: Premature end of file.
2026-07-10 03:25:27,215 [ERROR] LogOutputStream:75 - [STDERR_REDIRECT] 
2026-07-10 03:25:28,204 [ERROR] LogOutputStream:75 - [STDERR_REDIRECT] [Fatal Error] :1:1: Premature end of file.
2026-07-10 03:25:28,204 [ERROR] LogOutputStream:75 - [STDERR_REDIRECT] 
2026-07-10 03:25:29,218 [ERROR] LogOutputStream:75 - [STDERR_REDIRECT] [Fatal Error] :1:1: Premature end of file.
2026-07-10 03:25:29,218 [ERROR] LogOutputStream:75 - [STDERR_REDIRECT] 
2026-07-10 03:25:30,223 [ERROR] LogOutputStream:75 - [STDERR_REDIRECT] [Fatal Error] :1:1: Premature end of file.
2026-07-10 03:25:30,223 [ERROR] LogOutputStream:75 - [STDERR_REDIRECT] 
2026-07-10 03:25:31,216 [ERROR] LogOutputStream:75 - [STDERR_REDIRECT] [Fatal Error] :1:1: Premature end of file.
2026-07-10 03:25:31,216 [ERROR] LogOutputStream:75 - [STDERR_REDIRECT] 
2026-07-10 03:25:32,226 [ERROR] LogOutputStream:75 - [STDERR_REDIRECT] [Fatal Error] :1:1: Premature end of file.
2026-07-10 03:25:32,226 [ERROR] LogOutputStream:75 - [STDERR_REDIRECT] 
2026-07-10 03:25:33,203 [ERROR] LogOutputStream:75 - [STDERR_REDIRECT] [Fatal Error] :1:1: Premature end of file.
2026-07-10 03:25:33,203 [ERROR] LogOutputStream:75 - [STDERR_REDIRECT] 
2026-07-10 03:25:34,225 [ERROR] LogOutputStream:75 - [STDERR_REDIRECT] [Fatal Error] :1:1: Premature end of file.
2026-07-10 03:25:34,225 [ERROR] LogOutputStream:75 - [STDERR_REDIRECT] 
2026-07-10 03:25:35,218 [ERROR] LogOutputStream:75 - [STDERR_REDIRECT] [Fatal Error] :1:1: Premature end of file.
2026-07-10 03:25:35,218 [ERROR] LogOutputStream:75 - [STDERR_REDIRECT] 
2026-07-10 03:25:36,217 [ERROR] LogOutputStream:75 - [STDERR_REDIRECT] [Fatal Error] :1:1: Premature end of file.
2026-07-10 03:25:36,217 [ERROR] LogOutputStream:75 - [STDERR_REDIRECT] 
2026-07-10 03:25:37,227 [ERROR] LogOutputStream:75 - [STDERR_REDIRECT] [Fatal Error] :1:1: Premature end of file.
2026-07-10 03:25:37,227 [ERROR] LogOutputStream:75 - [STDERR_REDIRECT] 
2026-07-10 03:25:38,267 [ERROR] LogOutputStream:75 - [STDERR_REDIRECT] [Fatal Error] :1:1: Premature end of file.
2026-07-10 03:25:38,267 [ERROR] LogOutputStream:75 - [STDERR_REDIRECT] 
2026-07-10 03:25:39,226 [ERROR] LogOutputStream:75 - [STDERR_REDIRECT] [Fatal Error] :1:1: Premature end of file.
2026-07-10 03:25:39,228 [ERROR] LogOutputStream:75 - [STDERR_REDIRECT] 
2026-07-10 03:25:40,219 [ERROR] LogOutputStream:75 - [STDERR_REDIRECT] [Fatal Error] :1:1: Premature end of file.
2026-07-10 03:25:40,219 [ERROR] LogOutputStream:75 - [STDERR_REDIRECT] 
2026-07-10 03:25:41,197 [ERROR] LogOutputStream:75 - [STDERR_REDIRECT] [Fatal Error] :1:1: Premature end of file.
2026-07-10 03:25:41,197 [ERROR] LogOutputStream:75 - [STDERR_REDIRECT] 
2026-07-10 03:25:42,220 [ERROR] LogOutputStream:75 - [STDERR_REDIRECT] [Fatal Error] :1:1: Premature end of file.
2026-07-10 03:25:42,222 [ERROR] LogOutputStream:75 - [STDERR_REDIRECT] 
2026-07-10 03:25:43,216 [ERROR] LogOutputStream:75 - [STDERR_REDIRECT] [Fatal Error] :1:1: Premature end of file.
2026-07-10 03:25:43,216 [ERROR] LogOutputStream:75 - [STDERR_REDIRECT] 
2026-07-10 03:25:44,206 [ERROR] LogOutputStream:75 - [STDERR_REDIRECT] [Fatal Error] :1:1: Premature end of file.
2026-07-10 03:25:44,206 [ERROR] LogOutputStream:75 - [STDERR_REDIRECT] 
2026-07-10 03:25:45,229 [ERROR] LogOutputStream:75 - [STDERR_REDIRECT] [Fatal Error] :1:1: Premature end of file.
2026-07-10 03:25:45,229 [ERROR] LogOutputStream:75 - [STDERR_REDIRECT] 
2026-07-10 03:25:46,229 [ERROR] LogOutputStream:75 - [STDERR_REDIRECT] [Fatal Error] :1:1: Premature end of file.
2026-07-10 03:25:46,231 [ERROR] LogOutputStream:75 - [STDERR_REDIRECT] 
2026-07-10 03:25:47,204 [ERROR] LogOutputStream:75 - [STDERR_REDIRECT] [Fatal Error] :1:1: Premature end of file.
2026-07-10 03:25:47,204 [ERROR] LogOutputStream:75 - [STDERR_REDIRECT] 
2026-07-10 03:25:48,210 [ERROR] LogOutputStream:75 - [STDERR_REDIRECT] [Fatal Error] :1:1: Premature end of file.
2026-07-10 03:25:48,210 [ERROR] LogOutputStream:75 - [STDERR_REDIRECT] 
2026-07-10 03:25:49,232 [ERROR] LogOutputStream:75 - [STDERR_REDIRECT] [Fatal Error] :1:1: Premature end of file.
2026-07-10 03:25:49,232 [ERROR] LogOutputStream:75 - [STDERR_REDIRECT] 
2026-07-10 03:25:50,213 [ERROR] LogOutputStream:75 - [STDERR_REDIRECT] [Fatal Error] :1:1: Premature end of file.
2026-07-10 03:25:50,213 [ERROR] LogOutputStream:75 - [STDERR_REDIRECT] 
2026-07-10 03:25:51,234 [ERROR] LogOutputStream:75 - [STDERR_REDIRECT] [Fatal Error] :1:1: Premature end of file.
2026-07-10 03:25:51,234 [ERROR] LogOutputStream:75 - [STDERR_REDIRECT] 
2026-07-10 03:25:52,236 [ERROR] LogOutputStream:75 - [STDERR_REDIRECT] [Fatal Error] :1:1: Premature end of file.
2026-07-10 03:25:52,236 [ERROR] LogOutputStream:75 - [STDERR_REDIRECT] 
2026-07-10 03:25:53,226 [ERROR] LogOutputStream:75 - [STDERR_REDIRECT] [Fatal Error] :1:1: Premature end of file.
2026-07-10 03:25:53,226 [ERROR] LogOutputStream:75 - [STDERR_REDIRECT] 
2026-07-10 03:25:54,223 [ERROR] LogOutputStream:75 - [STDERR_REDIRECT] [Fatal Error] :1:1: Premature end of file.
2026-07-10 03:25:54,223 [ERROR] LogOutputStream:75 - [STDERR_REDIRECT] 
2026-07-10 03:25:55,205 [ERROR] LogOutputStream:75 - [STDERR_REDIRECT] [Fatal Error] :1:1: Premature end of file.
2026-07-10 03:25:55,205 [ERROR] LogOutputStream:75 - [STDERR_REDIRECT] 
2026-07-10 03:25:56,225 [ERROR] LogOutputStream:75 - [STDERR_REDIRECT] [Fatal Error] :1:1: Premature end of file.
2026-07-10 03:25:56,225 [ERROR] LogOutputStream:75 - [STDERR_REDIRECT] 
2026-07-10 03:25:57,234 [ERROR] LogOutputStream:75 - [STDERR_REDIRECT] [Fatal Error] :1:1: Premature end of file.
2026-07-10 03:25:57,236 [ERROR] LogOutputStream:75 - [STDERR_REDIRECT] 
2026-07-10 03:25:58,250 [ERROR] LogOutputStream:75 - [STDERR_REDIRECT] [Fatal Error] :1:1: Premature end of file.
2026-07-10 03:25:58,252 [ERROR] LogOutputStream:75 - [STDERR_REDIRECT] 
2026-07-10 03:25:59,225 [ERROR] LogOutputStream:75 - [STDERR_REDIRECT] [Fatal Error] :1:1: Premature end of file.
2026-07-10 03:25:59,225 [ERROR] LogOutputStream:75 - [STDERR_REDIRECT] 
2026-07-10 03:26:00,269 [ERROR] LogOutputStream:75 - [STDERR_REDIRECT] [Fatal Error] :1:1: Premature end of file.
2026-07-10 03:26:00,269 [ERROR] LogOutputStream:75 - [STDERR_REDIRECT] 
2026-07-10 03:26:01,195 [ERROR] LogOutputStream:75 - [STDERR_REDIRECT] [Fatal Error] :1:1: Premature end of file.
2026-07-10 03:26:01,195 [ERROR] LogOutputStream:75 - [STDERR_REDIRECT] 
2026-07-10 03:26:02,208 [ERROR] LogOutputStream:75 - [STDERR_REDIRECT] [Fatal Error] :1:1: Premature end of file.
2026-07-10 03:26:02,208 [ERROR] LogOutputStream:75 - [STDERR_REDIRECT] 
2026-07-10 03:26:03,214 [ERROR] LogOutputStream:75 - [STDERR_REDIRECT] [Fatal Error] :1:1: Premature end of file.
2026-07-10 03:26:03,214 [ERROR] LogOutputStream:75 - [STDERR_REDIRECT] 
2026-07-10 03:26:04,227 [ERROR] LogOutputStream:75 - [STDERR_REDIRECT] [Fatal Error] :1:1: Premature end of file.
2026-07-10 03:26:04,229 [ERROR] LogOutputStream:75 - [STDERR_REDIRECT] 
2026-07-10 03:26:05,202 [ERROR] LogOutputStream:75 - [STDERR_REDIRECT] [Fatal Error] :1:1: Premature end of file.
2026-07-10 03:26:05,202 [ERROR] LogOutputStream:75 - [STDERR_REDIRECT] 
2026-07-10 03:26:06,242 [ERROR] LogOutputStream:75 - [STDERR_REDIRECT] [Fatal Error] :1:1: Premature end of file.
2026-07-10 03:26:06,242 [ERROR] LogOutputStream:75 - [STDERR_REDIRECT] 
2026-07-10 03:26:07,206 [ERROR] LogOutputStream:75 - [STDERR_REDIRECT] [Fatal Error] :1:1: Premature end of file.
2026-07-10 03:26:07,206 [ERROR] LogOutputStream:75 - [STDERR_REDIRECT] 
2026-07-10 03:26:08,224 [ERROR] LogOutputStream:75 - [STDERR_REDIRECT] [Fatal Error] :1:1: Premature end of file.
2026-07-10 03:26:08,226 [ERROR] LogOutputStream:75 - [STDERR_REDIRECT] 
2026-07-10 03:26:09,228 [ERROR] LogOutputStream:75 - [STDERR_REDIRECT] [Fatal Error] :1:1: Premature end of file.
2026-07-10 03:26:09,228 [ERROR] LogOutputStream:75 - [STDERR_REDIRECT] 
2026-07-10 03:26:10,217 [ERROR] LogOutputStream:75 - [STDERR_REDIRECT] [Fatal Error] :1:1: Premature end of file.
2026-07-10 03:26:10,217 [ERROR] LogOutputStream:75 - [STDERR_REDIRECT] 
2026-07-10 03:26:11,237 [ERROR] LogOutputStream:75 - [STDERR_REDIRECT] [Fatal Error] :1:1: Premature end of file.
2026-07-10 03:26:11,237 [ERROR] LogOutputStream:75 - [STDERR_REDIRECT] 
2026-07-10 03:26:12,222 [ERROR] LogOutputStream:75 - [STDERR_REDIRECT] [Fatal Error] :1:1: Premature end of file.
2026-07-10 03:26:12,222 [ERROR] LogOutputStream:75 - [STDERR_REDIRECT] 
2026-07-10 03:26:13,271 [ERROR] LogOutputStream:75 - [STDERR_REDIRECT] [Fatal Error] :1:1: Premature end of file.
2026-07-10 03:26:13,271 [ERROR] LogOutputStream:75 - [STDERR_REDIRECT] 
2026-07-10 03:26:14,209 [ERROR] LogOutputStream:75 - [STDERR_REDIRECT] [Fatal Error] :1:1: Premature end of file.
2026-07-10 03:26:14,209 [ERROR] LogOutputStream:75 - [STDERR_REDIRECT] 
2026-07-10 03:26:15,242 [ERROR] LogOutputStream:75 - [STDERR_REDIRECT] [Fatal Error] :1:1: Premature end of file.
2026-07-10 03:26:15,242 [ERROR] LogOutputStream:75 - [STDERR_REDIRECT] 
2026-07-10 03:26:16,209 [ERROR] LogOutputStream:75 - [STDERR_REDIRECT] [Fatal Error] :1:1: Premature end of file.
2026-07-10 03:26:16,209 [ERROR] LogOutputStream:75 - [STDERR_REDIRECT] 
2026-07-10 03:26:17,206 [ERROR] LogOutputStream:75 - [STDERR_REDIRECT] [Fatal Error] :1:1: Premature end of file.
2026-07-10 03:26:17,206 [ERROR] LogOutputStream:75 - [STDERR_REDIRECT] 
2026-07-10 03:26:18,181 [ERROR] LogOutputStream:75 - [STDERR_REDIRECT] [Fatal Error] :1:1: Premature end of file.
2026-07-10 03:26:18,181 [ERROR] LogOutputStream:75 - [STDERR_REDIRECT] 
2026-07-10 03:26:19,230 [ERROR] LogOutputStream:75 - [STDERR_REDIRECT] [Fatal Error] :1:1: Premature end of file.
2026-07-10 03:26:19,234 [ERROR] LogOutputStream:75 - [STDERR_REDIRECT] 
2026-07-10 03:26:20,237 [ERROR] LogOutputStream:75 - [STDERR_REDIRECT] [Fatal Error] :1:1: Premature end of file.
2026-07-10 03:26:20,237 [ERROR] LogOutputStream:75 - [STDERR_REDIRECT] 
2026-07-10 03:26:21,212 [ERROR] LogOutputStream:75 - [STDERR_REDIRECT] [Fatal Error] :1:1: Premature end of file.
2026-07-10 03:26:21,212 [ERROR] LogOutputStream:75 - [STDERR_REDIRECT] 
2026-07-10 03:26:22,219 [ERROR] LogOutputStream:75 - [STDERR_REDIRECT] [Fatal Error] :1:1: Premature end of file.
2026-07-10 03:26:22,227 [ERROR] LogOutputStream:75 - [STDERR_REDIRECT] 
2026-07-10 03:26:23,200 [ERROR] LogOutputStream:75 - [STDERR_REDIRECT] [Fatal Error] :1:1: Premature end of file.
2026-07-10 03:26:23,200 [ERROR] LogOutputStream:75 - [STDERR_REDIRECT] 
2026-07-10 03:26:24,232 [ERROR] LogOutputStream:75 - [STDERR_REDIRECT] [Fatal Error] :1:1: Premature end of file.
2026-07-10 03:26:24,238 [ERROR] LogOutputStream:75 - [STDERR_REDIRECT] 
2026-07-10 03:26:25,228 [ERROR] LogOutputStream:75 - [STDERR_REDIRECT] [Fatal Error] :1:1: Premature end of file.
2026-07-10 03:26:25,234 [ERROR] LogOutputStream:75 - [STDERR_REDIRECT] 
2026-07-10 03:26:26,237 [ERROR] LogOutputStream:75 - [STDERR_REDIRECT] [Fatal Error] :1:1: Premature end of file.
2026-07-10 03:26:26,239 [ERROR] LogOutputStream:75 - [STDERR_REDIRECT] 
2026-07-10 03:26:27,294 [ERROR] LogOutputStream:75 - [STDERR_REDIRECT] [Fatal Error] :1:1: Premature end of file.
2026-07-10 03:26:27,294 [ERROR] LogOutputStream:75 - [STDERR_REDIRECT] 
2026-07-10 03:26:28,220 [ERROR] LogOutputStream:75 - [STDERR_REDIRECT] [Fatal Error] :1:1: Premature end of file.
2026-07-10 03:26:28,223 [ERROR] LogOutputStream:75 - [STDERR_REDIRECT] 
2026-07-10 03:26:29,194 [ERROR] LogOutputStream:75 - [STDERR_REDIRECT] [Fatal Error] :1:1: Premature end of file.
2026-07-10 03:26:29,196 [ERROR] LogOutputStream:75 - [STDERR_REDIRECT] 
2026-07-10 03:26:30,271 [ERROR] LogOutputStream:75 - [STDERR_REDIRECT] [Fatal Error] :1:1: Premature end of file.
2026-07-10 03:26:30,271 [ERROR] LogOutputStream:75 - [STDERR_REDIRECT] 
2026-07-10 03:26:31,216 [ERROR] LogOutputStream:75 - [STDERR_REDIRECT] [Fatal Error] :1:1: Premature end of file.
2026-07-10 03:26:31,216 [ERROR] LogOutputStream:75 - [STDERR_REDIRECT] 
2026-07-10 03:26:32,206 [ERROR] LogOutputStream:75 - [STDERR_REDIRECT] [Fatal Error] :1:1: Premature end of file.
2026-07-10 03:26:32,206 [ERROR] LogOutputStream:75 - [STDERR_REDIRECT] 
2026-07-10 03:26:33,243 [ERROR] LogOutputStream:75 - [STDERR_REDIRECT] [Fatal Error] :1:1: Premature end of file.
2026-07-10 03:26:33,243 [ERROR] LogOutputStream:75 - [STDERR_REDIRECT] 
2026-07-10 03:26:34,212 [ERROR] LogOutputStream:75 - [STDERR_REDIRECT] [Fatal Error] :1:1: Premature end of file.
2026-07-10 03:26:34,215 [ERROR] LogOutputStream:75 - [STDERR_REDIRECT] 
2026-07-10 03:26:35,240 [ERROR] LogOutputStream:75 - [STDERR_REDIRECT] [Fatal Error] :1:1: Premature end of file.
2026-07-10 03:26:35,240 [ERROR] LogOutputStream:75 - [STDERR_REDIRECT] 
2026-07-10 03:26:36,214 [ERROR] LogOutputStream:75 - [STDERR_REDIRECT] [Fatal Error] :1:1: Premature end of file.
2026-07-10 03:26:36,214 [ERROR] LogOutputStream:75 - [STDERR_REDIRECT] 
2026-07-10 03:26:37,176 [ERROR] LogOutputStream:75 - [STDERR_REDIRECT] [Fatal Error] :1:1: Premature end of file.
2026-07-10 03:26:37,178 [ERROR] LogOutputStream:75 - [STDERR_REDIRECT] 
2026-07-10 03:26:38,205 [ERROR] LogOutputStream:75 - [STDERR_REDIRECT] [Fatal Error] :1:1: Premature end of file.
2026-07-10 03:26:38,205 [ERROR] LogOutputStream:75 - [STDERR_REDIRECT] 
2026-07-10 03:26:39,220 [ERROR] LogOutputStream:75 - [STDERR_REDIRECT] [Fatal Error] :1:1: Premature end of file.
2026-07-10 03:26:39,220 [ERROR] LogOutputStream:75 - [STDERR_REDIRECT] 
2026-07-10 03:26:40,191 [ERROR] LogOutputStream:75 - [STDERR_REDIRECT] [Fatal Error] :1:1: Premature end of file.
2026-07-10 03:26:40,191 [ERROR] LogOutputStream:75 - [STDERR_REDIRECT] 
2026-07-10 03:26:41,190 [ERROR] LogOutputStream:75 - [STDERR_REDIRECT] [Fatal Error] :1:1: Premature end of file.
2026-07-10 03:26:41,190 [ERROR] LogOutputStream:75 - [STDERR_REDIRECT] 
2026-07-10 03:26:42,211 [ERROR] LogOutputStream:75 - [STDERR_REDIRECT] [Fatal Error] :1:1: Premature end of file.
2026-07-10 03:26:42,211 [ERROR] LogOutputStream:75 - [STDERR_REDIRECT] 
2026-07-10 03:26:43,204 [ERROR] LogOutputStream:75 - [STDERR_REDIRECT] [Fatal Error] :1:1: Premature end of file.
2026-07-10 03:26:43,204 [ERROR] LogOutputStream:75 - [STDERR_REDIRECT] 
2026-07-10 03:26:44,221 [ERROR] LogOutputStream:75 - [STDERR_REDIRECT] [Fatal Error] :1:1: Premature end of file.
2026-07-10 03:26:44,221 [ERROR] LogOutputStream:75 - [STDERR_REDIRECT] 
2026-07-10 03:26:45,218 [ERROR] LogOutputStream:75 - [STDERR_REDIRECT] [Fatal Error] :1:1: Premature end of file.
2026-07-10 03:26:45,218 [ERROR] LogOutputStream:75 - [STDERR_REDIRECT] 
2026-07-10 03:26:46,185 [ERROR] LogOutputStream:75 - [STDERR_REDIRECT] [Fatal Error] :1:1: Premature end of file.
2026-07-10 03:26:46,185 [ERROR] LogOutputStream:75 - [STDERR_REDIRECT] 
2026-07-10 03:26:47,225 [ERROR] LogOutputStream:75 - [STDERR_REDIRECT] [Fatal Error] :1:1: Premature end of file.
2026-07-10 03:26:47,227 [ERROR] LogOutputStream:75 - [STDERR_REDIRECT] 
2026-07-10 03:26:48,230 [ERROR] LogOutputStream:75 - [STDERR_REDIRECT] [Fatal Error] :1:1: Premature end of file.
2026-07-10 03:26:48,230 [ERROR] LogOutputStream:75 - [STDERR_REDIRECT] 
2026-07-10 03:26:49,204 [ERROR] LogOutputStream:75 - [STDERR_REDIRECT] [Fatal Error] :1:1: Premature end of file.
2026-07-10 03:26:49,204 [ERROR] LogOutputStream:75 - [STDERR_REDIRECT] 
2026-07-10 03:26:50,287 [ERROR] LogOutputStream:75 - [STDERR_REDIRECT] [Fatal Error] :1:1: Premature end of file.
2026-07-10 03:26:50,287 [ERROR] LogOutputStream:75 - [STDERR_REDIRECT] 
2026-07-10 03:26:51,186 [ERROR] LogOutputStream:75 - [STDERR_REDIRECT] [Fatal Error] :1:1: Premature end of file.
2026-07-10 03:26:51,186 [ERROR] LogOutputStream:75 - [STDERR_REDIRECT] 
2026-07-10 03:26:52,268 [ERROR] LogOutputStream:75 - [STDERR_REDIRECT] [Fatal Error] :1:1: Premature end of file.
2026-07-10 03:26:52,268 [ERROR] LogOutputStream:75 - [STDERR_REDIRECT] 
2026-07-10 03:26:53,223 [ERROR] LogOutputStream:75 - [STDERR_REDIRECT] [Fatal Error] :1:1: Premature end of file.
2026-07-10 03:26:53,223 [ERROR] LogOutputStream:75 - [STDERR_REDIRECT] 
2026-07-10 03:26:54,228 [ERROR] LogOutputStream:75 - [STDERR_REDIRECT] [Fatal Error] :1:1: Premature end of file.
2026-07-10 03:26:54,230 [ERROR] LogOutputStream:75 - [STDERR_REDIRECT] 
2026-07-10 03:26:55,199 [ERROR] LogOutputStream:75 - [STDERR_REDIRECT] [Fatal Error] :1:1: Premature end of file.
2026-07-10 03:26:55,199 [ERROR] LogOutputStream:75 - [STDERR_REDIRECT] 
2026-07-10 03:26:56,332 [ERROR] LogOutputStream:75 - [STDERR_REDIRECT] [Fatal Error] :1:1: Premature end of file.
2026-07-10 03:26:56,332 [ERROR] LogOutputStream:75 - [STDERR_REDIRECT] 
2026-07-10 03:26:57,179 [ERROR] LogOutputStream:75 - [STDERR_REDIRECT] [Fatal Error] :1:1: Premature end of file.
2026-07-10 03:26:57,179 [ERROR] LogOutputStream:75 - [STDERR_REDIRECT] 
2026-07-10 03:26:58,242 [ERROR] LogOutputStream:75 - [STDERR_REDIRECT] [Fatal Error] :1:1: Premature end of file.
2026-07-10 03:26:58,242 [ERROR] LogOutputStream:75 - [STDERR_REDIRECT] 
2026-07-10 03:26:59,230 [ERROR] LogOutputStream:75 - [STDERR_REDIRECT] [Fatal Error] :1:1: Premature end of file.
2026-07-10 03:26:59,230 [ERROR] LogOutputStream:75 - [STDERR_REDIRECT] 
2026-07-10 03:27:00,212 [ERROR] LogOutputStream:75 - [STDERR_REDIRECT] [Fatal Error] :1:1: Premature end of file.
2026-07-10 03:27:00,212 [ERROR] LogOutputStream:75 - [STDERR_REDIRECT] 
2026-07-10 03:27:01,189 [ERROR] LogOutputStream:75 - [STDERR_REDIRECT] [Fatal Error] :1:1: Premature end of file.
2026-07-10 03:27:01,189 [ERROR] LogOutputStream:75 - [STDERR_REDIRECT] 
2026-07-10 03:27:02,241 [ERROR] LogOutputStream:75 - [STDERR_REDIRECT] [Fatal Error] :1:1: Premature end of file.
2026-07-10 03:27:02,241 [ERROR] LogOutputStream:75 - [STDERR_REDIRECT] 
2026-07-10 03:27:03,204 [ERROR] LogOutputStream:75 - [STDERR_REDIRECT] [Fatal Error] :1:1: Premature end of file.
2026-07-10 03:27:03,204 [ERROR] LogOutputStream:75 - [STDERR_REDIRECT] 
2026-07-10 03:27:04,182 [ERROR] LogOutputStream:75 - [STDERR_REDIRECT] [Fatal Error] :1:1: Premature end of file.
2026-07-10 03:27:04,182 [ERROR] LogOutputStream:75 - [STDERR_REDIRECT] 
2026-07-10 03:27:05,200 [ERROR] LogOutputStream:75 - [STDERR_REDIRECT] [Fatal Error] :1:1: Premature end of file.
2026-07-10 03:27:05,200 [ERROR] LogOutputStream:75 - [STDERR_REDIRECT] 
2026-07-10 03:27:06,241 [ERROR] LogOutputStream:75 - [STDERR_REDIRECT] [Fatal Error] :1:1: Premature end of file.
2026-07-10 03:27:06,241 [ERROR] LogOutputStream:75 - [STDERR_REDIRECT] 
2026-07-10 03:27:07,277 [ERROR] LogOutputStream:75 - [STDERR_REDIRECT] [Fatal Error] :1:1: Premature end of file.
2026-07-10 03:27:07,280 [ERROR] LogOutputStream:75 - [STDERR_REDIRECT] 
2026-07-10 03:27:08,219 [ERROR] LogOutputStream:75 - [STDERR_REDIRECT] [Fatal Error] :1:1: Premature end of file.
2026-07-10 03:27:08,219 [ERROR] LogOutputStream:75 - [STDERR_REDIRECT] 
2026-07-10 03:27:09,221 [ERROR] LogOutputStream:75 - [STDERR_REDIRECT] [Fatal Error] :1:1: Premature end of file.
2026-07-10 03:27:09,221 [ERROR] LogOutputStream:75 - [STDERR_REDIRECT] 
2026-07-10 03:27:10,191 [ERROR] LogOutputStream:75 - [STDERR_REDIRECT] [Fatal Error] :1:1: Premature end of file.
2026-07-10 03:27:10,191 [ERROR] LogOutputStream:75 - [STDERR_REDIRECT] 
2026-07-10 03:27:11,224 [ERROR] LogOutputStream:75 - [STDERR_REDIRECT] [Fatal Error] :1:1: Premature end of file.
2026-07-10 03:27:11,226 [ERROR] LogOutputStream:75 - [STDERR_REDIRECT] 
2026-07-10 03:27:12,211 [ERROR] LogOutputStream:75 - [STDERR_REDIRECT] [Fatal Error] :1:1: Premature end of file.
2026-07-10 03:27:12,211 [ERROR] LogOutputStream:75 - [STDERR_REDIRECT] 
2026-07-10 03:27:13,224 [ERROR] LogOutputStream:75 - [STDERR_REDIRECT] [Fatal Error] :1:1: Premature end of file.
2026-07-10 03:27:13,224 [ERROR] LogOutputStream:75 - [STDERR_REDIRECT] 
2026-07-10 03:27:14,272 [ERROR] LogOutputStream:75 - [STDERR_REDIRECT] [Fatal Error] :1:1: Premature end of file.
2026-07-10 03:27:14,272 [ERROR] LogOutputStream:75 - [STDERR_REDIRECT] 
2026-07-10 03:27:15,229 [ERROR] LogOutputStream:75 - [STDERR_REDIRECT] [Fatal Error] :1:1: Premature end of file.
2026-07-10 03:27:15,229 [ERROR] LogOutputStream:75 - [STDERR_REDIRECT] 
2026-07-10 03:27:16,233 [ERROR] LogOutputStream:75 - [STDERR_REDIRECT] [Fatal Error] :1:1: Premature end of file.
2026-07-10 03:27:16,233 [ERROR] LogOutputStream:75 - [STDERR_REDIRECT] 
2026-07-10 03:27:17,255 [ERROR] LogOutputStream:75 - [STDERR_REDIRECT] [Fatal Error] :1:1: Premature end of file.
2026-07-10 03:27:17,255 [ERROR] LogOutputStream:75 - [STDERR_REDIRECT] 
2026-07-10 03:27:18,218 [ERROR] LogOutputStream:75 - [STDERR_REDIRECT] [Fatal Error] :1:1: Premature end of file.
2026-07-10 03:27:18,222 [ERROR] LogOutputStream:75 - [STDERR_REDIRECT] 
2026-07-10 03:27:19,324 [ERROR] LogOutputStream:75 - [STDERR_REDIRECT] [Fatal Error] :1:1: Premature end of file.
2026-07-10 03:27:19,324 [ERROR] LogOutputStream:75 - [STDERR_REDIRECT] 
2026-07-10 03:27:20,221 [ERROR] LogOutputStream:75 - [STDERR_REDIRECT] [Fatal Error] :1:1: Premature end of file.
2026-07-10 03:27:20,221 [ERROR] LogOutputStream:75 - [STDERR_REDIRECT] 
2026-07-10 03:27:21,167 [ERROR] LogOutputStream:75 - [STDERR_REDIRECT] [Fatal Error] :1:1: Premature end of file.
2026-07-10 03:27:21,167 [ERROR] LogOutputStream:75 - [STDERR_REDIRECT] 
2026-07-10 03:27:22,203 [ERROR] LogOutputStream:75 - [STDERR_REDIRECT] [Fatal Error] :1:1: Premature end of file.
2026-07-10 03:27:22,203 [ERROR] LogOutputStream:75 - [STDERR_REDIRECT] 
2026-07-10 03:27:23,225 [ERROR] LogOutputStream:75 - [STDERR_REDIRECT] [Fatal Error] :1:1: Premature end of file.
2026-07-10 03:27:23,227 [ERROR] LogOutputStream:75 - [STDERR_REDIRECT] 
2026-07-10 03:27:24,187 [ERROR] LogOutputStream:75 - [STDERR_REDIRECT] [Fatal Error] :1:1: Premature end of file.
2026-07-10 03:27:24,187 [ERROR] LogOutputStream:75 - [STDERR_REDIRECT] 
2026-07-10 03:27:25,265 [ERROR] LogOutputStream:75 - [STDERR_REDIRECT] [Fatal Error] :1:1: Premature end of file.
2026-07-10 03:27:25,265 [ERROR] LogOutputStream:75 - [STDERR_REDIRECT] 
2026-07-10 03:27:25,340 [INFO] WebApp:403 - JxBrowser engine has been closed 
2026-07-10 03:27:26,173 [ERROR] LogOutputStream:75 - [STDERR_REDIRECT] [Fatal Error] :1:1: Premature end of file.
2026-07-10 03:27:26,174 [ERROR] LogOutputStream:75 - [STDERR_REDIRECT] 
2026-07-10 03:27:27,183 [ERROR] LogOutputStream:75 - [STDERR_REDIRECT] [Fatal Error] :1:1: Premature end of file.
2026-07-10 03:27:27,185 [ERROR] LogOutputStream:75 - [STDERR_REDIRECT] 
2026-07-10 03:27:28,181 [ERROR] LogOutputStream:75 - [STDERR_REDIRECT] [Fatal Error] :1:1: Premature end of file.
2026-07-10 03:27:28,181 [ERROR] LogOutputStream:75 - [STDERR_REDIRECT] 
2026-07-10 03:27:29,186 [ERROR] LogOutputStream:75 - [STDERR_REDIRECT] [Fatal Error] :1:1: Premature end of file.
2026-07-10 03:27:29,186 [ERROR] LogOutputStream:75 - [STDERR_REDIRECT] 
2026-07-10 03:27:30,172 [ERROR] LogOutputStream:75 - [STDERR_REDIRECT] [Fatal Error] :1:1: Premature end of file.
2026-07-10 03:27:30,172 [ERROR] LogOutputStream:75 - [STDERR_REDIRECT] 
2026-07-10 03:27:31,543 [ERROR] LogOutputStream:75 - [STDERR_REDIRECT] [Fatal Error] :1:1: Premature end of file.
2026-07-10 03:27:31,543 [ERROR] LogOutputStream:75 - [STDERR_REDIRECT] 
2026-07-10 03:27:32,144 [ERROR] LogOutputStream:75 - [STDERR_REDIRECT] [Fatal Error] :1:1: Premature end of file.
2026-07-10 03:27:32,144 [ERROR] LogOutputStream:75 - [STDERR_REDIRECT] 
2026-07-10 03:27:33,177 [ERROR] LogOutputStream:75 - [STDERR_REDIRECT] [Fatal Error] :1:1: Premature end of file.
2026-07-10 03:27:33,177 [ERROR] LogOutputStream:75 - [STDERR_REDIRECT] 
2026-07-10 03:27:34,172 [ERROR] LogOutputStream:75 - [STDERR_REDIRECT] [Fatal Error] :1:1: Premature end of file.
2026-07-10 03:27:34,172 [ERROR] LogOutputStream:75 - [STDERR_REDIRECT] 
2026-07-10 03:27:35,170 [ERROR] LogOutputStream:75 - [STDERR_REDIRECT] [Fatal Error] :1:1: Premature end of file.
2026-07-10 03:27:35,170 [ERROR] LogOutputStream:75 - [STDERR_REDIRECT] 
2026-07-10 03:27:36,150 [ERROR] LogOutputStream:75 - [STDERR_REDIRECT] [Fatal Error] :1:1: Premature end of file.
2026-07-10 03:27:36,150 [ERROR] LogOutputStream:75 - [STDERR_REDIRECT] 
2026-07-10 03:27:37,159 [ERROR] LogOutputStream:75 - [STDERR_REDIRECT] [Fatal Error] :1:1: Premature end of file.
2026-07-10 03:27:37,159 [ERROR] LogOutputStream:75 - [STDERR_REDIRECT] 
2026-07-10 03:27:38,178 [ERROR] LogOutputStream:75 - [STDERR_REDIRECT] [Fatal Error] :1:1: Premature end of file.
2026-07-10 03:27:38,178 [ERROR] LogOutputStream:75 - [STDERR_REDIRECT] 
2026-07-10 03:27:39,167 [ERROR] LogOutputStream:75 - [STDERR_REDIRECT] [Fatal Error] :1:1: Premature end of file.
2026-07-10 03:27:39,167 [ERROR] LogOutputStream:75 - [STDERR_REDIRECT] 
2026-07-10 03:27:40,177 [ERROR] LogOutputStream:75 - [STDERR_REDIRECT] [Fatal Error] :1:1: Premature end of file.
2026-07-10 03:27:40,177 [ERROR] LogOutputStream:75 - [STDERR_REDIRECT] 
2026-07-10 03:27:41,332 [ERROR] LogOutputStream:75 - [STDERR_REDIRECT] [Fatal Error] :1:1: Premature end of file.
2026-07-10 03:27:41,332 [ERROR] LogOutputStream:75 - [STDERR_REDIRECT] 
2026-07-10 03:27:42,302 [ERROR] LogOutputStream:75 - [STDERR_REDIRECT] [Fatal Error] :1:1: Premature end of file.
2026-07-10 03:27:42,302 [ERROR] LogOutputStream:75 - [STDERR_REDIRECT] 
2026-07-10 03:27:43,119 [ERROR] LogOutputStream:75 - [STDERR_REDIRECT] [Fatal Error] :1:1: Premature end of file.
2026-07-10 03:27:43,119 [ERROR] LogOutputStream:75 - [STDERR_REDIRECT] 
2026-07-10 03:27:44,133 [ERROR] LogOutputStream:75 - [STDERR_REDIRECT] [Fatal Error] :1:1: Premature end of file.
2026-07-10 03:27:44,133 [ERROR] LogOutputStream:75 - [STDERR_REDIRECT] 
2026-07-10 03:27:45,126 [ERROR] LogOutputStream:75 - [STDERR_REDIRECT] [Fatal Error] :1:1: Premature end of file.
2026-07-10 03:27:45,126 [ERROR] LogOutputStream:75 - [STDERR_REDIRECT] 
2026-07-10 03:27:46,140 [ERROR] LogOutputStream:75 - [STDERR_REDIRECT] [Fatal Error] :1:1: Premature end of file.
2026-07-10 03:27:46,142 [ERROR] LogOutputStream:75 - [STDERR_REDIRECT] 
2026-07-10 03:27:47,120 [ERROR] LogOutputStream:75 - [STDERR_REDIRECT] [Fatal Error] :1:1: Premature end of file.
2026-07-10 03:27:47,120 [ERROR] LogOutputStream:75 - [STDERR_REDIRECT] 
2026-07-10 03:27:48,126 [ERROR] LogOutputStream:75 - [STDERR_REDIRECT] [Fatal Error] :1:1: Premature end of file.
2026-07-10 03:27:48,126 [ERROR] LogOutputStream:75 - [STDERR_REDIRECT] 
2026-07-10 03:27:49,272 [ERROR] LogOutputStream:75 - [STDERR_REDIRECT] [Fatal Error] :1:1: Premature end of file.
2026-07-10 03:27:49,272 [ERROR] LogOutputStream:75 - [STDERR_REDIRECT] 
2026-07-10 03:27:50,123 [ERROR] LogOutputStream:75 - [STDERR_REDIRECT] [Fatal Error] :1:1: Premature end of file.
2026-07-10 03:27:50,123 [ERROR] LogOutputStream:75 - [STDERR_REDIRECT] 
2026-07-10 03:27:51,122 [ERROR] LogOutputStream:75 - [STDERR_REDIRECT] [Fatal Error] :1:1: Premature end of file.
2026-07-10 03:27:51,122 [ERROR] LogOutputStream:75 - [STDERR_REDIRECT] 
2026-07-10 03:27:52,128 [ERROR] LogOutputStream:75 - [STDERR_REDIRECT] [Fatal Error] :1:1: Premature end of file.
2026-07-10 03:27:52,128 [ERROR] LogOutputStream:75 - [STDERR_REDIRECT] 
2026-07-10 03:27:53,117 [ERROR] LogOutputStream:75 - [STDERR_REDIRECT] [Fatal Error] :1:1: Premature end of file.
2026-07-10 03:27:53,117 [ERROR] LogOutputStream:75 - [STDERR_REDIRECT] 
2026-07-10 03:27:54,128 [ERROR] LogOutputStream:75 - [STDERR_REDIRECT] [Fatal Error] :1:1: Premature end of file.
2026-07-10 03:27:54,128 [ERROR] LogOutputStream:75 - [STDERR_REDIRECT] 
2026-07-10 03:27:55,129 [ERROR] LogOutputStream:75 - [STDERR_REDIRECT] [Fatal Error] :1:1: Premature end of file.
2026-07-10 03:27:55,129 [ERROR] LogOutputStream:75 - [STDERR_REDIRECT] 
2026-07-10 03:27:56,125 [ERROR] LogOutputStream:75 - [STDERR_REDIRECT] [Fatal Error] :1:1: Premature end of file.
2026-07-10 03:27:56,125 [ERROR] LogOutputStream:75 - [STDERR_REDIRECT] 
2026-07-10 03:27:57,131 [ERROR] LogOutputStream:75 - [STDERR_REDIRECT] [Fatal Error] :1:1: Premature end of file.
2026-07-10 03:27:57,131 [ERROR] LogOutputStream:75 - [STDERR_REDIRECT] 
2026-07-10 03:27:58,121 [ERROR] LogOutputStream:75 - [STDERR_REDIRECT] [Fatal Error] :1:1: Premature end of file.
2026-07-10 03:27:58,121 [ERROR] LogOutputStream:75 - [STDERR_REDIRECT] 
2026-07-10 03:27:59,120 [ERROR] LogOutputStream:75 - [STDERR_REDIRECT] [Fatal Error] :1:1: Premature end of file.
2026-07-10 03:27:59,120 [ERROR] LogOutputStream:75 - [STDERR_REDIRECT] 
2026-07-10 03:28:00,119 [ERROR] LogOutputStream:75 - [STDERR_REDIRECT] [Fatal Error] :1:1: Premature end of file.
2026-07-10 03:28:00,119 [ERROR] LogOutputStream:75 - [STDERR_REDIRECT] 
2026-07-10 03:28:01,129 [ERROR] LogOutputStream:75 - [STDERR_REDIRECT] [Fatal Error] :1:1: Premature end of file.
2026-07-10 03:28:01,129 [ERROR] LogOutputStream:75 - [STDERR_REDIRECT] 
2026-07-10 03:28:02,125 [ERROR] LogOutputStream:75 - [STDERR_REDIRECT] [Fatal Error] :1:1: Premature end of file.
2026-07-10 03:28:02,125 [ERROR] LogOutputStream:75 - [STDERR_REDIRECT] 
2026-07-10 03:28:03,159 [ERROR] LogOutputStream:75 - [STDERR_REDIRECT] [Fatal Error] :1:1: Premature end of file.
2026-07-10 03:28:03,159 [ERROR] LogOutputStream:75 - [STDERR_REDIRECT] 
2026-07-10 03:28:04,126 [ERROR] LogOutputStream:75 - [STDERR_REDIRECT] [Fatal Error] :1:1: Premature end of file.
2026-07-10 03:28:04,126 [ERROR] LogOutputStream:75 - [STDERR_REDIRECT] 
2026-07-10 03:28:05,125 [ERROR] LogOutputStream:75 - [STDERR_REDIRECT] [Fatal Error] :1:1: Premature end of file.
2026-07-10 03:28:05,127 [ERROR] LogOutputStream:75 - [STDERR_REDIRECT] 
2026-07-10 03:28:06,125 [ERROR] LogOutputStream:75 - [STDERR_REDIRECT] [Fatal Error] :1:1: Premature end of file.
2026-07-10 03:28:06,125 [ERROR] LogOutputStream:75 - [STDERR_REDIRECT] 
2026-07-10 03:28:07,131 [ERROR] LogOutputStream:75 - [STDERR_REDIRECT] [Fatal Error] :1:1: Premature end of file.
2026-07-10 03:28:07,131 [ERROR] LogOutputStream:75 - [STDERR_REDIRECT] 
2026-07-10 03:28:08,159 [ERROR] LogOutputStream:75 - [STDERR_REDIRECT] [Fatal Error] :1:1: Premature end of file.
2026-07-10 03:28:08,159 [ERROR] LogOutputStream:75 - [STDERR_REDIRECT] 
2026-07-10 03:28:09,118 [ERROR] LogOutputStream:75 - [STDERR_REDIRECT] [Fatal Error] :1:1: Premature end of file.
2026-07-10 03:28:09,118 [ERROR] LogOutputStream:75 - [STDERR_REDIRECT] 
2026-07-10 03:28:10,123 [ERROR] LogOutputStream:75 - [STDERR_REDIRECT] [Fatal Error] :1:1: Premature end of file.
2026-07-10 03:28:10,123 [ERROR] LogOutputStream:75 - [STDERR_REDIRECT] 
2026-07-10 03:28:11,124 [ERROR] LogOutputStream:75 - [STDERR_REDIRECT] [Fatal Error] :1:1: Premature end of file.
2026-07-10 03:28:11,124 [ERROR] LogOutputStream:75 - [STDERR_REDIRECT] 
2026-07-10 03:28:12,128 [ERROR] LogOutputStream:75 - [STDERR_REDIRECT] [Fatal Error] :1:1: Premature end of file.
2026-07-10 03:28:12,128 [ERROR] LogOutputStream:75 - [STDERR_REDIRECT] 
2026-07-10 03:28:13,131 [ERROR] LogOutputStream:75 - [STDERR_REDIRECT] [Fatal Error] :1:1: Premature end of file.
2026-07-10 03:28:13,131 [ERROR] LogOutputStream:75 - [STDERR_REDIRECT] 
2026-07-10 03:28:14,118 [ERROR] LogOutputStream:75 - [STDERR_REDIRECT] [Fatal Error] :1:1: Premature end of file.
2026-07-10 03:28:14,118 [ERROR] LogOutputStream:75 - [STDERR_REDIRECT] 
2026-07-10 03:28:15,122 [ERROR] LogOutputStream:75 - [STDERR_REDIRECT] [Fatal Error] :1:1: Premature end of file.
2026-07-10 03:28:15,122 [ERROR] LogOutputStream:75 - [STDERR_REDIRECT] 
2026-07-10 03:28:16,123 [ERROR] LogOutputStream:75 - [STDERR_REDIRECT] [Fatal Error] :1:1: Premature end of file.
2026-07-10 03:28:16,123 [ERROR] LogOutputStream:75 - [STDERR_REDIRECT] 
2026-07-10 03:28:17,128 [ERROR] LogOutputStream:75 - [STDERR_REDIRECT] [Fatal Error] :1:1: Premature end of file.
2026-07-10 03:28:17,128 [ERROR] LogOutputStream:75 - [STDERR_REDIRECT] 
2026-07-10 03:28:18,161 [ERROR] LogOutputStream:75 - [STDERR_REDIRECT] [Fatal Error] :1:1: Premature end of file.
2026-07-10 03:28:18,161 [ERROR] LogOutputStream:75 - [STDERR_REDIRECT] 
2026-07-10 03:28:19,118 [ERROR] LogOutputStream:75 - [STDERR_REDIRECT] [Fatal Error] :1:1: Premature end of file.
2026-07-10 03:28:19,118 [ERROR] LogOutputStream:75 - [STDERR_REDIRECT] 
2026-07-10 03:28:20,121 [ERROR] LogOutputStream:75 - [STDERR_REDIRECT] [Fatal Error] :1:1: Premature end of file.
2026-07-10 03:28:20,121 [ERROR] LogOutputStream:75 - [STDERR_REDIRECT] 
2026-07-10 03:28:21,126 [ERROR] LogOutputStream:75 - [STDERR_REDIRECT] [Fatal Error] :1:1: Premature end of file.
2026-07-10 03:28:21,126 [ERROR] LogOutputStream:75 - [STDERR_REDIRECT] 
2026-07-10 03:28:22,114 [ERROR] LogOutputStream:75 - [STDERR_REDIRECT] [Fatal Error] :1:1: Premature end of file.
2026-07-10 03:28:22,130 [ERROR] LogOutputStream:75 - [STDERR_REDIRECT] 
2026-07-10 03:28:23,117 [ERROR] LogOutputStream:75 - [STDERR_REDIRECT] [Fatal Error] :1:1: Premature end of file.
2026-07-10 03:28:23,117 [ERROR] LogOutputStream:75 - [STDERR_REDIRECT] 
2026-07-10 03:28:24,120 [ERROR] LogOutputStream:75 - [STDERR_REDIRECT] [Fatal Error] :1:1: Premature end of file.
2026-07-10 03:28:24,120 [ERROR] LogOutputStream:75 - [STDERR_REDIRECT] 
2026-07-10 03:28:25,125 [ERROR] LogOutputStream:75 - [STDERR_REDIRECT] [Fatal Error] :1:1: Premature end of file.
2026-07-10 03:28:25,125 [ERROR] LogOutputStream:75 - [STDERR_REDIRECT] 
2026-07-10 03:28:26,130 [ERROR] LogOutputStream:75 - [STDERR_REDIRECT] [Fatal Error] :1:1: Premature end of file.
2026-07-10 03:28:26,130 [ERROR] LogOutputStream:75 - [STDERR_REDIRECT] 
2026-07-10 03:28:27,128 [ERROR] LogOutputStream:75 - [STDERR_REDIRECT] [Fatal Error] :1:1: Premature end of file.
2026-07-10 03:28:27,129 [ERROR] LogOutputStream:75 - [STDERR_REDIRECT] 
2026-07-10 03:28:28,125 [ERROR] LogOutputStream:75 - [STDERR_REDIRECT] [Fatal Error] :1:1: Premature end of file.
2026-07-10 03:28:28,125 [ERROR] LogOutputStream:75 - [STDERR_REDIRECT] 
2026-07-10 03:28:29,420 [ERROR] LogOutputStream:75 - [STDERR_REDIRECT] [Fatal Error] :1:1: Premature end of file.
2026-07-10 03:28:29,420 [ERROR] LogOutputStream:75 - [STDERR_REDIRECT] 
2026-07-10 03:28:30,200 [ERROR] LogOutputStream:75 - [STDERR_REDIRECT] [Fatal Error] :1:1: Premature end of file.
2026-07-10 03:28:30,200 [ERROR] LogOutputStream:75 - [STDERR_REDIRECT] 
2026-07-10 03:28:31,149 [ERROR] LogOutputStream:75 - [STDERR_REDIRECT] [Fatal Error] :1:1: Premature end of file.
2026-07-10 03:28:31,149 [ERROR] LogOutputStream:75 - [STDERR_REDIRECT] 
2026-07-10 03:28:32,151 [ERROR] LogOutputStream:75 - [STDERR_REDIRECT] [Fatal Error] :1:1: Premature end of file.
2026-07-10 03:28:32,151 [ERROR] LogOutputStream:75 - [STDERR_REDIRECT] 
2026-07-10 03:28:33,169 [ERROR] LogOutputStream:75 - [STDERR_REDIRECT] [Fatal Error] :1:1: Premature end of file.
2026-07-10 03:28:33,169 [ERROR] LogOutputStream:75 - [STDERR_REDIRECT] 
2026-07-10 03:28:34,222 [ERROR] LogOutputStream:75 - [STDERR_REDIRECT] [Fatal Error] :1:1: Premature end of file.
2026-07-10 03:28:34,222 [ERROR] LogOutputStream:75 - [STDERR_REDIRECT] 
2026-07-10 03:28:35,144 [ERROR] LogOutputStream:75 - [STDERR_REDIRECT] [Fatal Error] :1:1: Premature end of file.
2026-07-10 03:28:35,144 [ERROR] LogOutputStream:75 - [STDERR_REDIRECT] 
2026-07-10 03:28:36,161 [ERROR] LogOutputStream:75 - [STDERR_REDIRECT] [Fatal Error] :1:1: Premature end of file.
2026-07-10 03:28:36,161 [ERROR] LogOutputStream:75 - [STDERR_REDIRECT] 
2026-07-10 03:28:37,127 [ERROR] LogOutputStream:75 - [STDERR_REDIRECT] [Fatal Error] :1:1: Premature end of file.
2026-07-10 03:28:37,127 [ERROR] LogOutputStream:75 - [STDERR_REDIRECT] 
2026-07-10 03:28:38,124 [ERROR] LogOutputStream:75 - [STDERR_REDIRECT] [Fatal Error] :1:1: Premature end of file.
2026-07-10 03:28:38,124 [ERROR] LogOutputStream:75 - [STDERR_REDIRECT] 
2026-07-10 03:28:39,140 [ERROR] LogOutputStream:75 - [STDERR_REDIRECT] [Fatal Error] :1:1: Premature end of file.
2026-07-10 03:28:39,140 [ERROR] LogOutputStream:75 - [STDERR_REDIRECT] 
2026-07-10 03:28:40,157 [ERROR] LogOutputStream:75 - [STDERR_REDIRECT] [Fatal Error] :1:1: Premature end of file.
2026-07-10 03:28:40,157 [ERROR] LogOutputStream:75 - [STDERR_REDIRECT] 
2026-07-10 03:28:41,150 [ERROR] LogOutputStream:75 - [STDERR_REDIRECT] [Fatal Error] :1:1: Premature end of file.
2026-07-10 03:28:41,150 [ERROR] LogOutputStream:75 - [STDERR_REDIRECT] 
2026-07-10 03:28:42,130 [ERROR] LogOutputStream:75 - [STDERR_REDIRECT] [Fatal Error] :1:1: Premature end of file.
2026-07-10 03:28:42,130 [ERROR] LogOutputStream:75 - [STDERR_REDIRECT] 
2026-07-10 03:28:43,115 [ERROR] LogOutputStream:75 - [STDERR_REDIRECT] [Fatal Error] :1:1: Premature end of file.
2026-07-10 03:28:43,115 [ERROR] LogOutputStream:75 - [STDERR_REDIRECT] 
2026-07-10 03:28:44,119 [ERROR] LogOutputStream:75 - [STDERR_REDIRECT] [Fatal Error] :1:1: Premature end of file.
2026-07-10 03:28:44,119 [ERROR] LogOutputStream:75 - [STDERR_REDIRECT] 
2026-07-10 03:28:45,113 [ERROR] LogOutputStream:75 - [STDERR_REDIRECT] [Fatal Error] :1:1: Premature end of file.
2026-07-10 03:28:45,113 [ERROR] LogOutputStream:75 - [STDERR_REDIRECT] 
2026-07-10 03:28:46,112 [ERROR] LogOutputStream:75 - [STDERR_REDIRECT] [Fatal Error] :1:1: Premature end of file.
2026-07-10 03:28:46,112 [ERROR] LogOutputStream:75 - [STDERR_REDIRECT] 
2026-07-10 03:28:46,483 [ERROR] LogOutputStream:75 - [STDERR_REDIRECT] 
