2026-08-07 02:32:15,777 [INFO] Activator:176 - 


2026-08-07 02:32:15,781 [INFO] Activator:177 - !SESSION log4j initialized
2026-08-07 02:32:19,872 [INFO] LogOutputStream:77 - [STDOUT_REDIRECT] 
2026-08-07 02:32:21,063 [INFO] ApplicationProperties:184 - Using Application install path: C:\ST\STM32CubeIDE_1.18.0\STM32CubeIDE\plugins\com.st.stm32cube.common.mx_6.15.0.202507011659
2026-08-07 02:32:21,077 [INFO] DbMcusXml:78 - Set database path to: C:\ST\STM32CubeIDE_1.18.0\STM32CubeIDE\plugins\com.st.stm32cube.common.mx_6.15.0.202507011659\\db\/mcu/
2026-08-07 02:32:21,078 [INFO] ApiDb:274 - Set plugin database path to: C:\ST\STM32CubeIDE_1.18.0\STM32CubeIDE\plugins\com.st.stm32cube.common.mx_6.15.0.202507011659\\db\/plugins/boardmanager/
2026-08-07 02:32:21,078 [WARN] ApiDb:259 - Overriding images path with different value:  => C:\ST\STM32CubeIDE_1.18.0\STM32CubeIDE\plugins\com.st.stm32cube.common.mx_6.15.0.202507011659\\db\/plugins/mcufinder/images/
2026-08-07 02:32:21,086 [INFO] ApiDb:250 - Set database path to: C:\Users\Mowibox\.stmcufinder\plugins\mcufinder//mcu/
2026-08-07 02:32:21,087 [INFO] DbMcusAds:125 - Set database path to: C:\Users\Mowibox\.stmcufinder\plugins\mcufinder//mcu/
2026-08-07 02:32:21,089 [INFO] CrossReferenceDbSqlite:203 - Set database path to: C:\Users\Mowibox\.stmcufinder\plugins\mcufinder//mcu/cs/
2026-08-07 02:32:21,185 [INFO] RulesReader:64 - Compatibility file has been processed (317 Rules)
2026-08-07 02:32:21,252 [INFO] DbMcusXml:78 - Set database path to: C:\ST\STM32CubeIDE_1.18.0\STM32CubeIDE\plugins\com.st.stm32cube.common.mx_6.15.0.202507011659\\db\/mcu/
2026-08-07 02:32:21,252 [INFO] ApiDb:274 - Set plugin database path to: C:\ST\STM32CubeIDE_1.18.0\STM32CubeIDE\plugins\com.st.stm32cube.common.mx_6.15.0.202507011659\\db\/plugins/boardmanager/
2026-08-07 02:32:21,252 [INFO] ApiDb:261 - Set plugin images path to: C:\ST\STM32CubeIDE_1.18.0\STM32CubeIDE\plugins\com.st.stm32cube.common.mx_6.15.0.202507011659\\db\/plugins/mcufinder/images/
2026-08-07 02:32:21,252 [WARN] DbFile:41 - Overriding database path with different value: C:\Users\Mowibox\.stmcufinder\plugins\mcufinder/ => C:\Users\Mowibox\.stmcufinder\plugins\mcufinder
2026-08-07 02:32:21,252 [INFO] ApiDb:250 - Set database path to: C:\Users\Mowibox\.stmcufinder\plugins\mcufinder//mcu/
2026-08-07 02:32:21,252 [WARN] DbFile:41 - Overriding database path with different value: C:\Users\Mowibox\.stmcufinder\plugins\mcufinder/ => C:\Users\Mowibox\.stmcufinder\plugins\mcufinder
2026-08-07 02:32:21,252 [INFO] DbMcusAds:125 - Set database path to: C:\Users\Mowibox\.stmcufinder\plugins\mcufinder//mcu/
2026-08-07 02:32:21,252 [WARN] DbFile:41 - Overriding database path with different value: C:\Users\Mowibox\.stmcufinder\plugins\mcufinder/ => C:\Users\Mowibox\.stmcufinder\plugins\mcufinder
2026-08-07 02:32:21,252 [WARN] DbFile:41 - Overriding database path with different value: C:\Users\Mowibox\.stmcufinder\plugins\mcufinder/ => C:\Users\Mowibox\.stmcufinder\plugins\mcufinder
2026-08-07 02:32:21,252 [INFO] CrossReferenceDbSqlite:203 - Set database path to: C:\Users\Mowibox\.stmcufinder\plugins\mcufinder//mcu/cs/
2026-08-07 02:32:21,305 [INFO] MainPanel:274 - HeapMemory: 268435456
2026-08-07 02:32:21,387 [INFO] DbMcusXml:78 - Set database path to: C:\ST\STM32CubeIDE_1.18.0\STM32CubeIDE\plugins\com.st.stm32cube.common.mx_6.15.0.202507011659\\db\/mcu/
2026-08-07 02:32:21,387 [INFO] ApiDb:274 - Set plugin database path to: C:\ST\STM32CubeIDE_1.18.0\STM32CubeIDE\plugins\com.st.stm32cube.common.mx_6.15.0.202507011659\\db\/plugins/boardmanager/
2026-08-07 02:32:21,387 [INFO] ApiDb:261 - Set plugin images path to: C:\ST\STM32CubeIDE_1.18.0\STM32CubeIDE\plugins\com.st.stm32cube.common.mx_6.15.0.202507011659\\db\/plugins/mcufinder/images/
2026-08-07 02:32:21,387 [WARN] DbFile:41 - Overriding database path with different value: C:\Users\Mowibox\.stmcufinder\plugins\mcufinder/ => C:\Users\Mowibox\.stmcufinder\plugins\mcufinder
2026-08-07 02:32:21,387 [INFO] ApiDb:250 - Set database path to: C:\Users\Mowibox\.stmcufinder\plugins\mcufinder//mcu/
2026-08-07 02:32:21,387 [WARN] DbFile:41 - Overriding database path with different value: C:\Users\Mowibox\.stmcufinder\plugins\mcufinder/ => C:\Users\Mowibox\.stmcufinder\plugins\mcufinder
2026-08-07 02:32:21,387 [INFO] DbMcusAds:125 - Set database path to: C:\Users\Mowibox\.stmcufinder\plugins\mcufinder//mcu/
2026-08-07 02:32:21,387 [WARN] DbFile:41 - Overriding database path with different value: C:\Users\Mowibox\.stmcufinder\plugins\mcufinder/ => C:\Users\Mowibox\.stmcufinder\plugins\mcufinder
2026-08-07 02:32:21,387 [WARN] DbFile:41 - Overriding database path with different value: C:\Users\Mowibox\.stmcufinder\plugins\mcufinder/ => C:\Users\Mowibox\.stmcufinder\plugins\mcufinder
2026-08-07 02:32:21,387 [INFO] CrossReferenceDbSqlite:203 - Set database path to: C:\Users\Mowibox\.stmcufinder\plugins\mcufinder//mcu/cs/
2026-08-07 02:32:21,402 [INFO] ApplicationProperties:184 - Using Application install path: C:\ST\STM32CubeIDE_1.18.0\STM32CubeIDE\plugins\com.st.stm32cube.common.mx_6.15.0.202507011659
2026-08-07 02:32:21,403 [INFO] PluginManage:196 - Search for loadable plugins [exclusion list=, ]
2026-08-07 02:32:21,404 [INFO] PluginManage:310 - Check plugin analytics
2026-08-07 02:32:21,426 [ERROR] LogOutputStream:75 - [STDERR_REDIRECT] [Fatal Error] :1:1: Premature end of file.
2026-08-07 02:32:21,427 [ERROR] LogOutputStream:75 - [STDERR_REDIRECT] 
2026-08-07 02:32:21,567 [INFO] AnalyticsPlugin:253 - Accepted Software Licenses: 
2026-08-07 02:32:21,567 [INFO] AnalyticsPlugin:255 - Accepted CMSIS Pack Licenses: 
2026-08-07 02:32:21,567 [INFO] AnalyticsPlugin:257 - Accepted Firmware Licenses: 
2026-08-07 02:32:21,570 [INFO] PluginManage:359 - Loaded plugin analytics (category:tool,tabindex:-1)
2026-08-07 02:32:21,570 [INFO] PluginManage:310 - Check plugin cadmodel
2026-08-07 02:32:21,576 [INFO] CADModel:105 - Init CAD model plugin
2026-08-07 02:32:21,577 [INFO] PluginManage:359 - Loaded plugin cadmodel (category:power,tabindex:5)
2026-08-07 02:32:21,577 [INFO] PluginManage:310 - Check plugin clock
2026-08-07 02:32:21,585 [INFO] PluginManage:359 - Loaded plugin clock (category:base,tabindex:2)
2026-08-07 02:32:21,586 [INFO] PluginManage:310 - Check plugin ddr
2026-08-07 02:32:21,588 [INFO] PluginManage:359 - Loaded plugin ddr (category:tool,tabindex:6)
2026-08-07 02:32:21,588 [INFO] PluginManage:310 - Check plugin filemanager
2026-08-07 02:32:21,693 [INFO] PluginManage:359 - Loaded plugin filemanager (category:base,tabindex:10)
2026-08-07 02:32:21,693 [INFO] PluginManage:310 - Check plugin ipmanager
2026-08-07 02:32:21,699 [INFO] PluginManage:359 - Loaded plugin ipmanager (category:base,tabindex:5)
2026-08-07 02:32:21,699 [INFO] PluginManage:310 - Check plugin lpbam
2026-08-07 02:32:21,705 [INFO] PluginManage:359 - Loaded plugin lpbam (category:base,tabindex:0)
2026-08-07 02:32:21,705 [INFO] PluginManage:310 - Check plugin memorymap
2026-08-07 02:32:21,715 [INFO] PluginManage:359 - Loaded plugin memorymap (category:base,tabindex:4)
2026-08-07 02:32:21,715 [INFO] PluginManage:310 - Check plugin pinoutandconfiguration
2026-08-07 02:32:21,730 [INFO] PluginManage:359 - Loaded plugin pinoutandconfiguration (category:base,tabindex:1)
2026-08-07 02:32:21,731 [INFO] PluginManage:310 - Check plugin pinoutconfig
2026-08-07 02:32:21,805 [WARN] SupportedApi:132 - Cannot load RTOS API schema: s4s-elt-must-match.1: The content of 'definitions' must match (annotation?, (simpleType | complexType)?, (unique | key | keyref)*)). A problem was found starting at: attribute.
2026-08-07 02:32:21,923 [INFO] PluginManage:359 - Loaded plugin pinoutconfig (category:base,tabindex:0)
2026-08-07 02:32:21,923 [INFO] PluginManage:310 - Check plugin power
2026-08-07 02:32:21,937 [INFO] PluginManage:359 - Loaded plugin power (category:power,tabindex:4)
2026-08-07 02:32:21,938 [INFO] PluginManage:310 - Check plugin projectmanager
2026-08-07 02:32:21,953 [INFO] PluginManage:359 - Loaded plugin projectmanager (category:projectmanager,tabindex:4)
2026-08-07 02:32:21,953 [INFO] PluginManage:310 - Check plugin rif
2026-08-07 02:32:21,963 [INFO] PluginManage:359 - Loaded plugin rif (category:base,tabindex:3)
2026-08-07 02:32:21,963 [INFO] PluginManage:310 - Check plugin thirdparty
2026-08-07 02:32:22,077 [INFO] PluginManage:359 - Loaded plugin thirdparty (category:base,tabindex:-1)
2026-08-07 02:32:22,077 [WARN] IntegrityCheckThread:84 - waiting for thirdparty lock release [integrity check]
2026-08-07 02:32:22,077 [INFO] PluginManage:310 - Check plugin tools
2026-08-07 02:32:22,077 [INFO] IntegrityCheckThread:86 - entering critical section [integrity check]
2026-08-07 02:32:22,078 [INFO] ThirdPartyUpdaterWithRetryManager:70 - Updater plugin not ready yet. [1/15]
2026-08-07 02:32:22,081 [INFO] PluginManage:359 - Loaded plugin tools (category:base,tabindex:7)
2026-08-07 02:32:22,081 [INFO] PluginManage:310 - Check plugin tutovideos
2026-08-07 02:32:22,222 [INFO] PluginManage:359 - Loaded plugin tutovideos (category:base,tabindex:-1)
2026-08-07 02:32:22,223 [INFO] PluginManage:310 - Check plugin updater
2026-08-07 02:32:22,247 [INFO] PluginManage:359 - Loaded plugin updater (category:base,tabindex:12)
2026-08-07 02:32:22,247 [INFO] PluginManage:310 - Check plugin userauth
2026-08-07 02:32:22,252 [INFO] UserAuth:118 - Init User Auth plugin
2026-08-07 02:32:22,254 [INFO] PluginManage:359 - Loaded plugin userauth (category:base,tabindex:14)
2026-08-07 02:32:22,255 [INFO] PluginManage:283 - PluginManage : Loaded plugins [18]
2026-08-07 02:32:22,408 [ERROR] LogOutputStream:75 - [STDERR_REDIRECT] [Fatal Error] :1:1: Premature end of file.
2026-08-07 02:32:22,408 [ERROR] LogOutputStream:75 - [STDERR_REDIRECT] 
2026-08-07 02:32:22,437 [INFO] PinOutPanel:1589 - setPackage(No Configuration,No Configuration)
2026-08-07 02:32:22,495 [INFO] CADModel:165 - CPN selected for project level
2026-08-07 02:32:22,495 [INFO] CADModel:114 - Register for checkConnection events
2026-08-07 02:32:22,507 [INFO] IPUIPlugin:80 - create IPUIPlugin
2026-08-07 02:32:22,507 [INFO] PluginManager:220 - loadIPPluginJar : add adc
2026-08-07 02:32:22,509 [INFO] IPUIPlugin:80 - create IPUIPlugin
2026-08-07 02:32:22,509 [INFO] PluginManager:220 - loadIPPluginJar : add aes
2026-08-07 02:32:22,511 [INFO] IPUIPlugin:80 - create IPUIPlugin
2026-08-07 02:32:22,512 [INFO] PluginManager:220 - loadIPPluginJar : add can
2026-08-07 02:32:22,513 [INFO] IPUIPlugin:80 - create IPUIPlugin
2026-08-07 02:32:22,513 [INFO] PluginManager:220 - loadIPPluginJar : add comp
2026-08-07 02:32:22,515 [INFO] IPUIPlugin:80 - create IPUIPlugin
2026-08-07 02:32:22,515 [INFO] PluginManager:220 - loadIPPluginJar : add cryp
2026-08-07 02:32:22,517 [INFO] IPUIPlugin:80 - create IPUIPlugin
2026-08-07 02:32:22,517 [INFO] PluginManager:220 - loadIPPluginJar : add ddr_ctrl_phy
2026-08-07 02:32:22,519 [INFO] IPUIPlugin:80 - create IPUIPlugin
2026-08-07 02:32:22,519 [INFO] PluginManager:220 - loadIPPluginJar : add dfsdm
2026-08-07 02:32:22,523 [INFO] IPUIPlugin:80 - create IPUIPlugin
2026-08-07 02:32:22,524 [INFO] PluginManager:220 - loadIPPluginJar : add dma
2026-08-07 02:32:22,527 [INFO] IPUIPlugin:80 - create IPUIPlugin
2026-08-07 02:32:22,527 [INFO] PluginManager:220 - loadIPPluginJar : add dma3
2026-08-07 02:32:22,529 [INFO] IPUIPlugin:80 - create IPUIPlugin
2026-08-07 02:32:22,529 [INFO] PluginManager:220 - loadIPPluginJar : add extmemmanager
2026-08-07 02:32:22,531 [INFO] IPUIPlugin:80 - create IPUIPlugin
2026-08-07 02:32:22,531 [INFO] PluginManager:220 - loadIPPluginJar : add fatfs
2026-08-07 02:32:22,534 [INFO] IPUIPlugin:80 - create IPUIPlugin
2026-08-07 02:32:22,534 [INFO] PluginManager:220 - loadIPPluginJar : add fmc
2026-08-07 02:32:22,539 [INFO] IPUIPlugin:80 - create IPUIPlugin
2026-08-07 02:32:22,540 [INFO] PluginManager:220 - loadIPPluginJar : add freertos
2026-08-07 02:32:22,541 [INFO] IPUIPlugin:80 - create IPUIPlugin
2026-08-07 02:32:22,541 [INFO] PluginManager:220 - loadIPPluginJar : add genericplugin
2026-08-07 02:32:22,543 [INFO] IPUIPlugin:80 - create IPUIPlugin
2026-08-07 02:32:22,543 [INFO] PluginManager:220 - loadIPPluginJar : add gfxmmu
2026-08-07 02:32:22,546 [INFO] IPUIPlugin:80 - create IPUIPlugin
2026-08-07 02:32:22,546 [INFO] PluginManager:220 - loadIPPluginJar : add gic
2026-08-07 02:32:22,548 [INFO] IPUIPlugin:80 - create IPUIPlugin
2026-08-07 02:32:22,548 [INFO] PluginManager:220 - loadIPPluginJar : add gpio
2026-08-07 02:32:22,550 [INFO] IPUIPlugin:80 - create IPUIPlugin
2026-08-07 02:32:22,550 [INFO] PluginManager:220 - loadIPPluginJar : add gtzc
2026-08-07 02:32:22,552 [INFO] IPUIPlugin:80 - create IPUIPlugin
2026-08-07 02:32:22,553 [INFO] PluginManager:220 - loadIPPluginJar : add hash
2026-08-07 02:32:22,555 [INFO] IPUIPlugin:80 - create IPUIPlugin
2026-08-07 02:32:22,555 [INFO] PluginManager:220 - loadIPPluginJar : add i2c
2026-08-07 02:32:22,556 [INFO] IPUIPlugin:80 - create IPUIPlugin
2026-08-07 02:32:22,557 [INFO] PluginManager:220 - loadIPPluginJar : add i2s
2026-08-07 02:32:22,559 [INFO] IPUIPlugin:80 - create IPUIPlugin
2026-08-07 02:32:22,560 [INFO] PluginManager:220 - loadIPPluginJar : add i3c
2026-08-07 02:32:22,562 [INFO] IPUIPlugin:80 - create IPUIPlugin
2026-08-07 02:32:22,562 [INFO] PluginManager:220 - loadIPPluginJar : add ipddr
2026-08-07 02:32:22,568 [INFO] IPUIPlugin:80 - create IPUIPlugin
2026-08-07 02:32:22,568 [INFO] PluginManager:220 - loadIPPluginJar : add linkedlist
2026-08-07 02:32:22,570 [INFO] IPUIPlugin:80 - create IPUIPlugin
2026-08-07 02:32:22,571 [INFO] PluginManager:220 - loadIPPluginJar : add lorawan
2026-08-07 02:32:22,573 [INFO] IPUIPlugin:80 - create IPUIPlugin
2026-08-07 02:32:22,573 [INFO] PluginManager:220 - loadIPPluginJar : add ltdc
2026-08-07 02:32:22,578 [INFO] IPUIPlugin:80 - create IPUIPlugin
2026-08-07 02:32:22,578 [INFO] PluginManager:220 - loadIPPluginJar : add mdma
2026-08-07 02:32:22,581 [INFO] IPUIPlugin:80 - create IPUIPlugin
2026-08-07 02:32:22,582 [INFO] PluginManager:220 - loadIPPluginJar : add nvic
2026-08-07 02:32:22,584 [INFO] IPUIPlugin:80 - create IPUIPlugin
2026-08-07 02:32:22,584 [INFO] PluginManager:220 - loadIPPluginJar : add opamp
2026-08-07 02:32:22,586 [INFO] IPUIPlugin:80 - create IPUIPlugin
2026-08-07 02:32:22,586 [INFO] PluginManager:220 - loadIPPluginJar : add openamp
2026-08-07 02:32:22,589 [INFO] IPUIPlugin:80 - create IPUIPlugin
2026-08-07 02:32:22,589 [INFO] PluginManager:220 - loadIPPluginJar : add pdm2pcm
2026-08-07 02:32:22,594 [INFO] IPUIPlugin:80 - create IPUIPlugin
2026-08-07 02:32:22,596 [INFO] PluginManager:220 - loadIPPluginJar : add plateformsettings
2026-08-07 02:32:22,597 [INFO] IPUIPlugin:80 - create IPUIPlugin
2026-08-07 02:32:22,597 [INFO] PluginManager:220 - loadIPPluginJar : add quadspi
2026-08-07 02:32:22,599 [INFO] IPUIPlugin:80 - create IPUIPlugin
2026-08-07 02:32:22,599 [INFO] PluginManager:220 - loadIPPluginJar : add radio
2026-08-07 02:32:22,602 [INFO] IPUIPlugin:80 - create IPUIPlugin
2026-08-07 02:32:22,602 [INFO] PluginManager:220 - loadIPPluginJar : add resmgrutility
2026-08-07 02:32:22,604 [INFO] IPUIPlugin:80 - create IPUIPlugin
2026-08-07 02:32:22,604 [INFO] PluginManager:220 - loadIPPluginJar : add sai
2026-08-07 02:32:22,606 [INFO] IPUIPlugin:80 - create IPUIPlugin
2026-08-07 02:32:22,606 [INFO] PluginManager:220 - loadIPPluginJar : add spi
2026-08-07 02:32:22,610 [INFO] IPUIPlugin:80 - create IPUIPlugin
2026-08-07 02:32:22,610 [INFO] PluginManager:220 - loadIPPluginJar : add stm32_wpan
2026-08-07 02:32:22,611 [INFO] IPUIPlugin:80 - create IPUIPlugin
2026-08-07 02:32:22,611 [INFO] PluginManager:220 - loadIPPluginJar : add tim
2026-08-07 02:32:22,614 [INFO] IPUIPlugin:80 - create IPUIPlugin
2026-08-07 02:32:22,614 [INFO] PluginManager:220 - loadIPPluginJar : add touchsensing
2026-08-07 02:32:22,615 [INFO] IPUIPlugin:80 - create IPUIPlugin
2026-08-07 02:32:22,616 [INFO] PluginManager:220 - loadIPPluginJar : add tracer_emb
2026-08-07 02:32:22,617 [INFO] IPUIPlugin:80 - create IPUIPlugin
2026-08-07 02:32:22,618 [INFO] PluginManager:220 - loadIPPluginJar : add ts
2026-08-07 02:32:22,618 [INFO] IPUIPlugin:80 - create IPUIPlugin
2026-08-07 02:32:22,618 [INFO] PluginManager:220 - loadIPPluginJar : add tsc
2026-08-07 02:32:22,620 [INFO] IPUIPlugin:80 - create IPUIPlugin
2026-08-07 02:32:22,620 [INFO] PluginManager:220 - loadIPPluginJar : add ucpd
2026-08-07 02:32:22,622 [INFO] IPUIPlugin:80 - create IPUIPlugin
2026-08-07 02:32:22,622 [INFO] PluginManager:220 - loadIPPluginJar : add usart
2026-08-07 02:32:22,624 [INFO] IPUIPlugin:80 - create IPUIPlugin
2026-08-07 02:32:22,624 [INFO] PluginManager:220 - loadIPPluginJar : add usbx
2026-08-07 02:32:22,737 [FATAL] Updater:351 - Updater called before beeing initialized
2026-08-07 02:32:22,757 [INFO] RulesReader:64 - Compatibility file has been processed (317 Rules)
2026-08-07 02:32:22,763 [INFO] RulesReader:64 - Compatibility file has been processed (317 Rules)
2026-08-07 02:32:22,770 [INFO] CADModel:165 - CPN selected for project level
2026-08-07 02:32:22,770 [INFO] CADModel:114 - Register for checkConnection events
2026-08-07 02:32:22,770 [FATAL] Updater:351 - Updater called before beeing initialized
2026-08-07 02:32:22,770 [ERROR] CADModel:125 - Updater not yet initialized, retry later 
2026-08-07 02:32:22,880 [FATAL] Updater:351 - Updater called before beeing initialized
2026-08-07 02:32:22,882 [INFO] CADModel:165 - CPN selected for project level
2026-08-07 02:32:22,882 [INFO] CADModel:114 - Register for checkConnection events
2026-08-07 02:32:22,882 [FATAL] Updater:351 - Updater called before beeing initialized
2026-08-07 02:32:22,882 [ERROR] CADModel:125 - Updater not yet initialized, retry later 
2026-08-07 02:32:22,884 [FATAL] Updater:351 - Updater called before beeing initialized
2026-08-07 02:32:22,960 [FATAL] Updater:351 - Updater called before beeing initialized
2026-08-07 02:32:22,963 [INFO] DbMcusAds:53 - JSON generation date=Wed Jul 15 11:44:54 CEST 2026 (1784108694085)
2026-08-07 02:32:22,964 [FATAL] Updater:351 - Updater called before beeing initialized
2026-08-07 02:32:22,994 [WARN] DetailPanel:346 - Failed to get advertising image, set to default
2026-08-07 02:32:23,060 [FATAL] Updater:351 - Updater called before beeing initialized
2026-08-07 02:32:23,062 [FATAL] Updater:351 - Updater called before beeing initialized
2026-08-07 02:32:23,062 [FATAL] Updater:351 - Updater called before beeing initialized
2026-08-07 02:32:23,062 [WARN] DetailPanel:346 - Failed to get advertising image, set to default
2026-08-07 02:32:23,062 [FATAL] Updater:351 - Updater called before beeing initialized
2026-08-07 02:32:23,093 [ERROR] Updater:1198 - MainUpdater not yet initialized. External WinMGr cannot be set.
2026-08-07 02:32:23,094 [INFO] Updater:1134 - Updater Version found : 6.15.0
2026-08-07 02:32:23,107 [INFO] ApplicationProperties:184 - Using Application install path: C:\ST\STM32CubeIDE_1.18.0\STM32CubeIDE\plugins\com.st.stm32cube.common.mx_6.15.0.202507011659
2026-08-07 02:32:23,399 [ERROR] LogOutputStream:75 - [STDERR_REDIRECT] [Fatal Error] :1:1: Premature end of file.
2026-08-07 02:32:23,400 [ERROR] LogOutputStream:75 - [STDERR_REDIRECT] 
2026-08-07 02:32:24,402 [ERROR] LogOutputStream:75 - [STDERR_REDIRECT] [Fatal Error] :1:1: Premature end of file.
2026-08-07 02:32:24,402 [ERROR] LogOutputStream:75 - [STDERR_REDIRECT] 
2026-08-07 02:32:24,684 [ERROR] LogOutputStream:75 - [STDERR_REDIRECT] Aug 07, 2026 2:32:24 AM java.util.prefs.WindowsPreferences <init>
2026-08-07 02:32:24,685 [ERROR] LogOutputStream:75 - [STDERR_REDIRECT] WARNING: Could not open/create prefs root node Software\JavaSoft\Prefs at root 0xffffffff80000002. Windows RegCreateKeyEx(...) returned error code 5.
2026-08-07 02:32:24,686 [ERROR] LogOutputStream:75 - [STDERR_REDIRECT] 
2026-08-07 02:32:24,948 [INFO] MainUpdater:2872 - connection check result : 10
2026-08-07 02:32:24,948 [INFO] MainUpdater:3604 - Updater definition file requires update
2026-08-07 02:32:24,949 [INFO] MainUpdater:289 - Updater Check For Update Now.
2026-08-07 02:32:24,949 [INFO] MicroXplorer:498 - Change Database Version : DB.6.0.150
2026-08-07 02:32:24,953 [INFO] McuFinderGlobals:63 - Set McuFinder mode to 2 (CubeIDE integrated)
2026-08-07 02:32:24,954 [INFO] UserAuth:487 - Internet connection configuration mode: 1
2026-08-07 02:32:24,974 [INFO] JxBrowserEngine:152 - Initiate JxBrowser Engine with user profile folder
2026-08-07 02:32:25,024 [INFO] ServerAccessManage:452 - Complete download http(s) 200
2026-08-07 02:32:25,026 [INFO] ServerAccessManage:509 - Download File updaters.zip
2026-08-07 02:32:25,079 [WARN] MainUpdater:1193 - Updater busy. Cannot search thirdparties
2026-08-07 02:32:25,079 [INFO] ThirdPartyUpdaterWithRetryManager:96 - Updater plugin is busy. [1/15]
2026-08-07 02:32:25,131 [INFO] FileExtend:248 - Unzip File : updaters.zip
2026-08-07 02:32:25,131 [INFO] FileExtend:263 - Standard Zip Deflate
2026-08-07 02:32:25,403 [ERROR] LogOutputStream:75 - [STDERR_REDIRECT] [Fatal Error] :1:1: Premature end of file.
2026-08-07 02:32:25,403 [ERROR] LogOutputStream:75 - [STDERR_REDIRECT] 
2026-08-07 02:32:25,528 [INFO] ServerAccessManage:452 - Complete download http(s) 200
2026-08-07 02:32:25,529 [INFO] ServerAccessManage:509 - Download File PacksControlFlags.xml
2026-08-07 02:32:25,584 [INFO] ServerAccessManage:452 - Complete download http(s) 200
2026-08-07 02:32:25,584 [INFO] ServerAccessManage:509 - Download File cubemx.pidx
2026-08-07 02:32:25,667 [INFO] LoadServerUpdatesThread:375 - End of LoadServerUpdate Thread
2026-08-07 02:32:25,838 [INFO] CheckServerUpdateThread:120 - End of CheckServer Thread
2026-08-07 02:32:25,965 [INFO] WebApp:169 - Instantiating new browser for Auth
2026-08-07 02:32:26,400 [ERROR] LogOutputStream:75 - [STDERR_REDIRECT] [Fatal Error] :1:1: Premature end of file.
2026-08-07 02:32:26,401 [ERROR] LogOutputStream:75 - [STDERR_REDIRECT] 
2026-08-07 02:32:26,536 [INFO] WebApp:463 - Apply proxy settings
2026-08-07 02:32:26,536 [INFO] WebApp:548 - Chromium requires no authentication
2026-08-07 02:32:26,550 [INFO] WebApp:491 - Direct internet connection detected
2026-08-07 02:32:26,578 [INFO] WebApp:900 - Register for checkConnection events
2026-08-07 02:32:26,579 [INFO] WebApp:463 - Apply proxy settings
2026-08-07 02:32:26,579 [INFO] WebApp:548 - Chromium requires no authentication
2026-08-07 02:32:26,579 [INFO] WebApp:491 - Direct internet connection detected
2026-08-07 02:32:26,710 [INFO] WebApp:225 - Starting web application
2026-08-07 02:32:26,711 [INFO] WebApp:593 - Web application path used C:\ST\STM32CubeIDE_1.18.0\STM32CubeIDE\plugins\com.st.stm32cube.common.mx_6.15.0.202507011659\db\plugins\mcufinder\reactClient1\index.html
2026-08-07 02:32:26,785 [INFO] UserAuth:487 - Internet connection configuration mode: 1
2026-08-07 02:32:27,396 [INFO] WebApp:191 - Connection restablished
2026-08-07 02:32:27,410 [ERROR] LogOutputStream:75 - [STDERR_REDIRECT] [Fatal Error] :1:1: Premature end of file.
2026-08-07 02:32:27,411 [ERROR] LogOutputStream:75 - [STDERR_REDIRECT] 
2026-08-07 02:32:28,403 [WARN] PackLoader:240 - Cannot read IP mode file for STMicroelectronics.X-CUBE-AZRTOS-H7.3.5.0
2026-08-07 02:32:28,415 [WARN] PackLoader:240 - Cannot read IP mode file for STMicroelectronics.FP-SNS-MOTENVWB1.1.4.0
2026-08-07 02:32:28,420 [ERROR] LogOutputStream:75 - [STDERR_REDIRECT] [Fatal Error] :1:1: Premature end of file.
2026-08-07 02:32:28,421 [ERROR] LogOutputStream:75 - [STDERR_REDIRECT] 
2026-08-07 02:32:28,422 [WARN] PackLoader:240 - Cannot read IP mode file for STMicroelectronics.FP-ATR-ASTRA1.2.0.3
2026-08-07 02:32:28,427 [WARN] PackLoader:240 - Cannot read IP mode file for STMicroelectronics.FP-ATR-ASTRA1.2.0.2
2026-08-07 02:32:28,437 [ERROR] Engine:466 - C:\Users\Mowibox\.stm32cubemx\thirdparties\pdsc\STMicroelectronics.X-CUBE-SMBUS.2.1.1.pdsc: PDSC version is not supported
2026-08-07 02:32:28,442 [WARN] PackLoader:240 - Cannot read IP mode file for STMicroelectronics.X-CUBE-SMBUS.2.1.0
2026-08-07 02:32:28,451 [WARN] PackLoader:240 - Cannot read IP mode file for STMicroelectronics.X-CUBE-WB05N.1.1.0
2026-08-07 02:32:28,474 [WARN] PackLoader:240 - Cannot read IP mode file for STMicroelectronics.X-CUBE-AZRTOS-F7.1.1.0
2026-08-07 02:32:28,482 [WARN] PackLoader:240 - Cannot read IP mode file for STMicroelectronics.X-CUBE-FREERTOS.1.6.0
2026-08-07 02:32:28,486 [WARN] PackLoader:240 - Cannot read IP mode file for STMicroelectronics.FP-SNS-MOTENV1.5.1.0
2026-08-07 02:32:28,510 [WARN] PackLoader:240 - Cannot read IP mode file for STMicroelectronics.X-CUBE-AZRTOS-H7RS.1.3.0
2026-08-07 02:32:28,518 [WARN] PackLoader:240 - Cannot read IP mode file for STMicroelectronics.FP-SNS-FLIGHT1.5.0.2
2026-08-07 02:32:28,546 [WARN] PackLoader:240 - Cannot read IP mode file for Infineon.AIROC-Wi-Fi-Bluetooth-STM32.1.7.0
2026-08-07 02:32:28,565 [WARN] PackLoader:240 - Cannot read IP mode file for STMicroelectronics.X-CUBE-AZRTOS-H7.3.4.0
2026-08-07 02:32:28,653 [WARN] PackLoader:240 - Cannot read IP mode file for STMicroelectronics.X-CUBE-DISPLAY.3.0.0
2026-08-07 02:32:28,665 [WARN] PackLoader:240 - Cannot read IP mode file for STMicroelectronics.X-CUBE-GNSS1.7.1.1
2026-08-07 02:32:28,669 [WARN] PackLoader:240 - Cannot read IP mode file for STMicroelectronics.FP-SNS-MOTENVWB1.1.5.0
2026-08-07 02:32:28,677 [WARN] PackLoader:240 - Cannot read IP mode file for STMicroelectronics.X-CUBE-NFC10.1.0.0
2026-08-07 02:32:28,685 [WARN] PackLoader:240 - Cannot read IP mode file for STMicroelectronics.X-CUBE-BLEMGR.4.0.0
2026-08-07 02:32:28,692 [WARN] PackLoader:240 - Cannot read IP mode file for STMicroelectronics.X-CUBE-ST60.1.1.0
2026-08-07 02:32:28,697 [WARN] PackLoader:240 - Cannot read IP mode file for emotas.I-CUBE-CANOPEN.1.3.0
2026-08-07 02:32:28,700 [ERROR] Engine:466 - C:\Users\Mowibox\.stm32cubemx\thirdparties\pdsc\STMicroelectronics.X-CUBE-WBA.1.1.0.pdsc: PDSC version is not supported
2026-08-07 02:32:28,705 [WARN] PackLoader:240 - Cannot read IP mode file for STMicroelectronics.X-CUBE-GNSS1.7.1.0
2026-08-07 02:32:28,713 [WARN] ConditionMgr:438 - getConditionDescription Invalid condition id : Cortex-A Device cause : null
2026-08-07 02:32:28,722 [WARN] ConditionMgr:1044 - genDependencies : Invalid condition id : Cortex-A Device cause : null
2026-08-07 02:32:28,722 [WARN] ConditionMgr:1044 - genDependencies : Invalid condition id : Cortex-A Device cause : null
2026-08-07 02:32:28,722 [WARN] ConditionMgr:1044 - genDependencies : Invalid condition id : Cortex-A Device cause : null
2026-08-07 02:32:28,725 [WARN] PackLoader:240 - Cannot read IP mode file for STMicroelectronics.X-CUBE-AI.10.0.0
2026-08-07 02:32:28,729 [WARN] PackLoader:240 - Cannot read IP mode file for STMicroelectronics.FP-SNS-STBOX1.2.1.0
2026-08-07 02:32:28,734 [WARN] PackLoader:240 - Cannot read IP mode file for STMicroelectronics.FP-SNS-SMARTAG2.1.2.0
2026-08-07 02:32:28,737 [WARN] PackLoader:240 - Cannot read IP mode file for STMicroelectronics.FP-SNS-FLIGHT1.5.1.0
2026-08-07 02:32:28,768 [WARN] PackLoader:240 - Cannot read IP mode file for STMicroelectronics.X-CUBE-MEMS1.11.1.0
2026-08-07 02:32:28,840 [INFO] LogOutputStream:77 - [STDOUT_REDIRECT] 1 : Invalid condition id : UX_CORESTACK_Condition cause : null
2026-08-07 02:32:28,841 [INFO] LogOutputStream:77 - [STDOUT_REDIRECT] 1 : Invalid condition id : UX_CORESTACK_Condition cause : null
2026-08-07 02:32:28,842 [INFO] LogOutputStream:77 - [STDOUT_REDIRECT] 1 : Invalid condition id : UX_CORESTACK_Condition cause : null
2026-08-07 02:32:28,844 [INFO] LogOutputStream:77 - [STDOUT_REDIRECT] 1 : Invalid condition id : UX_CORESTACK_Condition cause : null
2026-08-07 02:32:28,845 [INFO] LogOutputStream:77 - [STDOUT_REDIRECT] 1 : Invalid condition id : UX_CORESTACK_Condition cause : null
2026-08-07 02:32:28,848 [WARN] PackLoader:240 - Cannot read IP mode file for STMicroelectronics.X-CUBE-AZRTOS-WL.2.0.0
2026-08-07 02:32:28,852 [WARN] PackLoader:240 - Cannot read IP mode file for STMicroelectronics.FP-SNS-MOTENV1.5.0.0
2026-08-07 02:32:28,861 [WARN] PackLoader:240 - Cannot read IP mode file for STMicroelectronics.X-CUBE-AZRTOS-H7RS.1.2.0
2026-08-07 02:32:28,869 [WARN] PackLoader:240 - Cannot read IP mode file for WES.I-CUBE-Cesium.1.3.0
2026-08-07 02:32:28,873 [WARN] PackLoader:240 - Cannot read IP mode file for STMicroelectronics.X-CUBE-BLE2.3.3.0
2026-08-07 02:32:28,885 [WARN] PackLoader:240 - Cannot read IP mode file for STMicroelectronics.X-CUBE-NFC9.1.0.0
2026-08-07 02:32:28,890 [WARN] PackLoader:240 - Cannot read IP mode file for STMicroelectronics.X-CUBE-BLE1.7.1.0
2026-08-07 02:32:28,893 [WARN] PackLoader:240 - Cannot read IP mode file for wolfSSL.I-CUBE-wolfMQTT.1.19.2
2026-08-07 02:32:28,896 [WARN] PackLoader:240 - Cannot read IP mode file for STMicroelectronics.X-CUBE-FREERTOS.1.4.0
2026-08-07 02:32:28,899 [WARN] PackLoader:240 - Cannot read IP mode file for STMicroelectronics.X-CUBE-EEPRMA1.5.2.0
2026-08-07 02:32:28,904 [WARN] PackLoader:240 - Cannot read IP mode file for STMicroelectronics.X-CUBE-ST67W61.1.1.0
2026-08-07 02:32:28,908 [WARN] PackLoader:240 - Cannot read IP mode file for STMicroelectronics.FP-SNS-STAIOTCFT.1.1.0
2026-08-07 02:32:28,927 [WARN] PackLoader:240 - Cannot read IP mode file for STMicroelectronics.X-CUBE-MEMS1.12.0.0
2026-08-07 02:32:28,974 [WARN] PackLoader:240 - Cannot read IP mode file for STMicroelectronics.X-CUBE-AZRTOS-G0.1.1.0
2026-08-07 02:32:28,979 [WARN] PackLoader:240 - Cannot read IP mode file for STMicroelectronics.X-CUBE-SAFEA1.1.2.2
2026-08-07 02:32:28,983 [WARN] PackLoader:240 - Cannot read IP mode file for STMicroelectronics.X-CUBE-NFC4.3.0.0
2026-08-07 02:32:28,988 [WARN] PackLoader:240 - Cannot read IP mode file for EmbeddedOffice.I-CUBE-FS-RTOS.1.0.1
2026-08-07 02:32:28,991 [WARN] PackLoader:240 - Cannot read IP mode file for STMicroelectronics.X-CUBE-WB05N.2.0.0
2026-08-07 02:32:28,994 [WARN] PackLoader:240 - Cannot read IP mode file for wolfSSL.I-CUBE-wolfTPM.3.8.0
2026-08-07 02:32:28,998 [WARN] PackLoader:240 - Cannot read IP mode file for STMicroelectronics.X-CUBE-TCPP.4.2.0
2026-08-07 02:32:29,002 [WARN] PackLoader:240 - Cannot read IP mode file for RealThread.X-CUBE-RT-Thread_Nano.4.1.1
2026-08-07 02:32:29,007 [WARN] PackLoader:240 - Cannot read IP mode file for STMicroelectronics.FP-ATR-SIGFOX1.3.2.0
2026-08-07 02:32:29,011 [WARN] PackLoader:240 - Cannot read IP mode file for STMicroelectronics.X-CUBE-EEPRMA1.5.1.0
2026-08-07 02:32:29,016 [WARN] PackLoader:240 - Cannot read IP mode file for STMicroelectronics.X-CUBE-FREERTOS.1.5.0
2026-08-07 02:32:29,019 [WARN] PackLoader:240 - Cannot read IP mode file for wolfSSL.I-CUBE-wolfSSL.5.7.6
2026-08-07 02:32:29,025 [WARN] PackLoader:240 - Cannot read IP mode file for ITTIA_DB.I-CUBE-ITTIADB.8.9.0
2026-08-07 02:32:29,031 [WARN] PackLoader:240 - Cannot read IP mode file for STMicroelectronics.X-CUBE-NFC6.3.2.0
2026-08-07 02:32:29,036 [WARN] PackLoader:240 - Cannot read IP mode file for STMicroelectronics.X-CUBE-AI.10.2.1
2026-08-07 02:32:29,039 [WARN] PackLoader:240 - Cannot read IP mode file for STMicroelectronics.X-CUBE-AI.10.2.0
2026-08-07 02:32:29,067 [WARN] PackLoader:240 - Cannot read IP mode file for STMicroelectronics.X-CUBE-MEMS1.12.1.0
2026-08-07 02:32:29,112 [WARN] PackLoader:240 - Cannot read IP mode file for SEGGER.I-CUBE-embOS.1.3.1
2026-08-07 02:32:29,130 [WARN] PackLoader:240 - Cannot read IP mode file for STMicroelectronics.X-CUBE-ALGOBUILD.1.4.0
2026-08-07 02:32:29,152 [WARN] PackLoader:240 - Cannot read IP mode file for STMicroelectronics.X-CUBE-MEMS1.11.3.0
2026-08-07 02:32:29,212 [WARN] PackLoader:240 - Cannot read IP mode file for STMicroelectronics.X-CUBE-NFC13.1.0.0
2026-08-07 02:32:29,216 [WARN] PackLoader:240 - Cannot read IP mode file for STMicroelectronics.X-CUBE-PM33A1.1.0.0
2026-08-07 02:32:29,226 [WARN] PackLoader:240 - Cannot read IP mode file for STMicroelectronics.X-CUBE-AZRTOS-F4.1.1.0
2026-08-07 02:32:29,231 [WARN] PackLoader:240 - Cannot read IP mode file for STMicroelectronics.X-CUBE-ISPU.2.1.0
2026-08-07 02:32:29,236 [WARN] PackLoader:240 - Cannot read IP mode file for STMicroelectronics.X-CUBE-IPS.3.2.0
2026-08-07 02:32:29,244 [WARN] PackLoader:240 - Cannot read IP mode file for STMicroelectronics.eDS-WB_DPC_TT-BIDIR.2.1.1
2026-08-07 02:32:29,248 [WARN] PackLoader:240 - Cannot read IP mode file for STMicroelectronics.X-CUBE-NFC12.1.0.0
2026-08-07 02:32:29,260 [WARN] PackLoader:240 - Cannot read IP mode file for STMicroelectronics.X-CUBE-AZRTOS-L5.2.0.0
2026-08-07 02:32:29,268 [WARN] PackLoader:240 - Cannot read IP mode file for STMicroelectronics.X-CUBE-NFC6.3.1.0
2026-08-07 02:32:29,274 [WARN] PackLoader:240 - Cannot read IP mode file for STMicroelectronics.X-CUBE-ALGOBUILD.1.5.0
2026-08-07 02:32:29,282 [WARN] PackLoader:240 - Cannot read IP mode file for STMicroelectronics.X-CUBE-DPower.1.2.0
2026-08-07 02:32:29,285 [WARN] PackLoader:240 - Cannot read IP mode file for STMicroelectronics.eDS-WB_DPC_VIENNA.1.2.0
2026-08-07 02:32:29,314 [WARN] PackLoader:240 - Cannot read IP mode file for STMicroelectronics.X-CUBE-MEMS1.13.0.0
2026-08-07 02:32:29,392 [WARN] PackLoader:240 - Cannot read IP mode file for STMicroelectronics.eDS-WB_DPC_3PH2L-BIDIR.1.1.1
2026-08-07 02:32:29,396 [ERROR] Engine:466 - C:\Users\Mowibox\.stm32cubemx\thirdparties\pdsc\STMicroelectronics.X-CUBE-ST67W61.1.3.0.pdsc: PDSC version is not supported
2026-08-07 02:32:29,402 [WARN] PackLoader:240 - Cannot read IP mode file for STMicroelectronics.X-CUBE-FREERTOS.1.3.1
2026-08-07 02:32:29,406 [WARN] PackLoader:240 - Cannot read IP mode file for STMicroelectronics.X-CUBE-FREERTOS.1.3.0
2026-08-07 02:32:29,410 [WARN] PackLoader:240 - Cannot read IP mode file for STMicroelectronics.X-CUBE-NFC7.1.0.1
2026-08-07 02:32:29,416 [WARN] PackLoader:240 - Cannot read IP mode file for STMicroelectronics.X-CUBE-TOUCHGFX.4.26.0
2026-08-07 02:32:29,420 [WARN] PackLoader:240 - Cannot read IP mode file for STMicroelectronics.X-CUBE-TOUCHGFX.4.26.1
2026-08-07 02:32:29,425 [WARN] PackLoader:240 - Cannot read IP mode file for STMicroelectronics.FP-SNS-STAIOTCFT.1.0.0
2026-08-07 02:32:29,428 [ERROR] LogOutputStream:75 - [STDERR_REDIRECT] [Fatal Error] :1:1: Premature end of file.
2026-08-07 02:32:29,429 [ERROR] LogOutputStream:75 - [STDERR_REDIRECT] 
2026-08-07 02:32:29,430 [WARN] PackLoader:240 - Cannot read IP mode file for STMicroelectronics.X-CUBE-DPower.1.3.0
2026-08-07 02:32:29,442 [WARN] ConditionMgr:438 - getConditionDescription Invalid condition id : LAN8742 Phy interface Condition cause : null
2026-08-07 02:32:29,443 [WARN] PackLoader:240 - Cannot read IP mode file for STMicroelectronics.X-CUBE-AZRTOS-L4.2.0.0
2026-08-07 02:32:29,443 [WARN] ConditionMgr:1044 - genDependencies : Invalid condition id : LAN8742 Phy interface Condition cause : null
2026-08-07 02:32:29,444 [WARN] ConditionMgr:1044 - genDependencies : Invalid condition id : LAN8742 Phy interface Condition cause : null
2026-08-07 02:32:29,444 [WARN] ConditionMgr:1044 - genDependencies : Invalid condition id : LAN8742 Phy interface Condition cause : null
2026-08-07 02:32:29,451 [WARN] PackLoader:240 - Cannot read IP mode file for STMicroelectronics.X-CUBE-SFXS2LP1.4.0.0
2026-08-07 02:32:29,457 [WARN] PackLoader:240 - Cannot read IP mode file for STMicroelectronics.X-CUBE-WB05N.2.1.0
2026-08-07 02:32:29,461 [WARN] PackLoader:240 - Cannot read IP mode file for STMicroelectronics.X-CUBE-ST67W61.1.2.0
2026-08-07 02:32:29,477 [WARN] PackLoader:240 - Cannot read IP mode file for STMicroelectronics.X-CUBE-AZRTOS-H7.3.3.0
2026-08-07 02:32:29,482 [WARN] PackLoader:240 - Cannot read IP mode file for STMicroelectronics.X-CUBE-BLEMGR.4.1.0
2026-08-07 02:32:29,489 [WARN] ConditionMgr:438 - getConditionDescription Invalid condition id : UX DEVICE CLASS RTOS Condition cause : null
2026-08-07 02:32:29,489 [WARN] ConditionMgr:438 - getConditionDescription Invalid condition id : UX DEVICE CLASS RTOS Condition cause : null
2026-08-07 02:32:29,490 [WARN] PackLoader:240 - Cannot read IP mode file for STMicroelectronics.X-CUBE-AZRTOS-WB.2.0.0
2026-08-07 02:32:29,490 [WARN] ConditionMgr:1044 - genDependencies : Invalid condition id : UX DEVICE CLASS RTOS Condition cause : null
2026-08-07 02:32:29,490 [WARN] ConditionMgr:1044 - genDependencies : Invalid condition id : UX DEVICE CLASS RTOS Condition cause : null
2026-08-07 02:32:29,491 [WARN] ConditionMgr:1044 - genDependencies : Invalid condition id : UX DEVICE CLASS RTOS Condition cause : null
2026-08-07 02:32:29,491 [WARN] ConditionMgr:1044 - genDependencies : Invalid condition id : UX DEVICE CLASS RTOS Condition cause : null
2026-08-07 02:32:29,491 [WARN] ConditionMgr:1044 - genDependencies : Invalid condition id : UX DEVICE CLASS RTOS Condition cause : null
2026-08-07 02:32:29,495 [WARN] PackLoader:240 - Cannot read IP mode file for STMicroelectronics.X-CUBE-GNSS1.7.0.1
2026-08-07 02:32:29,499 [WARN] PackLoader:240 - Cannot read IP mode file for STMicroelectronics.X-CUBE-TOUCHGFX.4.25.0
2026-08-07 02:32:29,502 [WARN] PackLoader:240 - Cannot read IP mode file for STMicroelectronics.FP-SNS-STBOX1.2.0.0
2026-08-07 02:32:29,507 [WARN] PackLoader:240 - Cannot read IP mode file for STMicroelectronics.X-CUBE-STSE01.2.0.0
2026-08-07 02:32:29,513 [WARN] PackLoader:240 - Cannot read IP mode file for STMicroelectronics.X-CUBE-SUBG2.5.0.0
2026-08-07 02:32:29,522 [WARN] PackLoader:240 - Cannot read IP mode file for STMicroelectronics.X-CUBE-AZRTOS-H7RS.1.1.0
2026-08-07 02:32:29,527 [WARN] PackLoader:240 - Cannot read IP mode file for Cesanta.I-CUBE-Mongoose.7.13.0
2026-08-07 02:32:29,533 [WARN] PackLoader:240 - Cannot read IP mode file for STMicroelectronics.X-CUBE-AZRTOS-G4.2.0.0
2026-08-07 02:32:29,537 [WARN] PackLoader:240 - Cannot read IP mode file for wolfSSL.I-CUBE-wolfSSH.1.4.20
2026-08-07 02:32:29,541 [WARN] PackLoader:240 - Cannot read IP mode file for STMicroelectronics.X-CUBE-NFC7.2.0.0
2026-08-07 02:32:29,546 [WARN] PackLoader:240 - Cannot read IP mode file for STMicroelectronics.X-CUBE-IPS.3.1.0
2026-08-07 02:32:29,551 [ERROR] Engine:466 - C:\Users\Mowibox\.stm32cubemx\thirdparties\pdsc\STMicroelectronics.X-CUBE-BLEMGR.4.2.0.pdsc: PDSC version is not supported
2026-08-07 02:32:29,554 [WARN] PackLoader:240 - Cannot read IP mode file for STMicroelectronics.X-CUBE-ALS.1.0.2
2026-08-07 02:32:29,558 [WARN] PackLoader:240 - Cannot read IP mode file for STMicroelectronics.X-CUBE-TOUCHGFX.4.24.2
2026-08-07 02:32:29,561 [WARN] PackLoader:240 - Cannot read IP mode file for STMicroelectronics.X-CUBE-STSE01.1.0.0
2026-08-07 02:32:29,565 [WARN] PackLoader:240 - Cannot read IP mode file for portGmbH.I-Cube-SoM-uGOAL.1.1.0
2026-08-07 02:32:29,572 [WARN] PackLoader:240 - Cannot read IP mode file for STMicroelectronics.X-CUBE-AZRTOS-H7RS.1.0.0
2026-08-07 02:32:29,583 [WARN] PackLoader:240 - Cannot read IP mode file for STMicroelectronics.X-CUBE-TOF1.3.4.2
2026-08-07 02:32:29,595 [WARN] PackLoader:240 - Cannot read IP mode file for STMicroelectronics.X-CUBE-TOF1.3.4.3
2026-08-07 02:32:29,599 [INFO] ThirdParty:978 - Integrity check success = true
2026-08-07 02:32:29,599 [INFO] IntegrityCheckThread:100 - exiting critical section [integrity check]
2026-08-07 02:32:29,599 [INFO] IntegrityCheckThread:103 - End integrity checks thread
2026-08-07 02:32:30,397 [ERROR] LogOutputStream:75 - [STDERR_REDIRECT] [Fatal Error] :1:1: Premature end of file.
2026-08-07 02:32:30,397 [ERROR] LogOutputStream:75 - [STDERR_REDIRECT] 
2026-08-07 02:32:31,399 [ERROR] LogOutputStream:75 - [STDERR_REDIRECT] [Fatal Error] :1:1: Premature end of file.
2026-08-07 02:32:31,400 [ERROR] LogOutputStream:75 - [STDERR_REDIRECT] 
2026-08-07 02:32:32,402 [ERROR] LogOutputStream:75 - [STDERR_REDIRECT] [Fatal Error] :1:1: Premature end of file.
2026-08-07 02:32:32,402 [ERROR] LogOutputStream:75 - [STDERR_REDIRECT] 
2026-08-07 02:32:33,398 [ERROR] LogOutputStream:75 - [STDERR_REDIRECT] [Fatal Error] :1:1: Premature end of file.
2026-08-07 02:32:33,398 [ERROR] LogOutputStream:75 - [STDERR_REDIRECT] 
2026-08-07 02:32:34,399 [ERROR] LogOutputStream:75 - [STDERR_REDIRECT] [Fatal Error] :1:1: Premature end of file.
2026-08-07 02:32:34,400 [ERROR] LogOutputStream:75 - [STDERR_REDIRECT] 
2026-08-07 02:32:35,398 [ERROR] LogOutputStream:75 - [STDERR_REDIRECT] [Fatal Error] :1:1: Premature end of file.
2026-08-07 02:32:35,399 [ERROR] LogOutputStream:75 - [STDERR_REDIRECT] 
2026-08-07 02:32:36,402 [ERROR] LogOutputStream:75 - [STDERR_REDIRECT] [Fatal Error] :1:1: Premature end of file.
2026-08-07 02:32:36,402 [ERROR] LogOutputStream:75 - [STDERR_REDIRECT] 
2026-08-07 02:32:37,397 [ERROR] LogOutputStream:75 - [STDERR_REDIRECT] [Fatal Error] :1:1: Premature end of file.
2026-08-07 02:32:37,398 [ERROR] LogOutputStream:75 - [STDERR_REDIRECT] 
2026-08-07 02:32:38,400 [ERROR] LogOutputStream:75 - [STDERR_REDIRECT] [Fatal Error] :1:1: Premature end of file.
2026-08-07 02:32:38,400 [ERROR] LogOutputStream:75 - [STDERR_REDIRECT] 
2026-08-07 02:32:39,397 [ERROR] LogOutputStream:75 - [STDERR_REDIRECT] [Fatal Error] :1:1: Premature end of file.
2026-08-07 02:32:39,398 [ERROR] LogOutputStream:75 - [STDERR_REDIRECT] 
2026-08-07 02:32:40,398 [ERROR] LogOutputStream:75 - [STDERR_REDIRECT] [Fatal Error] :1:1: Premature end of file.
2026-08-07 02:32:40,398 [ERROR] LogOutputStream:75 - [STDERR_REDIRECT] 
2026-08-07 02:32:41,404 [ERROR] LogOutputStream:75 - [STDERR_REDIRECT] [Fatal Error] :1:1: Premature end of file.
2026-08-07 02:32:41,404 [ERROR] LogOutputStream:75 - [STDERR_REDIRECT] 
2026-08-07 02:32:42,405 [ERROR] LogOutputStream:75 - [STDERR_REDIRECT] [Fatal Error] :1:1: Premature end of file.
2026-08-07 02:32:42,405 [ERROR] LogOutputStream:75 - [STDERR_REDIRECT] 
2026-08-07 02:32:43,402 [ERROR] LogOutputStream:75 - [STDERR_REDIRECT] [Fatal Error] :1:1: Premature end of file.
2026-08-07 02:32:43,403 [ERROR] LogOutputStream:75 - [STDERR_REDIRECT] 
2026-08-07 02:32:44,396 [ERROR] LogOutputStream:75 - [STDERR_REDIRECT] [Fatal Error] :1:1: Premature end of file.
2026-08-07 02:32:44,397 [ERROR] LogOutputStream:75 - [STDERR_REDIRECT] 
2026-08-07 02:32:45,401 [ERROR] LogOutputStream:75 - [STDERR_REDIRECT] [Fatal Error] :1:1: Premature end of file.
2026-08-07 02:32:45,401 [ERROR] LogOutputStream:75 - [STDERR_REDIRECT] 
2026-08-07 02:32:46,400 [ERROR] LogOutputStream:75 - [STDERR_REDIRECT] [Fatal Error] :1:1: Premature end of file.
2026-08-07 02:32:46,401 [ERROR] LogOutputStream:75 - [STDERR_REDIRECT] 
2026-08-07 02:32:47,400 [ERROR] LogOutputStream:75 - [STDERR_REDIRECT] [Fatal Error] :1:1: Premature end of file.
2026-08-07 02:32:47,400 [ERROR] LogOutputStream:75 - [STDERR_REDIRECT] 
2026-08-07 02:32:48,401 [ERROR] LogOutputStream:75 - [STDERR_REDIRECT] [Fatal Error] :1:1: Premature end of file.
2026-08-07 02:32:48,401 [ERROR] LogOutputStream:75 - [STDERR_REDIRECT] 
2026-08-07 02:32:49,416 [ERROR] LogOutputStream:75 - [STDERR_REDIRECT] [Fatal Error] :1:1: Premature end of file.
2026-08-07 02:32:49,417 [ERROR] LogOutputStream:75 - [STDERR_REDIRECT] 
2026-08-07 02:32:50,398 [ERROR] LogOutputStream:75 - [STDERR_REDIRECT] [Fatal Error] :1:1: Premature end of file.
2026-08-07 02:32:50,398 [ERROR] LogOutputStream:75 - [STDERR_REDIRECT] 
2026-08-07 02:32:51,397 [ERROR] LogOutputStream:75 - [STDERR_REDIRECT] [Fatal Error] :1:1: Premature end of file.
2026-08-07 02:32:51,398 [ERROR] LogOutputStream:75 - [STDERR_REDIRECT] 
2026-08-07 02:32:52,399 [ERROR] LogOutputStream:75 - [STDERR_REDIRECT] [Fatal Error] :1:1: Premature end of file.
2026-08-07 02:32:52,399 [ERROR] LogOutputStream:75 - [STDERR_REDIRECT] 
2026-08-07 02:32:53,399 [ERROR] LogOutputStream:75 - [STDERR_REDIRECT] [Fatal Error] :1:1: Premature end of file.
2026-08-07 02:32:53,400 [ERROR] LogOutputStream:75 - [STDERR_REDIRECT] 
2026-08-07 02:32:54,402 [ERROR] LogOutputStream:75 - [STDERR_REDIRECT] [Fatal Error] :1:1: Premature end of file.
2026-08-07 02:32:54,402 [ERROR] LogOutputStream:75 - [STDERR_REDIRECT] 
2026-08-07 02:32:55,406 [ERROR] LogOutputStream:75 - [STDERR_REDIRECT] [Fatal Error] :1:1: Premature end of file.
2026-08-07 02:32:55,406 [ERROR] LogOutputStream:75 - [STDERR_REDIRECT] 
2026-08-07 02:32:55,440 [INFO] McuFinderGlobals:63 - Set McuFinder mode to 2 (CubeIDE integrated)
2026-08-07 02:32:55,445 [INFO] MainUpdater:2872 - connection check result : 10
2026-08-07 02:32:55,445 [INFO] MainUpdater:2872 - connection check result : 10
2026-08-07 02:32:55,478 [INFO] MicroXplorer:468 - Change Database Path : 
2026-08-07 02:32:55,479 [INFO] MicroXplorer:498 - Change Database Version : DB.6.0.150
2026-08-07 02:32:55,486 [WARN] ThirdParty:871 - waiting for thirdparty lock release [close project]
2026-08-07 02:32:55,486 [INFO] ThirdParty:873 - entering critical section [close project]
2026-08-07 02:32:55,486 [INFO] ThirdParty:883 - exiting critical section [close project]
2026-08-07 02:32:55,488 [INFO] PinOutPanel:1589 - setPackage(No Configuration,No Configuration)
2026-08-07 02:32:55,488 [INFO] UtilMem:75 - Begin LoadConfig() Used Memory: 529931168 Bytes (534773760)
2026-08-07 02:32:55,489 [INFO] MicroXplorer:468 - Change Database Path : 
2026-08-07 02:32:55,489 [INFO] MicroXplorer:498 - Change Database Version : DB.6.0.150
2026-08-07 02:32:55,489 [INFO] OpenFileManager:355 - Change cursor
2026-08-07 02:32:55,509 [INFO] Mcu:2029 - Initializing MCU STM32G431K(6-8-B)Tx STM32G431KBTx STM32G431KBT6
2026-08-07 02:32:56,411 [ERROR] LogOutputStream:75 - [STDERR_REDIRECT] [Fatal Error] :1:1: Premature end of file.
2026-08-07 02:32:56,411 [ERROR] LogOutputStream:75 - [STDERR_REDIRECT] 
2026-08-07 02:32:57,422 [ERROR] LogOutputStream:75 - [STDERR_REDIRECT] [Fatal Error] :1:1: Premature end of file.
2026-08-07 02:32:57,422 [ERROR] LogOutputStream:75 - [STDERR_REDIRECT] 
2026-08-07 02:32:57,899 [INFO] Context:786 - Trying to add GPIOservice into a context  which must be forbidden
2026-08-07 02:32:58,407 [INFO] ImportTextPane:234 - (OptionalMessage_ERROR) Pin26 (VP_RIF_VS_RIF1) cannot be retrieved for this MCU
2026-08-07 02:32:58,419 [ERROR] LogOutputStream:75 - [STDERR_REDIRECT] [Fatal Error] :1:1: Premature end of file.
2026-08-07 02:32:58,420 [ERROR] LogOutputStream:75 - [STDERR_REDIRECT] 
2026-08-07 02:32:58,492 [INFO] RtosManager:558 - Registered RTOS mode: class=CMSIS, group=RTOS, mode=CMSIS_V1, owner=FREERTOS
2026-08-07 02:32:58,492 [INFO] RtosManager:558 - Registered RTOS mode: class=CMSIS, group=RTOS2, mode=CMSIS_V2, owner=FREERTOS
2026-08-07 02:32:58,492 [INFO] RtosManager:558 - Registered RTOS mode: class=RTOS, group=Core, mode=CMSIS_V1, owner=FREERTOS
2026-08-07 02:32:58,492 [INFO] RtosManager:558 - Registered RTOS mode: class=RTOS, group=Core, mode=CMSIS_V2, owner=FREERTOS
2026-08-07 02:32:58,492 [WARN] ModelIntegratedComponent:184 - Missing modes for component STMicroelectronics:FreeRTOS:0.0.1:STMicroelectronics:RTOS:FreeRTOS:Core:::10.2.0:
2026-08-07 02:32:58,558 [WARN] ModelIntegratedComponent:63 - No mode defined for component null
2026-08-07 02:32:58,558 [WARN] ModelIntegratedComponent:63 - No mode defined for component null
2026-08-07 02:32:58,558 [WARN] ModelIntegratedComponent:63 - No mode defined for component null
2026-08-07 02:32:58,558 [WARN] ModelIntegratedComponent:63 - No mode defined for component null
2026-08-07 02:32:58,558 [WARN] ModelIntegratedComponent:63 - No mode defined for component null
2026-08-07 02:32:58,558 [WARN] ModelIntegratedComponent:63 - No mode defined for component null
2026-08-07 02:32:58,558 [WARN] ModelIntegratedComponent:63 - No mode defined for component null
2026-08-07 02:32:58,558 [WARN] ModelIntegratedComponent:63 - No mode defined for component null
2026-08-07 02:32:58,559 [WARN] ModelIntegratedComponent:63 - No mode defined for component null
2026-08-07 02:32:58,559 [WARN] ModelIntegratedComponent:63 - No mode defined for component null
2026-08-07 02:32:58,559 [WARN] ModelIntegratedComponent:63 - No mode defined for component null
2026-08-07 02:32:58,559 [WARN] ModelIntegratedComponent:63 - No mode defined for component null
2026-08-07 02:32:58,559 [WARN] ModelIntegratedComponent:63 - No mode defined for component null
2026-08-07 02:32:58,559 [WARN] ModelIntegratedComponent:63 - No mode defined for component null
2026-08-07 02:32:58,559 [WARN] ModelIntegratedComponent:63 - No mode defined for component null
2026-08-07 02:32:58,559 [WARN] ModelIntegratedComponent:63 - No mode defined for component null
2026-08-07 02:32:58,559 [WARN] ModelIntegratedComponent:63 - No mode defined for component null
2026-08-07 02:32:58,559 [WARN] ModelIntegratedComponent:63 - No mode defined for component null
2026-08-07 02:32:58,559 [WARN] ModelIntegratedComponent:63 - No mode defined for component null
2026-08-07 02:32:58,559 [WARN] ModelIntegratedComponent:63 - No mode defined for component null
2026-08-07 02:32:58,559 [WARN] ModelIntegratedComponent:63 - No mode defined for component null
2026-08-07 02:32:58,559 [WARN] ModelIntegratedComponent:63 - No mode defined for component null
2026-08-07 02:32:58,559 [WARN] ModelIntegratedComponent:63 - No mode defined for component null
2026-08-07 02:32:58,559 [WARN] ModelIntegratedComponent:63 - No mode defined for component null
2026-08-07 02:32:58,560 [WARN] ModelIntegratedComponent:63 - No mode defined for component null
2026-08-07 02:32:58,560 [WARN] ModelIntegratedComponent:63 - No mode defined for component null
2026-08-07 02:32:58,560 [WARN] ModelIntegratedComponent:63 - No mode defined for component null
2026-08-07 02:32:58,560 [WARN] ModelIntegratedComponent:63 - No mode defined for component null
2026-08-07 02:32:58,560 [WARN] ModelIntegratedComponent:63 - No mode defined for component null
2026-08-07 02:32:58,560 [WARN] ModelIntegratedComponent:63 - No mode defined for component null
2026-08-07 02:32:58,560 [WARN] ModelIntegratedComponent:63 - No mode defined for component null
2026-08-07 02:32:58,560 [WARN] ModelIntegratedComponent:63 - No mode defined for component null
2026-08-07 02:32:58,560 [WARN] ModelIntegratedComponent:63 - No mode defined for component null
2026-08-07 02:32:58,560 [WARN] ModelIntegratedComponent:63 - No mode defined for component null
2026-08-07 02:32:58,560 [WARN] ModelIntegratedComponent:63 - No mode defined for component null
2026-08-07 02:32:58,560 [WARN] ModelPack:524 - Component already loaded: STMicroelectronics:HAL Drivers:0.0.0:STMicroelectronics:Device:STMicro_Driver:XSPI:HAL::0.0.1:HAL_XSPI
2026-08-07 02:32:58,745 [INFO] ThirdPartyModel:298 - Start build external matchings
2026-08-07 02:32:59,401 [ERROR] LogOutputStream:75 - [STDERR_REDIRECT] [Fatal Error] :1:1: Premature end of file.
2026-08-07 02:32:59,401 [ERROR] LogOutputStream:75 - [STDERR_REDIRECT] 
2026-08-07 02:32:59,684 [INFO] ThirdPartyModel:316 - End build external matchings
2026-08-07 02:32:59,715 [INFO] ImportTextPane:234 - (OptionalMessage_ERROR) IP (DMA) : Parameter (Instance) has Id (USART2_TX) currently not set
2026-08-07 02:32:59,716 [INFO] ImportTextPane:234 - (OptionalMessage_ERROR) IP (DMA) : Parameter (Request) has Id (USART2_TX) currently not set
2026-08-07 02:32:59,716 [INFO] ImportTextPane:234 - (OptionalMessage_ERROR) IP (DMA) : Parameter (Direction) has Id (USART2_TX) currently not set
2026-08-07 02:32:59,716 [INFO] ImportTextPane:234 - (OptionalMessage_ERROR) IP (DMA) : Parameter (PeriphInc) has Id (USART2_TX) currently not set
2026-08-07 02:32:59,716 [INFO] ImportTextPane:234 - (OptionalMessage_ERROR) IP (DMA) : Parameter (MemInc) has Id (USART2_TX) currently not set
2026-08-07 02:32:59,716 [INFO] ImportTextPane:234 - (OptionalMessage_ERROR) IP (DMA) : Parameter (PeriphDataAlignment) has Id (USART2_TX) currently not set
2026-08-07 02:32:59,716 [INFO] ImportTextPane:234 - (OptionalMessage_ERROR) IP (DMA) : Parameter (MemDataAlignment) has Id (USART2_TX) currently not set
2026-08-07 02:32:59,716 [INFO] ImportTextPane:234 - (OptionalMessage_ERROR) IP (DMA) : Parameter (Mode) has Id (USART2_TX) currently not set
2026-08-07 02:32:59,716 [INFO] ImportTextPane:234 - (OptionalMessage_ERROR) IP (DMA) : Parameter (Priority) has Id (USART2_TX) currently not set
2026-08-07 02:32:59,716 [INFO] ImportTextPane:234 - (OptionalMessage_ERROR) IP (DMA) : Parameter (SignalID) has Id (USART2_TX) currently not set
2026-08-07 02:32:59,716 [INFO] ImportTextPane:234 - (OptionalMessage_ERROR) IP (DMA) : Parameter (Polarity) has Id (USART2_TX) currently not set
2026-08-07 02:32:59,717 [INFO] ImportTextPane:234 - (OptionalMessage_ERROR) IP (DMA) : Parameter (RequestNumber) has Id (USART2_TX) currently not set
2026-08-07 02:32:59,717 [INFO] ImportTextPane:234 - (OptionalMessage_ERROR) IP (DMA) : Parameter (SyncSignalID) has Id (USART2_TX) currently not set
2026-08-07 02:32:59,717 [INFO] ImportTextPane:234 - (OptionalMessage_ERROR) IP (DMA) : Parameter (SyncPolarity) has Id (USART2_TX) currently not set
2026-08-07 02:32:59,717 [INFO] ImportTextPane:234 - (OptionalMessage_ERROR) IP (DMA) : Parameter (SyncEnable) has Id (USART2_TX) currently not set
2026-08-07 02:32:59,717 [INFO] ImportTextPane:234 - (OptionalMessage_ERROR) IP (DMA) : Parameter (EventEnable) has Id (USART2_TX) currently not set
2026-08-07 02:32:59,717 [INFO] ImportTextPane:234 - (OptionalMessage_ERROR) IP (DMA) : Parameter (SyncRequestNumber) has Id (USART2_TX) currently not set
2026-08-07 02:32:59,717 [INFO] ImportTextPane:234 - (OptionalMessage_ERROR) IP (DMA) : Parameter (Instance) has Id (USART2_RX) currently not set
2026-08-07 02:32:59,717 [INFO] ImportTextPane:234 - (OptionalMessage_ERROR) IP (DMA) : Parameter (Request) has Id (USART2_RX) currently not set
2026-08-07 02:32:59,717 [INFO] ImportTextPane:234 - (OptionalMessage_ERROR) IP (DMA) : Parameter (Direction) has Id (USART2_RX) currently not set
2026-08-07 02:32:59,717 [INFO] ImportTextPane:234 - (OptionalMessage_ERROR) IP (DMA) : Parameter (PeriphInc) has Id (USART2_RX) currently not set
2026-08-07 02:32:59,717 [INFO] ImportTextPane:234 - (OptionalMessage_ERROR) IP (DMA) : Parameter (MemInc) has Id (USART2_RX) currently not set
2026-08-07 02:32:59,717 [INFO] ImportTextPane:234 - (OptionalMessage_ERROR) IP (DMA) : Parameter (PeriphDataAlignment) has Id (USART2_RX) currently not set
2026-08-07 02:32:59,717 [INFO] ImportTextPane:234 - (OptionalMessage_ERROR) IP (DMA) : Parameter (MemDataAlignment) has Id (USART2_RX) currently not set
2026-08-07 02:32:59,717 [INFO] ImportTextPane:234 - (OptionalMessage_ERROR) IP (DMA) : Parameter (Mode) has Id (USART2_RX) currently not set
2026-08-07 02:32:59,717 [INFO] ImportTextPane:234 - (OptionalMessage_ERROR) IP (DMA) : Parameter (Priority) has Id (USART2_RX) currently not set
2026-08-07 02:32:59,717 [INFO] ImportTextPane:234 - (OptionalMessage_ERROR) IP (DMA) : Parameter (SignalID) has Id (USART2_RX) currently not set
2026-08-07 02:32:59,717 [INFO] ImportTextPane:234 - (OptionalMessage_ERROR) IP (DMA) : Parameter (Polarity) has Id (USART2_RX) currently not set
2026-08-07 02:32:59,717 [INFO] ImportTextPane:234 - (OptionalMessage_ERROR) IP (DMA) : Parameter (RequestNumber) has Id (USART2_RX) currently not set
2026-08-07 02:32:59,717 [INFO] ImportTextPane:234 - (OptionalMessage_ERROR) IP (DMA) : Parameter (SyncSignalID) has Id (USART2_RX) currently not set
2026-08-07 02:32:59,717 [INFO] ImportTextPane:234 - (OptionalMessage_ERROR) IP (DMA) : Parameter (SyncPolarity) has Id (USART2_RX) currently not set
2026-08-07 02:32:59,717 [INFO] ImportTextPane:234 - (OptionalMessage_ERROR) IP (DMA) : Parameter (SyncEnable) has Id (USART2_RX) currently not set
2026-08-07 02:32:59,717 [INFO] ImportTextPane:234 - (OptionalMessage_ERROR) IP (DMA) : Parameter (EventEnable) has Id (USART2_RX) currently not set
2026-08-07 02:32:59,717 [INFO] ImportTextPane:234 - (OptionalMessage_ERROR) IP (DMA) : Parameter (SyncRequestNumber) has Id (USART2_RX) currently not set
2026-08-07 02:32:59,717 [INFO] ImportTextPane:234 - (OptionalMessage_ERROR) IP (DMA) : Parameter (Instance) has Id (TIM4_CH1) currently not set
2026-08-07 02:32:59,717 [INFO] ImportTextPane:234 - (OptionalMessage_ERROR) IP (DMA) : Parameter (Request) has Id (TIM4_CH1) currently not set
2026-08-07 02:32:59,717 [INFO] ImportTextPane:234 - (OptionalMessage_ERROR) IP (DMA) : Parameter (Direction) has Id (TIM4_CH1) currently not set
2026-08-07 02:32:59,717 [INFO] ImportTextPane:234 - (OptionalMessage_ERROR) IP (DMA) : Parameter (PeriphInc) has Id (TIM4_CH1) currently not set
2026-08-07 02:32:59,717 [INFO] ImportTextPane:234 - (OptionalMessage_ERROR) IP (DMA) : Parameter (MemInc) has Id (TIM4_CH1) currently not set
2026-08-07 02:32:59,717 [INFO] ImportTextPane:234 - (OptionalMessage_ERROR) IP (DMA) : Parameter (PeriphDataAlignment) has Id (TIM4_CH1) currently not set
2026-08-07 02:32:59,717 [INFO] ImportTextPane:234 - (OptionalMessage_ERROR) IP (DMA) : Parameter (MemDataAlignment) has Id (TIM4_CH1) currently not set
2026-08-07 02:32:59,717 [INFO] ImportTextPane:234 - (OptionalMessage_ERROR) IP (DMA) : Parameter (Mode) has Id (TIM4_CH1) currently not set
2026-08-07 02:32:59,717 [INFO] ImportTextPane:234 - (OptionalMessage_ERROR) IP (DMA) : Parameter (Priority) has Id (TIM4_CH1) currently not set
2026-08-07 02:32:59,718 [INFO] ImportTextPane:234 - (OptionalMessage_ERROR) IP (DMA) : Parameter (SignalID) has Id (TIM4_CH1) currently not set
2026-08-07 02:32:59,718 [INFO] ImportTextPane:234 - (OptionalMessage_ERROR) IP (DMA) : Parameter (Polarity) has Id (TIM4_CH1) currently not set
2026-08-07 02:32:59,718 [INFO] ImportTextPane:234 - (OptionalMessage_ERROR) IP (DMA) : Parameter (RequestNumber) has Id (TIM4_CH1) currently not set
2026-08-07 02:32:59,718 [INFO] ImportTextPane:234 - (OptionalMessage_ERROR) IP (DMA) : Parameter (SyncSignalID) has Id (TIM4_CH1) currently not set
2026-08-07 02:32:59,718 [INFO] ImportTextPane:234 - (OptionalMessage_ERROR) IP (DMA) : Parameter (SyncPolarity) has Id (TIM4_CH1) currently not set
2026-08-07 02:32:59,718 [INFO] ImportTextPane:234 - (OptionalMessage_ERROR) IP (DMA) : Parameter (SyncEnable) has Id (TIM4_CH1) currently not set
2026-08-07 02:32:59,718 [INFO] ImportTextPane:234 - (OptionalMessage_ERROR) IP (DMA) : Parameter (EventEnable) has Id (TIM4_CH1) currently not set
2026-08-07 02:32:59,718 [INFO] ImportTextPane:234 - (OptionalMessage_ERROR) IP (DMA) : Parameter (SyncRequestNumber) has Id (TIM4_CH1) currently not set
2026-08-07 02:32:59,718 [INFO] ImportTextPane:234 - (OptionalMessage_ERROR) IP (DMA) : Parameter (Instance) has Id (USART1_RX) currently not set
2026-08-07 02:32:59,718 [INFO] ImportTextPane:234 - (OptionalMessage_ERROR) IP (DMA) : Parameter (Request) has Id (USART1_RX) currently not set
2026-08-07 02:32:59,718 [INFO] ImportTextPane:234 - (OptionalMessage_ERROR) IP (DMA) : Parameter (Direction) has Id (USART1_RX) currently not set
2026-08-07 02:32:59,718 [INFO] ImportTextPane:234 - (OptionalMessage_ERROR) IP (DMA) : Parameter (PeriphInc) has Id (USART1_RX) currently not set
2026-08-07 02:32:59,718 [INFO] ImportTextPane:234 - (OptionalMessage_ERROR) IP (DMA) : Parameter (MemInc) has Id (USART1_RX) currently not set
2026-08-07 02:32:59,718 [INFO] ImportTextPane:234 - (OptionalMessage_ERROR) IP (DMA) : Parameter (PeriphDataAlignment) has Id (USART1_RX) currently not set
2026-08-07 02:32:59,718 [INFO] ImportTextPane:234 - (OptionalMessage_ERROR) IP (DMA) : Parameter (MemDataAlignment) has Id (USART1_RX) currently not set
2026-08-07 02:32:59,718 [INFO] ImportTextPane:234 - (OptionalMessage_ERROR) IP (DMA) : Parameter (Mode) has Id (USART1_RX) currently not set
2026-08-07 02:32:59,718 [INFO] ImportTextPane:234 - (OptionalMessage_ERROR) IP (DMA) : Parameter (Priority) has Id (USART1_RX) currently not set
2026-08-07 02:32:59,718 [INFO] ImportTextPane:234 - (OptionalMessage_ERROR) IP (DMA) : Parameter (SignalID) has Id (USART1_RX) currently not set
2026-08-07 02:32:59,718 [INFO] ImportTextPane:234 - (OptionalMessage_ERROR) IP (DMA) : Parameter (Polarity) has Id (USART1_RX) currently not set
2026-08-07 02:32:59,718 [INFO] ImportTextPane:234 - (OptionalMessage_ERROR) IP (DMA) : Parameter (RequestNumber) has Id (USART1_RX) currently not set
2026-08-07 02:32:59,718 [INFO] ImportTextPane:234 - (OptionalMessage_ERROR) IP (DMA) : Parameter (SyncSignalID) has Id (USART1_RX) currently not set
2026-08-07 02:32:59,718 [INFO] ImportTextPane:234 - (OptionalMessage_ERROR) IP (DMA) : Parameter (SyncPolarity) has Id (USART1_RX) currently not set
2026-08-07 02:32:59,718 [INFO] ImportTextPane:234 - (OptionalMessage_ERROR) IP (DMA) : Parameter (SyncEnable) has Id (USART1_RX) currently not set
2026-08-07 02:32:59,718 [INFO] ImportTextPane:234 - (OptionalMessage_ERROR) IP (DMA) : Parameter (EventEnable) has Id (USART1_RX) currently not set
2026-08-07 02:32:59,718 [INFO] ImportTextPane:234 - (OptionalMessage_ERROR) IP (DMA) : Parameter (SyncRequestNumber) has Id (USART1_RX) currently not set
2026-08-07 02:32:59,718 [INFO] ImportTextPane:234 - (OptionalMessage_ERROR) IP (DMA) : Parameter (Instance) has Id (USART1_TX) currently not set
2026-08-07 02:32:59,718 [INFO] ImportTextPane:234 - (OptionalMessage_ERROR) IP (DMA) : Parameter (Request) has Id (USART1_TX) currently not set
2026-08-07 02:32:59,718 [INFO] ImportTextPane:234 - (OptionalMessage_ERROR) IP (DMA) : Parameter (Direction) has Id (USART1_TX) currently not set
2026-08-07 02:32:59,718 [INFO] ImportTextPane:234 - (OptionalMessage_ERROR) IP (DMA) : Parameter (PeriphInc) has Id (USART1_TX) currently not set
2026-08-07 02:32:59,718 [INFO] ImportTextPane:234 - (OptionalMessage_ERROR) IP (DMA) : Parameter (MemInc) has Id (USART1_TX) currently not set
2026-08-07 02:32:59,718 [INFO] ImportTextPane:234 - (OptionalMessage_ERROR) IP (DMA) : Parameter (PeriphDataAlignment) has Id (USART1_TX) currently not set
2026-08-07 02:32:59,718 [INFO] ImportTextPane:234 - (OptionalMessage_ERROR) IP (DMA) : Parameter (MemDataAlignment) has Id (USART1_TX) currently not set
2026-08-07 02:32:59,718 [INFO] ImportTextPane:234 - (OptionalMessage_ERROR) IP (DMA) : Parameter (Mode) has Id (USART1_TX) currently not set
2026-08-07 02:32:59,718 [INFO] ImportTextPane:234 - (OptionalMessage_ERROR) IP (DMA) : Parameter (Priority) has Id (USART1_TX) currently not set
2026-08-07 02:32:59,719 [INFO] ImportTextPane:234 - (OptionalMessage_ERROR) IP (DMA) : Parameter (SignalID) has Id (USART1_TX) currently not set
2026-08-07 02:32:59,719 [INFO] ImportTextPane:234 - (OptionalMessage_ERROR) IP (DMA) : Parameter (Polarity) has Id (USART1_TX) currently not set
2026-08-07 02:32:59,719 [INFO] ImportTextPane:234 - (OptionalMessage_ERROR) IP (DMA) : Parameter (RequestNumber) has Id (USART1_TX) currently not set
2026-08-07 02:32:59,719 [INFO] ImportTextPane:234 - (OptionalMessage_ERROR) IP (DMA) : Parameter (SyncSignalID) has Id (USART1_TX) currently not set
2026-08-07 02:32:59,719 [INFO] ImportTextPane:234 - (OptionalMessage_ERROR) IP (DMA) : Parameter (SyncPolarity) has Id (USART1_TX) currently not set
2026-08-07 02:32:59,719 [INFO] ImportTextPane:234 - (OptionalMessage_ERROR) IP (DMA) : Parameter (SyncEnable) has Id (USART1_TX) currently not set
2026-08-07 02:32:59,719 [INFO] ImportTextPane:234 - (OptionalMessage_ERROR) IP (DMA) : Parameter (EventEnable) has Id (USART1_TX) currently not set
2026-08-07 02:32:59,719 [INFO] ImportTextPane:234 - (OptionalMessage_ERROR) IP (DMA) : Parameter (SyncRequestNumber) has Id (USART1_TX) currently not set
2026-08-07 02:33:00,121 [INFO] ApiDb:581 - Connected to CubeFinder SQLite database (C:\Users\Mowibox\.stmcufinder\plugins\mcufinder\mcu\cube-finder-db.db)
2026-08-07 02:33:00,248 [INFO] ApiDb:668 - CubeFinder database Data Model version=2.1
2026-08-07 02:33:00,248 [INFO] ApiDb:669 - CubeFinder database Configuration version=3.0.42
2026-08-07 02:33:00,248 [INFO] ApiDb:670 - CubeFinder database generation date=2026-06-23 (1782213372)
2026-08-07 02:33:00,249 [INFO] ApiDb:671 - CubeFinder database FW Pack versions=[FP-ATR-ASTRA1_V2.0.0, FP-SNS-FLIGHT1_V5.1.0, FP-SNS-MOTENV1_V5.1.0, FP-SNS-MOTENVWB1_V1.5.0, FP-SNS-SMARTAG2_V1.2.0, FP-SNS-STBOX1_V2.1.0, STM32Cube_FW_C0_V1.4.0, STM32Cube_FW_F4_V1.28.3, STM32Cube_FW_F7_V1.17.4, STM32Cube_FW_G0_V1.6.3, STM32Cube_FW_G4_V1.6.2, STM32Cube_FW_H5_V1.7.0, STM32Cube_FW_H7RS_V1.3.0, STM32Cube_FW_H7_V1.13.0, STM32Cube_FW_L0_V1.12.2, STM32Cube_FW_L4_V1.18.2, STM32Cube_FW_L5_V1.6.0, STM32Cube_FW_N6_V1.4.0, STM32Cube_FW_U0_V1.3.0, STM32Cube_FW_U3_V1.4.0, STM32Cube_FW_U5_V1.9.0, STM32Cube_FW_WB0_V1.5.0, STM32Cube_FW_WBA_V1.10.0, STM32Cube_FW_WB_V1.24.0, STM32Cube_FW_WL3_V1.5.0, STM32Cube_FW_WL_V1.6.0, X-CUBE-ALGOBUILD_V1.5.0, X-CUBE-ALS_V1.0.2, X-CUBE-AZRTOS-F4_V1.1.0, X-CUBE-AZRTOS-F7_V1.1.0, X-CUBE-AZRTOS-G0_V1.1.0, X-CUBE-AZRTOS-G4_V2.0.0, X-CUBE-AZRTOS-H7RS_V1.1.0, X-CUBE-AZRTOS-H7_V3.5.0, X-CUBE-AZRTOS-L4_V2.0.0, X-CUBE-AZRTOS-L5_V2.0.0, X-CUBE-AZRTOS-WB_V2.0.0, X-CUBE-AZRTOS-WL_V2.0.0, X-CUBE-BLE1_V7.1.0, X-CUBE-BLE2_V3.3.0, X-CUBE-BLEMGR_V4.1.0, X-CUBE-EEPRMA1_V5.2.0, X-CUBE-FREERTOS_V1.5.0, X-CUBE-GNSS1_V7.1.1, X-CUBE-MEMS1_V12.1.0, X-CUBE-NFC4_V3.0.0, X-CUBE-NFC7_V2.0.0, X-CUBE-SFXS2LP1_V4.0.0, X-CUBE-ST67W61_V1.3.0, X-CUBE-SUBG2_V5.0.0, X-CUBE-TOF1_V3.4.3]
2026-08-07 02:33:00,333 [INFO] DbBoardsSqlite:226 - include board P-NUCLEO-WB55-NUCLEO as a kit item of type 'Nucleo-64'
2026-08-07 02:33:00,334 [INFO] DbBoardsSqlite:226 - include board P-NUCLEO-WB55-USBDONGLE as a kit item of type 'Nucleo USB Dongle'
2026-08-07 02:33:00,334 [INFO] DbBoardsSqlite:226 - include board STEVAL-IDP005V1 as a kit item of type 'Evaluation Board'
2026-08-07 02:33:00,334 [INFO] DbBoardsSqlite:226 - include board STEVAL-IDP005V2 as a kit item of type 'Evaluation Board'
2026-08-07 02:33:00,400 [ERROR] LogOutputStream:75 - [STDERR_REDIRECT] [Fatal Error] :1:1: Premature end of file.
2026-08-07 02:33:00,400 [ERROR] LogOutputStream:75 - [STDERR_REDIRECT] 
2026-08-07 02:33:00,747 [INFO] ApiDb:240 - Found 880 in-development CPN: [B-G473E-ZEST1S, B-WB1M-WPAN1, B-WBA5M-WPAN, B-WL5M-SUBG1, NUCLEO-C031C6, NUCLEO-C051C8, NUCLEO-C071RB, NUCLEO-C092RC, NUCLEO-H503RB, NUCLEO-H533RE, NUCLEO-H563ZI, NUCLEO-H7S3L8, NUCLEO-N657X0-Q, NUCLEO-U031R8, NUCLEO-U083RC, NUCLEO-U385RG-Q, NUCLEO-U545RE-Q, NUCLEO-U5A5ZJ-Q, NUCLEO-WB05KZ, NUCLEO-WB07CC, NUCLEO-WB09KE, NUCLEO-WBA52CG, NUCLEO-WBA55CG, NUCLEO-WL33CC1, NUCLEO-WL33CC2, STEVAL-PROTEUS1, STEVAL-SMARTAG2, STEVAL-STWINBX1, STM320518-EVAL, STM32C0116-DK, STM32C011D6Y3TR, STM32C011D6Y6TR, STM32C011F4P3, STM32C011F4P6, STM32C011F4U3, STM32C011F4U6TR, STM32C011F6P3, STM32C011F6P6, STM32C011F6U3, STM32C011F6U6TR, STM32C011J4M3, STM32C011J4M6, STM32C011J6M3, STM32C011J6M6, STM32C0316-DK, STM32C031C4T3, STM32C031C4T6, STM32C031C4U3, STM32C031C4U6, STM32C031C6T3, STM32C031C6T6, STM32C031C6U3, STM32C031C6U6, STM32C031F4P3, STM32C031F4P6, STM32C031F6P3, STM32C031F6P6, STM32C031G4U3, STM32C031G4U6, STM32C031G6U3, STM32C031G6U6, STM32C031K4T3, STM32C031K4T6, STM32C031K4U3, STM32C031K4U6, STM32C031K6T3, STM32C031K6T6, STM32C031K6U3, STM32C031K6U6, STM32C051C6T6, STM32C051C6U6, STM32C051C8T6, STM32C051C8U6, STM32C051D8Y6TR, STM32C051F6P6, STM32C051F8P6, STM32C051G6U6, STM32C051G8U6, STM32C051K6T6, STM32C051K6U6, STM32C051K8T6, STM32C071C8T6, STM32C071C8T6N, STM32C071C8U6, STM32C071C8U6N, STM32C071CBT6, STM32C071CBT6N, STM32C071CBU6, STM32C071CBU6N, STM32C071F8P6, STM32C071F8P6N, STM32C071FBP6, STM32C071FBP6N, STM32C071FBY6TR, STM32C071G8U6, STM32C071G8U6N, STM32C071GBU6, STM32C071GBU6N, STM32C071K8T6, STM32C071K8T6N, STM32C071K8U6, STM32C071K8U6N, STM32C071KBT6, STM32C071KBT6N, STM32C071KBU6, STM32C071KBU6N, STM32C071R8T6, STM32C071R8T6N, STM32C071RBI6N, STM32C071RBT6, STM32C071RBT6N, STM32C091CBT6, STM32C091CBU6, STM32C091CCT6, STM32C091CCU6, STM32C091ECY6TR, STM32C091FBP6, STM32C091FCP6, STM32C091GBU6, STM32C091GCU6, STM32C091KBT6, STM32C091KBU6, STM32C091KCT6, STM32C091KCU6, STM32C091RBT6, STM32C091RCI6, STM32C091RCT6, STM32C092CBT6, STM32C092CBU6, STM32C092CCT6, STM32C092CCU6, STM32C092ECY6TR, STM32C092FBP6, STM32C092FCP6, STM32C092GBU6, STM32C092GCU6, STM32C092KBT6, STM32C092KBU6, STM32C092KCT6, STM32C092KCU6, STM32C092RBT6, STM32C092RCI6, STM32C092RCT6, STM32G071K8TXN, STM32G071K8UXN, STM32G081GBU6N, STM32G081KBT6N, STM32G081KBUXN, STM32G0B1CCT6N, STM32G0B1KCT6, STM32G0B1NEY6TR, STM32G0B1RCT6N, STM32G0C1CCT6, STM32G0C1CCT6N, STM32G0C1CCU6N, STM32G0C1CET6N, STM32G0C1CEU6N, STM32G0C1KCT6, STM32G0C1NEY6TR, STM32G0C1RCI6N, STM32G0C1RCT6N, STM32G0C1REI6N, STM32G0C1RET6N, STM32G0C1VCI6, STM32G0C1VEI6, STM32G411C6T3, STM32G411C6T6, STM32G411C6U3, STM32G411C6U6, STM32G411C8T3, STM32G411C8T6, STM32G411C8U3, STM32G411C8U6, STM32G411CBT3, STM32G411CBT6, STM32G411CBU3, STM32G411CBU6, STM32G411K6T3, STM32G411K6T6, STM32G411K6U3, STM32G411K6U6, STM32G411K8T3, STM32G411K8T6, STM32G411K8U3, STM32G411K8U6, STM32G411KBT3, STM32G411KBT6, STM32G411KBU3, STM32G411KBU6, STM32G411M6T3, STM32G411M6T6, STM32G411M8T3, STM32G411M8T6, STM32G411MBT3, STM32G411MBT6, STM32G411R6T3, STM32G411R6T6, STM32G411R8T3, STM32G411R8T6, STM32G411RBT3, STM32G411RBT6, STM32G414CBT3, STM32G414CBT6, STM32G414CBU3, STM32G414CBU6, STM32G414CCT3, STM32G414CCT6, STM32G414CCU3, STM32G414CCU6, STM32G414MBT3, STM32G414MBT6, STM32G414MCT3, STM32G414MCT6, STM32G414RBT3, STM32G414RBT6, STM32G414RCT3, STM32G414RCT6, STM32G414VBT3, STM32G414VBT6, STM32G414VCT3, STM32G414VCT6, STM32G431CBT3Z, STM32G431RBT3Z, STM32G471CCT6, STM32G471CCU6, STM32G471CET3, STM32G471CET6, STM32G471CEU3, STM32G471CEU6, STM32G471MCT6, STM32G471MET3, STM32G471MET6, STM32G471MEY6TR, STM32G471QCT6, STM32G471QET3, STM32G471RCT6, STM32G471RET3, STM32G471RET6, STM32G471VCH6, STM32G471VCI6, STM32G471VCT6, STM32G471VEH3, STM32G471VEH6, STM32G471VEI3, STM32G471VEI6, STM32G471VET3, STM32G471VET6, STM32G473QET3Z, STM32G473RET3Z, STM32G474CCT6, STM32G491RET3Z, STM32H503CBT6, STM32H503CBU6, STM32H503EBY6TR, STM32H503KBU6, STM32H503RBT6, STM32H523CCT6, STM32H523CCU6, STM32H523CET6, STM32H523CEU6, STM32H523HEY6TR, STM32H523RCT6, STM32H523RET6, STM32H523VCI6, STM32H523VCT6, STM32H523VEI6, STM32H523VET6, STM32H523ZCJ6, STM32H523ZCT6, STM32H523ZEJ6, STM32H523ZET6, STM32H533CET6, STM32H533CEU6, STM32H533HEY6TR, STM32H533RET6, STM32H533VEI6, STM32H533VET6, STM32H533ZEJ6, STM32H533ZET6, STM32H562AGI6, STM32H562AII6, STM32H562IGK6, STM32H562IGT6, STM32H562IIK6, STM32H562IIT6, STM32H562RGT6, STM32H562RGV6, STM32H562RIT6, STM32H562RIV6, STM32H562VGT6, STM32H562VIT6, STM32H562ZGT6, STM32H562ZIT6, STM32H563AGI6, STM32H563AII3Q, STM32H563AII6, STM32H563IGK6, STM32H563IGT6, STM32H563IIK3Q, STM32H563IIK6, STM32H563IIT3Q, STM32H563IIT6, STM32H563MIY3QTR, STM32H563RGT6, STM32H563RGV6, STM32H563RIT6, STM32H563RIV6, STM32H563VGT6, STM32H563VIT3Q, STM32H563VIT6, STM32H563ZGT6, STM32H563ZIT3Q, STM32H563ZIT6, STM32H573AII3Q, STM32H573AII6, STM32H573I-DK, STM32H573IIK3Q, STM32H573IIK6, STM32H573IIT3Q, STM32H573IIT6, STM32H573MIY3QTR, STM32H573RIT6, STM32H573RIV6, STM32H573VIT3Q, STM32H573VIT6, STM32H573ZIT3Q, STM32H573ZIT6, STM32H7R3A8I6, STM32H7R3I8K6, STM32H7R3I8T6, STM32H7R3L8H6, STM32H7R3L8H6H, STM32H7R3R8V6, STM32H7R3V8H6, STM32H7R3V8T6, STM32H7R3V8Y6TR, STM32H7R3Z8J6, STM32H7R3Z8T6, STM32H7R7A8I6, STM32H7R7I8K6, STM32H7R7I8T6, STM32H7R7L8H6, STM32H7R7L8H6H, STM32H7R7Z8J6, STM32H7S3A8I6, STM32H7S3I8K6, STM32H7S3I8T6, STM32H7S3L8H6, STM32H7S3L8H6H, STM32H7S3R8V6, STM32H7S3V8H6, STM32H7S3V8T6, STM32H7S3V8Y6TR, STM32H7S3Z8J6, STM32H7S3Z8T6, STM32H7S78-DK, STM32H7S7A8I6, STM32H7S7I8K6, STM32H7S7I8T6, STM32H7S7L8H6, STM32H7S7L8H6H, STM32H7S7Z8J6, STM32L4R5QGI6STR, STM32MP131AAE3, STM32MP131AAF3, STM32MP131AAG3, STM32MP131CAE3, STM32MP131CAF3, STM32MP131CAG3, STM32MP131DAE7, STM32MP131DAF7, STM32MP131DAG7, STM32MP131FAE7, STM32MP131FAF7, STM32MP131FAG7, STM32MP133AAE3, STM32MP133AAF3, STM32MP133AAG3, STM32MP133CAE3, STM32MP133CAF3, STM32MP133CAG3, STM32MP133DAE7, STM32MP133DAF7, STM32MP133DAG7, STM32MP133FAE7, STM32MP133FAF7, STM32MP133FAG7, STM32MP135AAE3, STM32MP135AAF3, STM32MP135AAG3, STM32MP135CAE3, STM32MP135CAF3, STM32MP135CAG3, STM32MP135DAE7, STM32MP135DAF7, STM32MP135DAG7, STM32MP135F-DK, STM32MP135FAE7, STM32MP135FAF7, STM32MP135FAF7T, STM32MP135FAF7U, STM32MP135FAG7, STM32MP211AAL3, STM32MP211AAM3, STM32MP211AAN3, STM32MP211AAO3, STM32MP211CAL3, STM32MP211CAM3, STM32MP211CAN3, STM32MP211CAO3, STM32MP211DAL3, STM32MP211DAM3, STM32MP211DAN3, STM32MP211DAO3, STM32MP211FAL3, STM32MP211FAM3, STM32MP211FAN3, STM32MP211FAO3, STM32MP213AAL3, STM32MP213AAM3, STM32MP213AAN3, STM32MP213AAO3, STM32MP213CAL3, STM32MP213CAM3, STM32MP213CAN3, STM32MP213CAO3, STM32MP213DAL3, STM32MP213DAM3, STM32MP213DAN3, STM32MP213DAO3, STM32MP213FAL3, STM32MP213FAM3, STM32MP213FAN3, STM32MP213FAO3, STM32MP215AAL3, STM32MP215AAM3, STM32MP215AAN3, STM32MP215AAO3, STM32MP215CAL3, STM32MP215CAM3, STM32MP215CAN3, STM32MP215CAO3, STM32MP215DAL3, STM32MP215DAM3, STM32MP215DAN3, STM32MP215DAO3, STM32MP215F-DK, STM32MP215FAL3, STM32MP215FAM3, STM32MP215FAN3, STM32MP215FAO3, STM32MP231AAJ3, STM32MP231AAK3, STM32MP231AAL3, STM32MP231CAJ3, STM32MP231CAK3, STM32MP231CAL3, STM32MP231DAJ3, STM32MP231DAK3, STM32MP231DAL3, STM32MP231FAJ3, STM32MP231FAK3, STM32MP231FAL3, STM32MP233AAJ3, STM32MP233AAK3, STM32MP233AAL3, STM32MP233CAJ3, STM32MP233CAK3, STM32MP233CAL3, STM32MP233DAJ3, STM32MP233DAK3, STM32MP233DAL3, STM32MP233FAJ3, STM32MP233FAK3, STM32MP233FAL3, STM32MP235AAJ3, STM32MP235AAK3, STM32MP235AAL3, STM32MP235CAJ3, STM32MP235CAK3, STM32MP235CAL3, STM32MP235DAJ3, STM32MP235DAK3, STM32MP235DAL3, STM32MP235FAJ3, STM32MP235FAK3, STM32MP235FAL3, STM32MP251AAI3, STM32MP251AAK3, STM32MP251AAL3, STM32MP251CAI3, STM32MP251CAK3, STM32MP251CAL3, STM32MP251DAI3, STM32MP251DAK3, STM32MP251DAL3, STM32MP251FAI3, STM32MP251FAK3, STM32MP251FAL3, STM32MP253AAI3, STM32MP253AAK3, STM32MP253AAL3, STM32MP253CAI3, STM32MP253CAK3, STM32MP253CAL3, STM32MP253DAI3, STM32MP253DAK3, STM32MP253DAL3, STM32MP253FAI3, STM32MP253FAK3, STM32MP253FAL3, STM32MP255AAI3, STM32MP255AAK3, STM32MP255AAL3, STM32MP255CAI3, STM32MP255CAK3, STM32MP255CAL3, STM32MP255DAI3, STM32MP255DAK3, STM32MP255DAL3, STM32MP255FAI3, STM32MP255FAK3, STM32MP255FAL3, STM32MP257AAI3, STM32MP257AAK3, STM32MP257AAL3, STM32MP257CAI3, STM32MP257CAK3, STM32MP257CAL3, STM32MP257DAI3, STM32MP257DAK3, STM32MP257DAL3, STM32MP257F-DK, STM32MP257F-EV1, STM32MP257FAI3, STM32MP257FAK3, STM32MP257FAL3, STM32N645A0H3Q, STM32N645B0H3Q, STM32N645I0H3Q, STM32N645L0H3Q, STM32N645X0H3Q, STM32N645Z0H3Q, STM32N647A0H3Q, STM32N647B0H3Q, STM32N647I0H3Q, STM32N647L0H3Q, STM32N647X0H3Q, STM32N647Z0H3Q, STM32N655A0H3Q, STM32N655B0H3Q, STM32N655I0H3Q, STM32N655L0H3Q, STM32N655X0H3Q, STM32N655Z0H3Q, STM32N6570-DK, STM32N657A0H3Q, STM32N657B0H3Q, STM32N657I0H3Q, STM32N657L0H3Q, STM32N657X0H3Q, STM32N657Z0H3Q, STM32U031C6T6, STM32U031C6U6, STM32U031C8T6, STM32U031C8U6, STM32U031F4P6, STM32U031F6P6, STM32U031F8P6, STM32U031G6Y6TR, STM32U031G8Y6TR, STM32U031K4U6, STM32U031K6U6, STM32U031K8U6, STM32U031R6I6, STM32U031R6T6, STM32U031R8I6, STM32U031R8T6, STM32U073C8T6, STM32U073C8U6, STM32U073CBT6, STM32U073CBU6, STM32U073CCT6, STM32U073CCU6, STM32U073H8Y6TR, STM32U073HBY6TR, STM32U073HCY6TR, STM32U073K8U6, STM32U073KBU6, STM32U073KCU6, STM32U073M8I6, STM32U073M8T6, STM32U073MBI6, STM32U073MBT6, STM32U073MCI6, STM32U073MCT6, STM32U073R8I6, STM32U073R8T6, STM32U073RBI6, STM32U073RBT6, STM32U073RCI6, STM32U073RCT6, STM32U083C-DK, STM32U083CCT6, STM32U083CCU6, STM32U083HCY6TR, STM32U083KCU6, STM32U083MCI6, STM32U083MCT6, STM32U083RCI6, STM32U083RCT6, STM32U375CET6, STM32U375CET6Q, STM32U375CEU6, STM32U375CEU6Q, STM32U375CEY6QTR, STM32U375CGT6, STM32U375CGT6Q, STM32U375CGU6, STM32U375CGU6Q, STM32U375CGY6QTR, STM32U375KEU6, STM32U375KGU6, STM32U375REI6, STM32U375REI6Q, STM32U375RET6, STM32U375RET6Q, STM32U375REY6GTR, STM32U375REY6QTR, STM32U375RGI6, STM32U375RGI6Q, STM32U375RGT6, STM32U375RGT6Q, STM32U375RGY6GTR, STM32U375RGY6QTR, STM32U375VEI6, STM32U375VEI6Q, STM32U375VET6, STM32U375VET6Q, STM32U375VGI6, STM32U375VGI6Q, STM32U375VGT6, STM32U375VGT6Q, STM32U385CGT6, STM32U385CGT6Q, STM32U385CGU6, STM32U385CGU6Q, STM32U385CGY6QTR, STM32U385KGU6, STM32U385RGI6, STM32U385RGI6Q, STM32U385RGT6, STM32U385RGT6Q, STM32U385RGY6GTR, STM32U385RGY6QTR, STM32U385VGI6, STM32U385VGI6Q, STM32U385VGT6, STM32U385VGT6Q, STM32U535CBT6, STM32U535CBT6Q, STM32U535CBU6, STM32U535CBU6Q, STM32U535CCT6, STM32U535CCT6Q, STM32U535CCU6, STM32U535CCU6Q, STM32U535CET6, STM32U535CET6Q, STM32U535CEU6, STM32U535CEU6Q, STM32U535JEY6QTR, STM32U535NCY6QTR, STM32U535NEY6QTR, STM32U535RBI6, STM32U535RBI6Q, STM32U535RBT6, STM32U535RBT6Q, STM32U535RCI6, STM32U535RCI6Q, STM32U535RCT6, STM32U535RCT6Q, STM32U535REI6, STM32U535REI6Q, STM32U535RET6, STM32U535RET6Q, STM32U535VCI6, STM32U535VCI6Q, STM32U535VCT6, STM32U535VCT6Q, STM32U535VEI6, STM32U535VEI6Q, STM32U535VET6, STM32U535VET6Q, STM32U545CET6, STM32U545CET6Q, STM32U545CEU6, STM32U545CEU6Q, STM32U545JEY6QTR, STM32U545NEY6QTR, STM32U545REI6, STM32U545REI6Q, STM32U545RET6, STM32U545RET6Q, STM32U545VEI6, STM32U545VEI6Q, STM32U545VET6, STM32U545VET6Q, STM32U595AIH6, STM32U595AIH6Q, STM32U595AJH6, STM32U595AJH6Q, STM32U595QII6, STM32U595QII6Q, STM32U595QJI6, STM32U595QJI6Q, STM32U595RIT6, STM32U595RIT6Q, STM32U595RJT6, STM32U595RJT6Q, STM32U595VIT6, STM32U595VIT6Q, STM32U595VJT6, STM32U595VJT6Q, STM32U595ZIT6, STM32U595ZIT6Q, STM32U595ZIY6QTR, STM32U595ZJT6, STM32U595ZJT6Q, STM32U595ZJY6QTR, STM32U599BJY6QTR, STM32U599NIH6Q, STM32U599NJH6Q, STM32U599VIT6Q, STM32U599VJT6, STM32U599VJT6Q, STM32U599ZIT6Q, STM32U599ZIY6QTR, STM32U599ZJT6Q, STM32U599ZJY6QTR, STM32U5A5AJH6, STM32U5A5AJH6Q, STM32U5A5QII3Q , STM32U5A5QJI6, STM32U5A5QJI6Q, STM32U5A5RJT6, STM32U5A5RJT6Q, STM32U5A5VJT6, STM32U5A5VJT6Q, STM32U5A5ZJT6, STM32U5A5ZJT6Q, STM32U5A5ZJY6QTR, STM32U5A9BJY6QTR, STM32U5A9J-DK, STM32U5A9NJH6Q, STM32U5A9VJT6Q, STM32U5A9ZJT6Q, STM32U5A9ZJY6QTR, STM32U5F7VIT6, STM32U5F7VIT6Q, STM32U5F7VJT6, STM32U5F7VJT6Q, STM32U5F9BJY6QTR, STM32U5F9NJH6Q, STM32U5F9VIT6Q, STM32U5F9VJT6Q, STM32U5F9ZIJ6QTR, STM32U5F9ZIT6Q, STM32U5F9ZJJ6QTR, STM32U5F9ZJT6Q, STM32U5G7VJT6, STM32U5G7VJT6Q, STM32U5G9BJY6QTR, STM32U5G9J-DK1, STM32U5G9J-DK2, STM32U5G9NJH6Q, STM32U5G9VJT6Q, STM32U5G9ZJJ6QTR, STM32U5G9ZJT6Q, STM32WB05KZV6TR, STM32WB05KZV7TR, STM32WB05TZF6TR, STM32WB05TZF7TR, STM32WB06CCF6TR, STM32WB06CCF7TR, STM32WB06CCV6TR, STM32WB06CCV7TR, STM32WB06KCV6TR, STM32WB06KCV7TR, STM32WB07CCF6TR, STM32WB07CCF7TR, STM32WB07CCV6TR, STM32WB07CCV7TR, STM32WB07KCV6TR, STM32WB07KCV7TR, STM32WB09KEV6TR, STM32WB09KEV7TR, STM32WB09TEF6TR, STM32WB09TEF7TR, STM32WB1MMCH6, STM32WBA50KGU6, STM32WBA50KGU6TR, STM32WBA52CEU6, STM32WBA52CEU6TR, STM32WBA52CEU7, STM32WBA52CEU7TR, STM32WBA52CGU6, STM32WBA52CGU6TR, STM32WBA52CGU6U, STM32WBA52CGU7, STM32WBA52CGU7TR, STM32WBA52KEU6, STM32WBA52KEU6TR, STM32WBA52KGU6, STM32WBA52KGU6TR, STM32WBA54CEU6, STM32WBA54CEU6TR, STM32WBA54CEU7, STM32WBA54CEU7TR, STM32WBA54CGU6, STM32WBA54CGU6TR, STM32WBA54CGU7, STM32WBA54CGU7TR, STM32WBA54KEU6, STM32WBA54KEU6TR, STM32WBA54KEU7, STM32WBA54KEU7TR, STM32WBA54KGU6, STM32WBA54KGU6TR, STM32WBA54KGU7, STM32WBA54KGU7TR, STM32WBA55CEU6, STM32WBA55CEU6TR, STM32WBA55CEU7, STM32WBA55CEU7TR, STM32WBA55CGU6, STM32WBA55CGU6TR, STM32WBA55CGU6U, STM32WBA55CGU7, STM32WBA55CGU7TR, STM32WBA55G-DK1, STM32WBA55HEF6, STM32WBA55HEF7, STM32WBA55HGF6, STM32WBA55HGF7, STM32WBA55UEI6, STM32WBA55UEI6TR, STM32WBA55UEI7, STM32WBA55UEI7TR, STM32WBA55UGI6, STM32WBA55UGI6TR, STM32WBA55UGI7, STM32WBA55UGI7TR, STM32WBA5MMGH6TR, STM32WBA62MGF6, STM32WBA62MIF6, STM32WBA65MGF7, STM32WBA65MIF6, STM32WBA65MIF7, STM32WL30K8V6, STM32WL30KBV6, STM32WL31C8V6, STM32WL31CBV6, STM32WL31K8V6, STM32WL31KBV6, STM32WL33C8V6, STM32WL33C8V6X, STM32WL33CBV6, STM32WL33CBV6X, STM32WL33CCV6, STM32WL33CCV6A, STM32WL33CCV6X, STM32WL33K8V7, STM32WL33K8V7X, STM32WL33KBV7 , STM32WL33KBV7X, STM32WL33KCV7, STM32WL33KCV7X, STM32WL5MOCH6, STM32WL5MOCH6TR]
2026-08-07 02:33:00,750 [INFO] ApiDb:668 - CubeFinder database Data Model version=2.1
2026-08-07 02:33:00,750 [INFO] ApiDb:669 - CubeFinder database Configuration version=3.0.42
2026-08-07 02:33:00,750 [INFO] ApiDb:670 - CubeFinder database generation date=2026-06-23 (1782213372)
2026-08-07 02:33:00,750 [INFO] ApiDb:671 - CubeFinder database FW Pack versions=[FP-ATR-ASTRA1_V2.0.0, FP-SNS-FLIGHT1_V5.1.0, FP-SNS-MOTENV1_V5.1.0, FP-SNS-MOTENVWB1_V1.5.0, FP-SNS-SMARTAG2_V1.2.0, FP-SNS-STBOX1_V2.1.0, STM32Cube_FW_C0_V1.4.0, STM32Cube_FW_F4_V1.28.3, STM32Cube_FW_F7_V1.17.4, STM32Cube_FW_G0_V1.6.3, STM32Cube_FW_G4_V1.6.2, STM32Cube_FW_H5_V1.7.0, STM32Cube_FW_H7RS_V1.3.0, STM32Cube_FW_H7_V1.13.0, STM32Cube_FW_L0_V1.12.2, STM32Cube_FW_L4_V1.18.2, STM32Cube_FW_L5_V1.6.0, STM32Cube_FW_N6_V1.4.0, STM32Cube_FW_U0_V1.3.0, STM32Cube_FW_U3_V1.4.0, STM32Cube_FW_U5_V1.9.0, STM32Cube_FW_WB0_V1.5.0, STM32Cube_FW_WBA_V1.10.0, STM32Cube_FW_WB_V1.24.0, STM32Cube_FW_WL3_V1.5.0, STM32Cube_FW_WL_V1.6.0, X-CUBE-ALGOBUILD_V1.5.0, X-CUBE-ALS_V1.0.2, X-CUBE-AZRTOS-F4_V1.1.0, X-CUBE-AZRTOS-F7_V1.1.0, X-CUBE-AZRTOS-G0_V1.1.0, X-CUBE-AZRTOS-G4_V2.0.0, X-CUBE-AZRTOS-H7RS_V1.1.0, X-CUBE-AZRTOS-H7_V3.5.0, X-CUBE-AZRTOS-L4_V2.0.0, X-CUBE-AZRTOS-L5_V2.0.0, X-CUBE-AZRTOS-WB_V2.0.0, X-CUBE-AZRTOS-WL_V2.0.0, X-CUBE-BLE1_V7.1.0, X-CUBE-BLE2_V3.3.0, X-CUBE-BLEMGR_V4.1.0, X-CUBE-EEPRMA1_V5.2.0, X-CUBE-FREERTOS_V1.5.0, X-CUBE-GNSS1_V7.1.1, X-CUBE-MEMS1_V12.1.0, X-CUBE-NFC4_V3.0.0, X-CUBE-NFC7_V2.0.0, X-CUBE-SFXS2LP1_V4.0.0, X-CUBE-ST67W61_V1.3.0, X-CUBE-SUBG2_V5.0.0, X-CUBE-TOF1_V3.4.3]
2026-08-07 02:33:01,400 [ERROR] LogOutputStream:75 - [STDERR_REDIRECT] [Fatal Error] :1:1: Premature end of file.
2026-08-07 02:33:01,401 [ERROR] LogOutputStream:75 - [STDERR_REDIRECT] 
2026-08-07 02:33:02,332 [INFO] ApiDb:240 - Found 880 in-development CPN: [B-G473E-ZEST1S, B-WB1M-WPAN1, B-WBA5M-WPAN, B-WL5M-SUBG1, NUCLEO-C031C6, NUCLEO-C051C8, NUCLEO-C071RB, NUCLEO-C092RC, NUCLEO-H503RB, NUCLEO-H533RE, NUCLEO-H563ZI, NUCLEO-H7S3L8, NUCLEO-N657X0-Q, NUCLEO-U031R8, NUCLEO-U083RC, NUCLEO-U385RG-Q, NUCLEO-U545RE-Q, NUCLEO-U5A5ZJ-Q, NUCLEO-WB05KZ, NUCLEO-WB07CC, NUCLEO-WB09KE, NUCLEO-WBA52CG, NUCLEO-WBA55CG, NUCLEO-WL33CC1, NUCLEO-WL33CC2, STEVAL-PROTEUS1, STEVAL-SMARTAG2, STEVAL-STWINBX1, STM320518-EVAL, STM32C0116-DK, STM32C011D6Y3TR, STM32C011D6Y6TR, STM32C011F4P3, STM32C011F4P6, STM32C011F4U3, STM32C011F4U6TR, STM32C011F6P3, STM32C011F6P6, STM32C011F6U3, STM32C011F6U6TR, STM32C011J4M3, STM32C011J4M6, STM32C011J6M3, STM32C011J6M6, STM32C0316-DK, STM32C031C4T3, STM32C031C4T6, STM32C031C4U3, STM32C031C4U6, STM32C031C6T3, STM32C031C6T6, STM32C031C6U3, STM32C031C6U6, STM32C031F4P3, STM32C031F4P6, STM32C031F6P3, STM32C031F6P6, STM32C031G4U3, STM32C031G4U6, STM32C031G6U3, STM32C031G6U6, STM32C031K4T3, STM32C031K4T6, STM32C031K4U3, STM32C031K4U6, STM32C031K6T3, STM32C031K6T6, STM32C031K6U3, STM32C031K6U6, STM32C051C6T6, STM32C051C6U6, STM32C051C8T6, STM32C051C8U6, STM32C051D8Y6TR, STM32C051F6P6, STM32C051F8P6, STM32C051G6U6, STM32C051G8U6, STM32C051K6T6, STM32C051K6U6, STM32C051K8T6, STM32C071C8T6, STM32C071C8T6N, STM32C071C8U6, STM32C071C8U6N, STM32C071CBT6, STM32C071CBT6N, STM32C071CBU6, STM32C071CBU6N, STM32C071F8P6, STM32C071F8P6N, STM32C071FBP6, STM32C071FBP6N, STM32C071FBY6TR, STM32C071G8U6, STM32C071G8U6N, STM32C071GBU6, STM32C071GBU6N, STM32C071K8T6, STM32C071K8T6N, STM32C071K8U6, STM32C071K8U6N, STM32C071KBT6, STM32C071KBT6N, STM32C071KBU6, STM32C071KBU6N, STM32C071R8T6, STM32C071R8T6N, STM32C071RBI6N, STM32C071RBT6, STM32C071RBT6N, STM32C091CBT6, STM32C091CBU6, STM32C091CCT6, STM32C091CCU6, STM32C091ECY6TR, STM32C091FBP6, STM32C091FCP6, STM32C091GBU6, STM32C091GCU6, STM32C091KBT6, STM32C091KBU6, STM32C091KCT6, STM32C091KCU6, STM32C091RBT6, STM32C091RCI6, STM32C091RCT6, STM32C092CBT6, STM32C092CBU6, STM32C092CCT6, STM32C092CCU6, STM32C092ECY6TR, STM32C092FBP6, STM32C092FCP6, STM32C092GBU6, STM32C092GCU6, STM32C092KBT6, STM32C092KBU6, STM32C092KCT6, STM32C092KCU6, STM32C092RBT6, STM32C092RCI6, STM32C092RCT6, STM32G071K8TXN, STM32G071K8UXN, STM32G081GBU6N, STM32G081KBT6N, STM32G081KBUXN, STM32G0B1CCT6N, STM32G0B1KCT6, STM32G0B1NEY6TR, STM32G0B1RCT6N, STM32G0C1CCT6, STM32G0C1CCT6N, STM32G0C1CCU6N, STM32G0C1CET6N, STM32G0C1CEU6N, STM32G0C1KCT6, STM32G0C1NEY6TR, STM32G0C1RCI6N, STM32G0C1RCT6N, STM32G0C1REI6N, STM32G0C1RET6N, STM32G0C1VCI6, STM32G0C1VEI6, STM32G411C6T3, STM32G411C6T6, STM32G411C6U3, STM32G411C6U6, STM32G411C8T3, STM32G411C8T6, STM32G411C8U3, STM32G411C8U6, STM32G411CBT3, STM32G411CBT6, STM32G411CBU3, STM32G411CBU6, STM32G411K6T3, STM32G411K6T6, STM32G411K6U3, STM32G411K6U6, STM32G411K8T3, STM32G411K8T6, STM32G411K8U3, STM32G411K8U6, STM32G411KBT3, STM32G411KBT6, STM32G411KBU3, STM32G411KBU6, STM32G411M6T3, STM32G411M6T6, STM32G411M8T3, STM32G411M8T6, STM32G411MBT3, STM32G411MBT6, STM32G411R6T3, STM32G411R6T6, STM32G411R8T3, STM32G411R8T6, STM32G411RBT3, STM32G411RBT6, STM32G414CBT3, STM32G414CBT6, STM32G414CBU3, STM32G414CBU6, STM32G414CCT3, STM32G414CCT6, STM32G414CCU3, STM32G414CCU6, STM32G414MBT3, STM32G414MBT6, STM32G414MCT3, STM32G414MCT6, STM32G414RBT3, STM32G414RBT6, STM32G414RCT3, STM32G414RCT6, STM32G414VBT3, STM32G414VBT6, STM32G414VCT3, STM32G414VCT6, STM32G431CBT3Z, STM32G431RBT3Z, STM32G471CCT6, STM32G471CCU6, STM32G471CET3, STM32G471CET6, STM32G471CEU3, STM32G471CEU6, STM32G471MCT6, STM32G471MET3, STM32G471MET6, STM32G471MEY6TR, STM32G471QCT6, STM32G471QET3, STM32G471RCT6, STM32G471RET3, STM32G471RET6, STM32G471VCH6, STM32G471VCI6, STM32G471VCT6, STM32G471VEH3, STM32G471VEH6, STM32G471VEI3, STM32G471VEI6, STM32G471VET3, STM32G471VET6, STM32G473QET3Z, STM32G473RET3Z, STM32G474CCT6, STM32G491RET3Z, STM32H503CBT6, STM32H503CBU6, STM32H503EBY6TR, STM32H503KBU6, STM32H503RBT6, STM32H523CCT6, STM32H523CCU6, STM32H523CET6, STM32H523CEU6, STM32H523HEY6TR, STM32H523RCT6, STM32H523RET6, STM32H523VCI6, STM32H523VCT6, STM32H523VEI6, STM32H523VET6, STM32H523ZCJ6, STM32H523ZCT6, STM32H523ZEJ6, STM32H523ZET6, STM32H533CET6, STM32H533CEU6, STM32H533HEY6TR, STM32H533RET6, STM32H533VEI6, STM32H533VET6, STM32H533ZEJ6, STM32H533ZET6, STM32H562AGI6, STM32H562AII6, STM32H562IGK6, STM32H562IGT6, STM32H562IIK6, STM32H562IIT6, STM32H562RGT6, STM32H562RGV6, STM32H562RIT6, STM32H562RIV6, STM32H562VGT6, STM32H562VIT6, STM32H562ZGT6, STM32H562ZIT6, STM32H563AGI6, STM32H563AII3Q, STM32H563AII6, STM32H563IGK6, STM32H563IGT6, STM32H563IIK3Q, STM32H563IIK6, STM32H563IIT3Q, STM32H563IIT6, STM32H563MIY3QTR, STM32H563RGT6, STM32H563RGV6, STM32H563RIT6, STM32H563RIV6, STM32H563VGT6, STM32H563VIT3Q, STM32H563VIT6, STM32H563ZGT6, STM32H563ZIT3Q, STM32H563ZIT6, STM32H573AII3Q, STM32H573AII6, STM32H573I-DK, STM32H573IIK3Q, STM32H573IIK6, STM32H573IIT3Q, STM32H573IIT6, STM32H573MIY3QTR, STM32H573RIT6, STM32H573RIV6, STM32H573VIT3Q, STM32H573VIT6, STM32H573ZIT3Q, STM32H573ZIT6, STM32H7R3A8I6, STM32H7R3I8K6, STM32H7R3I8T6, STM32H7R3L8H6, STM32H7R3L8H6H, STM32H7R3R8V6, STM32H7R3V8H6, STM32H7R3V8T6, STM32H7R3V8Y6TR, STM32H7R3Z8J6, STM32H7R3Z8T6, STM32H7R7A8I6, STM32H7R7I8K6, STM32H7R7I8T6, STM32H7R7L8H6, STM32H7R7L8H6H, STM32H7R7Z8J6, STM32H7S3A8I6, STM32H7S3I8K6, STM32H7S3I8T6, STM32H7S3L8H6, STM32H7S3L8H6H, STM32H7S3R8V6, STM32H7S3V8H6, STM32H7S3V8T6, STM32H7S3V8Y6TR, STM32H7S3Z8J6, STM32H7S3Z8T6, STM32H7S78-DK, STM32H7S7A8I6, STM32H7S7I8K6, STM32H7S7I8T6, STM32H7S7L8H6, STM32H7S7L8H6H, STM32H7S7Z8J6, STM32L4R5QGI6STR, STM32MP131AAE3, STM32MP131AAF3, STM32MP131AAG3, STM32MP131CAE3, STM32MP131CAF3, STM32MP131CAG3, STM32MP131DAE7, STM32MP131DAF7, STM32MP131DAG7, STM32MP131FAE7, STM32MP131FAF7, STM32MP131FAG7, STM32MP133AAE3, STM32MP133AAF3, STM32MP133AAG3, STM32MP133CAE3, STM32MP133CAF3, STM32MP133CAG3, STM32MP133DAE7, STM32MP133DAF7, STM32MP133DAG7, STM32MP133FAE7, STM32MP133FAF7, STM32MP133FAG7, STM32MP135AAE3, STM32MP135AAF3, STM32MP135AAG3, STM32MP135CAE3, STM32MP135CAF3, STM32MP135CAG3, STM32MP135DAE7, STM32MP135DAF7, STM32MP135DAG7, STM32MP135F-DK, STM32MP135FAE7, STM32MP135FAF7, STM32MP135FAF7T, STM32MP135FAF7U, STM32MP135FAG7, STM32MP211AAL3, STM32MP211AAM3, STM32MP211AAN3, STM32MP211AAO3, STM32MP211CAL3, STM32MP211CAM3, STM32MP211CAN3, STM32MP211CAO3, STM32MP211DAL3, STM32MP211DAM3, STM32MP211DAN3, STM32MP211DAO3, STM32MP211FAL3, STM32MP211FAM3, STM32MP211FAN3, STM32MP211FAO3, STM32MP213AAL3, STM32MP213AAM3, STM32MP213AAN3, STM32MP213AAO3, STM32MP213CAL3, STM32MP213CAM3, STM32MP213CAN3, STM32MP213CAO3, STM32MP213DAL3, STM32MP213DAM3, STM32MP213DAN3, STM32MP213DAO3, STM32MP213FAL3, STM32MP213FAM3, STM32MP213FAN3, STM32MP213FAO3, STM32MP215AAL3, STM32MP215AAM3, STM32MP215AAN3, STM32MP215AAO3, STM32MP215CAL3, STM32MP215CAM3, STM32MP215CAN3, STM32MP215CAO3, STM32MP215DAL3, STM32MP215DAM3, STM32MP215DAN3, STM32MP215DAO3, STM32MP215F-DK, STM32MP215FAL3, STM32MP215FAM3, STM32MP215FAN3, STM32MP215FAO3, STM32MP231AAJ3, STM32MP231AAK3, STM32MP231AAL3, STM32MP231CAJ3, STM32MP231CAK3, STM32MP231CAL3, STM32MP231DAJ3, STM32MP231DAK3, STM32MP231DAL3, STM32MP231FAJ3, STM32MP231FAK3, STM32MP231FAL3, STM32MP233AAJ3, STM32MP233AAK3, STM32MP233AAL3, STM32MP233CAJ3, STM32MP233CAK3, STM32MP233CAL3, STM32MP233DAJ3, STM32MP233DAK3, STM32MP233DAL3, STM32MP233FAJ3, STM32MP233FAK3, STM32MP233FAL3, STM32MP235AAJ3, STM32MP235AAK3, STM32MP235AAL3, STM32MP235CAJ3, STM32MP235CAK3, STM32MP235CAL3, STM32MP235DAJ3, STM32MP235DAK3, STM32MP235DAL3, STM32MP235FAJ3, STM32MP235FAK3, STM32MP235FAL3, STM32MP251AAI3, STM32MP251AAK3, STM32MP251AAL3, STM32MP251CAI3, STM32MP251CAK3, STM32MP251CAL3, STM32MP251DAI3, STM32MP251DAK3, STM32MP251DAL3, STM32MP251FAI3, STM32MP251FAK3, STM32MP251FAL3, STM32MP253AAI3, STM32MP253AAK3, STM32MP253AAL3, STM32MP253CAI3, STM32MP253CAK3, STM32MP253CAL3, STM32MP253DAI3, STM32MP253DAK3, STM32MP253DAL3, STM32MP253FAI3, STM32MP253FAK3, STM32MP253FAL3, STM32MP255AAI3, STM32MP255AAK3, STM32MP255AAL3, STM32MP255CAI3, STM32MP255CAK3, STM32MP255CAL3, STM32MP255DAI3, STM32MP255DAK3, STM32MP255DAL3, STM32MP255FAI3, STM32MP255FAK3, STM32MP255FAL3, STM32MP257AAI3, STM32MP257AAK3, STM32MP257AAL3, STM32MP257CAI3, STM32MP257CAK3, STM32MP257CAL3, STM32MP257DAI3, STM32MP257DAK3, STM32MP257DAL3, STM32MP257F-DK, STM32MP257F-EV1, STM32MP257FAI3, STM32MP257FAK3, STM32MP257FAL3, STM32N645A0H3Q, STM32N645B0H3Q, STM32N645I0H3Q, STM32N645L0H3Q, STM32N645X0H3Q, STM32N645Z0H3Q, STM32N647A0H3Q, STM32N647B0H3Q, STM32N647I0H3Q, STM32N647L0H3Q, STM32N647X0H3Q, STM32N647Z0H3Q, STM32N655A0H3Q, STM32N655B0H3Q, STM32N655I0H3Q, STM32N655L0H3Q, STM32N655X0H3Q, STM32N655Z0H3Q, STM32N6570-DK, STM32N657A0H3Q, STM32N657B0H3Q, STM32N657I0H3Q, STM32N657L0H3Q, STM32N657X0H3Q, STM32N657Z0H3Q, STM32U031C6T6, STM32U031C6U6, STM32U031C8T6, STM32U031C8U6, STM32U031F4P6, STM32U031F6P6, STM32U031F8P6, STM32U031G6Y6TR, STM32U031G8Y6TR, STM32U031K4U6, STM32U031K6U6, STM32U031K8U6, STM32U031R6I6, STM32U031R6T6, STM32U031R8I6, STM32U031R8T6, STM32U073C8T6, STM32U073C8U6, STM32U073CBT6, STM32U073CBU6, STM32U073CCT6, STM32U073CCU6, STM32U073H8Y6TR, STM32U073HBY6TR, STM32U073HCY6TR, STM32U073K8U6, STM32U073KBU6, STM32U073KCU6, STM32U073M8I6, STM32U073M8T6, STM32U073MBI6, STM32U073MBT6, STM32U073MCI6, STM32U073MCT6, STM32U073R8I6, STM32U073R8T6, STM32U073RBI6, STM32U073RBT6, STM32U073RCI6, STM32U073RCT6, STM32U083C-DK, STM32U083CCT6, STM32U083CCU6, STM32U083HCY6TR, STM32U083KCU6, STM32U083MCI6, STM32U083MCT6, STM32U083RCI6, STM32U083RCT6, STM32U375CET6, STM32U375CET6Q, STM32U375CEU6, STM32U375CEU6Q, STM32U375CEY6QTR, STM32U375CGT6, STM32U375CGT6Q, STM32U375CGU6, STM32U375CGU6Q, STM32U375CGY6QTR, STM32U375KEU6, STM32U375KGU6, STM32U375REI6, STM32U375REI6Q, STM32U375RET6, STM32U375RET6Q, STM32U375REY6GTR, STM32U375REY6QTR, STM32U375RGI6, STM32U375RGI6Q, STM32U375RGT6, STM32U375RGT6Q, STM32U375RGY6GTR, STM32U375RGY6QTR, STM32U375VEI6, STM32U375VEI6Q, STM32U375VET6, STM32U375VET6Q, STM32U375VGI6, STM32U375VGI6Q, STM32U375VGT6, STM32U375VGT6Q, STM32U385CGT6, STM32U385CGT6Q, STM32U385CGU6, STM32U385CGU6Q, STM32U385CGY6QTR, STM32U385KGU6, STM32U385RGI6, STM32U385RGI6Q, STM32U385RGT6, STM32U385RGT6Q, STM32U385RGY6GTR, STM32U385RGY6QTR, STM32U385VGI6, STM32U385VGI6Q, STM32U385VGT6, STM32U385VGT6Q, STM32U535CBT6, STM32U535CBT6Q, STM32U535CBU6, STM32U535CBU6Q, STM32U535CCT6, STM32U535CCT6Q, STM32U535CCU6, STM32U535CCU6Q, STM32U535CET6, STM32U535CET6Q, STM32U535CEU6, STM32U535CEU6Q, STM32U535JEY6QTR, STM32U535NCY6QTR, STM32U535NEY6QTR, STM32U535RBI6, STM32U535RBI6Q, STM32U535RBT6, STM32U535RBT6Q, STM32U535RCI6, STM32U535RCI6Q, STM32U535RCT6, STM32U535RCT6Q, STM32U535REI6, STM32U535REI6Q, STM32U535RET6, STM32U535RET6Q, STM32U535VCI6, STM32U535VCI6Q, STM32U535VCT6, STM32U535VCT6Q, STM32U535VEI6, STM32U535VEI6Q, STM32U535VET6, STM32U535VET6Q, STM32U545CET6, STM32U545CET6Q, STM32U545CEU6, STM32U545CEU6Q, STM32U545JEY6QTR, STM32U545NEY6QTR, STM32U545REI6, STM32U545REI6Q, STM32U545RET6, STM32U545RET6Q, STM32U545VEI6, STM32U545VEI6Q, STM32U545VET6, STM32U545VET6Q, STM32U595AIH6, STM32U595AIH6Q, STM32U595AJH6, STM32U595AJH6Q, STM32U595QII6, STM32U595QII6Q, STM32U595QJI6, STM32U595QJI6Q, STM32U595RIT6, STM32U595RIT6Q, STM32U595RJT6, STM32U595RJT6Q, STM32U595VIT6, STM32U595VIT6Q, STM32U595VJT6, STM32U595VJT6Q, STM32U595ZIT6, STM32U595ZIT6Q, STM32U595ZIY6QTR, STM32U595ZJT6, STM32U595ZJT6Q, STM32U595ZJY6QTR, STM32U599BJY6QTR, STM32U599NIH6Q, STM32U599NJH6Q, STM32U599VIT6Q, STM32U599VJT6, STM32U599VJT6Q, STM32U599ZIT6Q, STM32U599ZIY6QTR, STM32U599ZJT6Q, STM32U599ZJY6QTR, STM32U5A5AJH6, STM32U5A5AJH6Q, STM32U5A5QII3Q , STM32U5A5QJI6, STM32U5A5QJI6Q, STM32U5A5RJT6, STM32U5A5RJT6Q, STM32U5A5VJT6, STM32U5A5VJT6Q, STM32U5A5ZJT6, STM32U5A5ZJT6Q, STM32U5A5ZJY6QTR, STM32U5A9BJY6QTR, STM32U5A9J-DK, STM32U5A9NJH6Q, STM32U5A9VJT6Q, STM32U5A9ZJT6Q, STM32U5A9ZJY6QTR, STM32U5F7VIT6, STM32U5F7VIT6Q, STM32U5F7VJT6, STM32U5F7VJT6Q, STM32U5F9BJY6QTR, STM32U5F9NJH6Q, STM32U5F9VIT6Q, STM32U5F9VJT6Q, STM32U5F9ZIJ6QTR, STM32U5F9ZIT6Q, STM32U5F9ZJJ6QTR, STM32U5F9ZJT6Q, STM32U5G7VJT6, STM32U5G7VJT6Q, STM32U5G9BJY6QTR, STM32U5G9J-DK1, STM32U5G9J-DK2, STM32U5G9NJH6Q, STM32U5G9VJT6Q, STM32U5G9ZJJ6QTR, STM32U5G9ZJT6Q, STM32WB05KZV6TR, STM32WB05KZV7TR, STM32WB05TZF6TR, STM32WB05TZF7TR, STM32WB06CCF6TR, STM32WB06CCF7TR, STM32WB06CCV6TR, STM32WB06CCV7TR, STM32WB06KCV6TR, STM32WB06KCV7TR, STM32WB07CCF6TR, STM32WB07CCF7TR, STM32WB07CCV6TR, STM32WB07CCV7TR, STM32WB07KCV6TR, STM32WB07KCV7TR, STM32WB09KEV6TR, STM32WB09KEV7TR, STM32WB09TEF6TR, STM32WB09TEF7TR, STM32WB1MMCH6, STM32WBA50KGU6, STM32WBA50KGU6TR, STM32WBA52CEU6, STM32WBA52CEU6TR, STM32WBA52CEU7, STM32WBA52CEU7TR, STM32WBA52CGU6, STM32WBA52CGU6TR, STM32WBA52CGU6U, STM32WBA52CGU7, STM32WBA52CGU7TR, STM32WBA52KEU6, STM32WBA52KEU6TR, STM32WBA52KGU6, STM32WBA52KGU6TR, STM32WBA54CEU6, STM32WBA54CEU6TR, STM32WBA54CEU7, STM32WBA54CEU7TR, STM32WBA54CGU6, STM32WBA54CGU6TR, STM32WBA54CGU7, STM32WBA54CGU7TR, STM32WBA54KEU6, STM32WBA54KEU6TR, STM32WBA54KEU7, STM32WBA54KEU7TR, STM32WBA54KGU6, STM32WBA54KGU6TR, STM32WBA54KGU7, STM32WBA54KGU7TR, STM32WBA55CEU6, STM32WBA55CEU6TR, STM32WBA55CEU7, STM32WBA55CEU7TR, STM32WBA55CGU6, STM32WBA55CGU6TR, STM32WBA55CGU6U, STM32WBA55CGU7, STM32WBA55CGU7TR, STM32WBA55G-DK1, STM32WBA55HEF6, STM32WBA55HEF7, STM32WBA55HGF6, STM32WBA55HGF7, STM32WBA55UEI6, STM32WBA55UEI6TR, STM32WBA55UEI7, STM32WBA55UEI7TR, STM32WBA55UGI6, STM32WBA55UGI6TR, STM32WBA55UGI7, STM32WBA55UGI7TR, STM32WBA5MMGH6TR, STM32WBA62MGF6, STM32WBA62MIF6, STM32WBA65MGF7, STM32WBA65MIF6, STM32WBA65MIF7, STM32WL30K8V6, STM32WL30KBV6, STM32WL31C8V6, STM32WL31CBV6, STM32WL31K8V6, STM32WL31KBV6, STM32WL33C8V6, STM32WL33C8V6X, STM32WL33CBV6, STM32WL33CBV6X, STM32WL33CCV6, STM32WL33CCV6A, STM32WL33CCV6X, STM32WL33K8V7, STM32WL33K8V7X, STM32WL33KBV7 , STM32WL33KBV7X, STM32WL33KCV7, STM32WL33KCV7X, STM32WL5MOCH6, STM32WL5MOCH6TR]
2026-08-07 02:33:02,337 [INFO] DbMcus:218 - Found 5250 MCUs, 5097 are supported
2026-08-07 02:33:02,338 [INFO] ApiDb:423 - Load user favorites file C:\Users\Mowibox/.stm32cubeide/favorites.mcus.txt: 0 item(s)
2026-08-07 02:33:02,338 [INFO] ApiDb:427 - User favorites MCUs=[]
2026-08-07 02:33:02,338 [INFO] DbMcus:224 - Set 0 / 0 favorites MCUs
2026-08-07 02:33:02,427 [ERROR] LogOutputStream:75 - [STDERR_REDIRECT] [Fatal Error] :1:1: Premature end of file.
2026-08-07 02:33:02,428 [ERROR] LogOutputStream:75 - [STDERR_REDIRECT] 
2026-08-07 02:33:02,788 [INFO] BoardInfo:889 - No configuration file found for board NUCLEO-H5E5ZJ
2026-08-07 02:33:02,791 [INFO] DbBoards:161 - Board is not supported: NUCLEO-H5E5ZJ
2026-08-07 02:33:02,906 [INFO] BoardInfo:889 - No configuration file found for board NUCLEO-U3C5ZI-Q
2026-08-07 02:33:02,909 [INFO] DbBoards:161 - Board is not supported: NUCLEO-U3C5ZI-Q
2026-08-07 02:33:02,937 [INFO] BoardInfo:889 - No configuration file found for board NUCLEO-WBA25CE1
2026-08-07 02:33:02,939 [INFO] DbBoards:161 - Board is not supported: NUCLEO-WBA25CE1
2026-08-07 02:33:02,957 [INFO] BoardInfo:889 - No configuration file found for board NUCLEO-WL3RKB1
2026-08-07 02:33:02,959 [INFO] DbBoards:161 - Board is not supported: NUCLEO-WL3RKB1
2026-08-07 02:33:02,961 [INFO] BoardInfo:889 - No configuration file found for board NUCLEO-WL3RKB2
2026-08-07 02:33:02,963 [INFO] DbBoards:161 - Board is not supported: NUCLEO-WL3RKB2
2026-08-07 02:33:02,978 [INFO] BoardInfo:889 - No configuration file found for board P-NUCLEO-WB55
2026-08-07 02:33:02,980 [INFO] DbBoards:161 - Kit is not supported: P-NUCLEO-WB55
2026-08-07 02:33:02,992 [INFO] BoardInfo:889 - No configuration file found for board STEVAL-BFA001V1B
2026-08-07 02:33:02,995 [INFO] DbBoards:161 - Kit is not supported: STEVAL-BFA001V1B
2026-08-07 02:33:02,997 [INFO] BoardInfo:889 - No configuration file found for board STEVAL-BFA001V2B
2026-08-07 02:33:02,999 [INFO] DbBoards:161 - Kit is not supported: STEVAL-BFA001V2B
2026-08-07 02:33:03,198 [INFO] BoardInfo:889 - No configuration file found for board STM32H5F5J-DK
2026-08-07 02:33:03,200 [INFO] DbBoards:161 - Board is not supported: STM32H5F5J-DK
2026-08-07 02:33:03,345 [INFO] DbBoards:168 - Found 218 boards, 209 are supported
2026-08-07 02:33:03,345 [INFO] DbBoards:169 - Found 218 boards, 43 of them is supported for  Bsp
2026-08-07 02:33:03,348 [INFO] ApiDb:423 - Load user favorites file C:\Users\Mowibox/.stm32cubeide/favorites.boards.txt: 0 item(s)
2026-08-07 02:33:03,348 [INFO] ApiDb:427 - User favorites Boards=[]
2026-08-07 02:33:03,349 [INFO] DbBoards:198 - Set 0 / 0 favorites Boards
2026-08-07 02:33:03,390 [INFO] UtilMem:75 - End LoadConfig() Used Memory: 667678920 Bytes (732954624)
2026-08-07 02:33:03,403 [ERROR] LogOutputStream:75 - [STDERR_REDIRECT] [Fatal Error] :1:1: Premature end of file.
2026-08-07 02:33:03,403 [ERROR] LogOutputStream:75 - [STDERR_REDIRECT] 
2026-08-07 02:33:03,509 [WARN] ThirdParty:833 - waiting for thirdparty lock release [change project]
2026-08-07 02:33:03,509 [INFO] ThirdParty:835 - entering critical section [change project]
2026-08-07 02:33:03,510 [INFO] ThirdParty:1030 - CMSIS Pack Vendor :STMicroelectronics X-CUBE-AZRTOS-H7 3.5.0
2026-08-07 02:33:03,510 [INFO] ThirdParty:1030 - CMSIS Pack Vendor :STMicroelectronics X-CUBE-PM33A1 1.0.0
2026-08-07 02:33:03,510 [INFO] ThirdParty:1030 - CMSIS Pack Vendor :STMicroelectronics USBPD 4.1
2026-08-07 02:33:03,510 [INFO] ThirdParty:1030 - CMSIS Pack Vendor :STMicroelectronics USB_HOST 2.0.0
2026-08-07 02:33:03,510 [INFO] ThirdParty:1030 - CMSIS Pack Vendor :STMicroelectronics FP-SNS-MOTENVWB1 1.4.0
2026-08-07 02:33:03,510 [INFO] ThirdParty:1030 - CMSIS Pack Vendor :STMicroelectronics FP-ATR-ASTRA1 2.0.3
2026-08-07 02:33:03,510 [INFO] ThirdParty:1030 - CMSIS Pack Vendor :STMicroelectronics X-CUBE-AZRTOS-F4 1.1.0
2026-08-07 02:33:03,510 [INFO] ThirdParty:1030 - CMSIS Pack Vendor :STMicroelectronics LIBJPEG 8.0.0
2026-08-07 02:33:03,510 [INFO] ThirdParty:1030 - CMSIS Pack Vendor :STMicroelectronics FP-ATR-ASTRA1 2.0.2
2026-08-07 02:33:03,510 [INFO] ThirdParty:1030 - CMSIS Pack Vendor :STMicroelectronics X-CUBE-SMBUS 2.1.0
2026-08-07 02:33:03,510 [INFO] ThirdParty:1030 - CMSIS Pack Vendor :STMicroelectronics X-CUBE-WB05N 1.1.0
2026-08-07 02:33:03,510 [INFO] ThirdParty:1030 - CMSIS Pack Vendor :STMicroelectronics X-CUBE-ISPU 2.1.0
2026-08-07 02:33:03,511 [INFO] ThirdParty:1030 - CMSIS Pack Vendor :STMicroelectronics X-CUBE-IPS 3.2.0
2026-08-07 02:33:03,511 [INFO] ThirdParty:1030 - CMSIS Pack Vendor :STMicroelectronics eDS-WB_DPC_TT-BIDIR 2.1.1
2026-08-07 02:33:03,511 [INFO] ThirdParty:1030 - CMSIS Pack Vendor :STMicroelectronics X-CUBE-NFC12 1.0.0
2026-08-07 02:33:03,511 [INFO] ThirdParty:1030 - CMSIS Pack Vendor :STMicroelectronics X-CUBE-AZRTOS-F7 1.1.0
2026-08-07 02:33:03,511 [INFO] ThirdParty:1030 - CMSIS Pack Vendor :STMicroelectronics X-CUBE-AZRTOS-L5 2.0.0
2026-08-07 02:33:03,511 [INFO] ThirdParty:1030 - CMSIS Pack Vendor :STMicroelectronics USB_DEVICE 2.0.0
2026-08-07 02:33:03,511 [INFO] ThirdParty:1030 - CMSIS Pack Vendor :STMicroelectronics X-CUBE-FREERTOS 1.6.0
2026-08-07 02:33:03,511 [INFO] ThirdParty:1030 - CMSIS Pack Vendor :STMicroelectronics X-CUBE-NFC6 3.1.0
2026-08-07 02:33:03,511 [INFO] ThirdParty:1030 - CMSIS Pack Vendor :STMicroelectronics X-CUBE-ALGOBUILD 1.5.0
2026-08-07 02:33:03,511 [INFO] ThirdParty:1030 - CMSIS Pack Vendor :STMicroelectronics FP-SNS-MOTENV1 5.1.0
2026-08-07 02:33:03,511 [INFO] ThirdParty:1030 - CMSIS Pack Vendor :STMicroelectronics FreeRTOS 0.0.1
2026-08-07 02:33:03,511 [INFO] ThirdParty:1030 - CMSIS Pack Vendor :STMicroelectronics X-CUBE-AZRTOS-H7RS 1.3.0
2026-08-07 02:33:03,511 [INFO] ThirdParty:1030 - CMSIS Pack Vendor :STMicroelectronics X-CUBE-DPower 1.2.0
2026-08-07 02:33:03,511 [INFO] ThirdParty:1030 - CMSIS Pack Vendor :STMicroelectronics eDS-WB_DPC_VIENNA 1.2.0
2026-08-07 02:33:03,511 [INFO] ThirdParty:1030 - CMSIS Pack Vendor :STMicroelectronics X-CUBE-MEMS1 13.0.0
2026-08-07 02:33:03,511 [INFO] ThirdParty:1030 - CMSIS Pack Vendor :STMicroelectronics FP-SNS-FLIGHT1 5.0.2
2026-08-07 02:33:03,511 [INFO] ThirdParty:1030 - CMSIS Pack Vendor :STMicroelectronics eDS-WB_DPC_3PH2L-BIDIR 1.1.1
2026-08-07 02:33:03,511 [INFO] ThirdParty:1030 - CMSIS Pack Vendor :Infineon AIROC-Wi-Fi-Bluetooth-STM32 1.7.0
2026-08-07 02:33:03,511 [INFO] ThirdParty:1030 - CMSIS Pack Vendor :STMicroelectronics PDM2PCM 3.3.0
2026-08-07 02:33:03,511 [INFO] ThirdParty:1030 - CMSIS Pack Vendor :STMicroelectronics X-CUBE-AZRTOS-H7 3.4.0
2026-08-07 02:33:03,512 [INFO] ThirdParty:1030 - CMSIS Pack Vendor :STMicroelectronics X-CUBE-DISPLAY 3.0.0
2026-08-07 02:33:03,512 [INFO] ThirdParty:1030 - CMSIS Pack Vendor :STMicroelectronics X-CUBE-GNSS1 7.1.1
2026-08-07 02:33:03,512 [INFO] ThirdParty:1030 - CMSIS Pack Vendor :STMicroelectronics FP-SNS-MOTENVWB1 1.5.0
2026-08-07 02:33:03,512 [INFO] ThirdParty:1030 - CMSIS Pack Vendor :STMicroelectronics X-CUBE-NFC10 1.0.0
2026-08-07 02:33:03,512 [INFO] ThirdParty:1030 - CMSIS Pack Vendor :STMicroelectronics X-CUBE-BLEMGR 4.0.0
2026-08-07 02:33:03,512 [INFO] ThirdParty:1030 - CMSIS Pack Vendor :STMicroelectronics X-CUBE-FREERTOS 1.3.1
2026-08-07 02:33:03,512 [INFO] ThirdParty:1030 - CMSIS Pack Vendor :STMicroelectronics HAL Drivers 0.0.0
2026-08-07 02:33:03,512 [INFO] ThirdParty:1030 - CMSIS Pack Vendor :STMicroelectronics X-CUBE-ST60 1.1.0
2026-08-07 02:33:03,512 [INFO] ThirdParty:1030 - CMSIS Pack Vendor :emotas I-CUBE-CANOPEN 1.3.0
2026-08-07 02:33:03,512 [INFO] ThirdParty:1030 - CMSIS Pack Vendor :STMicroelectronics X-CUBE-FREERTOS 1.3.0
2026-08-07 02:33:03,512 [INFO] ThirdParty:1030 - CMSIS Pack Vendor :STMicroelectronics X-CUBE-NFC7 1.0.1
2026-08-07 02:33:03,512 [INFO] ThirdParty:1030 - CMSIS Pack Vendor :STMicroelectronics MBEDTLS 2.14.1
2026-08-07 02:33:03,512 [INFO] ThirdParty:1030 - CMSIS Pack Vendor :STMicroelectronics X-CUBE-GNSS1 7.1.0
2026-08-07 02:33:03,512 [INFO] ThirdParty:1030 - CMSIS Pack Vendor :STMicroelectronics X-CUBE-TOUCHGFX 4.26.0
2026-08-07 02:33:03,512 [INFO] ThirdParty:1030 - CMSIS Pack Vendor :STMicroelectronics X-CUBE-TOUCHGFX 4.26.1
2026-08-07 02:33:03,512 [INFO] ThirdParty:1030 - CMSIS Pack Vendor :quantropi X-CUBE-qispace-sdk-base 2.0.0
2026-08-07 02:33:03,512 [INFO] ThirdParty:1030 - CMSIS Pack Vendor :STMicroelectronics X-CUBE-AI 10.0.0
2026-08-07 02:33:03,512 [INFO] ThirdParty:1030 - CMSIS Pack Vendor :STMicroelectronics FP-SNS-STBOX1 2.1.0
2026-08-07 02:33:03,512 [INFO] ThirdParty:1030 - CMSIS Pack Vendor :STMicroelectronics FP-SNS-STAIOTCFT 1.0.0
2026-08-07 02:33:03,512 [INFO] ThirdParty:1030 - CMSIS Pack Vendor :STMicroelectronics FP-SNS-SMARTAG2 1.2.0
2026-08-07 02:33:03,513 [INFO] ThirdParty:1030 - CMSIS Pack Vendor :STMicroelectronics FP-SNS-FLIGHT1 5.1.0
2026-08-07 02:33:03,513 [INFO] ThirdParty:1030 - CMSIS Pack Vendor :STMicroelectronics X-CUBE-MEMS1 11.1.0
2026-08-07 02:33:03,513 [INFO] ThirdParty:1030 - CMSIS Pack Vendor :STMicroelectronics X-CUBE-AZRTOS-WL 2.0.0
2026-08-07 02:33:03,513 [INFO] ThirdParty:1030 - CMSIS Pack Vendor :STMicroelectronics X-CUBE-DPower 1.3.0
2026-08-07 02:33:03,513 [INFO] ThirdParty:1030 - CMSIS Pack Vendor :STMicroelectronics FP-SNS-MOTENV1 5.0.0
2026-08-07 02:33:03,513 [INFO] ThirdParty:1030 - CMSIS Pack Vendor :STMicroelectronics USB_DEVICE 1.0.0
2026-08-07 02:33:03,513 [INFO] ThirdParty:1030 - CMSIS Pack Vendor :STMicroelectronics X-CUBE-AZRTOS-H7RS 1.2.0
2026-08-07 02:33:03,513 [INFO] ThirdParty:1030 - CMSIS Pack Vendor :STMicroelectronics X-CUBE-AZRTOS-L4 2.0.0
2026-08-07 02:33:03,513 [INFO] ThirdParty:1030 - CMSIS Pack Vendor :STMicroelectronics ThreadX 0.0.2
2026-08-07 02:33:03,513 [INFO] ThirdParty:1030 - CMSIS Pack Vendor :WES I-CUBE-Cesium 1.3.0
2026-08-07 02:33:03,513 [INFO] ThirdParty:1030 - CMSIS Pack Vendor :STMicroelectronics lwIP 2.1.2
2026-08-07 02:33:03,513 [INFO] ThirdParty:1030 - CMSIS Pack Vendor :STMicroelectronics X-CUBE-SFXS2LP1 4.0.0
2026-08-07 02:33:03,513 [INFO] ThirdParty:1030 - CMSIS Pack Vendor :STMicroelectronics X-CUBE-BLE2 3.3.0
2026-08-07 02:33:03,513 [INFO] ThirdParty:1030 - CMSIS Pack Vendor :Avnet-IOTCONNECT X-CUBE-iotc-st67-sdk 1.0.0
2026-08-07 02:33:03,513 [INFO] ThirdParty:1030 - CMSIS Pack Vendor :STMicroelectronics PDM2PCM 3.2.0
2026-08-07 02:33:03,513 [INFO] ThirdParty:1030 - CMSIS Pack Vendor :STMicroelectronics X-CUBE-WB05N 2.1.0
2026-08-07 02:33:03,513 [INFO] ThirdParty:1030 - CMSIS Pack Vendor :STMicroelectronics X-CUBE-ST67W61 1.2.0
2026-08-07 02:33:03,513 [INFO] ThirdParty:1030 - CMSIS Pack Vendor :STMicroelectronics X-CUBE-AZRTOS-H7 3.3.0
2026-08-07 02:33:03,513 [INFO] ThirdParty:1030 - CMSIS Pack Vendor :STMicroelectronics X-CUBE-NFC9 1.0.0
2026-08-07 02:33:03,514 [INFO] ThirdParty:1030 - CMSIS Pack Vendor :STMicroelectronics X-CUBE-BLE1 7.1.0
2026-08-07 02:33:03,514 [INFO] ThirdParty:1030 - CMSIS Pack Vendor :wolfSSL I-CUBE-wolfMQTT 1.19.2
2026-08-07 02:33:03,514 [INFO] ThirdParty:1030 - CMSIS Pack Vendor :STMicroelectronics USB_DEVICE 3.0.0
2026-08-07 02:33:03,514 [INFO] ThirdParty:1030 - CMSIS Pack Vendor :STMicroelectronics X-CUBE-FREERTOS 1.4.0
2026-08-07 02:33:03,514 [INFO] ThirdParty:1030 - CMSIS Pack Vendor :STMicroelectronics X-CUBE-EEPRMA1 5.2.0
2026-08-07 02:33:03,514 [INFO] ThirdParty:1030 - CMSIS Pack Vendor :STMicroelectronics X-CUBE-BLEMGR 4.1.0
2026-08-07 02:33:03,514 [INFO] ThirdParty:1030 - CMSIS Pack Vendor :STMicroelectronics X-CUBE-AZRTOS-WB 2.0.0
2026-08-07 02:33:03,514 [INFO] ThirdParty:1030 - CMSIS Pack Vendor :STMicroelectronics X-CUBE-GNSS1 7.0.1
2026-08-07 02:33:03,514 [INFO] ThirdParty:1030 - CMSIS Pack Vendor :STMicroelectronics X-CUBE-TOUCHGFX 4.25.0
2026-08-07 02:33:03,514 [INFO] ThirdParty:1030 - CMSIS Pack Vendor :STMicroelectronics X-CUBE-ST67W61 1.1.0
2026-08-07 02:33:03,514 [INFO] ThirdParty:1030 - CMSIS Pack Vendor :STMicroelectronics FP-SNS-STBOX1 2.0.0
2026-08-07 02:33:03,514 [INFO] ThirdParty:1030 - CMSIS Pack Vendor :STMicroelectronics FP-SNS-STAIOTCFT 1.1.0
2026-08-07 02:33:03,514 [INFO] ThirdParty:1030 - CMSIS Pack Vendor :STMicroelectronics X-CUBE-MEMS1 12.0.0
2026-08-07 02:33:03,514 [INFO] ThirdParty:1030 - CMSIS Pack Vendor :STMicroelectronics X-CUBE-STSE01 2.0.0
2026-08-07 02:33:03,514 [INFO] ThirdParty:1030 - CMSIS Pack Vendor :STMicroelectronics X-CUBE-AZRTOS-G0 1.1.0
2026-08-07 02:33:03,514 [INFO] ThirdParty:1030 - CMSIS Pack Vendor :STMicroelectronics X-CUBE-SAFEA1 1.2.2
2026-08-07 02:33:03,514 [INFO] ThirdParty:1030 - CMSIS Pack Vendor :STMicroelectronics X-CUBE-NFC4 3.0.0
2026-08-07 02:33:03,514 [INFO] ThirdParty:1030 - CMSIS Pack Vendor :STMicroelectronics X-CUBE-SUBG2 5.0.0
2026-08-07 02:33:03,514 [INFO] ThirdParty:1030 - CMSIS Pack Vendor :STMicroelectronics X-CUBE-AZRTOS-H7RS 1.1.0
2026-08-07 02:33:03,514 [INFO] ThirdParty:1030 - CMSIS Pack Vendor :STMicroelectronics STM32_WPAN 1.0.0
2026-08-07 02:33:03,515 [INFO] ThirdParty:1030 - CMSIS Pack Vendor :EmbeddedOffice I-CUBE-FS-RTOS 1.0.1
2026-08-07 02:33:03,515 [INFO] ThirdParty:1030 - CMSIS Pack Vendor :STMicroelectronics lwIP 2.0.3
2026-08-07 02:33:03,515 [INFO] ThirdParty:1030 - CMSIS Pack Vendor :Cesanta I-CUBE-Mongoose 7.13.0
2026-08-07 02:33:03,515 [INFO] ThirdParty:1030 - CMSIS Pack Vendor :STMicroelectronics USB_HOST 1.0.0
2026-08-07 02:33:03,515 [INFO] ThirdParty:1030 - CMSIS Pack Vendor :STMicroelectronics X-CUBE-AZRTOS-G4 2.0.0
2026-08-07 02:33:03,515 [INFO] ThirdParty:1030 - CMSIS Pack Vendor :STMicroelectronics X-CUBE-WB05N 2.0.0
2026-08-07 02:33:03,515 [INFO] ThirdParty:1030 - CMSIS Pack Vendor :STMicroelectronics PDM2PCM 3.1.0
2026-08-07 02:33:03,515 [INFO] ThirdParty:1030 - CMSIS Pack Vendor :wolfSSL I-CUBE-wolfTPM 3.8.0
2026-08-07 02:33:03,515 [INFO] ThirdParty:1030 - CMSIS Pack Vendor :wolfSSL I-CUBE-wolfSSH 1.4.20
2026-08-07 02:33:03,515 [INFO] ThirdParty:1030 - CMSIS Pack Vendor :STMicroelectronics X-CUBE-NFC7 2.0.0
2026-08-07 02:33:03,515 [INFO] ThirdParty:1030 - CMSIS Pack Vendor :STMicroelectronics X-CUBE-TCPP 4.2.0
2026-08-07 02:33:03,515 [INFO] ThirdParty:1030 - CMSIS Pack Vendor :RealThread X-CUBE-RT-Thread_Nano 4.1.1
2026-08-07 02:33:03,515 [INFO] ThirdParty:1030 - CMSIS Pack Vendor :STMicroelectronics FP-ATR-SIGFOX1 3.2.0
2026-08-07 02:33:03,515 [INFO] ThirdParty:1030 - CMSIS Pack Vendor :STMicroelectronics X-CUBE-EEPRMA1 5.1.0
2026-08-07 02:33:03,516 [INFO] ThirdParty:1030 - CMSIS Pack Vendor :STMicroelectronics X-CUBE-FREERTOS 1.5.0
2026-08-07 02:33:03,516 [INFO] ThirdParty:1030 - CMSIS Pack Vendor :STMicroelectronics MBEDTLS 2.16.2
2026-08-07 02:33:03,516 [INFO] ThirdParty:1030 - CMSIS Pack Vendor :STMicroelectronics X-CUBE-IPS 3.1.0
2026-08-07 02:33:03,516 [INFO] ThirdParty:1030 - CMSIS Pack Vendor :STMicroelectronics X-CUBE-ALS 1.0.2
2026-08-07 02:33:03,516 [INFO] ThirdParty:1030 - CMSIS Pack Vendor :wolfSSL I-CUBE-wolfSSL 5.7.6
2026-08-07 02:33:03,516 [INFO] ThirdParty:1030 - CMSIS Pack Vendor :ITTIA_DB I-CUBE-ITTIADB 8.9.0
2026-08-07 02:33:03,516 [INFO] ThirdParty:1030 - CMSIS Pack Vendor :STMicroelectronics X-CUBE-TOUCHGFX 4.24.2
2026-08-07 02:33:03,516 [INFO] ThirdParty:1030 - CMSIS Pack Vendor :STMicroelectronics X-CUBE-STSE01 1.0.0
2026-08-07 02:33:03,516 [INFO] ThirdParty:1030 - CMSIS Pack Vendor :portGmbH I-Cube-SoM-uGOAL 1.1.0
2026-08-07 02:33:03,516 [INFO] ThirdParty:1030 - CMSIS Pack Vendor :STMicroelectronics X-CUBE-NFC6 3.2.0
2026-08-07 02:33:03,516 [INFO] ThirdParty:1030 - CMSIS Pack Vendor :STMicroelectronics X-CUBE-AI 10.2.1
2026-08-07 02:33:03,516 [INFO] ThirdParty:1030 - CMSIS Pack Vendor :STMicroelectronics X-CUBE-AI 10.2.0
2026-08-07 02:33:03,516 [INFO] ThirdParty:1030 - CMSIS Pack Vendor :STMicroelectronics ThreadX 1.0.0
2026-08-07 02:33:03,516 [INFO] ThirdParty:1030 - CMSIS Pack Vendor :STMicroelectronics X-CUBE-MEMS1 12.1.0
2026-08-07 02:33:03,516 [INFO] ThirdParty:1030 - CMSIS Pack Vendor :SEGGER I-CUBE-embOS 1.3.1
2026-08-07 02:33:03,516 [INFO] ThirdParty:1030 - CMSIS Pack Vendor :STMicroelectronics X-CUBE-ALGOBUILD 1.4.0
2026-08-07 02:33:03,516 [INFO] ThirdParty:1030 - CMSIS Pack Vendor :STMicroelectronics X-CUBE-MEMS1 11.3.0
2026-08-07 02:33:03,517 [INFO] ThirdParty:1030 - CMSIS Pack Vendor :STMicroelectronics X-CUBE-AZRTOS-H7RS 1.0.0
2026-08-07 02:33:03,517 [INFO] ThirdParty:1030 - CMSIS Pack Vendor :STMicroelectronics X-CUBE-TOF1 3.4.2
2026-08-07 02:33:03,517 [INFO] ThirdParty:1030 - CMSIS Pack Vendor :STMicroelectronics X-CUBE-TOF1 3.4.3
2026-08-07 02:33:03,517 [INFO] ThirdParty:1030 - CMSIS Pack Vendor :STMicroelectronics X-CUBE-NFC13 1.0.0
2026-08-07 02:33:03,517 [INFO] ThirdParty:841 - exiting critical section [change project]
2026-08-07 02:33:04,123 [INFO] PinOutPanel:1589 - setPackage(No Configuration,No Configuration)
2026-08-07 02:33:04,125 [INFO] PinOutPanel:1589 - setPackage(STM32G431KBTx,LQFP32)
2026-08-07 02:33:04,422 [ERROR] LogOutputStream:75 - [STDERR_REDIRECT] [Fatal Error] :1:1: Premature end of file.
2026-08-07 02:33:04,423 [ERROR] LogOutputStream:75 - [STDERR_REDIRECT] 
2026-08-07 02:33:04,677 [INFO] UtilMem:75 - Before build in PCC Used Memory: 639735040 Bytes (768606208)
2026-08-07 02:33:05,412 [ERROR] LogOutputStream:75 - [STDERR_REDIRECT] [Fatal Error] :1:1: Premature end of file.
2026-08-07 02:33:05,413 [ERROR] LogOutputStream:75 - [STDERR_REDIRECT] 
2026-08-07 02:33:05,926 [INFO] UtilMem:75 - After build in PCC Used Memory: 464992080 Bytes (787480576)
2026-08-07 02:33:05,968 [INFO] IPUIPlugin:80 - create IPUIPlugin
2026-08-07 02:33:05,968 [INFO] IPUIPlugin:80 - create IPUIPlugin
2026-08-07 02:33:05,968 [INFO] IPUIPlugin:80 - create IPUIPlugin
2026-08-07 02:33:05,968 [INFO] IPUIPlugin:80 - create IPUIPlugin
2026-08-07 02:33:05,968 [INFO] IPUIPlugin:80 - create IPUIPlugin
2026-08-07 02:33:05,968 [INFO] IPUIPlugin:80 - create IPUIPlugin
2026-08-07 02:33:05,968 [INFO] IPUIPlugin:80 - create IPUIPlugin
2026-08-07 02:33:05,968 [INFO] IPUIPlugin:80 - create IPUIPlugin
2026-08-07 02:33:05,969 [INFO] IPUIPlugin:80 - create IPUIPlugin
2026-08-07 02:33:05,969 [INFO] IPUIPlugin:80 - create IPUIPlugin
2026-08-07 02:33:05,969 [INFO] IPUIPlugin:80 - create IPUIPlugin
2026-08-07 02:33:05,970 [INFO] IPUIPlugin:80 - create IPUIPlugin
2026-08-07 02:33:05,970 [INFO] IPUIPlugin:80 - create IPUIPlugin
2026-08-07 02:33:05,970 [INFO] IPUIPlugin:80 - create IPUIPlugin
2026-08-07 02:33:05,970 [INFO] IPUIPlugin:80 - create IPUIPlugin
2026-08-07 02:33:05,971 [INFO] IPUIPlugin:80 - create IPUIPlugin
2026-08-07 02:33:05,971 [INFO] IPUIPlugin:80 - create IPUIPlugin
2026-08-07 02:33:05,971 [INFO] IPUIPlugin:80 - create IPUIPlugin
2026-08-07 02:33:05,972 [INFO] IPUIPlugin:80 - create IPUIPlugin
2026-08-07 02:33:05,972 [INFO] IPUIPlugin:80 - create IPUIPlugin
2026-08-07 02:33:05,972 [INFO] IPUIPlugin:80 - create IPUIPlugin
2026-08-07 02:33:05,972 [INFO] IPUIPlugin:80 - create IPUIPlugin
2026-08-07 02:33:05,972 [INFO] IPUIPlugin:80 - create IPUIPlugin
2026-08-07 02:33:05,973 [INFO] IPUIPlugin:80 - create IPUIPlugin
2026-08-07 02:33:05,974 [INFO] IPUIPlugin:80 - create IPUIPlugin
2026-08-07 02:33:05,974 [INFO] IPUIPlugin:80 - create IPUIPlugin
2026-08-07 02:33:05,974 [INFO] IPUIPlugin:80 - create IPUIPlugin
2026-08-07 02:33:05,974 [INFO] IPUIPlugin:80 - create IPUIPlugin
2026-08-07 02:33:05,975 [INFO] IPUIPlugin:80 - create IPUIPlugin
2026-08-07 02:33:05,975 [INFO] IPUIPlugin:80 - create IPUIPlugin
2026-08-07 02:33:05,975 [INFO] IPUIPlugin:80 - create IPUIPlugin
2026-08-07 02:33:05,976 [INFO] IPUIPlugin:80 - create IPUIPlugin
2026-08-07 02:33:05,976 [INFO] IPUIPlugin:80 - create IPUIPlugin
2026-08-07 02:33:05,976 [INFO] IPUIPlugin:80 - create IPUIPlugin
2026-08-07 02:33:05,977 [INFO] IPUIPlugin:80 - create IPUIPlugin
2026-08-07 02:33:05,977 [INFO] IPUIPlugin:80 - create IPUIPlugin
2026-08-07 02:33:05,977 [INFO] IPUIPlugin:80 - create IPUIPlugin
2026-08-07 02:33:05,978 [INFO] IPUIPlugin:80 - create IPUIPlugin
2026-08-07 02:33:05,978 [INFO] IPUIPlugin:80 - create IPUIPlugin
2026-08-07 02:33:05,978 [INFO] IPUIPlugin:80 - create IPUIPlugin
2026-08-07 02:33:05,979 [INFO] IPUIPlugin:80 - create IPUIPlugin
2026-08-07 02:33:05,979 [INFO] IPUIPlugin:80 - create IPUIPlugin
2026-08-07 02:33:05,979 [INFO] IPUIPlugin:80 - create IPUIPlugin
2026-08-07 02:33:05,980 [INFO] IPUIPlugin:80 - create IPUIPlugin
2026-08-07 02:33:05,980 [INFO] IPUIPlugin:80 - create IPUIPlugin
2026-08-07 02:33:05,980 [INFO] IPUIPlugin:80 - create IPUIPlugin
2026-08-07 02:33:05,980 [INFO] IPUIPlugin:80 - create IPUIPlugin
2026-08-07 02:33:05,981 [INFO] IPUIPlugin:80 - create IPUIPlugin
2026-08-07 02:33:05,981 [INFO] IPUIPlugin:80 - create IPUIPlugin
2026-08-07 02:33:05,981 [INFO] IPUIPlugin:80 - create IPUIPlugin
2026-08-07 02:33:05,981 [INFO] IPUIPlugin:80 - create IPUIPlugin
2026-08-07 02:33:05,982 [INFO] IPUIPlugin:80 - create IPUIPlugin
2026-08-07 02:33:05,982 [INFO] IPUIPlugin:80 - create IPUIPlugin
2026-08-07 02:33:05,982 [INFO] IPUIPlugin:80 - create IPUIPlugin
2026-08-07 02:33:05,982 [INFO] IPUIPlugin:80 - create IPUIPlugin
2026-08-07 02:33:05,983 [INFO] IPUIPlugin:80 - create IPUIPlugin
2026-08-07 02:33:06,322 [INFO] CADModel:165 - CPN selected for project levelSTM32G431KBT6
2026-08-07 02:33:06,322 [INFO] CADModel:114 - Register for checkConnection events
2026-08-07 02:33:06,363 [INFO] OpenFileManager:386 - Restore cursor
2026-08-07 02:33:06,401 [ERROR] LogOutputStream:75 - [STDERR_REDIRECT] [Fatal Error] :1:1: Premature end of file.
2026-08-07 02:33:06,401 [ERROR] LogOutputStream:75 - [STDERR_REDIRECT] 
2026-08-07 02:33:07,412 [ERROR] LogOutputStream:75 - [STDERR_REDIRECT] [Fatal Error] :1:1: Premature end of file.
2026-08-07 02:33:07,412 [ERROR] LogOutputStream:75 - [STDERR_REDIRECT] 
2026-08-07 02:33:08,409 [ERROR] LogOutputStream:75 - [STDERR_REDIRECT] [Fatal Error] :1:1: Premature end of file.
2026-08-07 02:33:08,409 [ERROR] LogOutputStream:75 - [STDERR_REDIRECT] 
2026-08-07 02:33:09,449 [ERROR] LogOutputStream:75 - [STDERR_REDIRECT] [Fatal Error] :1:1: Premature end of file.
2026-08-07 02:33:09,449 [ERROR] LogOutputStream:75 - [STDERR_REDIRECT] 
2026-08-07 02:33:10,410 [ERROR] LogOutputStream:75 - [STDERR_REDIRECT] [Fatal Error] :1:1: Premature end of file.
2026-08-07 02:33:10,410 [ERROR] LogOutputStream:75 - [STDERR_REDIRECT] 
2026-08-07 02:33:11,416 [ERROR] LogOutputStream:75 - [STDERR_REDIRECT] [Fatal Error] :1:1: Premature end of file.
2026-08-07 02:33:11,416 [ERROR] LogOutputStream:75 - [STDERR_REDIRECT] 
2026-08-07 02:33:12,408 [ERROR] LogOutputStream:75 - [STDERR_REDIRECT] [Fatal Error] :1:1: Premature end of file.
2026-08-07 02:33:12,408 [ERROR] LogOutputStream:75 - [STDERR_REDIRECT] 
2026-08-07 02:33:13,415 [ERROR] LogOutputStream:75 - [STDERR_REDIRECT] [Fatal Error] :1:1: Premature end of file.
2026-08-07 02:33:13,415 [ERROR] LogOutputStream:75 - [STDERR_REDIRECT] 
2026-08-07 02:33:14,430 [ERROR] LogOutputStream:75 - [STDERR_REDIRECT] [Fatal Error] :1:1: Premature end of file.
2026-08-07 02:33:14,430 [ERROR] LogOutputStream:75 - [STDERR_REDIRECT] 
2026-08-07 02:33:15,408 [ERROR] LogOutputStream:75 - [STDERR_REDIRECT] [Fatal Error] :1:1: Premature end of file.
2026-08-07 02:33:15,408 [ERROR] LogOutputStream:75 - [STDERR_REDIRECT] 
2026-08-07 02:33:16,405 [ERROR] LogOutputStream:75 - [STDERR_REDIRECT] [Fatal Error] :1:1: Premature end of file.
2026-08-07 02:33:16,405 [ERROR] LogOutputStream:75 - [STDERR_REDIRECT] 
2026-08-07 02:33:17,405 [ERROR] LogOutputStream:75 - [STDERR_REDIRECT] [Fatal Error] :1:1: Premature end of file.
2026-08-07 02:33:17,406 [ERROR] LogOutputStream:75 - [STDERR_REDIRECT] 
2026-08-07 02:33:18,417 [ERROR] LogOutputStream:75 - [STDERR_REDIRECT] [Fatal Error] :1:1: Premature end of file.
2026-08-07 02:33:18,417 [ERROR] LogOutputStream:75 - [STDERR_REDIRECT] 
2026-08-07 02:33:19,415 [ERROR] LogOutputStream:75 - [STDERR_REDIRECT] [Fatal Error] :1:1: Premature end of file.
2026-08-07 02:33:19,416 [ERROR] LogOutputStream:75 - [STDERR_REDIRECT] 
2026-08-07 02:33:20,410 [ERROR] LogOutputStream:75 - [STDERR_REDIRECT] [Fatal Error] :1:1: Premature end of file.
2026-08-07 02:33:20,410 [ERROR] LogOutputStream:75 - [STDERR_REDIRECT] 
2026-08-07 02:33:21,401 [ERROR] LogOutputStream:75 - [STDERR_REDIRECT] [Fatal Error] :1:1: Premature end of file.
2026-08-07 02:33:21,401 [ERROR] LogOutputStream:75 - [STDERR_REDIRECT] 
2026-08-07 02:33:22,413 [ERROR] LogOutputStream:75 - [STDERR_REDIRECT] [Fatal Error] :1:1: Premature end of file.
2026-08-07 02:33:22,413 [ERROR] LogOutputStream:75 - [STDERR_REDIRECT] 
2026-08-07 02:33:23,406 [ERROR] LogOutputStream:75 - [STDERR_REDIRECT] [Fatal Error] :1:1: Premature end of file.
2026-08-07 02:33:23,406 [ERROR] LogOutputStream:75 - [STDERR_REDIRECT] 
2026-08-07 02:33:24,403 [ERROR] LogOutputStream:75 - [STDERR_REDIRECT] [Fatal Error] :1:1: Premature end of file.
2026-08-07 02:33:24,403 [ERROR] LogOutputStream:75 - [STDERR_REDIRECT] 
2026-08-07 02:33:25,452 [ERROR] LogOutputStream:75 - [STDERR_REDIRECT] [Fatal Error] :1:1: Premature end of file.
2026-08-07 02:33:25,452 [ERROR] LogOutputStream:75 - [STDERR_REDIRECT] 
2026-08-07 02:33:26,416 [ERROR] LogOutputStream:75 - [STDERR_REDIRECT] [Fatal Error] :1:1: Premature end of file.
2026-08-07 02:33:26,416 [ERROR] LogOutputStream:75 - [STDERR_REDIRECT] 
2026-08-07 02:33:27,405 [ERROR] LogOutputStream:75 - [STDERR_REDIRECT] [Fatal Error] :1:1: Premature end of file.
2026-08-07 02:33:27,405 [ERROR] LogOutputStream:75 - [STDERR_REDIRECT] 
2026-08-07 02:33:28,449 [ERROR] LogOutputStream:75 - [STDERR_REDIRECT] [Fatal Error] :1:1: Premature end of file.
2026-08-07 02:33:28,449 [ERROR] LogOutputStream:75 - [STDERR_REDIRECT] 
2026-08-07 02:33:29,423 [ERROR] LogOutputStream:75 - [STDERR_REDIRECT] [Fatal Error] :1:1: Premature end of file.
2026-08-07 02:33:29,423 [ERROR] LogOutputStream:75 - [STDERR_REDIRECT] 
2026-08-07 02:33:30,410 [ERROR] LogOutputStream:75 - [STDERR_REDIRECT] [Fatal Error] :1:1: Premature end of file.
2026-08-07 02:33:30,410 [ERROR] LogOutputStream:75 - [STDERR_REDIRECT] 
2026-08-07 02:33:31,450 [ERROR] LogOutputStream:75 - [STDERR_REDIRECT] [Fatal Error] :1:1: Premature end of file.
2026-08-07 02:33:31,451 [ERROR] LogOutputStream:75 - [STDERR_REDIRECT] 
2026-08-07 02:33:32,404 [ERROR] LogOutputStream:75 - [STDERR_REDIRECT] [Fatal Error] :1:1: Premature end of file.
2026-08-07 02:33:32,404 [ERROR] LogOutputStream:75 - [STDERR_REDIRECT] 
2026-08-07 02:33:33,406 [ERROR] LogOutputStream:75 - [STDERR_REDIRECT] [Fatal Error] :1:1: Premature end of file.
2026-08-07 02:33:33,406 [ERROR] LogOutputStream:75 - [STDERR_REDIRECT] 
2026-08-07 02:33:34,445 [ERROR] LogOutputStream:75 - [STDERR_REDIRECT] [Fatal Error] :1:1: Premature end of file.
2026-08-07 02:33:34,445 [ERROR] LogOutputStream:75 - [STDERR_REDIRECT] 
2026-08-07 02:33:35,398 [ERROR] LogOutputStream:75 - [STDERR_REDIRECT] [Fatal Error] :1:1: Premature end of file.
2026-08-07 02:33:35,398 [ERROR] LogOutputStream:75 - [STDERR_REDIRECT] 
2026-08-07 02:33:36,400 [ERROR] LogOutputStream:75 - [STDERR_REDIRECT] [Fatal Error] :1:1: Premature end of file.
2026-08-07 02:33:36,400 [ERROR] LogOutputStream:75 - [STDERR_REDIRECT] 
2026-08-07 02:33:37,402 [ERROR] LogOutputStream:75 - [STDERR_REDIRECT] [Fatal Error] :1:1: Premature end of file.
2026-08-07 02:33:37,402 [ERROR] LogOutputStream:75 - [STDERR_REDIRECT] 
2026-08-07 02:33:38,399 [ERROR] LogOutputStream:75 - [STDERR_REDIRECT] [Fatal Error] :1:1: Premature end of file.
2026-08-07 02:33:38,399 [ERROR] LogOutputStream:75 - [STDERR_REDIRECT] 
2026-08-07 02:33:39,400 [ERROR] LogOutputStream:75 - [STDERR_REDIRECT] [Fatal Error] :1:1: Premature end of file.
2026-08-07 02:33:39,400 [ERROR] LogOutputStream:75 - [STDERR_REDIRECT] 
2026-08-07 02:33:40,433 [ERROR] LogOutputStream:75 - [STDERR_REDIRECT] [Fatal Error] :1:1: Premature end of file.
2026-08-07 02:33:40,433 [ERROR] LogOutputStream:75 - [STDERR_REDIRECT] 
2026-08-07 02:33:41,408 [ERROR] LogOutputStream:75 - [STDERR_REDIRECT] [Fatal Error] :1:1: Premature end of file.
2026-08-07 02:33:41,408 [ERROR] LogOutputStream:75 - [STDERR_REDIRECT] 
2026-08-07 02:33:42,407 [ERROR] LogOutputStream:75 - [STDERR_REDIRECT] [Fatal Error] :1:1: Premature end of file.
2026-08-07 02:33:42,407 [ERROR] LogOutputStream:75 - [STDERR_REDIRECT] 
2026-08-07 02:33:43,419 [ERROR] LogOutputStream:75 - [STDERR_REDIRECT] [Fatal Error] :1:1: Premature end of file.
2026-08-07 02:33:43,419 [ERROR] LogOutputStream:75 - [STDERR_REDIRECT] 
2026-08-07 02:33:44,434 [ERROR] LogOutputStream:75 - [STDERR_REDIRECT] [Fatal Error] :1:1: Premature end of file.
2026-08-07 02:33:44,434 [ERROR] LogOutputStream:75 - [STDERR_REDIRECT] 
2026-08-07 02:33:45,430 [ERROR] LogOutputStream:75 - [STDERR_REDIRECT] [Fatal Error] :1:1: Premature end of file.
2026-08-07 02:33:45,430 [ERROR] LogOutputStream:75 - [STDERR_REDIRECT] 
2026-08-07 02:33:46,412 [ERROR] LogOutputStream:75 - [STDERR_REDIRECT] [Fatal Error] :1:1: Premature end of file.
2026-08-07 02:33:46,412 [ERROR] LogOutputStream:75 - [STDERR_REDIRECT] 
2026-08-07 02:33:47,435 [ERROR] LogOutputStream:75 - [STDERR_REDIRECT] [Fatal Error] :1:1: Premature end of file.
2026-08-07 02:33:47,436 [ERROR] LogOutputStream:75 - [STDERR_REDIRECT] 
2026-08-07 02:33:48,429 [ERROR] LogOutputStream:75 - [STDERR_REDIRECT] [Fatal Error] :1:1: Premature end of file.
2026-08-07 02:33:48,430 [ERROR] LogOutputStream:75 - [STDERR_REDIRECT] 
2026-08-07 02:33:49,460 [ERROR] LogOutputStream:75 - [STDERR_REDIRECT] [Fatal Error] :1:1: Premature end of file.
2026-08-07 02:33:49,461 [ERROR] LogOutputStream:75 - [STDERR_REDIRECT] 
2026-08-07 02:33:50,419 [ERROR] LogOutputStream:75 - [STDERR_REDIRECT] [Fatal Error] :1:1: Premature end of file.
2026-08-07 02:33:50,419 [ERROR] LogOutputStream:75 - [STDERR_REDIRECT] 
2026-08-07 02:33:51,409 [ERROR] LogOutputStream:75 - [STDERR_REDIRECT] [Fatal Error] :1:1: Premature end of file.
2026-08-07 02:33:51,410 [ERROR] LogOutputStream:75 - [STDERR_REDIRECT] 
2026-08-07 02:33:52,460 [ERROR] LogOutputStream:75 - [STDERR_REDIRECT] [Fatal Error] :1:1: Premature end of file.
2026-08-07 02:33:52,460 [ERROR] LogOutputStream:75 - [STDERR_REDIRECT] 
2026-08-07 02:33:53,439 [ERROR] LogOutputStream:75 - [STDERR_REDIRECT] [Fatal Error] :1:1: Premature end of file.
2026-08-07 02:33:53,439 [ERROR] LogOutputStream:75 - [STDERR_REDIRECT] 
2026-08-07 02:33:54,428 [ERROR] LogOutputStream:75 - [STDERR_REDIRECT] [Fatal Error] :1:1: Premature end of file.
2026-08-07 02:33:54,429 [ERROR] LogOutputStream:75 - [STDERR_REDIRECT] 
2026-08-07 02:33:55,403 [ERROR] LogOutputStream:75 - [STDERR_REDIRECT] [Fatal Error] :1:1: Premature end of file.
2026-08-07 02:33:55,403 [ERROR] LogOutputStream:75 - [STDERR_REDIRECT] 
2026-08-07 02:33:56,434 [ERROR] LogOutputStream:75 - [STDERR_REDIRECT] [Fatal Error] :1:1: Premature end of file.
2026-08-07 02:33:56,434 [ERROR] LogOutputStream:75 - [STDERR_REDIRECT] 
2026-08-07 02:33:57,398 [ERROR] LogOutputStream:75 - [STDERR_REDIRECT] [Fatal Error] :1:1: Premature end of file.
2026-08-07 02:33:57,398 [ERROR] LogOutputStream:75 - [STDERR_REDIRECT] 
2026-08-07 02:33:58,403 [ERROR] LogOutputStream:75 - [STDERR_REDIRECT] [Fatal Error] :1:1: Premature end of file.
2026-08-07 02:33:58,403 [ERROR] LogOutputStream:75 - [STDERR_REDIRECT] 
2026-08-07 02:33:59,400 [ERROR] LogOutputStream:75 - [STDERR_REDIRECT] [Fatal Error] :1:1: Premature end of file.
2026-08-07 02:33:59,401 [ERROR] LogOutputStream:75 - [STDERR_REDIRECT] 
2026-08-07 02:34:00,419 [ERROR] LogOutputStream:75 - [STDERR_REDIRECT] [Fatal Error] :1:1: Premature end of file.
2026-08-07 02:34:00,419 [ERROR] LogOutputStream:75 - [STDERR_REDIRECT] 
2026-08-07 02:34:01,405 [ERROR] LogOutputStream:75 - [STDERR_REDIRECT] [Fatal Error] :1:1: Premature end of file.
2026-08-07 02:34:01,406 [ERROR] LogOutputStream:75 - [STDERR_REDIRECT] 
2026-08-07 02:34:02,418 [ERROR] LogOutputStream:75 - [STDERR_REDIRECT] [Fatal Error] :1:1: Premature end of file.
2026-08-07 02:34:02,418 [ERROR] LogOutputStream:75 - [STDERR_REDIRECT] 
2026-08-07 02:34:03,412 [ERROR] LogOutputStream:75 - [STDERR_REDIRECT] [Fatal Error] :1:1: Premature end of file.
2026-08-07 02:34:03,412 [ERROR] LogOutputStream:75 - [STDERR_REDIRECT] 
2026-08-07 02:34:04,402 [ERROR] LogOutputStream:75 - [STDERR_REDIRECT] [Fatal Error] :1:1: Premature end of file.
2026-08-07 02:34:04,403 [ERROR] LogOutputStream:75 - [STDERR_REDIRECT] 
2026-08-07 02:34:05,411 [ERROR] LogOutputStream:75 - [STDERR_REDIRECT] [Fatal Error] :1:1: Premature end of file.
2026-08-07 02:34:05,411 [ERROR] LogOutputStream:75 - [STDERR_REDIRECT] 
2026-08-07 02:34:06,413 [ERROR] LogOutputStream:75 - [STDERR_REDIRECT] [Fatal Error] :1:1: Premature end of file.
2026-08-07 02:34:06,413 [ERROR] LogOutputStream:75 - [STDERR_REDIRECT] 
2026-08-07 02:34:07,411 [ERROR] LogOutputStream:75 - [STDERR_REDIRECT] [Fatal Error] :1:1: Premature end of file.
2026-08-07 02:34:07,411 [ERROR] LogOutputStream:75 - [STDERR_REDIRECT] 
2026-08-07 02:34:08,402 [ERROR] LogOutputStream:75 - [STDERR_REDIRECT] [Fatal Error] :1:1: Premature end of file.
2026-08-07 02:34:08,403 [ERROR] LogOutputStream:75 - [STDERR_REDIRECT] 
2026-08-07 02:34:09,405 [ERROR] LogOutputStream:75 - [STDERR_REDIRECT] [Fatal Error] :1:1: Premature end of file.
2026-08-07 02:34:09,405 [ERROR] LogOutputStream:75 - [STDERR_REDIRECT] 
2026-08-07 02:34:10,404 [ERROR] LogOutputStream:75 - [STDERR_REDIRECT] [Fatal Error] :1:1: Premature end of file.
2026-08-07 02:34:10,405 [ERROR] LogOutputStream:75 - [STDERR_REDIRECT] 
2026-08-07 02:34:11,409 [ERROR] LogOutputStream:75 - [STDERR_REDIRECT] [Fatal Error] :1:1: Premature end of file.
2026-08-07 02:34:11,409 [ERROR] LogOutputStream:75 - [STDERR_REDIRECT] 
2026-08-07 02:34:12,402 [ERROR] LogOutputStream:75 - [STDERR_REDIRECT] [Fatal Error] :1:1: Premature end of file.
2026-08-07 02:34:12,403 [ERROR] LogOutputStream:75 - [STDERR_REDIRECT] 
2026-08-07 02:34:13,406 [ERROR] LogOutputStream:75 - [STDERR_REDIRECT] [Fatal Error] :1:1: Premature end of file.
2026-08-07 02:34:13,406 [ERROR] LogOutputStream:75 - [STDERR_REDIRECT] 
2026-08-07 02:34:14,412 [ERROR] LogOutputStream:75 - [STDERR_REDIRECT] [Fatal Error] :1:1: Premature end of file.
2026-08-07 02:34:14,413 [ERROR] LogOutputStream:75 - [STDERR_REDIRECT] 
2026-08-07 02:34:15,406 [ERROR] LogOutputStream:75 - [STDERR_REDIRECT] [Fatal Error] :1:1: Premature end of file.
2026-08-07 02:34:15,406 [ERROR] LogOutputStream:75 - [STDERR_REDIRECT] 
2026-08-07 02:34:16,410 [ERROR] LogOutputStream:75 - [STDERR_REDIRECT] [Fatal Error] :1:1: Premature end of file.
2026-08-07 02:34:16,410 [ERROR] LogOutputStream:75 - [STDERR_REDIRECT] 
2026-08-07 02:34:17,418 [ERROR] LogOutputStream:75 - [STDERR_REDIRECT] [Fatal Error] :1:1: Premature end of file.
2026-08-07 02:34:17,418 [ERROR] LogOutputStream:75 - [STDERR_REDIRECT] 
2026-08-07 02:34:18,406 [ERROR] LogOutputStream:75 - [STDERR_REDIRECT] [Fatal Error] :1:1: Premature end of file.
2026-08-07 02:34:18,406 [ERROR] LogOutputStream:75 - [STDERR_REDIRECT] 
2026-08-07 02:34:19,404 [ERROR] LogOutputStream:75 - [STDERR_REDIRECT] [Fatal Error] :1:1: Premature end of file.
2026-08-07 02:34:19,404 [ERROR] LogOutputStream:75 - [STDERR_REDIRECT] 
2026-08-07 02:34:20,411 [ERROR] LogOutputStream:75 - [STDERR_REDIRECT] [Fatal Error] :1:1: Premature end of file.
2026-08-07 02:34:20,411 [ERROR] LogOutputStream:75 - [STDERR_REDIRECT] 
2026-08-07 02:34:21,412 [ERROR] LogOutputStream:75 - [STDERR_REDIRECT] [Fatal Error] :1:1: Premature end of file.
2026-08-07 02:34:21,412 [ERROR] LogOutputStream:75 - [STDERR_REDIRECT] 
2026-08-07 02:34:22,404 [ERROR] LogOutputStream:75 - [STDERR_REDIRECT] [Fatal Error] :1:1: Premature end of file.
2026-08-07 02:34:22,404 [ERROR] LogOutputStream:75 - [STDERR_REDIRECT] 
2026-08-07 02:34:23,413 [ERROR] LogOutputStream:75 - [STDERR_REDIRECT] [Fatal Error] :1:1: Premature end of file.
2026-08-07 02:34:23,413 [ERROR] LogOutputStream:75 - [STDERR_REDIRECT] 
2026-08-07 02:34:24,413 [ERROR] LogOutputStream:75 - [STDERR_REDIRECT] [Fatal Error] :1:1: Premature end of file.
2026-08-07 02:34:24,414 [ERROR] LogOutputStream:75 - [STDERR_REDIRECT] 
2026-08-07 02:34:25,414 [ERROR] LogOutputStream:75 - [STDERR_REDIRECT] [Fatal Error] :1:1: Premature end of file.
2026-08-07 02:34:25,414 [ERROR] LogOutputStream:75 - [STDERR_REDIRECT] 
2026-08-07 02:34:26,403 [ERROR] LogOutputStream:75 - [STDERR_REDIRECT] [Fatal Error] :1:1: Premature end of file.
2026-08-07 02:34:26,403 [ERROR] LogOutputStream:75 - [STDERR_REDIRECT] 
2026-08-07 02:34:27,413 [ERROR] LogOutputStream:75 - [STDERR_REDIRECT] [Fatal Error] :1:1: Premature end of file.
2026-08-07 02:34:27,413 [ERROR] LogOutputStream:75 - [STDERR_REDIRECT] 
2026-08-07 02:34:28,409 [ERROR] LogOutputStream:75 - [STDERR_REDIRECT] [Fatal Error] :1:1: Premature end of file.
2026-08-07 02:34:28,409 [ERROR] LogOutputStream:75 - [STDERR_REDIRECT] 
2026-08-07 02:34:29,405 [ERROR] LogOutputStream:75 - [STDERR_REDIRECT] [Fatal Error] :1:1: Premature end of file.
2026-08-07 02:34:29,405 [ERROR] LogOutputStream:75 - [STDERR_REDIRECT] 
2026-08-07 02:34:30,405 [ERROR] LogOutputStream:75 - [STDERR_REDIRECT] [Fatal Error] :1:1: Premature end of file.
2026-08-07 02:34:30,405 [ERROR] LogOutputStream:75 - [STDERR_REDIRECT] 
2026-08-07 02:34:31,410 [ERROR] LogOutputStream:75 - [STDERR_REDIRECT] [Fatal Error] :1:1: Premature end of file.
2026-08-07 02:34:31,411 [ERROR] LogOutputStream:75 - [STDERR_REDIRECT] 
2026-08-07 02:34:32,411 [ERROR] LogOutputStream:75 - [STDERR_REDIRECT] [Fatal Error] :1:1: Premature end of file.
2026-08-07 02:34:32,412 [ERROR] LogOutputStream:75 - [STDERR_REDIRECT] 
2026-08-07 02:34:33,415 [ERROR] LogOutputStream:75 - [STDERR_REDIRECT] [Fatal Error] :1:1: Premature end of file.
2026-08-07 02:34:33,415 [ERROR] LogOutputStream:75 - [STDERR_REDIRECT] 
2026-08-07 02:34:34,404 [ERROR] LogOutputStream:75 - [STDERR_REDIRECT] [Fatal Error] :1:1: Premature end of file.
2026-08-07 02:34:34,406 [ERROR] LogOutputStream:75 - [STDERR_REDIRECT] 
2026-08-07 02:34:35,409 [ERROR] LogOutputStream:75 - [STDERR_REDIRECT] [Fatal Error] :1:1: Premature end of file.
2026-08-07 02:34:35,409 [ERROR] LogOutputStream:75 - [STDERR_REDIRECT] 
2026-08-07 02:34:36,408 [ERROR] LogOutputStream:75 - [STDERR_REDIRECT] [Fatal Error] :1:1: Premature end of file.
2026-08-07 02:34:36,408 [ERROR] LogOutputStream:75 - [STDERR_REDIRECT] 
2026-08-07 02:34:37,427 [ERROR] LogOutputStream:75 - [STDERR_REDIRECT] [Fatal Error] :1:1: Premature end of file.
2026-08-07 02:34:37,427 [ERROR] LogOutputStream:75 - [STDERR_REDIRECT] 
2026-08-07 02:34:38,408 [ERROR] LogOutputStream:75 - [STDERR_REDIRECT] [Fatal Error] :1:1: Premature end of file.
2026-08-07 02:34:38,408 [ERROR] LogOutputStream:75 - [STDERR_REDIRECT] 
2026-08-07 02:34:39,407 [ERROR] LogOutputStream:75 - [STDERR_REDIRECT] [Fatal Error] :1:1: Premature end of file.
2026-08-07 02:34:39,407 [ERROR] LogOutputStream:75 - [STDERR_REDIRECT] 
2026-08-07 02:34:40,417 [ERROR] LogOutputStream:75 - [STDERR_REDIRECT] [Fatal Error] :1:1: Premature end of file.
2026-08-07 02:34:40,417 [ERROR] LogOutputStream:75 - [STDERR_REDIRECT] 
2026-08-07 02:34:41,410 [ERROR] LogOutputStream:75 - [STDERR_REDIRECT] [Fatal Error] :1:1: Premature end of file.
2026-08-07 02:34:41,410 [ERROR] LogOutputStream:75 - [STDERR_REDIRECT] 
2026-08-07 02:34:42,418 [ERROR] LogOutputStream:75 - [STDERR_REDIRECT] [Fatal Error] :1:1: Premature end of file.
2026-08-07 02:34:42,418 [ERROR] LogOutputStream:75 - [STDERR_REDIRECT] 
2026-08-07 02:34:43,410 [ERROR] LogOutputStream:75 - [STDERR_REDIRECT] [Fatal Error] :1:1: Premature end of file.
2026-08-07 02:34:43,411 [ERROR] LogOutputStream:75 - [STDERR_REDIRECT] 
2026-08-07 02:34:44,421 [ERROR] LogOutputStream:75 - [STDERR_REDIRECT] [Fatal Error] :1:1: Premature end of file.
2026-08-07 02:34:44,421 [ERROR] LogOutputStream:75 - [STDERR_REDIRECT] 
2026-08-07 02:34:45,421 [ERROR] LogOutputStream:75 - [STDERR_REDIRECT] [Fatal Error] :1:1: Premature end of file.
2026-08-07 02:34:45,422 [ERROR] LogOutputStream:75 - [STDERR_REDIRECT] 
2026-08-07 02:34:46,405 [ERROR] LogOutputStream:75 - [STDERR_REDIRECT] [Fatal Error] :1:1: Premature end of file.
2026-08-07 02:34:46,405 [ERROR] LogOutputStream:75 - [STDERR_REDIRECT] 
2026-08-07 02:34:47,418 [ERROR] LogOutputStream:75 - [STDERR_REDIRECT] [Fatal Error] :1:1: Premature end of file.
2026-08-07 02:34:47,419 [ERROR] LogOutputStream:75 - [STDERR_REDIRECT] 
2026-08-07 02:34:48,420 [ERROR] LogOutputStream:75 - [STDERR_REDIRECT] [Fatal Error] :1:1: Premature end of file.
2026-08-07 02:34:48,420 [ERROR] LogOutputStream:75 - [STDERR_REDIRECT] 
2026-08-07 02:34:49,412 [ERROR] LogOutputStream:75 - [STDERR_REDIRECT] [Fatal Error] :1:1: Premature end of file.
2026-08-07 02:34:49,412 [ERROR] LogOutputStream:75 - [STDERR_REDIRECT] 
2026-08-07 02:34:50,417 [ERROR] LogOutputStream:75 - [STDERR_REDIRECT] [Fatal Error] :1:1: Premature end of file.
2026-08-07 02:34:50,417 [ERROR] LogOutputStream:75 - [STDERR_REDIRECT] 
2026-08-07 02:34:51,416 [ERROR] LogOutputStream:75 - [STDERR_REDIRECT] [Fatal Error] :1:1: Premature end of file.
2026-08-07 02:34:51,418 [ERROR] LogOutputStream:75 - [STDERR_REDIRECT] 
2026-08-07 02:34:52,416 [ERROR] LogOutputStream:75 - [STDERR_REDIRECT] [Fatal Error] :1:1: Premature end of file.
2026-08-07 02:34:52,416 [ERROR] LogOutputStream:75 - [STDERR_REDIRECT] 
2026-08-07 02:34:53,407 [ERROR] LogOutputStream:75 - [STDERR_REDIRECT] [Fatal Error] :1:1: Premature end of file.
2026-08-07 02:34:53,407 [ERROR] LogOutputStream:75 - [STDERR_REDIRECT] 
2026-08-07 02:34:54,417 [ERROR] LogOutputStream:75 - [STDERR_REDIRECT] [Fatal Error] :1:1: Premature end of file.
2026-08-07 02:34:54,418 [ERROR] LogOutputStream:75 - [STDERR_REDIRECT] 
2026-08-07 02:34:55,420 [ERROR] LogOutputStream:75 - [STDERR_REDIRECT] [Fatal Error] :1:1: Premature end of file.
2026-08-07 02:34:55,420 [ERROR] LogOutputStream:75 - [STDERR_REDIRECT] 
2026-08-07 02:34:56,420 [ERROR] LogOutputStream:75 - [STDERR_REDIRECT] [Fatal Error] :1:1: Premature end of file.
2026-08-07 02:34:56,421 [ERROR] LogOutputStream:75 - [STDERR_REDIRECT] 
2026-08-07 02:34:57,409 [ERROR] LogOutputStream:75 - [STDERR_REDIRECT] [Fatal Error] :1:1: Premature end of file.
2026-08-07 02:34:57,409 [ERROR] LogOutputStream:75 - [STDERR_REDIRECT] 
2026-08-07 02:34:58,408 [ERROR] LogOutputStream:75 - [STDERR_REDIRECT] [Fatal Error] :1:1: Premature end of file.
2026-08-07 02:34:58,408 [ERROR] LogOutputStream:75 - [STDERR_REDIRECT] 
2026-08-07 02:34:59,416 [ERROR] LogOutputStream:75 - [STDERR_REDIRECT] [Fatal Error] :1:1: Premature end of file.
2026-08-07 02:34:59,417 [ERROR] LogOutputStream:75 - [STDERR_REDIRECT] 
2026-08-07 02:35:00,408 [ERROR] LogOutputStream:75 - [STDERR_REDIRECT] [Fatal Error] :1:1: Premature end of file.
2026-08-07 02:35:00,409 [ERROR] LogOutputStream:75 - [STDERR_REDIRECT] 
2026-08-07 02:35:01,410 [ERROR] LogOutputStream:75 - [STDERR_REDIRECT] [Fatal Error] :1:1: Premature end of file.
2026-08-07 02:35:01,410 [ERROR] LogOutputStream:75 - [STDERR_REDIRECT] 
2026-08-07 02:35:02,418 [ERROR] LogOutputStream:75 - [STDERR_REDIRECT] [Fatal Error] :1:1: Premature end of file.
2026-08-07 02:35:02,419 [ERROR] LogOutputStream:75 - [STDERR_REDIRECT] 
2026-08-07 02:35:03,421 [ERROR] LogOutputStream:75 - [STDERR_REDIRECT] [Fatal Error] :1:1: Premature end of file.
2026-08-07 02:35:03,421 [ERROR] LogOutputStream:75 - [STDERR_REDIRECT] 
2026-08-07 02:35:04,420 [ERROR] LogOutputStream:75 - [STDERR_REDIRECT] [Fatal Error] :1:1: Premature end of file.
2026-08-07 02:35:04,420 [ERROR] LogOutputStream:75 - [STDERR_REDIRECT] 
2026-08-07 02:35:05,409 [ERROR] LogOutputStream:75 - [STDERR_REDIRECT] [Fatal Error] :1:1: Premature end of file.
2026-08-07 02:35:05,410 [ERROR] LogOutputStream:75 - [STDERR_REDIRECT] 
2026-08-07 02:35:06,406 [ERROR] LogOutputStream:75 - [STDERR_REDIRECT] [Fatal Error] :1:1: Premature end of file.
2026-08-07 02:35:06,406 [ERROR] LogOutputStream:75 - [STDERR_REDIRECT] 
2026-08-07 02:35:07,419 [ERROR] LogOutputStream:75 - [STDERR_REDIRECT] [Fatal Error] :1:1: Premature end of file.
2026-08-07 02:35:07,419 [ERROR] LogOutputStream:75 - [STDERR_REDIRECT] 
2026-08-07 02:35:08,426 [ERROR] LogOutputStream:75 - [STDERR_REDIRECT] [Fatal Error] :1:1: Premature end of file.
2026-08-07 02:35:08,428 [ERROR] LogOutputStream:75 - [STDERR_REDIRECT] 
2026-08-07 02:35:09,414 [ERROR] LogOutputStream:75 - [STDERR_REDIRECT] [Fatal Error] :1:1: Premature end of file.
2026-08-07 02:35:09,415 [ERROR] LogOutputStream:75 - [STDERR_REDIRECT] 
2026-08-07 02:35:10,412 [ERROR] LogOutputStream:75 - [STDERR_REDIRECT] [Fatal Error] :1:1: Premature end of file.
2026-08-07 02:35:10,412 [ERROR] LogOutputStream:75 - [STDERR_REDIRECT] 
2026-08-07 02:35:11,409 [ERROR] LogOutputStream:75 - [STDERR_REDIRECT] [Fatal Error] :1:1: Premature end of file.
2026-08-07 02:35:11,409 [ERROR] LogOutputStream:75 - [STDERR_REDIRECT] 
2026-08-07 02:35:12,407 [ERROR] LogOutputStream:75 - [STDERR_REDIRECT] [Fatal Error] :1:1: Premature end of file.
2026-08-07 02:35:12,408 [ERROR] LogOutputStream:75 - [STDERR_REDIRECT] 
2026-08-07 02:35:13,424 [ERROR] LogOutputStream:75 - [STDERR_REDIRECT] [Fatal Error] :1:1: Premature end of file.
2026-08-07 02:35:13,424 [ERROR] LogOutputStream:75 - [STDERR_REDIRECT] 
2026-08-07 02:35:14,421 [ERROR] LogOutputStream:75 - [STDERR_REDIRECT] [Fatal Error] :1:1: Premature end of file.
2026-08-07 02:35:14,421 [ERROR] LogOutputStream:75 - [STDERR_REDIRECT] 
2026-08-07 02:35:15,421 [ERROR] LogOutputStream:75 - [STDERR_REDIRECT] [Fatal Error] :1:1: Premature end of file.
2026-08-07 02:35:15,422 [ERROR] LogOutputStream:75 - [STDERR_REDIRECT] 
2026-08-07 02:35:16,414 [ERROR] LogOutputStream:75 - [STDERR_REDIRECT] [Fatal Error] :1:1: Premature end of file.
2026-08-07 02:35:16,414 [ERROR] LogOutputStream:75 - [STDERR_REDIRECT] 
2026-08-07 02:35:17,407 [ERROR] LogOutputStream:75 - [STDERR_REDIRECT] [Fatal Error] :1:1: Premature end of file.
2026-08-07 02:35:17,407 [ERROR] LogOutputStream:75 - [STDERR_REDIRECT] 
2026-08-07 02:35:18,416 [ERROR] LogOutputStream:75 - [STDERR_REDIRECT] [Fatal Error] :1:1: Premature end of file.
2026-08-07 02:35:18,416 [ERROR] LogOutputStream:75 - [STDERR_REDIRECT] 
2026-08-07 02:35:19,435 [ERROR] LogOutputStream:75 - [STDERR_REDIRECT] [Fatal Error] :1:1: Premature end of file.
2026-08-07 02:35:19,435 [ERROR] LogOutputStream:75 - [STDERR_REDIRECT] 
2026-08-07 02:35:20,418 [ERROR] LogOutputStream:75 - [STDERR_REDIRECT] [Fatal Error] :1:1: Premature end of file.
2026-08-07 02:35:20,418 [ERROR] LogOutputStream:75 - [STDERR_REDIRECT] 
2026-08-07 02:35:21,410 [ERROR] LogOutputStream:75 - [STDERR_REDIRECT] [Fatal Error] :1:1: Premature end of file.
2026-08-07 02:35:21,410 [ERROR] LogOutputStream:75 - [STDERR_REDIRECT] 
2026-08-07 02:35:22,407 [ERROR] LogOutputStream:75 - [STDERR_REDIRECT] [Fatal Error] :1:1: Premature end of file.
2026-08-07 02:35:22,407 [ERROR] LogOutputStream:75 - [STDERR_REDIRECT] 
2026-08-07 02:35:23,416 [ERROR] LogOutputStream:75 - [STDERR_REDIRECT] [Fatal Error] :1:1: Premature end of file.
2026-08-07 02:35:23,416 [ERROR] LogOutputStream:75 - [STDERR_REDIRECT] 
2026-08-07 02:35:24,404 [ERROR] LogOutputStream:75 - [STDERR_REDIRECT] [Fatal Error] :1:1: Premature end of file.
2026-08-07 02:35:24,404 [ERROR] LogOutputStream:75 - [STDERR_REDIRECT] 
2026-08-07 02:35:25,407 [ERROR] LogOutputStream:75 - [STDERR_REDIRECT] [Fatal Error] :1:1: Premature end of file.
2026-08-07 02:35:25,408 [ERROR] LogOutputStream:75 - [STDERR_REDIRECT] 
2026-08-07 02:35:26,406 [ERROR] LogOutputStream:75 - [STDERR_REDIRECT] [Fatal Error] :1:1: Premature end of file.
2026-08-07 02:35:26,408 [ERROR] LogOutputStream:75 - [STDERR_REDIRECT] 
2026-08-07 02:35:27,413 [ERROR] LogOutputStream:75 - [STDERR_REDIRECT] [Fatal Error] :1:1: Premature end of file.
2026-08-07 02:35:27,413 [ERROR] LogOutputStream:75 - [STDERR_REDIRECT] 
2026-08-07 02:35:28,442 [ERROR] LogOutputStream:75 - [STDERR_REDIRECT] [Fatal Error] :1:1: Premature end of file.
2026-08-07 02:35:28,442 [ERROR] LogOutputStream:75 - [STDERR_REDIRECT] 
2026-08-07 02:35:29,410 [ERROR] LogOutputStream:75 - [STDERR_REDIRECT] [Fatal Error] :1:1: Premature end of file.
2026-08-07 02:35:29,411 [ERROR] LogOutputStream:75 - [STDERR_REDIRECT] 
2026-08-07 02:35:30,409 [ERROR] LogOutputStream:75 - [STDERR_REDIRECT] [Fatal Error] :1:1: Premature end of file.
2026-08-07 02:35:30,410 [ERROR] LogOutputStream:75 - [STDERR_REDIRECT] 
2026-08-07 02:35:31,416 [ERROR] LogOutputStream:75 - [STDERR_REDIRECT] [Fatal Error] :1:1: Premature end of file.
2026-08-07 02:35:31,416 [ERROR] LogOutputStream:75 - [STDERR_REDIRECT] 
2026-08-07 02:35:32,415 [ERROR] LogOutputStream:75 - [STDERR_REDIRECT] [Fatal Error] :1:1: Premature end of file.
2026-08-07 02:35:32,415 [ERROR] LogOutputStream:75 - [STDERR_REDIRECT] 
2026-08-07 02:35:33,408 [ERROR] LogOutputStream:75 - [STDERR_REDIRECT] [Fatal Error] :1:1: Premature end of file.
2026-08-07 02:35:33,408 [ERROR] LogOutputStream:75 - [STDERR_REDIRECT] 
2026-08-07 02:35:34,418 [ERROR] LogOutputStream:75 - [STDERR_REDIRECT] [Fatal Error] :1:1: Premature end of file.
2026-08-07 02:35:34,419 [ERROR] LogOutputStream:75 - [STDERR_REDIRECT] 
2026-08-07 02:35:35,428 [ERROR] LogOutputStream:75 - [STDERR_REDIRECT] [Fatal Error] :1:1: Premature end of file.
2026-08-07 02:35:35,428 [ERROR] LogOutputStream:75 - [STDERR_REDIRECT] 
2026-08-07 02:35:36,409 [ERROR] LogOutputStream:75 - [STDERR_REDIRECT] [Fatal Error] :1:1: Premature end of file.
2026-08-07 02:35:36,409 [ERROR] LogOutputStream:75 - [STDERR_REDIRECT] 
2026-08-07 02:35:37,410 [ERROR] LogOutputStream:75 - [STDERR_REDIRECT] [Fatal Error] :1:1: Premature end of file.
2026-08-07 02:35:37,410 [ERROR] LogOutputStream:75 - [STDERR_REDIRECT] 
2026-08-07 02:35:38,405 [ERROR] LogOutputStream:75 - [STDERR_REDIRECT] [Fatal Error] :1:1: Premature end of file.
2026-08-07 02:35:38,406 [ERROR] LogOutputStream:75 - [STDERR_REDIRECT] 
2026-08-07 02:35:39,408 [ERROR] LogOutputStream:75 - [STDERR_REDIRECT] [Fatal Error] :1:1: Premature end of file.
2026-08-07 02:35:39,408 [ERROR] LogOutputStream:75 - [STDERR_REDIRECT] 
2026-08-07 02:35:40,414 [ERROR] LogOutputStream:75 - [STDERR_REDIRECT] [Fatal Error] :1:1: Premature end of file.
2026-08-07 02:35:40,414 [ERROR] LogOutputStream:75 - [STDERR_REDIRECT] 
2026-08-07 02:35:41,403 [ERROR] LogOutputStream:75 - [STDERR_REDIRECT] [Fatal Error] :1:1: Premature end of file.
2026-08-07 02:35:41,403 [ERROR] LogOutputStream:75 - [STDERR_REDIRECT] 
2026-08-07 02:35:42,408 [ERROR] LogOutputStream:75 - [STDERR_REDIRECT] [Fatal Error] :1:1: Premature end of file.
2026-08-07 02:35:42,408 [ERROR] LogOutputStream:75 - [STDERR_REDIRECT] 
2026-08-07 02:35:43,405 [ERROR] LogOutputStream:75 - [STDERR_REDIRECT] [Fatal Error] :1:1: Premature end of file.
2026-08-07 02:35:43,405 [ERROR] LogOutputStream:75 - [STDERR_REDIRECT] 
2026-08-07 02:35:44,402 [ERROR] LogOutputStream:75 - [STDERR_REDIRECT] [Fatal Error] :1:1: Premature end of file.
2026-08-07 02:35:44,403 [ERROR] LogOutputStream:75 - [STDERR_REDIRECT] 
2026-08-07 02:35:45,415 [ERROR] LogOutputStream:75 - [STDERR_REDIRECT] [Fatal Error] :1:1: Premature end of file.
2026-08-07 02:35:45,415 [ERROR] LogOutputStream:75 - [STDERR_REDIRECT] 
2026-08-07 02:35:46,420 [ERROR] LogOutputStream:75 - [STDERR_REDIRECT] [Fatal Error] :1:1: Premature end of file.
2026-08-07 02:35:46,420 [ERROR] LogOutputStream:75 - [STDERR_REDIRECT] 
2026-08-07 02:35:47,415 [ERROR] LogOutputStream:75 - [STDERR_REDIRECT] [Fatal Error] :1:1: Premature end of file.
2026-08-07 02:35:47,415 [ERROR] LogOutputStream:75 - [STDERR_REDIRECT] 
2026-08-07 02:35:48,414 [ERROR] LogOutputStream:75 - [STDERR_REDIRECT] [Fatal Error] :1:1: Premature end of file.
2026-08-07 02:35:48,415 [ERROR] LogOutputStream:75 - [STDERR_REDIRECT] 
2026-08-07 02:35:49,403 [ERROR] LogOutputStream:75 - [STDERR_REDIRECT] [Fatal Error] :1:1: Premature end of file.
2026-08-07 02:35:49,403 [ERROR] LogOutputStream:75 - [STDERR_REDIRECT] 
2026-08-07 02:35:50,414 [ERROR] LogOutputStream:75 - [STDERR_REDIRECT] [Fatal Error] :1:1: Premature end of file.
2026-08-07 02:35:50,414 [ERROR] LogOutputStream:75 - [STDERR_REDIRECT] 
2026-08-07 02:35:51,420 [ERROR] LogOutputStream:75 - [STDERR_REDIRECT] [Fatal Error] :1:1: Premature end of file.
2026-08-07 02:35:51,420 [ERROR] LogOutputStream:75 - [STDERR_REDIRECT] 
2026-08-07 02:35:52,420 [ERROR] LogOutputStream:75 - [STDERR_REDIRECT] [Fatal Error] :1:1: Premature end of file.
2026-08-07 02:35:52,420 [ERROR] LogOutputStream:75 - [STDERR_REDIRECT] 
2026-08-07 02:35:53,405 [ERROR] LogOutputStream:75 - [STDERR_REDIRECT] [Fatal Error] :1:1: Premature end of file.
2026-08-07 02:35:53,406 [ERROR] LogOutputStream:75 - [STDERR_REDIRECT] 
2026-08-07 02:35:54,406 [ERROR] LogOutputStream:75 - [STDERR_REDIRECT] [Fatal Error] :1:1: Premature end of file.
2026-08-07 02:35:54,406 [ERROR] LogOutputStream:75 - [STDERR_REDIRECT] 
2026-08-07 02:35:55,424 [ERROR] LogOutputStream:75 - [STDERR_REDIRECT] [Fatal Error] :1:1: Premature end of file.
2026-08-07 02:35:55,424 [ERROR] LogOutputStream:75 - [STDERR_REDIRECT] 
2026-08-07 02:35:56,418 [ERROR] LogOutputStream:75 - [STDERR_REDIRECT] [Fatal Error] :1:1: Premature end of file.
2026-08-07 02:35:56,419 [ERROR] LogOutputStream:75 - [STDERR_REDIRECT] 
2026-08-07 02:35:57,414 [ERROR] LogOutputStream:75 - [STDERR_REDIRECT] [Fatal Error] :1:1: Premature end of file.
2026-08-07 02:35:57,415 [ERROR] LogOutputStream:75 - [STDERR_REDIRECT] 
2026-08-07 02:35:58,412 [ERROR] LogOutputStream:75 - [STDERR_REDIRECT] [Fatal Error] :1:1: Premature end of file.
2026-08-07 02:35:58,413 [ERROR] LogOutputStream:75 - [STDERR_REDIRECT] 
2026-08-07 02:35:59,418 [ERROR] LogOutputStream:75 - [STDERR_REDIRECT] [Fatal Error] :1:1: Premature end of file.
2026-08-07 02:35:59,418 [ERROR] LogOutputStream:75 - [STDERR_REDIRECT] 
2026-08-07 02:36:00,406 [ERROR] LogOutputStream:75 - [STDERR_REDIRECT] [Fatal Error] :1:1: Premature end of file.
2026-08-07 02:36:00,407 [ERROR] LogOutputStream:75 - [STDERR_REDIRECT] 
2026-08-07 02:36:01,415 [ERROR] LogOutputStream:75 - [STDERR_REDIRECT] [Fatal Error] :1:1: Premature end of file.
2026-08-07 02:36:01,415 [ERROR] LogOutputStream:75 - [STDERR_REDIRECT] 
2026-08-07 02:36:02,407 [ERROR] LogOutputStream:75 - [STDERR_REDIRECT] [Fatal Error] :1:1: Premature end of file.
2026-08-07 02:36:02,408 [ERROR] LogOutputStream:75 - [STDERR_REDIRECT] 
2026-08-07 02:36:03,414 [ERROR] LogOutputStream:75 - [STDERR_REDIRECT] [Fatal Error] :1:1: Premature end of file.
2026-08-07 02:36:03,414 [ERROR] LogOutputStream:75 - [STDERR_REDIRECT] 
2026-08-07 02:36:04,403 [ERROR] LogOutputStream:75 - [STDERR_REDIRECT] [Fatal Error] :1:1: Premature end of file.
2026-08-07 02:36:04,403 [ERROR] LogOutputStream:75 - [STDERR_REDIRECT] 
2026-08-07 02:36:05,405 [ERROR] LogOutputStream:75 - [STDERR_REDIRECT] [Fatal Error] :1:1: Premature end of file.
2026-08-07 02:36:05,406 [ERROR] LogOutputStream:75 - [STDERR_REDIRECT] 
2026-08-07 02:36:06,402 [ERROR] LogOutputStream:75 - [STDERR_REDIRECT] [Fatal Error] :1:1: Premature end of file.
2026-08-07 02:36:06,402 [ERROR] LogOutputStream:75 - [STDERR_REDIRECT] 
2026-08-07 02:36:07,415 [ERROR] LogOutputStream:75 - [STDERR_REDIRECT] [Fatal Error] :1:1: Premature end of file.
2026-08-07 02:36:07,415 [ERROR] LogOutputStream:75 - [STDERR_REDIRECT] 
2026-08-07 02:36:08,416 [ERROR] LogOutputStream:75 - [STDERR_REDIRECT] [Fatal Error] :1:1: Premature end of file.
2026-08-07 02:36:08,416 [ERROR] LogOutputStream:75 - [STDERR_REDIRECT] 
2026-08-07 02:36:09,411 [ERROR] LogOutputStream:75 - [STDERR_REDIRECT] [Fatal Error] :1:1: Premature end of file.
2026-08-07 02:36:09,412 [ERROR] LogOutputStream:75 - [STDERR_REDIRECT] 
2026-08-07 02:36:10,417 [ERROR] LogOutputStream:75 - [STDERR_REDIRECT] [Fatal Error] :1:1: Premature end of file.
2026-08-07 02:36:10,417 [ERROR] LogOutputStream:75 - [STDERR_REDIRECT] 
2026-08-07 02:36:11,412 [ERROR] LogOutputStream:75 - [STDERR_REDIRECT] [Fatal Error] :1:1: Premature end of file.
2026-08-07 02:36:11,412 [ERROR] LogOutputStream:75 - [STDERR_REDIRECT] 
2026-08-07 02:36:12,414 [ERROR] LogOutputStream:75 - [STDERR_REDIRECT] [Fatal Error] :1:1: Premature end of file.
2026-08-07 02:36:12,414 [ERROR] LogOutputStream:75 - [STDERR_REDIRECT] 
2026-08-07 02:36:13,405 [ERROR] LogOutputStream:75 - [STDERR_REDIRECT] [Fatal Error] :1:1: Premature end of file.
2026-08-07 02:36:13,405 [ERROR] LogOutputStream:75 - [STDERR_REDIRECT] 
2026-08-07 02:36:14,414 [ERROR] LogOutputStream:75 - [STDERR_REDIRECT] [Fatal Error] :1:1: Premature end of file.
2026-08-07 02:36:14,414 [ERROR] LogOutputStream:75 - [STDERR_REDIRECT] 
2026-08-07 02:36:15,407 [ERROR] LogOutputStream:75 - [STDERR_REDIRECT] [Fatal Error] :1:1: Premature end of file.
2026-08-07 02:36:15,407 [ERROR] LogOutputStream:75 - [STDERR_REDIRECT] 
2026-08-07 02:36:16,411 [ERROR] LogOutputStream:75 - [STDERR_REDIRECT] [Fatal Error] :1:1: Premature end of file.
2026-08-07 02:36:16,411 [ERROR] LogOutputStream:75 - [STDERR_REDIRECT] 
2026-08-07 02:36:17,405 [ERROR] LogOutputStream:75 - [STDERR_REDIRECT] [Fatal Error] :1:1: Premature end of file.
2026-08-07 02:36:17,405 [ERROR] LogOutputStream:75 - [STDERR_REDIRECT] 
2026-08-07 02:36:18,406 [ERROR] LogOutputStream:75 - [STDERR_REDIRECT] [Fatal Error] :1:1: Premature end of file.
2026-08-07 02:36:18,406 [ERROR] LogOutputStream:75 - [STDERR_REDIRECT] 
2026-08-07 02:36:19,408 [ERROR] LogOutputStream:75 - [STDERR_REDIRECT] [Fatal Error] :1:1: Premature end of file.
2026-08-07 02:36:19,408 [ERROR] LogOutputStream:75 - [STDERR_REDIRECT] 
2026-08-07 02:36:20,407 [ERROR] LogOutputStream:75 - [STDERR_REDIRECT] [Fatal Error] :1:1: Premature end of file.
2026-08-07 02:36:20,408 [ERROR] LogOutputStream:75 - [STDERR_REDIRECT] 
2026-08-07 02:36:21,409 [ERROR] LogOutputStream:75 - [STDERR_REDIRECT] [Fatal Error] :1:1: Premature end of file.
2026-08-07 02:36:21,409 [ERROR] LogOutputStream:75 - [STDERR_REDIRECT] 
2026-08-07 02:36:22,408 [ERROR] LogOutputStream:75 - [STDERR_REDIRECT] [Fatal Error] :1:1: Premature end of file.
2026-08-07 02:36:22,408 [ERROR] LogOutputStream:75 - [STDERR_REDIRECT] 
2026-08-07 02:36:23,420 [ERROR] LogOutputStream:75 - [STDERR_REDIRECT] [Fatal Error] :1:1: Premature end of file.
2026-08-07 02:36:23,420 [ERROR] LogOutputStream:75 - [STDERR_REDIRECT] 
2026-08-07 02:36:24,420 [ERROR] LogOutputStream:75 - [STDERR_REDIRECT] [Fatal Error] :1:1: Premature end of file.
2026-08-07 02:36:24,420 [ERROR] LogOutputStream:75 - [STDERR_REDIRECT] 
2026-08-07 02:36:25,402 [ERROR] LogOutputStream:75 - [STDERR_REDIRECT] [Fatal Error] :1:1: Premature end of file.
2026-08-07 02:36:25,402 [ERROR] LogOutputStream:75 - [STDERR_REDIRECT] 
2026-08-07 02:36:26,407 [ERROR] LogOutputStream:75 - [STDERR_REDIRECT] [Fatal Error] :1:1: Premature end of file.
2026-08-07 02:36:26,407 [ERROR] LogOutputStream:75 - [STDERR_REDIRECT] 
2026-08-07 02:36:27,405 [ERROR] LogOutputStream:75 - [STDERR_REDIRECT] [Fatal Error] :1:1: Premature end of file.
2026-08-07 02:36:27,405 [ERROR] LogOutputStream:75 - [STDERR_REDIRECT] 
2026-08-07 02:36:28,414 [ERROR] LogOutputStream:75 - [STDERR_REDIRECT] [Fatal Error] :1:1: Premature end of file.
2026-08-07 02:36:28,415 [ERROR] LogOutputStream:75 - [STDERR_REDIRECT] 
2026-08-07 02:36:29,420 [ERROR] LogOutputStream:75 - [STDERR_REDIRECT] [Fatal Error] :1:1: Premature end of file.
2026-08-07 02:36:29,420 [ERROR] LogOutputStream:75 - [STDERR_REDIRECT] 
2026-08-07 02:36:30,407 [ERROR] LogOutputStream:75 - [STDERR_REDIRECT] [Fatal Error] :1:1: Premature end of file.
2026-08-07 02:36:30,407 [ERROR] LogOutputStream:75 - [STDERR_REDIRECT] 
2026-08-07 02:36:31,411 [ERROR] LogOutputStream:75 - [STDERR_REDIRECT] [Fatal Error] :1:1: Premature end of file.
2026-08-07 02:36:31,412 [ERROR] LogOutputStream:75 - [STDERR_REDIRECT] 
2026-08-07 02:36:32,414 [ERROR] LogOutputStream:75 - [STDERR_REDIRECT] [Fatal Error] :1:1: Premature end of file.
2026-08-07 02:36:32,414 [ERROR] LogOutputStream:75 - [STDERR_REDIRECT] 
2026-08-07 02:36:33,415 [ERROR] LogOutputStream:75 - [STDERR_REDIRECT] [Fatal Error] :1:1: Premature end of file.
2026-08-07 02:36:33,415 [ERROR] LogOutputStream:75 - [STDERR_REDIRECT] 
2026-08-07 02:36:34,410 [ERROR] LogOutputStream:75 - [STDERR_REDIRECT] [Fatal Error] :1:1: Premature end of file.
2026-08-07 02:36:34,410 [ERROR] LogOutputStream:75 - [STDERR_REDIRECT] 
2026-08-07 02:36:35,406 [ERROR] LogOutputStream:75 - [STDERR_REDIRECT] [Fatal Error] :1:1: Premature end of file.
2026-08-07 02:36:35,406 [ERROR] LogOutputStream:75 - [STDERR_REDIRECT] 
2026-08-07 02:36:36,412 [ERROR] LogOutputStream:75 - [STDERR_REDIRECT] [Fatal Error] :1:1: Premature end of file.
2026-08-07 02:36:36,412 [ERROR] LogOutputStream:75 - [STDERR_REDIRECT] 
2026-08-07 02:36:37,417 [ERROR] LogOutputStream:75 - [STDERR_REDIRECT] [Fatal Error] :1:1: Premature end of file.
2026-08-07 02:36:37,417 [ERROR] LogOutputStream:75 - [STDERR_REDIRECT] 
2026-08-07 02:36:38,406 [ERROR] LogOutputStream:75 - [STDERR_REDIRECT] [Fatal Error] :1:1: Premature end of file.
2026-08-07 02:36:38,406 [ERROR] LogOutputStream:75 - [STDERR_REDIRECT] 
2026-08-07 02:36:39,403 [ERROR] LogOutputStream:75 - [STDERR_REDIRECT] [Fatal Error] :1:1: Premature end of file.
2026-08-07 02:36:39,403 [ERROR] LogOutputStream:75 - [STDERR_REDIRECT] 
2026-08-07 02:36:40,419 [ERROR] LogOutputStream:75 - [STDERR_REDIRECT] [Fatal Error] :1:1: Premature end of file.
2026-08-07 02:36:40,419 [ERROR] LogOutputStream:75 - [STDERR_REDIRECT] 
2026-08-07 02:36:41,420 [ERROR] LogOutputStream:75 - [STDERR_REDIRECT] [Fatal Error] :1:1: Premature end of file.
2026-08-07 02:36:41,420 [ERROR] LogOutputStream:75 - [STDERR_REDIRECT] 
2026-08-07 02:36:42,408 [ERROR] LogOutputStream:75 - [STDERR_REDIRECT] [Fatal Error] :1:1: Premature end of file.
2026-08-07 02:36:42,409 [ERROR] LogOutputStream:75 - [STDERR_REDIRECT] 
2026-08-07 02:36:43,414 [ERROR] LogOutputStream:75 - [STDERR_REDIRECT] [Fatal Error] :1:1: Premature end of file.
2026-08-07 02:36:43,414 [ERROR] LogOutputStream:75 - [STDERR_REDIRECT] 
2026-08-07 02:36:44,408 [ERROR] LogOutputStream:75 - [STDERR_REDIRECT] [Fatal Error] :1:1: Premature end of file.
2026-08-07 02:36:44,409 [ERROR] LogOutputStream:75 - [STDERR_REDIRECT] 
2026-08-07 02:36:45,417 [ERROR] LogOutputStream:75 - [STDERR_REDIRECT] [Fatal Error] :1:1: Premature end of file.
2026-08-07 02:36:45,417 [ERROR] LogOutputStream:75 - [STDERR_REDIRECT] 
2026-08-07 02:36:46,417 [ERROR] LogOutputStream:75 - [STDERR_REDIRECT] [Fatal Error] :1:1: Premature end of file.
2026-08-07 02:36:46,417 [ERROR] LogOutputStream:75 - [STDERR_REDIRECT] 
2026-08-07 02:36:47,417 [ERROR] LogOutputStream:75 - [STDERR_REDIRECT] [Fatal Error] :1:1: Premature end of file.
2026-08-07 02:36:47,417 [ERROR] LogOutputStream:75 - [STDERR_REDIRECT] 
2026-08-07 02:36:48,409 [ERROR] LogOutputStream:75 - [STDERR_REDIRECT] [Fatal Error] :1:1: Premature end of file.
2026-08-07 02:36:48,409 [ERROR] LogOutputStream:75 - [STDERR_REDIRECT] 
2026-08-07 02:36:49,405 [ERROR] LogOutputStream:75 - [STDERR_REDIRECT] [Fatal Error] :1:1: Premature end of file.
2026-08-07 02:36:49,405 [ERROR] LogOutputStream:75 - [STDERR_REDIRECT] 
2026-08-07 02:36:50,411 [ERROR] LogOutputStream:75 - [STDERR_REDIRECT] [Fatal Error] :1:1: Premature end of file.
2026-08-07 02:36:50,411 [ERROR] LogOutputStream:75 - [STDERR_REDIRECT] 
2026-08-07 02:36:51,412 [ERROR] LogOutputStream:75 - [STDERR_REDIRECT] [Fatal Error] :1:1: Premature end of file.
2026-08-07 02:36:51,412 [ERROR] LogOutputStream:75 - [STDERR_REDIRECT] 
2026-08-07 02:36:52,407 [ERROR] LogOutputStream:75 - [STDERR_REDIRECT] [Fatal Error] :1:1: Premature end of file.
2026-08-07 02:36:52,407 [ERROR] LogOutputStream:75 - [STDERR_REDIRECT] 
2026-08-07 02:36:53,419 [ERROR] LogOutputStream:75 - [STDERR_REDIRECT] [Fatal Error] :1:1: Premature end of file.
2026-08-07 02:36:53,420 [ERROR] LogOutputStream:75 - [STDERR_REDIRECT] 
2026-08-07 02:36:54,412 [ERROR] LogOutputStream:75 - [STDERR_REDIRECT] [Fatal Error] :1:1: Premature end of file.
2026-08-07 02:36:54,412 [ERROR] LogOutputStream:75 - [STDERR_REDIRECT] 
2026-08-07 02:36:55,410 [ERROR] LogOutputStream:75 - [STDERR_REDIRECT] [Fatal Error] :1:1: Premature end of file.
2026-08-07 02:36:55,410 [ERROR] LogOutputStream:75 - [STDERR_REDIRECT] 
2026-08-07 02:36:56,409 [ERROR] LogOutputStream:75 - [STDERR_REDIRECT] [Fatal Error] :1:1: Premature end of file.
2026-08-07 02:36:56,409 [ERROR] LogOutputStream:75 - [STDERR_REDIRECT] 
2026-08-07 02:36:57,418 [ERROR] LogOutputStream:75 - [STDERR_REDIRECT] [Fatal Error] :1:1: Premature end of file.
2026-08-07 02:36:57,418 [ERROR] LogOutputStream:75 - [STDERR_REDIRECT] 
2026-08-07 02:36:58,419 [ERROR] LogOutputStream:75 - [STDERR_REDIRECT] [Fatal Error] :1:1: Premature end of file.
2026-08-07 02:36:58,419 [ERROR] LogOutputStream:75 - [STDERR_REDIRECT] 
2026-08-07 02:36:59,414 [ERROR] LogOutputStream:75 - [STDERR_REDIRECT] [Fatal Error] :1:1: Premature end of file.
2026-08-07 02:36:59,414 [ERROR] LogOutputStream:75 - [STDERR_REDIRECT] 
2026-08-07 02:37:00,417 [ERROR] LogOutputStream:75 - [STDERR_REDIRECT] [Fatal Error] :1:1: Premature end of file.
2026-08-07 02:37:00,417 [ERROR] LogOutputStream:75 - [STDERR_REDIRECT] 
2026-08-07 02:37:01,418 [ERROR] LogOutputStream:75 - [STDERR_REDIRECT] [Fatal Error] :1:1: Premature end of file.
2026-08-07 02:37:01,418 [ERROR] LogOutputStream:75 - [STDERR_REDIRECT] 
2026-08-07 02:37:02,406 [ERROR] LogOutputStream:75 - [STDERR_REDIRECT] [Fatal Error] :1:1: Premature end of file.
2026-08-07 02:37:02,406 [ERROR] LogOutputStream:75 - [STDERR_REDIRECT] 
2026-08-07 02:37:03,416 [ERROR] LogOutputStream:75 - [STDERR_REDIRECT] [Fatal Error] :1:1: Premature end of file.
2026-08-07 02:37:03,417 [ERROR] LogOutputStream:75 - [STDERR_REDIRECT] 
2026-08-07 02:37:04,410 [ERROR] LogOutputStream:75 - [STDERR_REDIRECT] [Fatal Error] :1:1: Premature end of file.
2026-08-07 02:37:04,410 [ERROR] LogOutputStream:75 - [STDERR_REDIRECT] 
2026-08-07 02:37:05,416 [ERROR] LogOutputStream:75 - [STDERR_REDIRECT] [Fatal Error] :1:1: Premature end of file.
2026-08-07 02:37:05,416 [ERROR] LogOutputStream:75 - [STDERR_REDIRECT] 
2026-08-07 02:37:06,418 [ERROR] LogOutputStream:75 - [STDERR_REDIRECT] [Fatal Error] :1:1: Premature end of file.
2026-08-07 02:37:06,418 [ERROR] LogOutputStream:75 - [STDERR_REDIRECT] 
2026-08-07 02:37:07,416 [ERROR] LogOutputStream:75 - [STDERR_REDIRECT] [Fatal Error] :1:1: Premature end of file.
2026-08-07 02:37:07,416 [ERROR] LogOutputStream:75 - [STDERR_REDIRECT] 
2026-08-07 02:37:08,408 [ERROR] LogOutputStream:75 - [STDERR_REDIRECT] [Fatal Error] :1:1: Premature end of file.
2026-08-07 02:37:08,408 [ERROR] LogOutputStream:75 - [STDERR_REDIRECT] 
2026-08-07 02:37:09,410 [ERROR] LogOutputStream:75 - [STDERR_REDIRECT] [Fatal Error] :1:1: Premature end of file.
2026-08-07 02:37:09,410 [ERROR] LogOutputStream:75 - [STDERR_REDIRECT] 
2026-08-07 02:37:10,416 [ERROR] LogOutputStream:75 - [STDERR_REDIRECT] [Fatal Error] :1:1: Premature end of file.
2026-08-07 02:37:10,416 [ERROR] LogOutputStream:75 - [STDERR_REDIRECT] 
2026-08-07 02:37:11,413 [ERROR] LogOutputStream:75 - [STDERR_REDIRECT] [Fatal Error] :1:1: Premature end of file.
2026-08-07 02:37:11,413 [ERROR] LogOutputStream:75 - [STDERR_REDIRECT] 
2026-08-07 02:37:12,403 [ERROR] LogOutputStream:75 - [STDERR_REDIRECT] [Fatal Error] :1:1: Premature end of file.
2026-08-07 02:37:12,403 [ERROR] LogOutputStream:75 - [STDERR_REDIRECT] 
2026-08-07 02:37:13,411 [ERROR] LogOutputStream:75 - [STDERR_REDIRECT] [Fatal Error] :1:1: Premature end of file.
2026-08-07 02:37:13,411 [ERROR] LogOutputStream:75 - [STDERR_REDIRECT] 
2026-08-07 02:37:14,413 [ERROR] LogOutputStream:75 - [STDERR_REDIRECT] [Fatal Error] :1:1: Premature end of file.
2026-08-07 02:37:14,413 [ERROR] LogOutputStream:75 - [STDERR_REDIRECT] 
2026-08-07 02:37:15,414 [ERROR] LogOutputStream:75 - [STDERR_REDIRECT] [Fatal Error] :1:1: Premature end of file.
2026-08-07 02:37:15,415 [ERROR] LogOutputStream:75 - [STDERR_REDIRECT] 
2026-08-07 02:37:16,412 [ERROR] LogOutputStream:75 - [STDERR_REDIRECT] [Fatal Error] :1:1: Premature end of file.
2026-08-07 02:37:16,412 [ERROR] LogOutputStream:75 - [STDERR_REDIRECT] 
2026-08-07 02:37:17,419 [ERROR] LogOutputStream:75 - [STDERR_REDIRECT] [Fatal Error] :1:1: Premature end of file.
2026-08-07 02:37:17,419 [ERROR] LogOutputStream:75 - [STDERR_REDIRECT] 
2026-08-07 02:37:18,407 [ERROR] LogOutputStream:75 - [STDERR_REDIRECT] [Fatal Error] :1:1: Premature end of file.
2026-08-07 02:37:18,408 [ERROR] LogOutputStream:75 - [STDERR_REDIRECT] 
2026-08-07 02:37:19,404 [ERROR] LogOutputStream:75 - [STDERR_REDIRECT] [Fatal Error] :1:1: Premature end of file.
2026-08-07 02:37:19,404 [ERROR] LogOutputStream:75 - [STDERR_REDIRECT] 
2026-08-07 02:37:20,406 [ERROR] LogOutputStream:75 - [STDERR_REDIRECT] [Fatal Error] :1:1: Premature end of file.
2026-08-07 02:37:20,406 [ERROR] LogOutputStream:75 - [STDERR_REDIRECT] 
2026-08-07 02:37:21,405 [ERROR] LogOutputStream:75 - [STDERR_REDIRECT] [Fatal Error] :1:1: Premature end of file.
2026-08-07 02:37:21,405 [ERROR] LogOutputStream:75 - [STDERR_REDIRECT] 
2026-08-07 02:37:22,405 [ERROR] LogOutputStream:75 - [STDERR_REDIRECT] [Fatal Error] :1:1: Premature end of file.
2026-08-07 02:37:22,405 [ERROR] LogOutputStream:75 - [STDERR_REDIRECT] 
2026-08-07 02:37:23,411 [ERROR] LogOutputStream:75 - [STDERR_REDIRECT] [Fatal Error] :1:1: Premature end of file.
2026-08-07 02:37:23,412 [ERROR] LogOutputStream:75 - [STDERR_REDIRECT] 
2026-08-07 02:37:24,422 [ERROR] LogOutputStream:75 - [STDERR_REDIRECT] [Fatal Error] :1:1: Premature end of file.
2026-08-07 02:37:24,422 [ERROR] LogOutputStream:75 - [STDERR_REDIRECT] 
2026-08-07 02:37:25,408 [ERROR] LogOutputStream:75 - [STDERR_REDIRECT] [Fatal Error] :1:1: Premature end of file.
2026-08-07 02:37:25,408 [ERROR] LogOutputStream:75 - [STDERR_REDIRECT] 
2026-08-07 02:37:26,417 [ERROR] LogOutputStream:75 - [STDERR_REDIRECT] [Fatal Error] :1:1: Premature end of file.
2026-08-07 02:37:26,418 [ERROR] LogOutputStream:75 - [STDERR_REDIRECT] 
2026-08-07 02:37:27,402 [ERROR] LogOutputStream:75 - [STDERR_REDIRECT] [Fatal Error] :1:1: Premature end of file.
2026-08-07 02:37:27,402 [ERROR] LogOutputStream:75 - [STDERR_REDIRECT] 
2026-08-07 02:37:28,414 [ERROR] LogOutputStream:75 - [STDERR_REDIRECT] [Fatal Error] :1:1: Premature end of file.
2026-08-07 02:37:28,415 [ERROR] LogOutputStream:75 - [STDERR_REDIRECT] 
2026-08-07 02:37:29,418 [ERROR] LogOutputStream:75 - [STDERR_REDIRECT] [Fatal Error] :1:1: Premature end of file.
2026-08-07 02:37:29,418 [ERROR] LogOutputStream:75 - [STDERR_REDIRECT] 
2026-08-07 02:37:30,405 [ERROR] LogOutputStream:75 - [STDERR_REDIRECT] [Fatal Error] :1:1: Premature end of file.
2026-08-07 02:37:30,406 [ERROR] LogOutputStream:75 - [STDERR_REDIRECT] 
2026-08-07 02:37:31,406 [ERROR] LogOutputStream:75 - [STDERR_REDIRECT] [Fatal Error] :1:1: Premature end of file.
2026-08-07 02:37:31,406 [ERROR] LogOutputStream:75 - [STDERR_REDIRECT] 
2026-08-07 02:37:32,409 [ERROR] LogOutputStream:75 - [STDERR_REDIRECT] [Fatal Error] :1:1: Premature end of file.
2026-08-07 02:37:32,409 [ERROR] LogOutputStream:75 - [STDERR_REDIRECT] 
2026-08-07 02:37:33,405 [ERROR] LogOutputStream:75 - [STDERR_REDIRECT] [Fatal Error] :1:1: Premature end of file.
2026-08-07 02:37:33,405 [ERROR] LogOutputStream:75 - [STDERR_REDIRECT] 
2026-08-07 02:37:34,410 [ERROR] LogOutputStream:75 - [STDERR_REDIRECT] [Fatal Error] :1:1: Premature end of file.
2026-08-07 02:37:34,410 [ERROR] LogOutputStream:75 - [STDERR_REDIRECT] 
2026-08-07 02:37:35,403 [ERROR] LogOutputStream:75 - [STDERR_REDIRECT] [Fatal Error] :1:1: Premature end of file.
2026-08-07 02:37:35,403 [ERROR] LogOutputStream:75 - [STDERR_REDIRECT] 
2026-08-07 02:37:36,411 [ERROR] LogOutputStream:75 - [STDERR_REDIRECT] [Fatal Error] :1:1: Premature end of file.
2026-08-07 02:37:36,411 [ERROR] LogOutputStream:75 - [STDERR_REDIRECT] 
2026-08-07 02:37:37,413 [ERROR] LogOutputStream:75 - [STDERR_REDIRECT] [Fatal Error] :1:1: Premature end of file.
2026-08-07 02:37:37,413 [ERROR] LogOutputStream:75 - [STDERR_REDIRECT] 
2026-08-07 02:37:38,422 [ERROR] LogOutputStream:75 - [STDERR_REDIRECT] [Fatal Error] :1:1: Premature end of file.
2026-08-07 02:37:38,422 [ERROR] LogOutputStream:75 - [STDERR_REDIRECT] 
2026-08-07 02:37:39,402 [ERROR] LogOutputStream:75 - [STDERR_REDIRECT] [Fatal Error] :1:1: Premature end of file.
2026-08-07 02:37:39,402 [ERROR] LogOutputStream:75 - [STDERR_REDIRECT] 
2026-08-07 02:37:40,409 [ERROR] LogOutputStream:75 - [STDERR_REDIRECT] [Fatal Error] :1:1: Premature end of file.
2026-08-07 02:37:40,410 [ERROR] LogOutputStream:75 - [STDERR_REDIRECT] 
2026-08-07 02:37:41,410 [ERROR] LogOutputStream:75 - [STDERR_REDIRECT] [Fatal Error] :1:1: Premature end of file.
2026-08-07 02:37:41,411 [ERROR] LogOutputStream:75 - [STDERR_REDIRECT] 
2026-08-07 02:37:42,419 [ERROR] LogOutputStream:75 - [STDERR_REDIRECT] [Fatal Error] :1:1: Premature end of file.
2026-08-07 02:37:42,419 [ERROR] LogOutputStream:75 - [STDERR_REDIRECT] 
2026-08-07 02:37:43,409 [ERROR] LogOutputStream:75 - [STDERR_REDIRECT] [Fatal Error] :1:1: Premature end of file.
2026-08-07 02:37:43,409 [ERROR] LogOutputStream:75 - [STDERR_REDIRECT] 
2026-08-07 02:37:44,417 [ERROR] LogOutputStream:75 - [STDERR_REDIRECT] [Fatal Error] :1:1: Premature end of file.
2026-08-07 02:37:44,417 [ERROR] LogOutputStream:75 - [STDERR_REDIRECT] 
2026-08-07 02:37:45,416 [ERROR] LogOutputStream:75 - [STDERR_REDIRECT] [Fatal Error] :1:1: Premature end of file.
2026-08-07 02:37:45,416 [ERROR] LogOutputStream:75 - [STDERR_REDIRECT] 
2026-08-07 02:37:46,417 [ERROR] LogOutputStream:75 - [STDERR_REDIRECT] [Fatal Error] :1:1: Premature end of file.
2026-08-07 02:37:46,417 [ERROR] LogOutputStream:75 - [STDERR_REDIRECT] 
2026-08-07 02:37:47,418 [ERROR] LogOutputStream:75 - [STDERR_REDIRECT] [Fatal Error] :1:1: Premature end of file.
2026-08-07 02:37:47,418 [ERROR] LogOutputStream:75 - [STDERR_REDIRECT] 
2026-08-07 02:37:48,415 [ERROR] LogOutputStream:75 - [STDERR_REDIRECT] [Fatal Error] :1:1: Premature end of file.
2026-08-07 02:37:48,415 [ERROR] LogOutputStream:75 - [STDERR_REDIRECT] 
2026-08-07 02:37:49,416 [ERROR] LogOutputStream:75 - [STDERR_REDIRECT] [Fatal Error] :1:1: Premature end of file.
2026-08-07 02:37:49,416 [ERROR] LogOutputStream:75 - [STDERR_REDIRECT] 
2026-08-07 02:37:50,415 [ERROR] LogOutputStream:75 - [STDERR_REDIRECT] [Fatal Error] :1:1: Premature end of file.
2026-08-07 02:37:50,415 [ERROR] LogOutputStream:75 - [STDERR_REDIRECT] 
2026-08-07 02:37:51,401 [ERROR] LogOutputStream:75 - [STDERR_REDIRECT] [Fatal Error] :1:1: Premature end of file.
2026-08-07 02:37:51,401 [ERROR] LogOutputStream:75 - [STDERR_REDIRECT] 
2026-08-07 02:37:52,410 [ERROR] LogOutputStream:75 - [STDERR_REDIRECT] [Fatal Error] :1:1: Premature end of file.
2026-08-07 02:37:52,410 [ERROR] LogOutputStream:75 - [STDERR_REDIRECT] 
2026-08-07 02:37:53,410 [ERROR] LogOutputStream:75 - [STDERR_REDIRECT] [Fatal Error] :1:1: Premature end of file.
2026-08-07 02:37:53,410 [ERROR] LogOutputStream:75 - [STDERR_REDIRECT] 
2026-08-07 02:37:54,408 [ERROR] LogOutputStream:75 - [STDERR_REDIRECT] [Fatal Error] :1:1: Premature end of file.
2026-08-07 02:37:54,409 [ERROR] LogOutputStream:75 - [STDERR_REDIRECT] 
2026-08-07 02:37:55,415 [ERROR] LogOutputStream:75 - [STDERR_REDIRECT] [Fatal Error] :1:1: Premature end of file.
2026-08-07 02:37:55,415 [ERROR] LogOutputStream:75 - [STDERR_REDIRECT] 
2026-08-07 02:37:56,433 [ERROR] LogOutputStream:75 - [STDERR_REDIRECT] [Fatal Error] :1:1: Premature end of file.
2026-08-07 02:37:56,433 [ERROR] LogOutputStream:75 - [STDERR_REDIRECT] 
2026-08-07 02:37:57,417 [ERROR] LogOutputStream:75 - [STDERR_REDIRECT] [Fatal Error] :1:1: Premature end of file.
2026-08-07 02:37:57,419 [ERROR] LogOutputStream:75 - [STDERR_REDIRECT] 
2026-08-07 02:37:58,412 [ERROR] LogOutputStream:75 - [STDERR_REDIRECT] [Fatal Error] :1:1: Premature end of file.
2026-08-07 02:37:58,412 [ERROR] LogOutputStream:75 - [STDERR_REDIRECT] 
2026-08-07 02:37:59,407 [ERROR] LogOutputStream:75 - [STDERR_REDIRECT] [Fatal Error] :1:1: Premature end of file.
2026-08-07 02:37:59,407 [ERROR] LogOutputStream:75 - [STDERR_REDIRECT] 
2026-08-07 02:38:00,407 [ERROR] LogOutputStream:75 - [STDERR_REDIRECT] [Fatal Error] :1:1: Premature end of file.
2026-08-07 02:38:00,407 [ERROR] LogOutputStream:75 - [STDERR_REDIRECT] 
2026-08-07 02:38:01,407 [ERROR] LogOutputStream:75 - [STDERR_REDIRECT] [Fatal Error] :1:1: Premature end of file.
2026-08-07 02:38:01,407 [ERROR] LogOutputStream:75 - [STDERR_REDIRECT] 
2026-08-07 02:38:02,405 [ERROR] LogOutputStream:75 - [STDERR_REDIRECT] [Fatal Error] :1:1: Premature end of file.
2026-08-07 02:38:02,406 [ERROR] LogOutputStream:75 - [STDERR_REDIRECT] 
2026-08-07 02:38:03,415 [ERROR] LogOutputStream:75 - [STDERR_REDIRECT] [Fatal Error] :1:1: Premature end of file.
2026-08-07 02:38:03,416 [ERROR] LogOutputStream:75 - [STDERR_REDIRECT] 
2026-08-07 02:38:04,408 [ERROR] LogOutputStream:75 - [STDERR_REDIRECT] [Fatal Error] :1:1: Premature end of file.
2026-08-07 02:38:04,408 [ERROR] LogOutputStream:75 - [STDERR_REDIRECT] 
2026-08-07 02:38:05,409 [ERROR] LogOutputStream:75 - [STDERR_REDIRECT] [Fatal Error] :1:1: Premature end of file.
2026-08-07 02:38:05,409 [ERROR] LogOutputStream:75 - [STDERR_REDIRECT] 
2026-08-07 02:38:06,419 [ERROR] LogOutputStream:75 - [STDERR_REDIRECT] [Fatal Error] :1:1: Premature end of file.
2026-08-07 02:38:06,419 [ERROR] LogOutputStream:75 - [STDERR_REDIRECT] 
2026-08-07 02:38:07,410 [ERROR] LogOutputStream:75 - [STDERR_REDIRECT] [Fatal Error] :1:1: Premature end of file.
2026-08-07 02:38:07,411 [ERROR] LogOutputStream:75 - [STDERR_REDIRECT] 
2026-08-07 02:38:08,413 [ERROR] LogOutputStream:75 - [STDERR_REDIRECT] [Fatal Error] :1:1: Premature end of file.
2026-08-07 02:38:08,414 [ERROR] LogOutputStream:75 - [STDERR_REDIRECT] 
2026-08-07 02:38:09,413 [ERROR] LogOutputStream:75 - [STDERR_REDIRECT] [Fatal Error] :1:1: Premature end of file.
2026-08-07 02:38:09,413 [ERROR] LogOutputStream:75 - [STDERR_REDIRECT] 
2026-08-07 02:38:10,406 [ERROR] LogOutputStream:75 - [STDERR_REDIRECT] [Fatal Error] :1:1: Premature end of file.
2026-08-07 02:38:10,406 [ERROR] LogOutputStream:75 - [STDERR_REDIRECT] 
2026-08-07 02:38:11,425 [ERROR] LogOutputStream:75 - [STDERR_REDIRECT] [Fatal Error] :1:1: Premature end of file.
2026-08-07 02:38:11,425 [ERROR] LogOutputStream:75 - [STDERR_REDIRECT] 
2026-08-07 02:38:12,415 [ERROR] LogOutputStream:75 - [STDERR_REDIRECT] [Fatal Error] :1:1: Premature end of file.
2026-08-07 02:38:12,415 [ERROR] LogOutputStream:75 - [STDERR_REDIRECT] 
2026-08-07 02:38:13,414 [ERROR] LogOutputStream:75 - [STDERR_REDIRECT] [Fatal Error] :1:1: Premature end of file.
2026-08-07 02:38:13,415 [ERROR] LogOutputStream:75 - [STDERR_REDIRECT] 
2026-08-07 02:38:14,408 [ERROR] LogOutputStream:75 - [STDERR_REDIRECT] [Fatal Error] :1:1: Premature end of file.
2026-08-07 02:38:14,408 [ERROR] LogOutputStream:75 - [STDERR_REDIRECT] 
2026-08-07 02:38:15,404 [ERROR] LogOutputStream:75 - [STDERR_REDIRECT] [Fatal Error] :1:1: Premature end of file.
2026-08-07 02:38:15,404 [ERROR] LogOutputStream:75 - [STDERR_REDIRECT] 
2026-08-07 02:38:16,406 [ERROR] LogOutputStream:75 - [STDERR_REDIRECT] [Fatal Error] :1:1: Premature end of file.
2026-08-07 02:38:16,406 [ERROR] LogOutputStream:75 - [STDERR_REDIRECT] 
2026-08-07 02:38:17,408 [ERROR] LogOutputStream:75 - [STDERR_REDIRECT] [Fatal Error] :1:1: Premature end of file.
2026-08-07 02:38:17,408 [ERROR] LogOutputStream:75 - [STDERR_REDIRECT] 
2026-08-07 02:38:18,420 [ERROR] LogOutputStream:75 - [STDERR_REDIRECT] [Fatal Error] :1:1: Premature end of file.
2026-08-07 02:38:18,420 [ERROR] LogOutputStream:75 - [STDERR_REDIRECT] 
2026-08-07 02:38:19,410 [ERROR] LogOutputStream:75 - [STDERR_REDIRECT] [Fatal Error] :1:1: Premature end of file.
2026-08-07 02:38:19,410 [ERROR] LogOutputStream:75 - [STDERR_REDIRECT] 
2026-08-07 02:38:20,413 [ERROR] LogOutputStream:75 - [STDERR_REDIRECT] [Fatal Error] :1:1: Premature end of file.
2026-08-07 02:38:20,413 [ERROR] LogOutputStream:75 - [STDERR_REDIRECT] 
2026-08-07 02:38:21,413 [ERROR] LogOutputStream:75 - [STDERR_REDIRECT] [Fatal Error] :1:1: Premature end of file.
2026-08-07 02:38:21,413 [ERROR] LogOutputStream:75 - [STDERR_REDIRECT] 
2026-08-07 02:38:22,411 [ERROR] LogOutputStream:75 - [STDERR_REDIRECT] [Fatal Error] :1:1: Premature end of file.
2026-08-07 02:38:22,412 [ERROR] LogOutputStream:75 - [STDERR_REDIRECT] 
2026-08-07 02:38:23,417 [ERROR] LogOutputStream:75 - [STDERR_REDIRECT] [Fatal Error] :1:1: Premature end of file.
2026-08-07 02:38:23,417 [ERROR] LogOutputStream:75 - [STDERR_REDIRECT] 
2026-08-07 02:38:24,409 [ERROR] LogOutputStream:75 - [STDERR_REDIRECT] [Fatal Error] :1:1: Premature end of file.
2026-08-07 02:38:24,409 [ERROR] LogOutputStream:75 - [STDERR_REDIRECT] 
2026-08-07 02:38:25,408 [ERROR] LogOutputStream:75 - [STDERR_REDIRECT] [Fatal Error] :1:1: Premature end of file.
2026-08-07 02:38:25,408 [ERROR] LogOutputStream:75 - [STDERR_REDIRECT] 
2026-08-07 02:38:26,420 [ERROR] LogOutputStream:75 - [STDERR_REDIRECT] [Fatal Error] :1:1: Premature end of file.
2026-08-07 02:38:26,420 [ERROR] LogOutputStream:75 - [STDERR_REDIRECT] 
2026-08-07 02:38:27,414 [ERROR] LogOutputStream:75 - [STDERR_REDIRECT] [Fatal Error] :1:1: Premature end of file.
2026-08-07 02:38:27,414 [ERROR] LogOutputStream:75 - [STDERR_REDIRECT] 
2026-08-07 02:38:28,414 [ERROR] LogOutputStream:75 - [STDERR_REDIRECT] [Fatal Error] :1:1: Premature end of file.
2026-08-07 02:38:28,414 [ERROR] LogOutputStream:75 - [STDERR_REDIRECT] 
2026-08-07 02:38:29,408 [ERROR] LogOutputStream:75 - [STDERR_REDIRECT] [Fatal Error] :1:1: Premature end of file.
2026-08-07 02:38:29,408 [ERROR] LogOutputStream:75 - [STDERR_REDIRECT] 
2026-08-07 02:38:30,406 [ERROR] LogOutputStream:75 - [STDERR_REDIRECT] [Fatal Error] :1:1: Premature end of file.
2026-08-07 02:38:30,406 [ERROR] LogOutputStream:75 - [STDERR_REDIRECT] 
2026-08-07 02:38:31,415 [ERROR] LogOutputStream:75 - [STDERR_REDIRECT] [Fatal Error] :1:1: Premature end of file.
2026-08-07 02:38:31,415 [ERROR] LogOutputStream:75 - [STDERR_REDIRECT] 
2026-08-07 02:38:32,409 [ERROR] LogOutputStream:75 - [STDERR_REDIRECT] [Fatal Error] :1:1: Premature end of file.
2026-08-07 02:38:32,409 [ERROR] LogOutputStream:75 - [STDERR_REDIRECT] 
2026-08-07 02:38:33,419 [ERROR] LogOutputStream:75 - [STDERR_REDIRECT] [Fatal Error] :1:1: Premature end of file.
2026-08-07 02:38:33,419 [ERROR] LogOutputStream:75 - [STDERR_REDIRECT] 
2026-08-07 02:38:34,413 [ERROR] LogOutputStream:75 - [STDERR_REDIRECT] [Fatal Error] :1:1: Premature end of file.
2026-08-07 02:38:34,414 [ERROR] LogOutputStream:75 - [STDERR_REDIRECT] 
2026-08-07 02:38:35,418 [ERROR] LogOutputStream:75 - [STDERR_REDIRECT] [Fatal Error] :1:1: Premature end of file.
2026-08-07 02:38:35,419 [ERROR] LogOutputStream:75 - [STDERR_REDIRECT] 
2026-08-07 02:38:36,408 [ERROR] LogOutputStream:75 - [STDERR_REDIRECT] [Fatal Error] :1:1: Premature end of file.
2026-08-07 02:38:36,408 [ERROR] LogOutputStream:75 - [STDERR_REDIRECT] 
2026-08-07 02:38:37,417 [ERROR] LogOutputStream:75 - [STDERR_REDIRECT] [Fatal Error] :1:1: Premature end of file.
2026-08-07 02:38:37,417 [ERROR] LogOutputStream:75 - [STDERR_REDIRECT] 
2026-08-07 02:38:38,412 [ERROR] LogOutputStream:75 - [STDERR_REDIRECT] [Fatal Error] :1:1: Premature end of file.
2026-08-07 02:38:38,412 [ERROR] LogOutputStream:75 - [STDERR_REDIRECT] 
2026-08-07 02:38:39,418 [ERROR] LogOutputStream:75 - [STDERR_REDIRECT] [Fatal Error] :1:1: Premature end of file.
2026-08-07 02:38:39,418 [ERROR] LogOutputStream:75 - [STDERR_REDIRECT] 
2026-08-07 02:38:40,422 [ERROR] LogOutputStream:75 - [STDERR_REDIRECT] [Fatal Error] :1:1: Premature end of file.
2026-08-07 02:38:40,423 [ERROR] LogOutputStream:75 - [STDERR_REDIRECT] 
2026-08-07 02:38:41,424 [ERROR] LogOutputStream:75 - [STDERR_REDIRECT] [Fatal Error] :1:1: Premature end of file.
2026-08-07 02:38:41,424 [ERROR] LogOutputStream:75 - [STDERR_REDIRECT] 
2026-08-07 02:38:42,412 [ERROR] LogOutputStream:75 - [STDERR_REDIRECT] [Fatal Error] :1:1: Premature end of file.
2026-08-07 02:38:42,412 [ERROR] LogOutputStream:75 - [STDERR_REDIRECT] 
2026-08-07 02:38:43,419 [ERROR] LogOutputStream:75 - [STDERR_REDIRECT] [Fatal Error] :1:1: Premature end of file.
2026-08-07 02:38:43,419 [ERROR] LogOutputStream:75 - [STDERR_REDIRECT] 
2026-08-07 02:38:44,406 [ERROR] LogOutputStream:75 - [STDERR_REDIRECT] [Fatal Error] :1:1: Premature end of file.
2026-08-07 02:38:44,406 [ERROR] LogOutputStream:75 - [STDERR_REDIRECT] 
2026-08-07 02:38:45,424 [ERROR] LogOutputStream:75 - [STDERR_REDIRECT] [Fatal Error] :1:1: Premature end of file.
2026-08-07 02:38:45,424 [ERROR] LogOutputStream:75 - [STDERR_REDIRECT] 
2026-08-07 02:38:46,407 [ERROR] LogOutputStream:75 - [STDERR_REDIRECT] [Fatal Error] :1:1: Premature end of file.
2026-08-07 02:38:46,407 [ERROR] LogOutputStream:75 - [STDERR_REDIRECT] 
2026-08-07 02:38:47,416 [ERROR] LogOutputStream:75 - [STDERR_REDIRECT] [Fatal Error] :1:1: Premature end of file.
2026-08-07 02:38:47,416 [ERROR] LogOutputStream:75 - [STDERR_REDIRECT] 
2026-08-07 02:38:48,421 [ERROR] LogOutputStream:75 - [STDERR_REDIRECT] [Fatal Error] :1:1: Premature end of file.
2026-08-07 02:38:48,422 [ERROR] LogOutputStream:75 - [STDERR_REDIRECT] 
2026-08-07 02:38:49,414 [ERROR] LogOutputStream:75 - [STDERR_REDIRECT] [Fatal Error] :1:1: Premature end of file.
2026-08-07 02:38:49,414 [ERROR] LogOutputStream:75 - [STDERR_REDIRECT] 
2026-08-07 02:38:50,418 [ERROR] LogOutputStream:75 - [STDERR_REDIRECT] [Fatal Error] :1:1: Premature end of file.
2026-08-07 02:38:50,418 [ERROR] LogOutputStream:75 - [STDERR_REDIRECT] 
2026-08-07 02:38:51,419 [ERROR] LogOutputStream:75 - [STDERR_REDIRECT] [Fatal Error] :1:1: Premature end of file.
2026-08-07 02:38:51,419 [ERROR] LogOutputStream:75 - [STDERR_REDIRECT] 
2026-08-07 02:38:52,405 [ERROR] LogOutputStream:75 - [STDERR_REDIRECT] [Fatal Error] :1:1: Premature end of file.
2026-08-07 02:38:52,406 [ERROR] LogOutputStream:75 - [STDERR_REDIRECT] 
2026-08-07 02:38:53,420 [ERROR] LogOutputStream:75 - [STDERR_REDIRECT] [Fatal Error] :1:1: Premature end of file.
2026-08-07 02:38:53,420 [ERROR] LogOutputStream:75 - [STDERR_REDIRECT] 
2026-08-07 02:38:54,407 [ERROR] LogOutputStream:75 - [STDERR_REDIRECT] [Fatal Error] :1:1: Premature end of file.
2026-08-07 02:38:54,407 [ERROR] LogOutputStream:75 - [STDERR_REDIRECT] 
2026-08-07 02:38:55,421 [ERROR] LogOutputStream:75 - [STDERR_REDIRECT] [Fatal Error] :1:1: Premature end of file.
2026-08-07 02:38:55,421 [ERROR] LogOutputStream:75 - [STDERR_REDIRECT] 
2026-08-07 02:38:56,405 [ERROR] LogOutputStream:75 - [STDERR_REDIRECT] [Fatal Error] :1:1: Premature end of file.
2026-08-07 02:38:56,405 [ERROR] LogOutputStream:75 - [STDERR_REDIRECT] 
2026-08-07 02:38:57,418 [ERROR] LogOutputStream:75 - [STDERR_REDIRECT] [Fatal Error] :1:1: Premature end of file.
2026-08-07 02:38:57,418 [ERROR] LogOutputStream:75 - [STDERR_REDIRECT] 
2026-08-07 02:38:58,414 [ERROR] LogOutputStream:75 - [STDERR_REDIRECT] [Fatal Error] :1:1: Premature end of file.
2026-08-07 02:38:58,415 [ERROR] LogOutputStream:75 - [STDERR_REDIRECT] 
2026-08-07 02:38:59,412 [ERROR] LogOutputStream:75 - [STDERR_REDIRECT] [Fatal Error] :1:1: Premature end of file.
2026-08-07 02:38:59,412 [ERROR] LogOutputStream:75 - [STDERR_REDIRECT] 
2026-08-07 02:39:00,416 [ERROR] LogOutputStream:75 - [STDERR_REDIRECT] [Fatal Error] :1:1: Premature end of file.
2026-08-07 02:39:00,417 [ERROR] LogOutputStream:75 - [STDERR_REDIRECT] 
2026-08-07 02:39:01,420 [ERROR] LogOutputStream:75 - [STDERR_REDIRECT] [Fatal Error] :1:1: Premature end of file.
2026-08-07 02:39:01,420 [ERROR] LogOutputStream:75 - [STDERR_REDIRECT] 
2026-08-07 02:39:02,403 [ERROR] LogOutputStream:75 - [STDERR_REDIRECT] [Fatal Error] :1:1: Premature end of file.
2026-08-07 02:39:02,404 [ERROR] LogOutputStream:75 - [STDERR_REDIRECT] 
2026-08-07 02:39:03,411 [ERROR] LogOutputStream:75 - [STDERR_REDIRECT] [Fatal Error] :1:1: Premature end of file.
2026-08-07 02:39:03,411 [ERROR] LogOutputStream:75 - [STDERR_REDIRECT] 
2026-08-07 02:39:04,418 [ERROR] LogOutputStream:75 - [STDERR_REDIRECT] [Fatal Error] :1:1: Premature end of file.
2026-08-07 02:39:04,419 [ERROR] LogOutputStream:75 - [STDERR_REDIRECT] 
2026-08-07 02:39:05,424 [ERROR] LogOutputStream:75 - [STDERR_REDIRECT] [Fatal Error] :1:1: Premature end of file.
2026-08-07 02:39:05,424 [ERROR] LogOutputStream:75 - [STDERR_REDIRECT] 
2026-08-07 02:39:06,420 [ERROR] LogOutputStream:75 - [STDERR_REDIRECT] [Fatal Error] :1:1: Premature end of file.
2026-08-07 02:39:06,421 [ERROR] LogOutputStream:75 - [STDERR_REDIRECT] 
2026-08-07 02:39:07,419 [ERROR] LogOutputStream:75 - [STDERR_REDIRECT] [Fatal Error] :1:1: Premature end of file.
2026-08-07 02:39:07,419 [ERROR] LogOutputStream:75 - [STDERR_REDIRECT] 
2026-08-07 02:39:08,414 [ERROR] LogOutputStream:75 - [STDERR_REDIRECT] [Fatal Error] :1:1: Premature end of file.
2026-08-07 02:39:08,414 [ERROR] LogOutputStream:75 - [STDERR_REDIRECT] 
2026-08-07 02:39:09,424 [ERROR] LogOutputStream:75 - [STDERR_REDIRECT] [Fatal Error] :1:1: Premature end of file.
2026-08-07 02:39:09,424 [ERROR] LogOutputStream:75 - [STDERR_REDIRECT] 
2026-08-07 02:39:10,418 [ERROR] LogOutputStream:75 - [STDERR_REDIRECT] [Fatal Error] :1:1: Premature end of file.
2026-08-07 02:39:10,418 [ERROR] LogOutputStream:75 - [STDERR_REDIRECT] 
2026-08-07 02:39:11,421 [ERROR] LogOutputStream:75 - [STDERR_REDIRECT] [Fatal Error] :1:1: Premature end of file.
2026-08-07 02:39:11,423 [ERROR] LogOutputStream:75 - [STDERR_REDIRECT] 
2026-08-07 02:39:12,406 [ERROR] LogOutputStream:75 - [STDERR_REDIRECT] [Fatal Error] :1:1: Premature end of file.
2026-08-07 02:39:12,406 [ERROR] LogOutputStream:75 - [STDERR_REDIRECT] 
2026-08-07 02:39:13,414 [ERROR] LogOutputStream:75 - [STDERR_REDIRECT] [Fatal Error] :1:1: Premature end of file.
2026-08-07 02:39:13,415 [ERROR] LogOutputStream:75 - [STDERR_REDIRECT] 
2026-08-07 02:39:14,414 [ERROR] LogOutputStream:75 - [STDERR_REDIRECT] [Fatal Error] :1:1: Premature end of file.
2026-08-07 02:39:14,414 [ERROR] LogOutputStream:75 - [STDERR_REDIRECT] 
2026-08-07 02:39:15,416 [ERROR] LogOutputStream:75 - [STDERR_REDIRECT] [Fatal Error] :1:1: Premature end of file.
2026-08-07 02:39:15,417 [ERROR] LogOutputStream:75 - [STDERR_REDIRECT] 
2026-08-07 02:39:16,412 [ERROR] LogOutputStream:75 - [STDERR_REDIRECT] [Fatal Error] :1:1: Premature end of file.
2026-08-07 02:39:16,412 [ERROR] LogOutputStream:75 - [STDERR_REDIRECT] 
2026-08-07 02:39:17,416 [ERROR] LogOutputStream:75 - [STDERR_REDIRECT] [Fatal Error] :1:1: Premature end of file.
2026-08-07 02:39:17,416 [ERROR] LogOutputStream:75 - [STDERR_REDIRECT] 
2026-08-07 02:39:18,413 [ERROR] LogOutputStream:75 - [STDERR_REDIRECT] [Fatal Error] :1:1: Premature end of file.
2026-08-07 02:39:18,413 [ERROR] LogOutputStream:75 - [STDERR_REDIRECT] 
2026-08-07 02:39:19,437 [ERROR] LogOutputStream:75 - [STDERR_REDIRECT] [Fatal Error] :1:1: Premature end of file.
2026-08-07 02:39:19,437 [ERROR] LogOutputStream:75 - [STDERR_REDIRECT] 
2026-08-07 02:39:20,409 [ERROR] LogOutputStream:75 - [STDERR_REDIRECT] [Fatal Error] :1:1: Premature end of file.
2026-08-07 02:39:20,409 [ERROR] LogOutputStream:75 - [STDERR_REDIRECT] 
2026-08-07 02:39:21,414 [ERROR] LogOutputStream:75 - [STDERR_REDIRECT] [Fatal Error] :1:1: Premature end of file.
2026-08-07 02:39:21,414 [ERROR] LogOutputStream:75 - [STDERR_REDIRECT] 
2026-08-07 02:39:22,411 [ERROR] LogOutputStream:75 - [STDERR_REDIRECT] [Fatal Error] :1:1: Premature end of file.
2026-08-07 02:39:22,411 [ERROR] LogOutputStream:75 - [STDERR_REDIRECT] 
2026-08-07 02:39:23,409 [ERROR] LogOutputStream:75 - [STDERR_REDIRECT] [Fatal Error] :1:1: Premature end of file.
2026-08-07 02:39:23,409 [ERROR] LogOutputStream:75 - [STDERR_REDIRECT] 
2026-08-07 02:39:24,401 [ERROR] LogOutputStream:75 - [STDERR_REDIRECT] [Fatal Error] :1:1: Premature end of file.
2026-08-07 02:39:24,401 [ERROR] LogOutputStream:75 - [STDERR_REDIRECT] 
2026-08-07 02:39:25,406 [ERROR] LogOutputStream:75 - [STDERR_REDIRECT] [Fatal Error] :1:1: Premature end of file.
2026-08-07 02:39:25,407 [ERROR] LogOutputStream:75 - [STDERR_REDIRECT] 
2026-08-07 02:39:26,403 [ERROR] LogOutputStream:75 - [STDERR_REDIRECT] [Fatal Error] :1:1: Premature end of file.
2026-08-07 02:39:26,403 [ERROR] LogOutputStream:75 - [STDERR_REDIRECT] 
2026-08-07 02:39:27,421 [ERROR] LogOutputStream:75 - [STDERR_REDIRECT] [Fatal Error] :1:1: Premature end of file.
2026-08-07 02:39:27,421 [ERROR] LogOutputStream:75 - [STDERR_REDIRECT] 
2026-08-07 02:39:28,419 [ERROR] LogOutputStream:75 - [STDERR_REDIRECT] [Fatal Error] :1:1: Premature end of file.
2026-08-07 02:39:28,419 [ERROR] LogOutputStream:75 - [STDERR_REDIRECT] 
2026-08-07 02:39:29,419 [ERROR] LogOutputStream:75 - [STDERR_REDIRECT] [Fatal Error] :1:1: Premature end of file.
2026-08-07 02:39:29,419 [ERROR] LogOutputStream:75 - [STDERR_REDIRECT] 
2026-08-07 02:39:30,406 [ERROR] LogOutputStream:75 - [STDERR_REDIRECT] [Fatal Error] :1:1: Premature end of file.
2026-08-07 02:39:30,406 [ERROR] LogOutputStream:75 - [STDERR_REDIRECT] 
2026-08-07 02:39:31,421 [ERROR] LogOutputStream:75 - [STDERR_REDIRECT] [Fatal Error] :1:1: Premature end of file.
2026-08-07 02:39:31,421 [ERROR] LogOutputStream:75 - [STDERR_REDIRECT] 
2026-08-07 02:39:32,415 [ERROR] LogOutputStream:75 - [STDERR_REDIRECT] [Fatal Error] :1:1: Premature end of file.
2026-08-07 02:39:32,415 [ERROR] LogOutputStream:75 - [STDERR_REDIRECT] 
2026-08-07 02:39:33,413 [ERROR] LogOutputStream:75 - [STDERR_REDIRECT] [Fatal Error] :1:1: Premature end of file.
2026-08-07 02:39:33,413 [ERROR] LogOutputStream:75 - [STDERR_REDIRECT] 
2026-08-07 02:39:34,415 [ERROR] LogOutputStream:75 - [STDERR_REDIRECT] [Fatal Error] :1:1: Premature end of file.
2026-08-07 02:39:34,416 [ERROR] LogOutputStream:75 - [STDERR_REDIRECT] 
2026-08-07 02:39:35,409 [ERROR] LogOutputStream:75 - [STDERR_REDIRECT] [Fatal Error] :1:1: Premature end of file.
2026-08-07 02:39:35,409 [ERROR] LogOutputStream:75 - [STDERR_REDIRECT] 
2026-08-07 02:39:36,401 [ERROR] LogOutputStream:75 - [STDERR_REDIRECT] [Fatal Error] :1:1: Premature end of file.
2026-08-07 02:39:36,401 [ERROR] LogOutputStream:75 - [STDERR_REDIRECT] 
2026-08-07 02:39:37,418 [ERROR] LogOutputStream:75 - [STDERR_REDIRECT] [Fatal Error] :1:1: Premature end of file.
2026-08-07 02:39:37,418 [ERROR] LogOutputStream:75 - [STDERR_REDIRECT] 
2026-08-07 02:39:38,404 [ERROR] LogOutputStream:75 - [STDERR_REDIRECT] [Fatal Error] :1:1: Premature end of file.
2026-08-07 02:39:38,404 [ERROR] LogOutputStream:75 - [STDERR_REDIRECT] 
2026-08-07 02:39:39,407 [ERROR] LogOutputStream:75 - [STDERR_REDIRECT] [Fatal Error] :1:1: Premature end of file.
2026-08-07 02:39:39,407 [ERROR] LogOutputStream:75 - [STDERR_REDIRECT] 
2026-08-07 02:39:40,411 [ERROR] LogOutputStream:75 - [STDERR_REDIRECT] [Fatal Error] :1:1: Premature end of file.
2026-08-07 02:39:40,411 [ERROR] LogOutputStream:75 - [STDERR_REDIRECT] 
2026-08-07 02:39:41,411 [ERROR] LogOutputStream:75 - [STDERR_REDIRECT] [Fatal Error] :1:1: Premature end of file.
2026-08-07 02:39:41,411 [ERROR] LogOutputStream:75 - [STDERR_REDIRECT] 
2026-08-07 02:39:42,406 [ERROR] LogOutputStream:75 - [STDERR_REDIRECT] [Fatal Error] :1:1: Premature end of file.
2026-08-07 02:39:42,407 [ERROR] LogOutputStream:75 - [STDERR_REDIRECT] 
2026-08-07 02:39:43,405 [ERROR] LogOutputStream:75 - [STDERR_REDIRECT] [Fatal Error] :1:1: Premature end of file.
2026-08-07 02:39:43,405 [ERROR] LogOutputStream:75 - [STDERR_REDIRECT] 
2026-08-07 02:39:44,407 [ERROR] LogOutputStream:75 - [STDERR_REDIRECT] [Fatal Error] :1:1: Premature end of file.
2026-08-07 02:39:44,407 [ERROR] LogOutputStream:75 - [STDERR_REDIRECT] 
2026-08-07 02:39:45,401 [ERROR] LogOutputStream:75 - [STDERR_REDIRECT] [Fatal Error] :1:1: Premature end of file.
2026-08-07 02:39:45,411 [ERROR] LogOutputStream:75 - [STDERR_REDIRECT] 
2026-08-07 02:39:46,420 [ERROR] LogOutputStream:75 - [STDERR_REDIRECT] [Fatal Error] :1:1: Premature end of file.
2026-08-07 02:39:46,420 [ERROR] LogOutputStream:75 - [STDERR_REDIRECT] 
2026-08-07 02:39:47,407 [ERROR] LogOutputStream:75 - [STDERR_REDIRECT] [Fatal Error] :1:1: Premature end of file.
2026-08-07 02:39:47,407 [ERROR] LogOutputStream:75 - [STDERR_REDIRECT] 
2026-08-07 02:39:48,415 [ERROR] LogOutputStream:75 - [STDERR_REDIRECT] [Fatal Error] :1:1: Premature end of file.
2026-08-07 02:39:48,415 [ERROR] LogOutputStream:75 - [STDERR_REDIRECT] 
2026-08-07 02:39:49,408 [ERROR] LogOutputStream:75 - [STDERR_REDIRECT] [Fatal Error] :1:1: Premature end of file.
2026-08-07 02:39:49,408 [ERROR] LogOutputStream:75 - [STDERR_REDIRECT] 
2026-08-07 02:39:50,406 [ERROR] LogOutputStream:75 - [STDERR_REDIRECT] [Fatal Error] :1:1: Premature end of file.
2026-08-07 02:39:50,406 [ERROR] LogOutputStream:75 - [STDERR_REDIRECT] 
2026-08-07 02:39:51,402 [ERROR] LogOutputStream:75 - [STDERR_REDIRECT] [Fatal Error] :1:1: Premature end of file.
2026-08-07 02:39:51,402 [ERROR] LogOutputStream:75 - [STDERR_REDIRECT] 
2026-08-07 02:39:52,414 [ERROR] LogOutputStream:75 - [STDERR_REDIRECT] [Fatal Error] :1:1: Premature end of file.
2026-08-07 02:39:52,414 [ERROR] LogOutputStream:75 - [STDERR_REDIRECT] 
2026-08-07 02:39:53,424 [ERROR] LogOutputStream:75 - [STDERR_REDIRECT] [Fatal Error] :1:1: Premature end of file.
2026-08-07 02:39:53,424 [ERROR] LogOutputStream:75 - [STDERR_REDIRECT] 
2026-08-07 02:39:54,408 [ERROR] LogOutputStream:75 - [STDERR_REDIRECT] [Fatal Error] :1:1: Premature end of file.
2026-08-07 02:39:54,409 [ERROR] LogOutputStream:75 - [STDERR_REDIRECT] 
2026-08-07 02:39:55,413 [ERROR] LogOutputStream:75 - [STDERR_REDIRECT] [Fatal Error] :1:1: Premature end of file.
2026-08-07 02:39:55,413 [ERROR] LogOutputStream:75 - [STDERR_REDIRECT] 
2026-08-07 02:39:56,417 [ERROR] LogOutputStream:75 - [STDERR_REDIRECT] [Fatal Error] :1:1: Premature end of file.
2026-08-07 02:39:56,417 [ERROR] LogOutputStream:75 - [STDERR_REDIRECT] 
2026-08-07 02:39:57,420 [ERROR] LogOutputStream:75 - [STDERR_REDIRECT] [Fatal Error] :1:1: Premature end of file.
2026-08-07 02:39:57,421 [ERROR] LogOutputStream:75 - [STDERR_REDIRECT] 
2026-08-07 02:39:58,411 [ERROR] LogOutputStream:75 - [STDERR_REDIRECT] [Fatal Error] :1:1: Premature end of file.
2026-08-07 02:39:58,411 [ERROR] LogOutputStream:75 - [STDERR_REDIRECT] 
2026-08-07 02:39:59,408 [ERROR] LogOutputStream:75 - [STDERR_REDIRECT] [Fatal Error] :1:1: Premature end of file.
2026-08-07 02:39:59,408 [ERROR] LogOutputStream:75 - [STDERR_REDIRECT] 
2026-08-07 02:40:00,419 [ERROR] LogOutputStream:75 - [STDERR_REDIRECT] [Fatal Error] :1:1: Premature end of file.
2026-08-07 02:40:00,419 [ERROR] LogOutputStream:75 - [STDERR_REDIRECT] 
2026-08-07 02:40:01,409 [ERROR] LogOutputStream:75 - [STDERR_REDIRECT] [Fatal Error] :1:1: Premature end of file.
2026-08-07 02:40:01,409 [ERROR] LogOutputStream:75 - [STDERR_REDIRECT] 
2026-08-07 02:40:02,416 [ERROR] LogOutputStream:75 - [STDERR_REDIRECT] [Fatal Error] :1:1: Premature end of file.
2026-08-07 02:40:02,416 [ERROR] LogOutputStream:75 - [STDERR_REDIRECT] 
2026-08-07 02:40:03,408 [ERROR] LogOutputStream:75 - [STDERR_REDIRECT] [Fatal Error] :1:1: Premature end of file.
2026-08-07 02:40:03,408 [ERROR] LogOutputStream:75 - [STDERR_REDIRECT] 
2026-08-07 02:40:04,417 [ERROR] LogOutputStream:75 - [STDERR_REDIRECT] [Fatal Error] :1:1: Premature end of file.
2026-08-07 02:40:04,417 [ERROR] LogOutputStream:75 - [STDERR_REDIRECT] 
2026-08-07 02:40:05,414 [ERROR] LogOutputStream:75 - [STDERR_REDIRECT] [Fatal Error] :1:1: Premature end of file.
2026-08-07 02:40:05,415 [ERROR] LogOutputStream:75 - [STDERR_REDIRECT] 
2026-08-07 02:40:06,407 [ERROR] LogOutputStream:75 - [STDERR_REDIRECT] [Fatal Error] :1:1: Premature end of file.
2026-08-07 02:40:06,408 [ERROR] LogOutputStream:75 - [STDERR_REDIRECT] 
2026-08-07 02:40:07,409 [ERROR] LogOutputStream:75 - [STDERR_REDIRECT] [Fatal Error] :1:1: Premature end of file.
2026-08-07 02:40:07,409 [ERROR] LogOutputStream:75 - [STDERR_REDIRECT] 
2026-08-07 02:40:08,409 [ERROR] LogOutputStream:75 - [STDERR_REDIRECT] [Fatal Error] :1:1: Premature end of file.
2026-08-07 02:40:08,409 [ERROR] LogOutputStream:75 - [STDERR_REDIRECT] 
2026-08-07 02:40:09,412 [ERROR] LogOutputStream:75 - [STDERR_REDIRECT] [Fatal Error] :1:1: Premature end of file.
2026-08-07 02:40:09,412 [ERROR] LogOutputStream:75 - [STDERR_REDIRECT] 
2026-08-07 02:40:10,415 [ERROR] LogOutputStream:75 - [STDERR_REDIRECT] [Fatal Error] :1:1: Premature end of file.
2026-08-07 02:40:10,415 [ERROR] LogOutputStream:75 - [STDERR_REDIRECT] 
2026-08-07 02:40:11,415 [ERROR] LogOutputStream:75 - [STDERR_REDIRECT] [Fatal Error] :1:1: Premature end of file.
2026-08-07 02:40:11,415 [ERROR] LogOutputStream:75 - [STDERR_REDIRECT] 
2026-08-07 02:40:12,408 [ERROR] LogOutputStream:75 - [STDERR_REDIRECT] [Fatal Error] :1:1: Premature end of file.
2026-08-07 02:40:12,409 [ERROR] LogOutputStream:75 - [STDERR_REDIRECT] 
2026-08-07 02:40:13,417 [ERROR] LogOutputStream:75 - [STDERR_REDIRECT] [Fatal Error] :1:1: Premature end of file.
2026-08-07 02:40:13,417 [ERROR] LogOutputStream:75 - [STDERR_REDIRECT] 
2026-08-07 02:40:14,412 [ERROR] LogOutputStream:75 - [STDERR_REDIRECT] [Fatal Error] :1:1: Premature end of file.
2026-08-07 02:40:14,412 [ERROR] LogOutputStream:75 - [STDERR_REDIRECT] 
2026-08-07 02:40:15,418 [ERROR] LogOutputStream:75 - [STDERR_REDIRECT] [Fatal Error] :1:1: Premature end of file.
2026-08-07 02:40:15,418 [ERROR] LogOutputStream:75 - [STDERR_REDIRECT] 
2026-08-07 02:40:16,416 [ERROR] LogOutputStream:75 - [STDERR_REDIRECT] [Fatal Error] :1:1: Premature end of file.
2026-08-07 02:40:16,416 [ERROR] LogOutputStream:75 - [STDERR_REDIRECT] 
2026-08-07 02:40:17,407 [ERROR] LogOutputStream:75 - [STDERR_REDIRECT] [Fatal Error] :1:1: Premature end of file.
2026-08-07 02:40:17,407 [ERROR] LogOutputStream:75 - [STDERR_REDIRECT] 
2026-08-07 02:40:18,411 [ERROR] LogOutputStream:75 - [STDERR_REDIRECT] [Fatal Error] :1:1: Premature end of file.
2026-08-07 02:40:18,411 [ERROR] LogOutputStream:75 - [STDERR_REDIRECT] 
2026-08-07 02:40:19,436 [ERROR] LogOutputStream:75 - [STDERR_REDIRECT] [Fatal Error] :1:1: Premature end of file.
2026-08-07 02:40:19,437 [ERROR] LogOutputStream:75 - [STDERR_REDIRECT] 
2026-08-07 02:40:20,413 [ERROR] LogOutputStream:75 - [STDERR_REDIRECT] [Fatal Error] :1:1: Premature end of file.
2026-08-07 02:40:20,413 [ERROR] LogOutputStream:75 - [STDERR_REDIRECT] 
2026-08-07 02:40:21,417 [ERROR] LogOutputStream:75 - [STDERR_REDIRECT] [Fatal Error] :1:1: Premature end of file.
2026-08-07 02:40:21,417 [ERROR] LogOutputStream:75 - [STDERR_REDIRECT] 
2026-08-07 02:40:22,412 [ERROR] LogOutputStream:75 - [STDERR_REDIRECT] [Fatal Error] :1:1: Premature end of file.
2026-08-07 02:40:22,412 [ERROR] LogOutputStream:75 - [STDERR_REDIRECT] 
2026-08-07 02:40:23,408 [ERROR] LogOutputStream:75 - [STDERR_REDIRECT] [Fatal Error] :1:1: Premature end of file.
2026-08-07 02:40:23,408 [ERROR] LogOutputStream:75 - [STDERR_REDIRECT] 
2026-08-07 02:40:24,410 [ERROR] LogOutputStream:75 - [STDERR_REDIRECT] [Fatal Error] :1:1: Premature end of file.
2026-08-07 02:40:24,411 [ERROR] LogOutputStream:75 - [STDERR_REDIRECT] 
2026-08-07 02:40:25,422 [ERROR] LogOutputStream:75 - [STDERR_REDIRECT] [Fatal Error] :1:1: Premature end of file.
2026-08-07 02:40:25,422 [ERROR] LogOutputStream:75 - [STDERR_REDIRECT] 
2026-08-07 02:40:26,410 [ERROR] LogOutputStream:75 - [STDERR_REDIRECT] [Fatal Error] :1:1: Premature end of file.
2026-08-07 02:40:26,410 [ERROR] LogOutputStream:75 - [STDERR_REDIRECT] 
2026-08-07 02:40:27,423 [ERROR] LogOutputStream:75 - [STDERR_REDIRECT] [Fatal Error] :1:1: Premature end of file.
2026-08-07 02:40:27,423 [ERROR] LogOutputStream:75 - [STDERR_REDIRECT] 
2026-08-07 02:40:28,415 [ERROR] LogOutputStream:75 - [STDERR_REDIRECT] [Fatal Error] :1:1: Premature end of file.
2026-08-07 02:40:28,416 [ERROR] LogOutputStream:75 - [STDERR_REDIRECT] 
2026-08-07 02:40:29,419 [ERROR] LogOutputStream:75 - [STDERR_REDIRECT] [Fatal Error] :1:1: Premature end of file.
2026-08-07 02:40:29,419 [ERROR] LogOutputStream:75 - [STDERR_REDIRECT] 
2026-08-07 02:40:30,405 [ERROR] LogOutputStream:75 - [STDERR_REDIRECT] [Fatal Error] :1:1: Premature end of file.
2026-08-07 02:40:30,406 [ERROR] LogOutputStream:75 - [STDERR_REDIRECT] 
2026-08-07 02:40:31,414 [ERROR] LogOutputStream:75 - [STDERR_REDIRECT] [Fatal Error] :1:1: Premature end of file.
2026-08-07 02:40:31,414 [ERROR] LogOutputStream:75 - [STDERR_REDIRECT] 
2026-08-07 02:40:32,410 [ERROR] LogOutputStream:75 - [STDERR_REDIRECT] [Fatal Error] :1:1: Premature end of file.
2026-08-07 02:40:32,410 [ERROR] LogOutputStream:75 - [STDERR_REDIRECT] 
2026-08-07 02:40:33,405 [ERROR] LogOutputStream:75 - [STDERR_REDIRECT] [Fatal Error] :1:1: Premature end of file.
2026-08-07 02:40:33,406 [ERROR] LogOutputStream:75 - [STDERR_REDIRECT] 
2026-08-07 02:40:34,421 [ERROR] LogOutputStream:75 - [STDERR_REDIRECT] [Fatal Error] :1:1: Premature end of file.
2026-08-07 02:40:34,422 [ERROR] LogOutputStream:75 - [STDERR_REDIRECT] 
2026-08-07 02:40:35,410 [ERROR] LogOutputStream:75 - [STDERR_REDIRECT] [Fatal Error] :1:1: Premature end of file.
2026-08-07 02:40:35,410 [ERROR] LogOutputStream:75 - [STDERR_REDIRECT] 
2026-08-07 02:40:36,421 [ERROR] LogOutputStream:75 - [STDERR_REDIRECT] [Fatal Error] :1:1: Premature end of file.
2026-08-07 02:40:36,421 [ERROR] LogOutputStream:75 - [STDERR_REDIRECT] 
2026-08-07 02:40:37,420 [ERROR] LogOutputStream:75 - [STDERR_REDIRECT] [Fatal Error] :1:1: Premature end of file.
2026-08-07 02:40:37,421 [ERROR] LogOutputStream:75 - [STDERR_REDIRECT] 
2026-08-07 02:40:38,414 [ERROR] LogOutputStream:75 - [STDERR_REDIRECT] [Fatal Error] :1:1: Premature end of file.
2026-08-07 02:40:38,414 [ERROR] LogOutputStream:75 - [STDERR_REDIRECT] 
2026-08-07 02:40:39,419 [ERROR] LogOutputStream:75 - [STDERR_REDIRECT] [Fatal Error] :1:1: Premature end of file.
2026-08-07 02:40:39,419 [ERROR] LogOutputStream:75 - [STDERR_REDIRECT] 
2026-08-07 02:40:40,424 [ERROR] LogOutputStream:75 - [STDERR_REDIRECT] [Fatal Error] :1:1: Premature end of file.
2026-08-07 02:40:40,424 [ERROR] LogOutputStream:75 - [STDERR_REDIRECT] 
2026-08-07 02:40:41,419 [ERROR] LogOutputStream:75 - [STDERR_REDIRECT] [Fatal Error] :1:1: Premature end of file.
2026-08-07 02:40:41,419 [ERROR] LogOutputStream:75 - [STDERR_REDIRECT] 
2026-08-07 02:40:42,417 [ERROR] LogOutputStream:75 - [STDERR_REDIRECT] [Fatal Error] :1:1: Premature end of file.
2026-08-07 02:40:42,417 [ERROR] LogOutputStream:75 - [STDERR_REDIRECT] 
2026-08-07 02:40:43,409 [ERROR] LogOutputStream:75 - [STDERR_REDIRECT] [Fatal Error] :1:1: Premature end of file.
2026-08-07 02:40:43,409 [ERROR] LogOutputStream:75 - [STDERR_REDIRECT] 
2026-08-07 02:40:44,419 [ERROR] LogOutputStream:75 - [STDERR_REDIRECT] [Fatal Error] :1:1: Premature end of file.
2026-08-07 02:40:44,419 [ERROR] LogOutputStream:75 - [STDERR_REDIRECT] 
2026-08-07 02:40:45,409 [ERROR] LogOutputStream:75 - [STDERR_REDIRECT] [Fatal Error] :1:1: Premature end of file.
2026-08-07 02:40:45,409 [ERROR] LogOutputStream:75 - [STDERR_REDIRECT] 
2026-08-07 02:40:46,404 [ERROR] LogOutputStream:75 - [STDERR_REDIRECT] [Fatal Error] :1:1: Premature end of file.
2026-08-07 02:40:46,404 [ERROR] LogOutputStream:75 - [STDERR_REDIRECT] 
2026-08-07 02:40:47,418 [ERROR] LogOutputStream:75 - [STDERR_REDIRECT] [Fatal Error] :1:1: Premature end of file.
2026-08-07 02:40:47,418 [ERROR] LogOutputStream:75 - [STDERR_REDIRECT] 
2026-08-07 02:40:48,419 [ERROR] LogOutputStream:75 - [STDERR_REDIRECT] [Fatal Error] :1:1: Premature end of file.
2026-08-07 02:40:48,419 [ERROR] LogOutputStream:75 - [STDERR_REDIRECT] 
2026-08-07 02:40:49,434 [ERROR] LogOutputStream:75 - [STDERR_REDIRECT] [Fatal Error] :1:1: Premature end of file.
2026-08-07 02:40:49,435 [ERROR] LogOutputStream:75 - [STDERR_REDIRECT] 
2026-08-07 02:40:50,415 [ERROR] LogOutputStream:75 - [STDERR_REDIRECT] [Fatal Error] :1:1: Premature end of file.
2026-08-07 02:40:50,415 [ERROR] LogOutputStream:75 - [STDERR_REDIRECT] 
2026-08-07 02:40:51,408 [ERROR] LogOutputStream:75 - [STDERR_REDIRECT] [Fatal Error] :1:1: Premature end of file.
2026-08-07 02:40:51,409 [ERROR] LogOutputStream:75 - [STDERR_REDIRECT] 
2026-08-07 02:40:52,418 [ERROR] LogOutputStream:75 - [STDERR_REDIRECT] [Fatal Error] :1:1: Premature end of file.
2026-08-07 02:40:52,418 [ERROR] LogOutputStream:75 - [STDERR_REDIRECT] 
2026-08-07 02:40:53,419 [ERROR] LogOutputStream:75 - [STDERR_REDIRECT] [Fatal Error] :1:1: Premature end of file.
2026-08-07 02:40:53,419 [ERROR] LogOutputStream:75 - [STDERR_REDIRECT] 
2026-08-07 02:40:54,425 [ERROR] LogOutputStream:75 - [STDERR_REDIRECT] [Fatal Error] :1:1: Premature end of file.
2026-08-07 02:40:54,425 [ERROR] LogOutputStream:75 - [STDERR_REDIRECT] 
2026-08-07 02:40:55,406 [ERROR] LogOutputStream:75 - [STDERR_REDIRECT] [Fatal Error] :1:1: Premature end of file.
2026-08-07 02:40:55,406 [ERROR] LogOutputStream:75 - [STDERR_REDIRECT] 
2026-08-07 02:40:56,418 [ERROR] LogOutputStream:75 - [STDERR_REDIRECT] [Fatal Error] :1:1: Premature end of file.
2026-08-07 02:40:56,418 [ERROR] LogOutputStream:75 - [STDERR_REDIRECT] 
2026-08-07 02:40:57,419 [ERROR] LogOutputStream:75 - [STDERR_REDIRECT] [Fatal Error] :1:1: Premature end of file.
2026-08-07 02:40:57,420 [ERROR] LogOutputStream:75 - [STDERR_REDIRECT] 
2026-08-07 02:40:58,418 [ERROR] LogOutputStream:75 - [STDERR_REDIRECT] [Fatal Error] :1:1: Premature end of file.
2026-08-07 02:40:58,418 [ERROR] LogOutputStream:75 - [STDERR_REDIRECT] 
2026-08-07 02:40:59,418 [ERROR] LogOutputStream:75 - [STDERR_REDIRECT] [Fatal Error] :1:1: Premature end of file.
2026-08-07 02:40:59,418 [ERROR] LogOutputStream:75 - [STDERR_REDIRECT] 
2026-08-07 02:41:00,413 [ERROR] LogOutputStream:75 - [STDERR_REDIRECT] [Fatal Error] :1:1: Premature end of file.
2026-08-07 02:41:00,413 [ERROR] LogOutputStream:75 - [STDERR_REDIRECT] 
2026-08-07 02:41:01,410 [ERROR] LogOutputStream:75 - [STDERR_REDIRECT] [Fatal Error] :1:1: Premature end of file.
2026-08-07 02:41:01,410 [ERROR] LogOutputStream:75 - [STDERR_REDIRECT] 
2026-08-07 02:41:02,408 [ERROR] LogOutputStream:75 - [STDERR_REDIRECT] [Fatal Error] :1:1: Premature end of file.
2026-08-07 02:41:02,408 [ERROR] LogOutputStream:75 - [STDERR_REDIRECT] 
2026-08-07 02:41:03,406 [ERROR] LogOutputStream:75 - [STDERR_REDIRECT] [Fatal Error] :1:1: Premature end of file.
2026-08-07 02:41:03,406 [ERROR] LogOutputStream:75 - [STDERR_REDIRECT] 
2026-08-07 02:41:04,411 [ERROR] LogOutputStream:75 - [STDERR_REDIRECT] [Fatal Error] :1:1: Premature end of file.
2026-08-07 02:41:04,411 [ERROR] LogOutputStream:75 - [STDERR_REDIRECT] 
2026-08-07 02:41:05,408 [ERROR] LogOutputStream:75 - [STDERR_REDIRECT] [Fatal Error] :1:1: Premature end of file.
2026-08-07 02:41:05,408 [ERROR] LogOutputStream:75 - [STDERR_REDIRECT] 
2026-08-07 02:41:06,416 [ERROR] LogOutputStream:75 - [STDERR_REDIRECT] [Fatal Error] :1:1: Premature end of file.
2026-08-07 02:41:06,416 [ERROR] LogOutputStream:75 - [STDERR_REDIRECT] 
2026-08-07 02:41:07,414 [ERROR] LogOutputStream:75 - [STDERR_REDIRECT] [Fatal Error] :1:1: Premature end of file.
2026-08-07 02:41:07,414 [ERROR] LogOutputStream:75 - [STDERR_REDIRECT] 
2026-08-07 02:41:08,417 [ERROR] LogOutputStream:75 - [STDERR_REDIRECT] [Fatal Error] :1:1: Premature end of file.
2026-08-07 02:41:08,417 [ERROR] LogOutputStream:75 - [STDERR_REDIRECT] 
2026-08-07 02:41:09,416 [ERROR] LogOutputStream:75 - [STDERR_REDIRECT] [Fatal Error] :1:1: Premature end of file.
2026-08-07 02:41:09,416 [ERROR] LogOutputStream:75 - [STDERR_REDIRECT] 
2026-08-07 02:41:10,416 [ERROR] LogOutputStream:75 - [STDERR_REDIRECT] [Fatal Error] :1:1: Premature end of file.
2026-08-07 02:41:10,416 [ERROR] LogOutputStream:75 - [STDERR_REDIRECT] 
2026-08-07 02:41:11,404 [ERROR] LogOutputStream:75 - [STDERR_REDIRECT] [Fatal Error] :1:1: Premature end of file.
2026-08-07 02:41:11,404 [ERROR] LogOutputStream:75 - [STDERR_REDIRECT] 
2026-08-07 02:41:12,418 [ERROR] LogOutputStream:75 - [STDERR_REDIRECT] [Fatal Error] :1:1: Premature end of file.
2026-08-07 02:41:12,418 [ERROR] LogOutputStream:75 - [STDERR_REDIRECT] 
2026-08-07 02:41:13,408 [ERROR] LogOutputStream:75 - [STDERR_REDIRECT] [Fatal Error] :1:1: Premature end of file.
2026-08-07 02:41:13,408 [ERROR] LogOutputStream:75 - [STDERR_REDIRECT] 
2026-08-07 02:41:14,408 [ERROR] LogOutputStream:75 - [STDERR_REDIRECT] [Fatal Error] :1:1: Premature end of file.
2026-08-07 02:41:14,409 [ERROR] LogOutputStream:75 - [STDERR_REDIRECT] 
2026-08-07 02:41:15,412 [ERROR] LogOutputStream:75 - [STDERR_REDIRECT] [Fatal Error] :1:1: Premature end of file.
2026-08-07 02:41:15,412 [ERROR] LogOutputStream:75 - [STDERR_REDIRECT] 
2026-08-07 02:41:16,415 [ERROR] LogOutputStream:75 - [STDERR_REDIRECT] [Fatal Error] :1:1: Premature end of file.
2026-08-07 02:41:16,415 [ERROR] LogOutputStream:75 - [STDERR_REDIRECT] 
2026-08-07 02:41:17,416 [ERROR] LogOutputStream:75 - [STDERR_REDIRECT] [Fatal Error] :1:1: Premature end of file.
2026-08-07 02:41:17,416 [ERROR] LogOutputStream:75 - [STDERR_REDIRECT] 
2026-08-07 02:41:18,418 [ERROR] LogOutputStream:75 - [STDERR_REDIRECT] [Fatal Error] :1:1: Premature end of file.
2026-08-07 02:41:18,418 [ERROR] LogOutputStream:75 - [STDERR_REDIRECT] 
2026-08-07 02:41:19,413 [ERROR] LogOutputStream:75 - [STDERR_REDIRECT] [Fatal Error] :1:1: Premature end of file.
2026-08-07 02:41:19,413 [ERROR] LogOutputStream:75 - [STDERR_REDIRECT] 
2026-08-07 02:41:20,404 [ERROR] LogOutputStream:75 - [STDERR_REDIRECT] [Fatal Error] :1:1: Premature end of file.
2026-08-07 02:41:20,404 [ERROR] LogOutputStream:75 - [STDERR_REDIRECT] 
2026-08-07 02:41:21,416 [ERROR] LogOutputStream:75 - [STDERR_REDIRECT] [Fatal Error] :1:1: Premature end of file.
2026-08-07 02:41:21,416 [ERROR] LogOutputStream:75 - [STDERR_REDIRECT] 
2026-08-07 02:41:22,418 [ERROR] LogOutputStream:75 - [STDERR_REDIRECT] [Fatal Error] :1:1: Premature end of file.
2026-08-07 02:41:22,418 [ERROR] LogOutputStream:75 - [STDERR_REDIRECT] 
2026-08-07 02:41:23,413 [ERROR] LogOutputStream:75 - [STDERR_REDIRECT] [Fatal Error] :1:1: Premature end of file.
2026-08-07 02:41:23,414 [ERROR] LogOutputStream:75 - [STDERR_REDIRECT] 
2026-08-07 02:41:24,419 [ERROR] LogOutputStream:75 - [STDERR_REDIRECT] [Fatal Error] :1:1: Premature end of file.
2026-08-07 02:41:24,419 [ERROR] LogOutputStream:75 - [STDERR_REDIRECT] 
2026-08-07 02:41:25,408 [ERROR] LogOutputStream:75 - [STDERR_REDIRECT] [Fatal Error] :1:1: Premature end of file.
2026-08-07 02:41:25,409 [ERROR] LogOutputStream:75 - [STDERR_REDIRECT] 
2026-08-07 02:41:26,417 [ERROR] LogOutputStream:75 - [STDERR_REDIRECT] [Fatal Error] :1:1: Premature end of file.
2026-08-07 02:41:26,418 [ERROR] LogOutputStream:75 - [STDERR_REDIRECT] 
2026-08-07 02:41:27,403 [ERROR] LogOutputStream:75 - [STDERR_REDIRECT] [Fatal Error] :1:1: Premature end of file.
2026-08-07 02:41:27,403 [ERROR] LogOutputStream:75 - [STDERR_REDIRECT] 
2026-08-07 02:41:28,409 [ERROR] LogOutputStream:75 - [STDERR_REDIRECT] [Fatal Error] :1:1: Premature end of file.
2026-08-07 02:41:28,410 [ERROR] LogOutputStream:75 - [STDERR_REDIRECT] 
2026-08-07 02:41:29,416 [ERROR] LogOutputStream:75 - [STDERR_REDIRECT] [Fatal Error] :1:1: Premature end of file.
2026-08-07 02:41:29,416 [ERROR] LogOutputStream:75 - [STDERR_REDIRECT] 
2026-08-07 02:41:30,407 [ERROR] LogOutputStream:75 - [STDERR_REDIRECT] [Fatal Error] :1:1: Premature end of file.
2026-08-07 02:41:30,407 [ERROR] LogOutputStream:75 - [STDERR_REDIRECT] 
2026-08-07 02:41:31,413 [ERROR] LogOutputStream:75 - [STDERR_REDIRECT] [Fatal Error] :1:1: Premature end of file.
2026-08-07 02:41:31,413 [ERROR] LogOutputStream:75 - [STDERR_REDIRECT] 
2026-08-07 02:41:32,414 [ERROR] LogOutputStream:75 - [STDERR_REDIRECT] [Fatal Error] :1:1: Premature end of file.
2026-08-07 02:41:32,414 [ERROR] LogOutputStream:75 - [STDERR_REDIRECT] 
2026-08-07 02:41:33,402 [ERROR] LogOutputStream:75 - [STDERR_REDIRECT] [Fatal Error] :1:1: Premature end of file.
2026-08-07 02:41:33,402 [ERROR] LogOutputStream:75 - [STDERR_REDIRECT] 
2026-08-07 02:41:34,414 [ERROR] LogOutputStream:75 - [STDERR_REDIRECT] [Fatal Error] :1:1: Premature end of file.
2026-08-07 02:41:34,414 [ERROR] LogOutputStream:75 - [STDERR_REDIRECT] 
2026-08-07 02:41:35,402 [ERROR] LogOutputStream:75 - [STDERR_REDIRECT] [Fatal Error] :1:1: Premature end of file.
2026-08-07 02:41:35,402 [ERROR] LogOutputStream:75 - [STDERR_REDIRECT] 
2026-08-07 02:41:36,420 [ERROR] LogOutputStream:75 - [STDERR_REDIRECT] [Fatal Error] :1:1: Premature end of file.
2026-08-07 02:41:36,420 [ERROR] LogOutputStream:75 - [STDERR_REDIRECT] 
2026-08-07 02:41:37,404 [ERROR] LogOutputStream:75 - [STDERR_REDIRECT] [Fatal Error] :1:1: Premature end of file.
2026-08-07 02:41:37,404 [ERROR] LogOutputStream:75 - [STDERR_REDIRECT] 
2026-08-07 02:41:38,403 [ERROR] LogOutputStream:75 - [STDERR_REDIRECT] [Fatal Error] :1:1: Premature end of file.
2026-08-07 02:41:38,403 [ERROR] LogOutputStream:75 - [STDERR_REDIRECT] 
2026-08-07 02:41:39,411 [ERROR] LogOutputStream:75 - [STDERR_REDIRECT] [Fatal Error] :1:1: Premature end of file.
2026-08-07 02:41:39,411 [ERROR] LogOutputStream:75 - [STDERR_REDIRECT] 
2026-08-07 02:41:40,405 [ERROR] LogOutputStream:75 - [STDERR_REDIRECT] [Fatal Error] :1:1: Premature end of file.
2026-08-07 02:41:40,405 [ERROR] LogOutputStream:75 - [STDERR_REDIRECT] 
2026-08-07 02:41:41,408 [ERROR] LogOutputStream:75 - [STDERR_REDIRECT] [Fatal Error] :1:1: Premature end of file.
2026-08-07 02:41:41,408 [ERROR] LogOutputStream:75 - [STDERR_REDIRECT] 
2026-08-07 02:41:42,411 [ERROR] LogOutputStream:75 - [STDERR_REDIRECT] [Fatal Error] :1:1: Premature end of file.
2026-08-07 02:41:42,411 [ERROR] LogOutputStream:75 - [STDERR_REDIRECT] 
2026-08-07 02:41:43,406 [ERROR] LogOutputStream:75 - [STDERR_REDIRECT] [Fatal Error] :1:1: Premature end of file.
2026-08-07 02:41:43,406 [ERROR] LogOutputStream:75 - [STDERR_REDIRECT] 
2026-08-07 02:41:44,405 [ERROR] LogOutputStream:75 - [STDERR_REDIRECT] [Fatal Error] :1:1: Premature end of file.
2026-08-07 02:41:44,405 [ERROR] LogOutputStream:75 - [STDERR_REDIRECT] 
2026-08-07 02:41:45,408 [ERROR] LogOutputStream:75 - [STDERR_REDIRECT] [Fatal Error] :1:1: Premature end of file.
2026-08-07 02:41:45,408 [ERROR] LogOutputStream:75 - [STDERR_REDIRECT] 
2026-08-07 02:41:46,407 [ERROR] LogOutputStream:75 - [STDERR_REDIRECT] [Fatal Error] :1:1: Premature end of file.
2026-08-07 02:41:46,407 [ERROR] LogOutputStream:75 - [STDERR_REDIRECT] 
2026-08-07 02:41:47,407 [ERROR] LogOutputStream:75 - [STDERR_REDIRECT] [Fatal Error] :1:1: Premature end of file.
2026-08-07 02:41:47,407 [ERROR] LogOutputStream:75 - [STDERR_REDIRECT] 
2026-08-07 02:41:48,422 [ERROR] LogOutputStream:75 - [STDERR_REDIRECT] [Fatal Error] :1:1: Premature end of file.
2026-08-07 02:41:48,422 [ERROR] LogOutputStream:75 - [STDERR_REDIRECT] 
2026-08-07 02:41:49,411 [ERROR] LogOutputStream:75 - [STDERR_REDIRECT] [Fatal Error] :1:1: Premature end of file.
2026-08-07 02:41:49,412 [ERROR] LogOutputStream:75 - [STDERR_REDIRECT] 
2026-08-07 02:41:50,421 [ERROR] LogOutputStream:75 - [STDERR_REDIRECT] [Fatal Error] :1:1: Premature end of file.
2026-08-07 02:41:50,421 [ERROR] LogOutputStream:75 - [STDERR_REDIRECT] 
2026-08-07 02:41:51,421 [ERROR] LogOutputStream:75 - [STDERR_REDIRECT] [Fatal Error] :1:1: Premature end of file.
2026-08-07 02:41:51,422 [ERROR] LogOutputStream:75 - [STDERR_REDIRECT] 
2026-08-07 02:41:52,420 [ERROR] LogOutputStream:75 - [STDERR_REDIRECT] [Fatal Error] :1:1: Premature end of file.
2026-08-07 02:41:52,420 [ERROR] LogOutputStream:75 - [STDERR_REDIRECT] 
2026-08-07 02:41:53,419 [ERROR] LogOutputStream:75 - [STDERR_REDIRECT] [Fatal Error] :1:1: Premature end of file.
2026-08-07 02:41:53,420 [ERROR] LogOutputStream:75 - [STDERR_REDIRECT] 
2026-08-07 02:41:54,423 [ERROR] LogOutputStream:75 - [STDERR_REDIRECT] [Fatal Error] :1:1: Premature end of file.
2026-08-07 02:41:54,424 [ERROR] LogOutputStream:75 - [STDERR_REDIRECT] 
2026-08-07 02:41:55,414 [ERROR] LogOutputStream:75 - [STDERR_REDIRECT] [Fatal Error] :1:1: Premature end of file.
2026-08-07 02:41:55,414 [ERROR] LogOutputStream:75 - [STDERR_REDIRECT] 
2026-08-07 02:41:56,420 [ERROR] LogOutputStream:75 - [STDERR_REDIRECT] [Fatal Error] :1:1: Premature end of file.
2026-08-07 02:41:56,420 [ERROR] LogOutputStream:75 - [STDERR_REDIRECT] 
2026-08-07 02:41:57,408 [ERROR] LogOutputStream:75 - [STDERR_REDIRECT] [Fatal Error] :1:1: Premature end of file.
2026-08-07 02:41:57,408 [ERROR] LogOutputStream:75 - [STDERR_REDIRECT] 
2026-08-07 02:41:58,414 [ERROR] LogOutputStream:75 - [STDERR_REDIRECT] [Fatal Error] :1:1: Premature end of file.
2026-08-07 02:41:58,414 [ERROR] LogOutputStream:75 - [STDERR_REDIRECT] 
2026-08-07 02:41:59,404 [ERROR] LogOutputStream:75 - [STDERR_REDIRECT] [Fatal Error] :1:1: Premature end of file.
2026-08-07 02:41:59,409 [ERROR] LogOutputStream:75 - [STDERR_REDIRECT] 
2026-08-07 02:42:00,405 [ERROR] LogOutputStream:75 - [STDERR_REDIRECT] [Fatal Error] :1:1: Premature end of file.
2026-08-07 02:42:00,405 [ERROR] LogOutputStream:75 - [STDERR_REDIRECT] 
2026-08-07 02:42:01,404 [ERROR] LogOutputStream:75 - [STDERR_REDIRECT] [Fatal Error] :1:1: Premature end of file.
2026-08-07 02:42:01,404 [ERROR] LogOutputStream:75 - [STDERR_REDIRECT] 
2026-08-07 02:42:02,413 [ERROR] LogOutputStream:75 - [STDERR_REDIRECT] [Fatal Error] :1:1: Premature end of file.
2026-08-07 02:42:02,413 [ERROR] LogOutputStream:75 - [STDERR_REDIRECT] 
2026-08-07 02:42:03,405 [ERROR] LogOutputStream:75 - [STDERR_REDIRECT] [Fatal Error] :1:1: Premature end of file.
2026-08-07 02:42:03,406 [ERROR] LogOutputStream:75 - [STDERR_REDIRECT] 
2026-08-07 02:42:04,418 [ERROR] LogOutputStream:75 - [STDERR_REDIRECT] [Fatal Error] :1:1: Premature end of file.
2026-08-07 02:42:04,419 [ERROR] LogOutputStream:75 - [STDERR_REDIRECT] 
2026-08-07 02:42:05,411 [ERROR] LogOutputStream:75 - [STDERR_REDIRECT] [Fatal Error] :1:1: Premature end of file.
2026-08-07 02:42:05,411 [ERROR] LogOutputStream:75 - [STDERR_REDIRECT] 
2026-08-07 02:42:06,411 [ERROR] LogOutputStream:75 - [STDERR_REDIRECT] [Fatal Error] :1:1: Premature end of file.
2026-08-07 02:42:06,411 [ERROR] LogOutputStream:75 - [STDERR_REDIRECT] 
2026-08-07 02:42:07,407 [ERROR] LogOutputStream:75 - [STDERR_REDIRECT] [Fatal Error] :1:1: Premature end of file.
2026-08-07 02:42:07,407 [ERROR] LogOutputStream:75 - [STDERR_REDIRECT] 
2026-08-07 02:42:08,407 [ERROR] LogOutputStream:75 - [STDERR_REDIRECT] [Fatal Error] :1:1: Premature end of file.
2026-08-07 02:42:08,407 [ERROR] LogOutputStream:75 - [STDERR_REDIRECT] 
2026-08-07 02:42:09,406 [ERROR] LogOutputStream:75 - [STDERR_REDIRECT] [Fatal Error] :1:1: Premature end of file.
2026-08-07 02:42:09,406 [ERROR] LogOutputStream:75 - [STDERR_REDIRECT] 
2026-08-07 02:42:10,411 [ERROR] LogOutputStream:75 - [STDERR_REDIRECT] [Fatal Error] :1:1: Premature end of file.
2026-08-07 02:42:10,411 [ERROR] LogOutputStream:75 - [STDERR_REDIRECT] 
2026-08-07 02:42:11,403 [ERROR] LogOutputStream:75 - [STDERR_REDIRECT] [Fatal Error] :1:1: Premature end of file.
2026-08-07 02:42:11,404 [ERROR] LogOutputStream:75 - [STDERR_REDIRECT] 
2026-08-07 02:42:12,409 [ERROR] LogOutputStream:75 - [STDERR_REDIRECT] [Fatal Error] :1:1: Premature end of file.
2026-08-07 02:42:12,409 [ERROR] LogOutputStream:75 - [STDERR_REDIRECT] 
2026-08-07 02:42:13,415 [ERROR] LogOutputStream:75 - [STDERR_REDIRECT] [Fatal Error] :1:1: Premature end of file.
2026-08-07 02:42:13,415 [ERROR] LogOutputStream:75 - [STDERR_REDIRECT] 
2026-08-07 02:42:14,418 [ERROR] LogOutputStream:75 - [STDERR_REDIRECT] [Fatal Error] :1:1: Premature end of file.
2026-08-07 02:42:14,418 [ERROR] LogOutputStream:75 - [STDERR_REDIRECT] 
2026-08-07 02:42:15,403 [ERROR] LogOutputStream:75 - [STDERR_REDIRECT] [Fatal Error] :1:1: Premature end of file.
2026-08-07 02:42:15,403 [ERROR] LogOutputStream:75 - [STDERR_REDIRECT] 
2026-08-07 02:42:16,419 [ERROR] LogOutputStream:75 - [STDERR_REDIRECT] [Fatal Error] :1:1: Premature end of file.
2026-08-07 02:42:16,419 [ERROR] LogOutputStream:75 - [STDERR_REDIRECT] 
2026-08-07 02:42:17,405 [ERROR] LogOutputStream:75 - [STDERR_REDIRECT] [Fatal Error] :1:1: Premature end of file.
2026-08-07 02:42:17,405 [ERROR] LogOutputStream:75 - [STDERR_REDIRECT] 
2026-08-07 02:42:18,411 [ERROR] LogOutputStream:75 - [STDERR_REDIRECT] [Fatal Error] :1:1: Premature end of file.
2026-08-07 02:42:18,411 [ERROR] LogOutputStream:75 - [STDERR_REDIRECT] 
2026-08-07 02:42:19,416 [ERROR] LogOutputStream:75 - [STDERR_REDIRECT] [Fatal Error] :1:1: Premature end of file.
2026-08-07 02:42:19,416 [ERROR] LogOutputStream:75 - [STDERR_REDIRECT] 
2026-08-07 02:42:20,407 [ERROR] LogOutputStream:75 - [STDERR_REDIRECT] [Fatal Error] :1:1: Premature end of file.
2026-08-07 02:42:20,407 [ERROR] LogOutputStream:75 - [STDERR_REDIRECT] 
2026-08-07 02:42:21,405 [ERROR] LogOutputStream:75 - [STDERR_REDIRECT] [Fatal Error] :1:1: Premature end of file.
2026-08-07 02:42:21,405 [ERROR] LogOutputStream:75 - [STDERR_REDIRECT] 
2026-08-07 02:42:22,420 [ERROR] LogOutputStream:75 - [STDERR_REDIRECT] [Fatal Error] :1:1: Premature end of file.
2026-08-07 02:42:22,421 [ERROR] LogOutputStream:75 - [STDERR_REDIRECT] 
2026-08-07 02:42:23,409 [ERROR] LogOutputStream:75 - [STDERR_REDIRECT] [Fatal Error] :1:1: Premature end of file.
2026-08-07 02:42:23,409 [ERROR] LogOutputStream:75 - [STDERR_REDIRECT] 
2026-08-07 02:42:24,405 [ERROR] LogOutputStream:75 - [STDERR_REDIRECT] [Fatal Error] :1:1: Premature end of file.
2026-08-07 02:42:24,405 [ERROR] LogOutputStream:75 - [STDERR_REDIRECT] 
2026-08-07 02:42:25,413 [ERROR] LogOutputStream:75 - [STDERR_REDIRECT] [Fatal Error] :1:1: Premature end of file.
2026-08-07 02:42:25,413 [ERROR] LogOutputStream:75 - [STDERR_REDIRECT] 
2026-08-07 02:42:26,407 [ERROR] LogOutputStream:75 - [STDERR_REDIRECT] [Fatal Error] :1:1: Premature end of file.
2026-08-07 02:42:26,407 [ERROR] LogOutputStream:75 - [STDERR_REDIRECT] 
2026-08-07 02:42:27,411 [ERROR] LogOutputStream:75 - [STDERR_REDIRECT] [Fatal Error] :1:1: Premature end of file.
2026-08-07 02:42:27,411 [ERROR] LogOutputStream:75 - [STDERR_REDIRECT] 
2026-08-07 02:42:28,412 [ERROR] LogOutputStream:75 - [STDERR_REDIRECT] [Fatal Error] :1:1: Premature end of file.
2026-08-07 02:42:28,412 [ERROR] LogOutputStream:75 - [STDERR_REDIRECT] 
2026-08-07 02:42:29,405 [ERROR] LogOutputStream:75 - [STDERR_REDIRECT] [Fatal Error] :1:1: Premature end of file.
2026-08-07 02:42:29,405 [ERROR] LogOutputStream:75 - [STDERR_REDIRECT] 
2026-08-07 02:42:30,406 [ERROR] LogOutputStream:75 - [STDERR_REDIRECT] [Fatal Error] :1:1: Premature end of file.
2026-08-07 02:42:30,406 [ERROR] LogOutputStream:75 - [STDERR_REDIRECT] 
2026-08-07 02:42:31,406 [ERROR] LogOutputStream:75 - [STDERR_REDIRECT] [Fatal Error] :1:1: Premature end of file.
2026-08-07 02:42:31,406 [ERROR] LogOutputStream:75 - [STDERR_REDIRECT] 
2026-08-07 02:42:32,412 [ERROR] LogOutputStream:75 - [STDERR_REDIRECT] [Fatal Error] :1:1: Premature end of file.
2026-08-07 02:42:32,413 [ERROR] LogOutputStream:75 - [STDERR_REDIRECT] 
2026-08-07 02:42:33,406 [ERROR] LogOutputStream:75 - [STDERR_REDIRECT] [Fatal Error] :1:1: Premature end of file.
2026-08-07 02:42:33,406 [ERROR] LogOutputStream:75 - [STDERR_REDIRECT] 
2026-08-07 02:42:34,405 [ERROR] LogOutputStream:75 - [STDERR_REDIRECT] [Fatal Error] :1:1: Premature end of file.
2026-08-07 02:42:34,405 [ERROR] LogOutputStream:75 - [STDERR_REDIRECT] 
2026-08-07 02:42:35,422 [ERROR] LogOutputStream:75 - [STDERR_REDIRECT] [Fatal Error] :1:1: Premature end of file.
2026-08-07 02:42:35,423 [ERROR] LogOutputStream:75 - [STDERR_REDIRECT] 
2026-08-07 02:42:36,399 [ERROR] LogOutputStream:75 - [STDERR_REDIRECT] [Fatal Error] :1:1: Premature end of file.
2026-08-07 02:42:36,399 [ERROR] LogOutputStream:75 - [STDERR_REDIRECT] 
2026-08-07 02:42:37,404 [ERROR] LogOutputStream:75 - [STDERR_REDIRECT] [Fatal Error] :1:1: Premature end of file.
2026-08-07 02:42:37,405 [ERROR] LogOutputStream:75 - [STDERR_REDIRECT] 
2026-08-07 02:42:38,407 [ERROR] LogOutputStream:75 - [STDERR_REDIRECT] [Fatal Error] :1:1: Premature end of file.
2026-08-07 02:42:38,407 [ERROR] LogOutputStream:75 - [STDERR_REDIRECT] 
2026-08-07 02:42:39,413 [ERROR] LogOutputStream:75 - [STDERR_REDIRECT] [Fatal Error] :1:1: Premature end of file.
2026-08-07 02:42:39,413 [ERROR] LogOutputStream:75 - [STDERR_REDIRECT] 
2026-08-07 02:42:40,410 [ERROR] LogOutputStream:75 - [STDERR_REDIRECT] [Fatal Error] :1:1: Premature end of file.
2026-08-07 02:42:40,410 [ERROR] LogOutputStream:75 - [STDERR_REDIRECT] 
2026-08-07 02:42:41,410 [ERROR] LogOutputStream:75 - [STDERR_REDIRECT] [Fatal Error] :1:1: Premature end of file.
2026-08-07 02:42:41,410 [ERROR] LogOutputStream:75 - [STDERR_REDIRECT] 
2026-08-07 02:42:42,403 [ERROR] LogOutputStream:75 - [STDERR_REDIRECT] [Fatal Error] :1:1: Premature end of file.
2026-08-07 02:42:42,403 [ERROR] LogOutputStream:75 - [STDERR_REDIRECT] 
2026-08-07 02:42:43,416 [ERROR] LogOutputStream:75 - [STDERR_REDIRECT] [Fatal Error] :1:1: Premature end of file.
2026-08-07 02:42:43,416 [ERROR] LogOutputStream:75 - [STDERR_REDIRECT] 
2026-08-07 02:42:44,423 [ERROR] LogOutputStream:75 - [STDERR_REDIRECT] [Fatal Error] :1:1: Premature end of file.
2026-08-07 02:42:44,423 [ERROR] LogOutputStream:75 - [STDERR_REDIRECT] 
2026-08-07 02:42:45,412 [ERROR] LogOutputStream:75 - [STDERR_REDIRECT] [Fatal Error] :1:1: Premature end of file.
2026-08-07 02:42:45,412 [ERROR] LogOutputStream:75 - [STDERR_REDIRECT] 
2026-08-07 02:42:46,403 [ERROR] LogOutputStream:75 - [STDERR_REDIRECT] [Fatal Error] :1:1: Premature end of file.
2026-08-07 02:42:46,403 [ERROR] LogOutputStream:75 - [STDERR_REDIRECT] 
2026-08-07 02:42:47,411 [ERROR] LogOutputStream:75 - [STDERR_REDIRECT] [Fatal Error] :1:1: Premature end of file.
2026-08-07 02:42:47,411 [ERROR] LogOutputStream:75 - [STDERR_REDIRECT] 
2026-08-07 02:42:48,404 [ERROR] LogOutputStream:75 - [STDERR_REDIRECT] [Fatal Error] :1:1: Premature end of file.
2026-08-07 02:42:48,405 [ERROR] LogOutputStream:75 - [STDERR_REDIRECT] 
2026-08-07 02:42:49,423 [ERROR] LogOutputStream:75 - [STDERR_REDIRECT] [Fatal Error] :1:1: Premature end of file.
2026-08-07 02:42:49,423 [ERROR] LogOutputStream:75 - [STDERR_REDIRECT] 
2026-08-07 02:42:50,414 [ERROR] LogOutputStream:75 - [STDERR_REDIRECT] [Fatal Error] :1:1: Premature end of file.
2026-08-07 02:42:50,414 [ERROR] LogOutputStream:75 - [STDERR_REDIRECT] 
2026-08-07 02:42:51,406 [ERROR] LogOutputStream:75 - [STDERR_REDIRECT] [Fatal Error] :1:1: Premature end of file.
2026-08-07 02:42:51,406 [ERROR] LogOutputStream:75 - [STDERR_REDIRECT] 
2026-08-07 02:42:52,410 [ERROR] LogOutputStream:75 - [STDERR_REDIRECT] [Fatal Error] :1:1: Premature end of file.
2026-08-07 02:42:52,411 [ERROR] LogOutputStream:75 - [STDERR_REDIRECT] 
2026-08-07 02:42:53,413 [ERROR] LogOutputStream:75 - [STDERR_REDIRECT] [Fatal Error] :1:1: Premature end of file.
2026-08-07 02:42:53,414 [ERROR] LogOutputStream:75 - [STDERR_REDIRECT] 
2026-08-07 02:42:54,414 [ERROR] LogOutputStream:75 - [STDERR_REDIRECT] [Fatal Error] :1:1: Premature end of file.
2026-08-07 02:42:54,414 [ERROR] LogOutputStream:75 - [STDERR_REDIRECT] 
2026-08-07 02:42:55,420 [ERROR] LogOutputStream:75 - [STDERR_REDIRECT] [Fatal Error] :1:1: Premature end of file.
2026-08-07 02:42:55,421 [ERROR] LogOutputStream:75 - [STDERR_REDIRECT] 
2026-08-07 02:42:56,412 [ERROR] LogOutputStream:75 - [STDERR_REDIRECT] [Fatal Error] :1:1: Premature end of file.
2026-08-07 02:42:56,412 [ERROR] LogOutputStream:75 - [STDERR_REDIRECT] 
2026-08-07 02:42:57,410 [ERROR] LogOutputStream:75 - [STDERR_REDIRECT] [Fatal Error] :1:1: Premature end of file.
2026-08-07 02:42:57,410 [ERROR] LogOutputStream:75 - [STDERR_REDIRECT] 
2026-08-07 02:42:58,403 [ERROR] LogOutputStream:75 - [STDERR_REDIRECT] [Fatal Error] :1:1: Premature end of file.
2026-08-07 02:42:58,403 [ERROR] LogOutputStream:75 - [STDERR_REDIRECT] 
2026-08-07 02:42:59,414 [ERROR] LogOutputStream:75 - [STDERR_REDIRECT] [Fatal Error] :1:1: Premature end of file.
2026-08-07 02:42:59,414 [ERROR] LogOutputStream:75 - [STDERR_REDIRECT] 
2026-08-07 02:43:00,411 [ERROR] LogOutputStream:75 - [STDERR_REDIRECT] [Fatal Error] :1:1: Premature end of file.
2026-08-07 02:43:00,411 [ERROR] LogOutputStream:75 - [STDERR_REDIRECT] 
2026-08-07 02:43:01,403 [ERROR] LogOutputStream:75 - [STDERR_REDIRECT] [Fatal Error] :1:1: Premature end of file.
2026-08-07 02:43:01,403 [ERROR] LogOutputStream:75 - [STDERR_REDIRECT] 
2026-08-07 02:43:02,405 [ERROR] LogOutputStream:75 - [STDERR_REDIRECT] [Fatal Error] :1:1: Premature end of file.
2026-08-07 02:43:02,405 [ERROR] LogOutputStream:75 - [STDERR_REDIRECT] 
2026-08-07 02:43:03,414 [ERROR] LogOutputStream:75 - [STDERR_REDIRECT] [Fatal Error] :1:1: Premature end of file.
2026-08-07 02:43:03,414 [ERROR] LogOutputStream:75 - [STDERR_REDIRECT] 
2026-08-07 02:43:04,413 [ERROR] LogOutputStream:75 - [STDERR_REDIRECT] [Fatal Error] :1:1: Premature end of file.
2026-08-07 02:43:04,413 [ERROR] LogOutputStream:75 - [STDERR_REDIRECT] 
2026-08-07 02:43:05,406 [ERROR] LogOutputStream:75 - [STDERR_REDIRECT] [Fatal Error] :1:1: Premature end of file.
2026-08-07 02:43:05,406 [ERROR] LogOutputStream:75 - [STDERR_REDIRECT] 
2026-08-07 02:43:06,416 [ERROR] LogOutputStream:75 - [STDERR_REDIRECT] [Fatal Error] :1:1: Premature end of file.
2026-08-07 02:43:06,416 [ERROR] LogOutputStream:75 - [STDERR_REDIRECT] 
2026-08-07 02:43:07,418 [ERROR] LogOutputStream:75 - [STDERR_REDIRECT] [Fatal Error] :1:1: Premature end of file.
2026-08-07 02:43:07,418 [ERROR] LogOutputStream:75 - [STDERR_REDIRECT] 
2026-08-07 02:43:08,408 [ERROR] LogOutputStream:75 - [STDERR_REDIRECT] [Fatal Error] :1:1: Premature end of file.
2026-08-07 02:43:08,408 [ERROR] LogOutputStream:75 - [STDERR_REDIRECT] 
2026-08-07 02:43:09,415 [ERROR] LogOutputStream:75 - [STDERR_REDIRECT] [Fatal Error] :1:1: Premature end of file.
2026-08-07 02:43:09,415 [ERROR] LogOutputStream:75 - [STDERR_REDIRECT] 
2026-08-07 02:43:10,406 [ERROR] LogOutputStream:75 - [STDERR_REDIRECT] [Fatal Error] :1:1: Premature end of file.
2026-08-07 02:43:10,406 [ERROR] LogOutputStream:75 - [STDERR_REDIRECT] 
2026-08-07 02:43:11,404 [ERROR] LogOutputStream:75 - [STDERR_REDIRECT] [Fatal Error] :1:1: Premature end of file.
2026-08-07 02:43:11,404 [ERROR] LogOutputStream:75 - [STDERR_REDIRECT] 
2026-08-07 02:43:12,417 [ERROR] LogOutputStream:75 - [STDERR_REDIRECT] [Fatal Error] :1:1: Premature end of file.
2026-08-07 02:43:12,418 [ERROR] LogOutputStream:75 - [STDERR_REDIRECT] 
2026-08-07 02:43:13,407 [ERROR] LogOutputStream:75 - [STDERR_REDIRECT] [Fatal Error] :1:1: Premature end of file.
2026-08-07 02:43:13,407 [ERROR] LogOutputStream:75 - [STDERR_REDIRECT] 
2026-08-07 02:43:14,406 [ERROR] LogOutputStream:75 - [STDERR_REDIRECT] [Fatal Error] :1:1: Premature end of file.
2026-08-07 02:43:14,406 [ERROR] LogOutputStream:75 - [STDERR_REDIRECT] 
2026-08-07 02:43:15,419 [ERROR] LogOutputStream:75 - [STDERR_REDIRECT] [Fatal Error] :1:1: Premature end of file.
2026-08-07 02:43:15,419 [ERROR] LogOutputStream:75 - [STDERR_REDIRECT] 
2026-08-07 02:43:16,408 [ERROR] LogOutputStream:75 - [STDERR_REDIRECT] [Fatal Error] :1:1: Premature end of file.
2026-08-07 02:43:16,408 [ERROR] LogOutputStream:75 - [STDERR_REDIRECT] 
2026-08-07 02:43:17,408 [ERROR] LogOutputStream:75 - [STDERR_REDIRECT] [Fatal Error] :1:1: Premature end of file.
2026-08-07 02:43:17,408 [ERROR] LogOutputStream:75 - [STDERR_REDIRECT] 
2026-08-07 02:43:18,416 [ERROR] LogOutputStream:75 - [STDERR_REDIRECT] [Fatal Error] :1:1: Premature end of file.
2026-08-07 02:43:18,417 [ERROR] LogOutputStream:75 - [STDERR_REDIRECT] 
2026-08-07 02:43:19,403 [ERROR] LogOutputStream:75 - [STDERR_REDIRECT] [Fatal Error] :1:1: Premature end of file.
2026-08-07 02:43:19,403 [ERROR] LogOutputStream:75 - [STDERR_REDIRECT] 
2026-08-07 02:43:20,410 [ERROR] LogOutputStream:75 - [STDERR_REDIRECT] [Fatal Error] :1:1: Premature end of file.
2026-08-07 02:43:20,410 [ERROR] LogOutputStream:75 - [STDERR_REDIRECT] 
2026-08-07 02:43:21,409 [ERROR] LogOutputStream:75 - [STDERR_REDIRECT] [Fatal Error] :1:1: Premature end of file.
2026-08-07 02:43:21,409 [ERROR] LogOutputStream:75 - [STDERR_REDIRECT] 
2026-08-07 02:43:22,404 [ERROR] LogOutputStream:75 - [STDERR_REDIRECT] [Fatal Error] :1:1: Premature end of file.
2026-08-07 02:43:22,404 [ERROR] LogOutputStream:75 - [STDERR_REDIRECT] 
2026-08-07 02:43:23,413 [ERROR] LogOutputStream:75 - [STDERR_REDIRECT] [Fatal Error] :1:1: Premature end of file.
2026-08-07 02:43:23,414 [ERROR] LogOutputStream:75 - [STDERR_REDIRECT] 
2026-08-07 02:43:24,406 [ERROR] LogOutputStream:75 - [STDERR_REDIRECT] [Fatal Error] :1:1: Premature end of file.
2026-08-07 02:43:24,406 [ERROR] LogOutputStream:75 - [STDERR_REDIRECT] 
2026-08-07 02:43:25,404 [ERROR] LogOutputStream:75 - [STDERR_REDIRECT] [Fatal Error] :1:1: Premature end of file.
2026-08-07 02:43:25,404 [ERROR] LogOutputStream:75 - [STDERR_REDIRECT] 
2026-08-07 02:43:26,413 [ERROR] LogOutputStream:75 - [STDERR_REDIRECT] [Fatal Error] :1:1: Premature end of file.
2026-08-07 02:43:26,413 [ERROR] LogOutputStream:75 - [STDERR_REDIRECT] 
2026-08-07 02:43:27,420 [ERROR] LogOutputStream:75 - [STDERR_REDIRECT] [Fatal Error] :1:1: Premature end of file.
2026-08-07 02:43:27,420 [ERROR] LogOutputStream:75 - [STDERR_REDIRECT] 
2026-08-07 02:43:28,402 [ERROR] LogOutputStream:75 - [STDERR_REDIRECT] [Fatal Error] :1:1: Premature end of file.
2026-08-07 02:43:28,402 [ERROR] LogOutputStream:75 - [STDERR_REDIRECT] 
2026-08-07 02:43:29,416 [ERROR] LogOutputStream:75 - [STDERR_REDIRECT] [Fatal Error] :1:1: Premature end of file.
2026-08-07 02:43:29,416 [ERROR] LogOutputStream:75 - [STDERR_REDIRECT] 
2026-08-07 02:43:30,405 [ERROR] LogOutputStream:75 - [STDERR_REDIRECT] [Fatal Error] :1:1: Premature end of file.
2026-08-07 02:43:30,405 [ERROR] LogOutputStream:75 - [STDERR_REDIRECT] 
2026-08-07 02:43:31,403 [ERROR] LogOutputStream:75 - [STDERR_REDIRECT] [Fatal Error] :1:1: Premature end of file.
2026-08-07 02:43:31,404 [ERROR] LogOutputStream:75 - [STDERR_REDIRECT] 
2026-08-07 02:43:32,417 [ERROR] LogOutputStream:75 - [STDERR_REDIRECT] [Fatal Error] :1:1: Premature end of file.
2026-08-07 02:43:32,417 [ERROR] LogOutputStream:75 - [STDERR_REDIRECT] 
2026-08-07 02:43:33,414 [ERROR] LogOutputStream:75 - [STDERR_REDIRECT] [Fatal Error] :1:1: Premature end of file.
2026-08-07 02:43:33,414 [ERROR] LogOutputStream:75 - [STDERR_REDIRECT] 
2026-08-07 02:43:34,414 [ERROR] LogOutputStream:75 - [STDERR_REDIRECT] [Fatal Error] :1:1: Premature end of file.
2026-08-07 02:43:34,414 [ERROR] LogOutputStream:75 - [STDERR_REDIRECT] 
2026-08-07 02:43:35,415 [ERROR] LogOutputStream:75 - [STDERR_REDIRECT] [Fatal Error] :1:1: Premature end of file.
2026-08-07 02:43:35,415 [ERROR] LogOutputStream:75 - [STDERR_REDIRECT] 
2026-08-07 02:43:36,417 [ERROR] LogOutputStream:75 - [STDERR_REDIRECT] [Fatal Error] :1:1: Premature end of file.
2026-08-07 02:43:36,417 [ERROR] LogOutputStream:75 - [STDERR_REDIRECT] 
2026-08-07 02:43:37,406 [ERROR] LogOutputStream:75 - [STDERR_REDIRECT] [Fatal Error] :1:1: Premature end of file.
2026-08-07 02:43:37,406 [ERROR] LogOutputStream:75 - [STDERR_REDIRECT] 
2026-08-07 02:43:38,416 [ERROR] LogOutputStream:75 - [STDERR_REDIRECT] [Fatal Error] :1:1: Premature end of file.
2026-08-07 02:43:38,416 [ERROR] LogOutputStream:75 - [STDERR_REDIRECT] 
2026-08-07 02:43:39,398 [ERROR] LogOutputStream:75 - [STDERR_REDIRECT] [Fatal Error] :1:1: Premature end of file.
2026-08-07 02:43:39,398 [ERROR] LogOutputStream:75 - [STDERR_REDIRECT] 
2026-08-07 02:43:40,409 [ERROR] LogOutputStream:75 - [STDERR_REDIRECT] [Fatal Error] :1:1: Premature end of file.
2026-08-07 02:43:40,409 [ERROR] LogOutputStream:75 - [STDERR_REDIRECT] 
2026-08-07 02:43:41,403 [ERROR] LogOutputStream:75 - [STDERR_REDIRECT] [Fatal Error] :1:1: Premature end of file.
2026-08-07 02:43:41,403 [ERROR] LogOutputStream:75 - [STDERR_REDIRECT] 
2026-08-07 02:43:42,401 [ERROR] LogOutputStream:75 - [STDERR_REDIRECT] [Fatal Error] :1:1: Premature end of file.
2026-08-07 02:43:42,401 [ERROR] LogOutputStream:75 - [STDERR_REDIRECT] 
2026-08-07 02:43:43,404 [ERROR] LogOutputStream:75 - [STDERR_REDIRECT] [Fatal Error] :1:1: Premature end of file.
2026-08-07 02:43:43,404 [ERROR] LogOutputStream:75 - [STDERR_REDIRECT] 
2026-08-07 02:43:44,416 [ERROR] LogOutputStream:75 - [STDERR_REDIRECT] [Fatal Error] :1:1: Premature end of file.
2026-08-07 02:43:44,416 [ERROR] LogOutputStream:75 - [STDERR_REDIRECT] 
2026-08-07 02:43:45,409 [ERROR] LogOutputStream:75 - [STDERR_REDIRECT] [Fatal Error] :1:1: Premature end of file.
2026-08-07 02:43:45,409 [ERROR] LogOutputStream:75 - [STDERR_REDIRECT] 
2026-08-07 02:43:46,415 [ERROR] LogOutputStream:75 - [STDERR_REDIRECT] [Fatal Error] :1:1: Premature end of file.
2026-08-07 02:43:46,416 [ERROR] LogOutputStream:75 - [STDERR_REDIRECT] 
2026-08-07 02:43:47,417 [ERROR] LogOutputStream:75 - [STDERR_REDIRECT] [Fatal Error] :1:1: Premature end of file.
2026-08-07 02:43:47,418 [ERROR] LogOutputStream:75 - [STDERR_REDIRECT] 
2026-08-07 02:43:48,410 [ERROR] LogOutputStream:75 - [STDERR_REDIRECT] [Fatal Error] :1:1: Premature end of file.
2026-08-07 02:43:48,410 [ERROR] LogOutputStream:75 - [STDERR_REDIRECT] 
2026-08-07 02:43:49,417 [ERROR] LogOutputStream:75 - [STDERR_REDIRECT] [Fatal Error] :1:1: Premature end of file.
2026-08-07 02:43:49,417 [ERROR] LogOutputStream:75 - [STDERR_REDIRECT] 
2026-08-07 02:43:50,409 [ERROR] LogOutputStream:75 - [STDERR_REDIRECT] [Fatal Error] :1:1: Premature end of file.
2026-08-07 02:43:50,409 [ERROR] LogOutputStream:75 - [STDERR_REDIRECT] 
2026-08-07 02:43:51,405 [ERROR] LogOutputStream:75 - [STDERR_REDIRECT] [Fatal Error] :1:1: Premature end of file.
2026-08-07 02:43:51,405 [ERROR] LogOutputStream:75 - [STDERR_REDIRECT] 
2026-08-07 02:43:52,403 [ERROR] LogOutputStream:75 - [STDERR_REDIRECT] [Fatal Error] :1:1: Premature end of file.
2026-08-07 02:43:52,403 [ERROR] LogOutputStream:75 - [STDERR_REDIRECT] 
2026-08-07 02:43:53,411 [ERROR] LogOutputStream:75 - [STDERR_REDIRECT] [Fatal Error] :1:1: Premature end of file.
2026-08-07 02:43:53,411 [ERROR] LogOutputStream:75 - [STDERR_REDIRECT] 
2026-08-07 02:43:54,408 [ERROR] LogOutputStream:75 - [STDERR_REDIRECT] [Fatal Error] :1:1: Premature end of file.
2026-08-07 02:43:54,408 [ERROR] LogOutputStream:75 - [STDERR_REDIRECT] 
2026-08-07 02:43:55,418 [ERROR] LogOutputStream:75 - [STDERR_REDIRECT] [Fatal Error] :1:1: Premature end of file.
2026-08-07 02:43:55,418 [ERROR] LogOutputStream:75 - [STDERR_REDIRECT] 
2026-08-07 02:43:56,408 [ERROR] LogOutputStream:75 - [STDERR_REDIRECT] [Fatal Error] :1:1: Premature end of file.
2026-08-07 02:43:56,408 [ERROR] LogOutputStream:75 - [STDERR_REDIRECT] 
2026-08-07 02:43:57,416 [ERROR] LogOutputStream:75 - [STDERR_REDIRECT] [Fatal Error] :1:1: Premature end of file.
2026-08-07 02:43:57,416 [ERROR] LogOutputStream:75 - [STDERR_REDIRECT] 
2026-08-07 02:43:58,410 [ERROR] LogOutputStream:75 - [STDERR_REDIRECT] [Fatal Error] :1:1: Premature end of file.
2026-08-07 02:43:58,410 [ERROR] LogOutputStream:75 - [STDERR_REDIRECT] 
2026-08-07 02:43:59,416 [ERROR] LogOutputStream:75 - [STDERR_REDIRECT] [Fatal Error] :1:1: Premature end of file.
2026-08-07 02:43:59,416 [ERROR] LogOutputStream:75 - [STDERR_REDIRECT] 
2026-08-07 02:44:00,411 [ERROR] LogOutputStream:75 - [STDERR_REDIRECT] [Fatal Error] :1:1: Premature end of file.
2026-08-07 02:44:00,411 [ERROR] LogOutputStream:75 - [STDERR_REDIRECT] 
2026-08-07 02:44:01,415 [ERROR] LogOutputStream:75 - [STDERR_REDIRECT] [Fatal Error] :1:1: Premature end of file.
2026-08-07 02:44:01,415 [ERROR] LogOutputStream:75 - [STDERR_REDIRECT] 
2026-08-07 02:44:02,409 [ERROR] LogOutputStream:75 - [STDERR_REDIRECT] [Fatal Error] :1:1: Premature end of file.
2026-08-07 02:44:02,410 [ERROR] LogOutputStream:75 - [STDERR_REDIRECT] 
2026-08-07 02:44:03,417 [ERROR] LogOutputStream:75 - [STDERR_REDIRECT] [Fatal Error] :1:1: Premature end of file.
2026-08-07 02:44:03,417 [ERROR] LogOutputStream:75 - [STDERR_REDIRECT] 
2026-08-07 02:44:04,423 [ERROR] LogOutputStream:75 - [STDERR_REDIRECT] [Fatal Error] :1:1: Premature end of file.
2026-08-07 02:44:04,423 [ERROR] LogOutputStream:75 - [STDERR_REDIRECT] 
2026-08-07 02:44:05,408 [ERROR] LogOutputStream:75 - [STDERR_REDIRECT] [Fatal Error] :1:1: Premature end of file.
2026-08-07 02:44:05,408 [ERROR] LogOutputStream:75 - [STDERR_REDIRECT] 
2026-08-07 02:44:06,417 [ERROR] LogOutputStream:75 - [STDERR_REDIRECT] [Fatal Error] :1:1: Premature end of file.
2026-08-07 02:44:06,417 [ERROR] LogOutputStream:75 - [STDERR_REDIRECT] 
2026-08-07 02:44:07,412 [ERROR] LogOutputStream:75 - [STDERR_REDIRECT] [Fatal Error] :1:1: Premature end of file.
2026-08-07 02:44:07,412 [ERROR] LogOutputStream:75 - [STDERR_REDIRECT] 
2026-08-07 02:44:08,409 [ERROR] LogOutputStream:75 - [STDERR_REDIRECT] [Fatal Error] :1:1: Premature end of file.
2026-08-07 02:44:08,409 [ERROR] LogOutputStream:75 - [STDERR_REDIRECT] 
2026-08-07 02:44:09,414 [ERROR] LogOutputStream:75 - [STDERR_REDIRECT] [Fatal Error] :1:1: Premature end of file.
2026-08-07 02:44:09,414 [ERROR] LogOutputStream:75 - [STDERR_REDIRECT] 
2026-08-07 02:44:10,415 [ERROR] LogOutputStream:75 - [STDERR_REDIRECT] [Fatal Error] :1:1: Premature end of file.
2026-08-07 02:44:10,415 [ERROR] LogOutputStream:75 - [STDERR_REDIRECT] 
2026-08-07 02:44:11,413 [ERROR] LogOutputStream:75 - [STDERR_REDIRECT] [Fatal Error] :1:1: Premature end of file.
2026-08-07 02:44:11,413 [ERROR] LogOutputStream:75 - [STDERR_REDIRECT] 
2026-08-07 02:44:12,403 [ERROR] LogOutputStream:75 - [STDERR_REDIRECT] [Fatal Error] :1:1: Premature end of file.
2026-08-07 02:44:12,403 [ERROR] LogOutputStream:75 - [STDERR_REDIRECT] 
2026-08-07 02:44:13,415 [ERROR] LogOutputStream:75 - [STDERR_REDIRECT] [Fatal Error] :1:1: Premature end of file.
2026-08-07 02:44:13,416 [ERROR] LogOutputStream:75 - [STDERR_REDIRECT] 
2026-08-07 02:44:14,406 [ERROR] LogOutputStream:75 - [STDERR_REDIRECT] [Fatal Error] :1:1: Premature end of file.
2026-08-07 02:44:14,407 [ERROR] LogOutputStream:75 - [STDERR_REDIRECT] 
2026-08-07 02:44:15,414 [ERROR] LogOutputStream:75 - [STDERR_REDIRECT] [Fatal Error] :1:1: Premature end of file.
2026-08-07 02:44:15,414 [ERROR] LogOutputStream:75 - [STDERR_REDIRECT] 
2026-08-07 02:44:16,410 [ERROR] LogOutputStream:75 - [STDERR_REDIRECT] [Fatal Error] :1:1: Premature end of file.
2026-08-07 02:44:16,410 [ERROR] LogOutputStream:75 - [STDERR_REDIRECT] 
2026-08-07 02:44:17,406 [ERROR] LogOutputStream:75 - [STDERR_REDIRECT] [Fatal Error] :1:1: Premature end of file.
2026-08-07 02:44:17,406 [ERROR] LogOutputStream:75 - [STDERR_REDIRECT] 
2026-08-07 02:44:18,408 [ERROR] LogOutputStream:75 - [STDERR_REDIRECT] [Fatal Error] :1:1: Premature end of file.
2026-08-07 02:44:18,408 [ERROR] LogOutputStream:75 - [STDERR_REDIRECT] 
2026-08-07 02:44:19,417 [ERROR] LogOutputStream:75 - [STDERR_REDIRECT] [Fatal Error] :1:1: Premature end of file.
2026-08-07 02:44:19,417 [ERROR] LogOutputStream:75 - [STDERR_REDIRECT] 
2026-08-07 02:44:20,405 [ERROR] LogOutputStream:75 - [STDERR_REDIRECT] [Fatal Error] :1:1: Premature end of file.
2026-08-07 02:44:20,405 [ERROR] LogOutputStream:75 - [STDERR_REDIRECT] 
2026-08-07 02:44:21,403 [ERROR] LogOutputStream:75 - [STDERR_REDIRECT] [Fatal Error] :1:1: Premature end of file.
2026-08-07 02:44:21,403 [ERROR] LogOutputStream:75 - [STDERR_REDIRECT] 
2026-08-07 02:44:22,408 [ERROR] LogOutputStream:75 - [STDERR_REDIRECT] [Fatal Error] :1:1: Premature end of file.
2026-08-07 02:44:22,408 [ERROR] LogOutputStream:75 - [STDERR_REDIRECT] 
2026-08-07 02:44:23,412 [ERROR] LogOutputStream:75 - [STDERR_REDIRECT] [Fatal Error] :1:1: Premature end of file.
2026-08-07 02:44:23,412 [ERROR] LogOutputStream:75 - [STDERR_REDIRECT] 
2026-08-07 02:44:24,417 [ERROR] LogOutputStream:75 - [STDERR_REDIRECT] [Fatal Error] :1:1: Premature end of file.
2026-08-07 02:44:24,417 [ERROR] LogOutputStream:75 - [STDERR_REDIRECT] 
2026-08-07 02:44:25,407 [ERROR] LogOutputStream:75 - [STDERR_REDIRECT] [Fatal Error] :1:1: Premature end of file.
2026-08-07 02:44:25,407 [ERROR] LogOutputStream:75 - [STDERR_REDIRECT] 
2026-08-07 02:44:26,408 [ERROR] LogOutputStream:75 - [STDERR_REDIRECT] [Fatal Error] :1:1: Premature end of file.
2026-08-07 02:44:26,409 [ERROR] LogOutputStream:75 - [STDERR_REDIRECT] 
2026-08-07 02:44:27,410 [ERROR] LogOutputStream:75 - [STDERR_REDIRECT] [Fatal Error] :1:1: Premature end of file.
2026-08-07 02:44:27,411 [ERROR] LogOutputStream:75 - [STDERR_REDIRECT] 
2026-08-07 02:44:28,415 [ERROR] LogOutputStream:75 - [STDERR_REDIRECT] [Fatal Error] :1:1: Premature end of file.
2026-08-07 02:44:28,416 [ERROR] LogOutputStream:75 - [STDERR_REDIRECT] 
2026-08-07 02:44:29,413 [ERROR] LogOutputStream:75 - [STDERR_REDIRECT] [Fatal Error] :1:1: Premature end of file.
2026-08-07 02:44:29,413 [ERROR] LogOutputStream:75 - [STDERR_REDIRECT] 
2026-08-07 02:44:30,411 [ERROR] LogOutputStream:75 - [STDERR_REDIRECT] [Fatal Error] :1:1: Premature end of file.
2026-08-07 02:44:30,411 [ERROR] LogOutputStream:75 - [STDERR_REDIRECT] 
2026-08-07 02:44:31,403 [ERROR] LogOutputStream:75 - [STDERR_REDIRECT] [Fatal Error] :1:1: Premature end of file.
2026-08-07 02:44:31,403 [ERROR] LogOutputStream:75 - [STDERR_REDIRECT] 
2026-08-07 02:44:32,417 [ERROR] LogOutputStream:75 - [STDERR_REDIRECT] [Fatal Error] :1:1: Premature end of file.
2026-08-07 02:44:32,418 [ERROR] LogOutputStream:75 - [STDERR_REDIRECT] 
2026-08-07 02:44:33,414 [ERROR] LogOutputStream:75 - [STDERR_REDIRECT] [Fatal Error] :1:1: Premature end of file.
2026-08-07 02:44:33,414 [ERROR] LogOutputStream:75 - [STDERR_REDIRECT] 
2026-08-07 02:44:34,402 [ERROR] LogOutputStream:75 - [STDERR_REDIRECT] [Fatal Error] :1:1: Premature end of file.
2026-08-07 02:44:34,403 [ERROR] LogOutputStream:75 - [STDERR_REDIRECT] 
2026-08-07 02:44:35,404 [ERROR] LogOutputStream:75 - [STDERR_REDIRECT] [Fatal Error] :1:1: Premature end of file.
2026-08-07 02:44:35,405 [ERROR] LogOutputStream:75 - [STDERR_REDIRECT] 
2026-08-07 02:44:36,403 [ERROR] LogOutputStream:75 - [STDERR_REDIRECT] [Fatal Error] :1:1: Premature end of file.
2026-08-07 02:44:36,403 [ERROR] LogOutputStream:75 - [STDERR_REDIRECT] 
2026-08-07 02:44:37,411 [ERROR] LogOutputStream:75 - [STDERR_REDIRECT] [Fatal Error] :1:1: Premature end of file.
2026-08-07 02:44:37,411 [ERROR] LogOutputStream:75 - [STDERR_REDIRECT] 
2026-08-07 02:44:38,406 [ERROR] LogOutputStream:75 - [STDERR_REDIRECT] [Fatal Error] :1:1: Premature end of file.
2026-08-07 02:44:38,406 [ERROR] LogOutputStream:75 - [STDERR_REDIRECT] 
2026-08-07 02:44:39,415 [ERROR] LogOutputStream:75 - [STDERR_REDIRECT] [Fatal Error] :1:1: Premature end of file.
2026-08-07 02:44:39,415 [ERROR] LogOutputStream:75 - [STDERR_REDIRECT] 
2026-08-07 02:44:40,412 [ERROR] LogOutputStream:75 - [STDERR_REDIRECT] [Fatal Error] :1:1: Premature end of file.
2026-08-07 02:44:40,412 [ERROR] LogOutputStream:75 - [STDERR_REDIRECT] 
2026-08-07 02:44:41,418 [ERROR] LogOutputStream:75 - [STDERR_REDIRECT] [Fatal Error] :1:1: Premature end of file.
2026-08-07 02:44:41,418 [ERROR] LogOutputStream:75 - [STDERR_REDIRECT] 
2026-08-07 02:44:42,409 [ERROR] LogOutputStream:75 - [STDERR_REDIRECT] [Fatal Error] :1:1: Premature end of file.
2026-08-07 02:44:42,410 [ERROR] LogOutputStream:75 - [STDERR_REDIRECT] 
2026-08-07 02:44:43,414 [ERROR] LogOutputStream:75 - [STDERR_REDIRECT] [Fatal Error] :1:1: Premature end of file.
2026-08-07 02:44:43,415 [ERROR] LogOutputStream:75 - [STDERR_REDIRECT] 
2026-08-07 02:44:44,408 [ERROR] LogOutputStream:75 - [STDERR_REDIRECT] [Fatal Error] :1:1: Premature end of file.
2026-08-07 02:44:44,408 [ERROR] LogOutputStream:75 - [STDERR_REDIRECT] 
2026-08-07 02:44:45,408 [ERROR] LogOutputStream:75 - [STDERR_REDIRECT] [Fatal Error] :1:1: Premature end of file.
2026-08-07 02:44:45,408 [ERROR] LogOutputStream:75 - [STDERR_REDIRECT] 
2026-08-07 02:44:46,419 [ERROR] LogOutputStream:75 - [STDERR_REDIRECT] [Fatal Error] :1:1: Premature end of file.
2026-08-07 02:44:46,419 [ERROR] LogOutputStream:75 - [STDERR_REDIRECT] 
2026-08-07 02:44:47,410 [ERROR] LogOutputStream:75 - [STDERR_REDIRECT] [Fatal Error] :1:1: Premature end of file.
2026-08-07 02:44:47,410 [ERROR] LogOutputStream:75 - [STDERR_REDIRECT] 
2026-08-07 02:44:48,412 [ERROR] LogOutputStream:75 - [STDERR_REDIRECT] [Fatal Error] :1:1: Premature end of file.
2026-08-07 02:44:48,412 [ERROR] LogOutputStream:75 - [STDERR_REDIRECT] 
2026-08-07 02:44:49,413 [ERROR] LogOutputStream:75 - [STDERR_REDIRECT] [Fatal Error] :1:1: Premature end of file.
2026-08-07 02:44:49,413 [ERROR] LogOutputStream:75 - [STDERR_REDIRECT] 
2026-08-07 02:44:50,402 [ERROR] LogOutputStream:75 - [STDERR_REDIRECT] [Fatal Error] :1:1: Premature end of file.
2026-08-07 02:44:50,402 [ERROR] LogOutputStream:75 - [STDERR_REDIRECT] 
2026-08-07 02:44:51,411 [ERROR] LogOutputStream:75 - [STDERR_REDIRECT] [Fatal Error] :1:1: Premature end of file.
2026-08-07 02:44:51,411 [ERROR] LogOutputStream:75 - [STDERR_REDIRECT] 
2026-08-07 02:44:52,418 [ERROR] LogOutputStream:75 - [STDERR_REDIRECT] [Fatal Error] :1:1: Premature end of file.
2026-08-07 02:44:52,418 [ERROR] LogOutputStream:75 - [STDERR_REDIRECT] 
2026-08-07 02:44:53,415 [ERROR] LogOutputStream:75 - [STDERR_REDIRECT] [Fatal Error] :1:1: Premature end of file.
2026-08-07 02:44:53,415 [ERROR] LogOutputStream:75 - [STDERR_REDIRECT] 
2026-08-07 02:44:54,399 [ERROR] LogOutputStream:75 - [STDERR_REDIRECT] [Fatal Error] :1:1: Premature end of file.
2026-08-07 02:44:54,399 [ERROR] LogOutputStream:75 - [STDERR_REDIRECT] 
2026-08-07 02:44:55,414 [ERROR] LogOutputStream:75 - [STDERR_REDIRECT] [Fatal Error] :1:1: Premature end of file.
2026-08-07 02:44:55,415 [ERROR] LogOutputStream:75 - [STDERR_REDIRECT] 
2026-08-07 02:44:56,409 [ERROR] LogOutputStream:75 - [STDERR_REDIRECT] [Fatal Error] :1:1: Premature end of file.
2026-08-07 02:44:56,410 [ERROR] LogOutputStream:75 - [STDERR_REDIRECT] 
2026-08-07 02:44:57,423 [ERROR] LogOutputStream:75 - [STDERR_REDIRECT] [Fatal Error] :1:1: Premature end of file.
2026-08-07 02:44:57,423 [ERROR] LogOutputStream:75 - [STDERR_REDIRECT] 
2026-08-07 02:44:58,400 [ERROR] LogOutputStream:75 - [STDERR_REDIRECT] [Fatal Error] :1:1: Premature end of file.
2026-08-07 02:44:58,400 [ERROR] LogOutputStream:75 - [STDERR_REDIRECT] 
2026-08-07 02:44:59,405 [ERROR] LogOutputStream:75 - [STDERR_REDIRECT] [Fatal Error] :1:1: Premature end of file.
2026-08-07 02:44:59,405 [ERROR] LogOutputStream:75 - [STDERR_REDIRECT] 
2026-08-07 02:45:00,417 [ERROR] LogOutputStream:75 - [STDERR_REDIRECT] [Fatal Error] :1:1: Premature end of file.
2026-08-07 02:45:00,417 [ERROR] LogOutputStream:75 - [STDERR_REDIRECT] 
2026-08-07 02:45:01,420 [ERROR] LogOutputStream:75 - [STDERR_REDIRECT] [Fatal Error] :1:1: Premature end of file.
2026-08-07 02:45:01,420 [ERROR] LogOutputStream:75 - [STDERR_REDIRECT] 
2026-08-07 02:45:02,412 [ERROR] LogOutputStream:75 - [STDERR_REDIRECT] [Fatal Error] :1:1: Premature end of file.
2026-08-07 02:45:02,412 [ERROR] LogOutputStream:75 - [STDERR_REDIRECT] 
2026-08-07 02:45:03,416 [ERROR] LogOutputStream:75 - [STDERR_REDIRECT] [Fatal Error] :1:1: Premature end of file.
2026-08-07 02:45:03,416 [ERROR] LogOutputStream:75 - [STDERR_REDIRECT] 
2026-08-07 02:45:04,408 [ERROR] LogOutputStream:75 - [STDERR_REDIRECT] [Fatal Error] :1:1: Premature end of file.
2026-08-07 02:45:04,409 [ERROR] LogOutputStream:75 - [STDERR_REDIRECT] 
2026-08-07 02:45:05,412 [ERROR] LogOutputStream:75 - [STDERR_REDIRECT] [Fatal Error] :1:1: Premature end of file.
2026-08-07 02:45:05,412 [ERROR] LogOutputStream:75 - [STDERR_REDIRECT] 
2026-08-07 02:45:06,403 [ERROR] LogOutputStream:75 - [STDERR_REDIRECT] [Fatal Error] :1:1: Premature end of file.
2026-08-07 02:45:06,403 [ERROR] LogOutputStream:75 - [STDERR_REDIRECT] 
2026-08-07 02:45:07,415 [ERROR] LogOutputStream:75 - [STDERR_REDIRECT] [Fatal Error] :1:1: Premature end of file.
2026-08-07 02:45:07,416 [ERROR] LogOutputStream:75 - [STDERR_REDIRECT] 
2026-08-07 02:45:08,421 [ERROR] LogOutputStream:75 - [STDERR_REDIRECT] [Fatal Error] :1:1: Premature end of file.
2026-08-07 02:45:08,421 [ERROR] LogOutputStream:75 - [STDERR_REDIRECT] 
2026-08-07 02:45:09,401 [ERROR] LogOutputStream:75 - [STDERR_REDIRECT] [Fatal Error] :1:1: Premature end of file.
2026-08-07 02:45:09,401 [ERROR] LogOutputStream:75 - [STDERR_REDIRECT] 
2026-08-07 02:45:10,405 [ERROR] LogOutputStream:75 - [STDERR_REDIRECT] [Fatal Error] :1:1: Premature end of file.
2026-08-07 02:45:10,405 [ERROR] LogOutputStream:75 - [STDERR_REDIRECT] 
2026-08-07 02:45:11,405 [ERROR] LogOutputStream:75 - [STDERR_REDIRECT] [Fatal Error] :1:1: Premature end of file.
2026-08-07 02:45:11,405 [ERROR] LogOutputStream:75 - [STDERR_REDIRECT] 
2026-08-07 02:45:12,408 [ERROR] LogOutputStream:75 - [STDERR_REDIRECT] [Fatal Error] :1:1: Premature end of file.
2026-08-07 02:45:12,408 [ERROR] LogOutputStream:75 - [STDERR_REDIRECT] 
2026-08-07 02:45:13,405 [ERROR] LogOutputStream:75 - [STDERR_REDIRECT] [Fatal Error] :1:1: Premature end of file.
2026-08-07 02:45:13,405 [ERROR] LogOutputStream:75 - [STDERR_REDIRECT] 
2026-08-07 02:45:14,404 [ERROR] LogOutputStream:75 - [STDERR_REDIRECT] [Fatal Error] :1:1: Premature end of file.
2026-08-07 02:45:14,404 [ERROR] LogOutputStream:75 - [STDERR_REDIRECT] 
2026-08-07 02:45:15,412 [ERROR] LogOutputStream:75 - [STDERR_REDIRECT] [Fatal Error] :1:1: Premature end of file.
2026-08-07 02:45:15,413 [ERROR] LogOutputStream:75 - [STDERR_REDIRECT] 
2026-08-07 02:45:16,407 [ERROR] LogOutputStream:75 - [STDERR_REDIRECT] [Fatal Error] :1:1: Premature end of file.
2026-08-07 02:45:16,407 [ERROR] LogOutputStream:75 - [STDERR_REDIRECT] 
2026-08-07 02:45:17,411 [ERROR] LogOutputStream:75 - [STDERR_REDIRECT] [Fatal Error] :1:1: Premature end of file.
2026-08-07 02:45:17,411 [ERROR] LogOutputStream:75 - [STDERR_REDIRECT] 
2026-08-07 02:45:18,418 [ERROR] LogOutputStream:75 - [STDERR_REDIRECT] [Fatal Error] :1:1: Premature end of file.
2026-08-07 02:45:18,418 [ERROR] LogOutputStream:75 - [STDERR_REDIRECT] 
2026-08-07 02:45:19,401 [ERROR] LogOutputStream:75 - [STDERR_REDIRECT] [Fatal Error] :1:1: Premature end of file.
2026-08-07 02:45:19,402 [ERROR] LogOutputStream:75 - [STDERR_REDIRECT] 
2026-08-07 02:45:20,417 [ERROR] LogOutputStream:75 - [STDERR_REDIRECT] [Fatal Error] :1:1: Premature end of file.
2026-08-07 02:45:20,417 [ERROR] LogOutputStream:75 - [STDERR_REDIRECT] 
2026-08-07 02:45:21,403 [ERROR] LogOutputStream:75 - [STDERR_REDIRECT] [Fatal Error] :1:1: Premature end of file.
2026-08-07 02:45:21,403 [ERROR] LogOutputStream:75 - [STDERR_REDIRECT] 
2026-08-07 02:45:22,404 [ERROR] LogOutputStream:75 - [STDERR_REDIRECT] [Fatal Error] :1:1: Premature end of file.
2026-08-07 02:45:22,404 [ERROR] LogOutputStream:75 - [STDERR_REDIRECT] 
2026-08-07 02:45:23,418 [ERROR] LogOutputStream:75 - [STDERR_REDIRECT] [Fatal Error] :1:1: Premature end of file.
2026-08-07 02:45:23,418 [ERROR] LogOutputStream:75 - [STDERR_REDIRECT] 
2026-08-07 02:45:24,412 [ERROR] LogOutputStream:75 - [STDERR_REDIRECT] [Fatal Error] :1:1: Premature end of file.
2026-08-07 02:45:24,412 [ERROR] LogOutputStream:75 - [STDERR_REDIRECT] 
2026-08-07 02:45:25,406 [ERROR] LogOutputStream:75 - [STDERR_REDIRECT] [Fatal Error] :1:1: Premature end of file.
2026-08-07 02:45:25,406 [ERROR] LogOutputStream:75 - [STDERR_REDIRECT] 
2026-08-07 02:45:26,403 [ERROR] LogOutputStream:75 - [STDERR_REDIRECT] [Fatal Error] :1:1: Premature end of file.
2026-08-07 02:45:26,404 [ERROR] LogOutputStream:75 - [STDERR_REDIRECT] 
2026-08-07 02:45:27,412 [ERROR] LogOutputStream:75 - [STDERR_REDIRECT] [Fatal Error] :1:1: Premature end of file.
2026-08-07 02:45:27,413 [ERROR] LogOutputStream:75 - [STDERR_REDIRECT] 
2026-08-07 02:45:28,405 [ERROR] LogOutputStream:75 - [STDERR_REDIRECT] [Fatal Error] :1:1: Premature end of file.
2026-08-07 02:45:28,405 [ERROR] LogOutputStream:75 - [STDERR_REDIRECT] 
2026-08-07 02:45:29,409 [ERROR] LogOutputStream:75 - [STDERR_REDIRECT] [Fatal Error] :1:1: Premature end of file.
2026-08-07 02:45:29,409 [ERROR] LogOutputStream:75 - [STDERR_REDIRECT] 
2026-08-07 02:45:30,414 [ERROR] LogOutputStream:75 - [STDERR_REDIRECT] [Fatal Error] :1:1: Premature end of file.
2026-08-07 02:45:30,414 [ERROR] LogOutputStream:75 - [STDERR_REDIRECT] 
2026-08-07 02:45:31,406 [ERROR] LogOutputStream:75 - [STDERR_REDIRECT] [Fatal Error] :1:1: Premature end of file.
2026-08-07 02:45:31,406 [ERROR] LogOutputStream:75 - [STDERR_REDIRECT] 
2026-08-07 02:45:32,413 [ERROR] LogOutputStream:75 - [STDERR_REDIRECT] [Fatal Error] :1:1: Premature end of file.
2026-08-07 02:45:32,413 [ERROR] LogOutputStream:75 - [STDERR_REDIRECT] 
2026-08-07 02:45:33,416 [ERROR] LogOutputStream:75 - [STDERR_REDIRECT] [Fatal Error] :1:1: Premature end of file.
2026-08-07 02:45:33,416 [ERROR] LogOutputStream:75 - [STDERR_REDIRECT] 
2026-08-07 02:45:34,409 [ERROR] LogOutputStream:75 - [STDERR_REDIRECT] [Fatal Error] :1:1: Premature end of file.
2026-08-07 02:45:34,409 [ERROR] LogOutputStream:75 - [STDERR_REDIRECT] 
2026-08-07 02:45:35,417 [ERROR] LogOutputStream:75 - [STDERR_REDIRECT] [Fatal Error] :1:1: Premature end of file.
2026-08-07 02:45:35,417 [ERROR] LogOutputStream:75 - [STDERR_REDIRECT] 
2026-08-07 02:45:36,409 [ERROR] LogOutputStream:75 - [STDERR_REDIRECT] [Fatal Error] :1:1: Premature end of file.
2026-08-07 02:45:36,409 [ERROR] LogOutputStream:75 - [STDERR_REDIRECT] 
2026-08-07 02:45:37,402 [ERROR] LogOutputStream:75 - [STDERR_REDIRECT] [Fatal Error] :1:1: Premature end of file.
2026-08-07 02:45:37,402 [ERROR] LogOutputStream:75 - [STDERR_REDIRECT] 
2026-08-07 02:45:38,405 [ERROR] LogOutputStream:75 - [STDERR_REDIRECT] [Fatal Error] :1:1: Premature end of file.
2026-08-07 02:45:38,405 [ERROR] LogOutputStream:75 - [STDERR_REDIRECT] 
2026-08-07 02:45:39,409 [ERROR] LogOutputStream:75 - [STDERR_REDIRECT] [Fatal Error] :1:1: Premature end of file.
2026-08-07 02:45:39,409 [ERROR] LogOutputStream:75 - [STDERR_REDIRECT] 
2026-08-07 02:45:40,416 [ERROR] LogOutputStream:75 - [STDERR_REDIRECT] [Fatal Error] :1:1: Premature end of file.
2026-08-07 02:45:40,417 [ERROR] LogOutputStream:75 - [STDERR_REDIRECT] 
2026-08-07 02:45:41,410 [ERROR] LogOutputStream:75 - [STDERR_REDIRECT] [Fatal Error] :1:1: Premature end of file.
2026-08-07 02:45:41,410 [ERROR] LogOutputStream:75 - [STDERR_REDIRECT] 
2026-08-07 02:45:42,411 [ERROR] LogOutputStream:75 - [STDERR_REDIRECT] [Fatal Error] :1:1: Premature end of file.
2026-08-07 02:45:42,411 [ERROR] LogOutputStream:75 - [STDERR_REDIRECT] 
2026-08-07 02:45:43,406 [ERROR] LogOutputStream:75 - [STDERR_REDIRECT] [Fatal Error] :1:1: Premature end of file.
2026-08-07 02:45:43,407 [ERROR] LogOutputStream:75 - [STDERR_REDIRECT] 
2026-08-07 02:45:44,407 [ERROR] LogOutputStream:75 - [STDERR_REDIRECT] [Fatal Error] :1:1: Premature end of file.
2026-08-07 02:45:44,407 [ERROR] LogOutputStream:75 - [STDERR_REDIRECT] 
2026-08-07 02:45:45,413 [ERROR] LogOutputStream:75 - [STDERR_REDIRECT] [Fatal Error] :1:1: Premature end of file.
2026-08-07 02:45:45,413 [ERROR] LogOutputStream:75 - [STDERR_REDIRECT] 
2026-08-07 02:45:46,418 [ERROR] LogOutputStream:75 - [STDERR_REDIRECT] [Fatal Error] :1:1: Premature end of file.
2026-08-07 02:45:46,418 [ERROR] LogOutputStream:75 - [STDERR_REDIRECT] 
2026-08-07 02:45:47,410 [ERROR] LogOutputStream:75 - [STDERR_REDIRECT] [Fatal Error] :1:1: Premature end of file.
2026-08-07 02:45:47,410 [ERROR] LogOutputStream:75 - [STDERR_REDIRECT] 
2026-08-07 02:45:48,407 [ERROR] LogOutputStream:75 - [STDERR_REDIRECT] [Fatal Error] :1:1: Premature end of file.
2026-08-07 02:45:48,407 [ERROR] LogOutputStream:75 - [STDERR_REDIRECT] 
2026-08-07 02:45:49,416 [ERROR] LogOutputStream:75 - [STDERR_REDIRECT] [Fatal Error] :1:1: Premature end of file.
2026-08-07 02:45:49,416 [ERROR] LogOutputStream:75 - [STDERR_REDIRECT] 
2026-08-07 02:45:50,414 [ERROR] LogOutputStream:75 - [STDERR_REDIRECT] [Fatal Error] :1:1: Premature end of file.
2026-08-07 02:45:50,414 [ERROR] LogOutputStream:75 - [STDERR_REDIRECT] 
2026-08-07 02:45:51,415 [ERROR] LogOutputStream:75 - [STDERR_REDIRECT] [Fatal Error] :1:1: Premature end of file.
2026-08-07 02:45:51,415 [ERROR] LogOutputStream:75 - [STDERR_REDIRECT] 
2026-08-07 02:45:52,411 [ERROR] LogOutputStream:75 - [STDERR_REDIRECT] [Fatal Error] :1:1: Premature end of file.
2026-08-07 02:45:52,411 [ERROR] LogOutputStream:75 - [STDERR_REDIRECT] 
2026-08-07 02:45:53,418 [ERROR] LogOutputStream:75 - [STDERR_REDIRECT] [Fatal Error] :1:1: Premature end of file.
2026-08-07 02:45:53,418 [ERROR] LogOutputStream:75 - [STDERR_REDIRECT] 
2026-08-07 02:45:54,413 [ERROR] LogOutputStream:75 - [STDERR_REDIRECT] [Fatal Error] :1:1: Premature end of file.
2026-08-07 02:45:54,413 [ERROR] LogOutputStream:75 - [STDERR_REDIRECT] 
2026-08-07 02:45:55,415 [ERROR] LogOutputStream:75 - [STDERR_REDIRECT] [Fatal Error] :1:1: Premature end of file.
2026-08-07 02:45:55,415 [ERROR] LogOutputStream:75 - [STDERR_REDIRECT] 
2026-08-07 02:45:56,406 [ERROR] LogOutputStream:75 - [STDERR_REDIRECT] [Fatal Error] :1:1: Premature end of file.
2026-08-07 02:45:56,406 [ERROR] LogOutputStream:75 - [STDERR_REDIRECT] 
2026-08-07 02:45:57,403 [ERROR] LogOutputStream:75 - [STDERR_REDIRECT] [Fatal Error] :1:1: Premature end of file.
2026-08-07 02:45:57,403 [ERROR] LogOutputStream:75 - [STDERR_REDIRECT] 
2026-08-07 02:45:58,415 [ERROR] LogOutputStream:75 - [STDERR_REDIRECT] [Fatal Error] :1:1: Premature end of file.
2026-08-07 02:45:58,417 [ERROR] LogOutputStream:75 - [STDERR_REDIRECT] 
2026-08-07 02:45:59,419 [ERROR] LogOutputStream:75 - [STDERR_REDIRECT] [Fatal Error] :1:1: Premature end of file.
2026-08-07 02:45:59,419 [ERROR] LogOutputStream:75 - [STDERR_REDIRECT] 
2026-08-07 02:46:00,408 [ERROR] LogOutputStream:75 - [STDERR_REDIRECT] [Fatal Error] :1:1: Premature end of file.
2026-08-07 02:46:00,408 [ERROR] LogOutputStream:75 - [STDERR_REDIRECT] 
2026-08-07 02:46:01,414 [ERROR] LogOutputStream:75 - [STDERR_REDIRECT] [Fatal Error] :1:1: Premature end of file.
2026-08-07 02:46:01,414 [ERROR] LogOutputStream:75 - [STDERR_REDIRECT] 
2026-08-07 02:46:02,402 [ERROR] LogOutputStream:75 - [STDERR_REDIRECT] [Fatal Error] :1:1: Premature end of file.
2026-08-07 02:46:02,402 [ERROR] LogOutputStream:75 - [STDERR_REDIRECT] 
2026-08-07 02:46:03,415 [ERROR] LogOutputStream:75 - [STDERR_REDIRECT] [Fatal Error] :1:1: Premature end of file.
2026-08-07 02:46:03,416 [ERROR] LogOutputStream:75 - [STDERR_REDIRECT] 
2026-08-07 02:46:04,414 [ERROR] LogOutputStream:75 - [STDERR_REDIRECT] [Fatal Error] :1:1: Premature end of file.
2026-08-07 02:46:04,414 [ERROR] LogOutputStream:75 - [STDERR_REDIRECT] 
2026-08-07 02:46:05,403 [ERROR] LogOutputStream:75 - [STDERR_REDIRECT] [Fatal Error] :1:1: Premature end of file.
2026-08-07 02:46:05,403 [ERROR] LogOutputStream:75 - [STDERR_REDIRECT] 
2026-08-07 02:46:06,407 [ERROR] LogOutputStream:75 - [STDERR_REDIRECT] [Fatal Error] :1:1: Premature end of file.
2026-08-07 02:46:06,407 [ERROR] LogOutputStream:75 - [STDERR_REDIRECT] 
2026-08-07 02:46:07,401 [ERROR] LogOutputStream:75 - [STDERR_REDIRECT] [Fatal Error] :1:1: Premature end of file.
2026-08-07 02:46:07,402 [ERROR] LogOutputStream:75 - [STDERR_REDIRECT] 
2026-08-07 02:46:08,413 [ERROR] LogOutputStream:75 - [STDERR_REDIRECT] [Fatal Error] :1:1: Premature end of file.
2026-08-07 02:46:08,413 [ERROR] LogOutputStream:75 - [STDERR_REDIRECT] 
2026-08-07 02:46:09,413 [ERROR] LogOutputStream:75 - [STDERR_REDIRECT] [Fatal Error] :1:1: Premature end of file.
2026-08-07 02:46:09,413 [ERROR] LogOutputStream:75 - [STDERR_REDIRECT] 
2026-08-07 02:46:10,412 [ERROR] LogOutputStream:75 - [STDERR_REDIRECT] [Fatal Error] :1:1: Premature end of file.
2026-08-07 02:46:10,412 [ERROR] LogOutputStream:75 - [STDERR_REDIRECT] 
2026-08-07 02:46:11,413 [ERROR] LogOutputStream:75 - [STDERR_REDIRECT] [Fatal Error] :1:1: Premature end of file.
2026-08-07 02:46:11,415 [ERROR] LogOutputStream:75 - [STDERR_REDIRECT] 
2026-08-07 02:46:12,405 [ERROR] LogOutputStream:75 - [STDERR_REDIRECT] [Fatal Error] :1:1: Premature end of file.
2026-08-07 02:46:12,405 [ERROR] LogOutputStream:75 - [STDERR_REDIRECT] 
2026-08-07 02:46:13,414 [ERROR] LogOutputStream:75 - [STDERR_REDIRECT] [Fatal Error] :1:1: Premature end of file.
2026-08-07 02:46:13,414 [ERROR] LogOutputStream:75 - [STDERR_REDIRECT] 
2026-08-07 02:46:14,417 [ERROR] LogOutputStream:75 - [STDERR_REDIRECT] [Fatal Error] :1:1: Premature end of file.
2026-08-07 02:46:14,417 [ERROR] LogOutputStream:75 - [STDERR_REDIRECT] 
2026-08-07 02:46:15,412 [ERROR] LogOutputStream:75 - [STDERR_REDIRECT] [Fatal Error] :1:1: Premature end of file.
2026-08-07 02:46:15,412 [ERROR] LogOutputStream:75 - [STDERR_REDIRECT] 
2026-08-07 02:46:16,408 [ERROR] LogOutputStream:75 - [STDERR_REDIRECT] [Fatal Error] :1:1: Premature end of file.
2026-08-07 02:46:16,408 [ERROR] LogOutputStream:75 - [STDERR_REDIRECT] 
2026-08-07 02:46:17,414 [ERROR] LogOutputStream:75 - [STDERR_REDIRECT] [Fatal Error] :1:1: Premature end of file.
2026-08-07 02:46:17,415 [ERROR] LogOutputStream:75 - [STDERR_REDIRECT] 
2026-08-07 02:46:18,420 [ERROR] LogOutputStream:75 - [STDERR_REDIRECT] [Fatal Error] :1:1: Premature end of file.
2026-08-07 02:46:18,420 [ERROR] LogOutputStream:75 - [STDERR_REDIRECT] 
2026-08-07 02:46:19,403 [ERROR] LogOutputStream:75 - [STDERR_REDIRECT] [Fatal Error] :1:1: Premature end of file.
2026-08-07 02:46:19,403 [ERROR] LogOutputStream:75 - [STDERR_REDIRECT] 
2026-08-07 02:46:20,416 [ERROR] LogOutputStream:75 - [STDERR_REDIRECT] [Fatal Error] :1:1: Premature end of file.
2026-08-07 02:46:20,416 [ERROR] LogOutputStream:75 - [STDERR_REDIRECT] 
2026-08-07 02:46:21,412 [ERROR] LogOutputStream:75 - [STDERR_REDIRECT] [Fatal Error] :1:1: Premature end of file.
2026-08-07 02:46:21,412 [ERROR] LogOutputStream:75 - [STDERR_REDIRECT] 
2026-08-07 02:46:22,415 [ERROR] LogOutputStream:75 - [STDERR_REDIRECT] [Fatal Error] :1:1: Premature end of file.
2026-08-07 02:46:22,416 [ERROR] LogOutputStream:75 - [STDERR_REDIRECT] 
2026-08-07 02:46:23,402 [ERROR] LogOutputStream:75 - [STDERR_REDIRECT] [Fatal Error] :1:1: Premature end of file.
2026-08-07 02:46:23,402 [ERROR] LogOutputStream:75 - [STDERR_REDIRECT] 
2026-08-07 02:46:24,419 [ERROR] LogOutputStream:75 - [STDERR_REDIRECT] [Fatal Error] :1:1: Premature end of file.
2026-08-07 02:46:24,419 [ERROR] LogOutputStream:75 - [STDERR_REDIRECT] 
2026-08-07 02:46:25,417 [ERROR] LogOutputStream:75 - [STDERR_REDIRECT] [Fatal Error] :1:1: Premature end of file.
2026-08-07 02:46:25,417 [ERROR] LogOutputStream:75 - [STDERR_REDIRECT] 
2026-08-07 02:46:26,416 [ERROR] LogOutputStream:75 - [STDERR_REDIRECT] [Fatal Error] :1:1: Premature end of file.
2026-08-07 02:46:26,416 [ERROR] LogOutputStream:75 - [STDERR_REDIRECT] 
2026-08-07 02:46:27,419 [ERROR] LogOutputStream:75 - [STDERR_REDIRECT] [Fatal Error] :1:1: Premature end of file.
2026-08-07 02:46:27,419 [ERROR] LogOutputStream:75 - [STDERR_REDIRECT] 
2026-08-07 02:46:28,409 [ERROR] LogOutputStream:75 - [STDERR_REDIRECT] [Fatal Error] :1:1: Premature end of file.
2026-08-07 02:46:28,409 [ERROR] LogOutputStream:75 - [STDERR_REDIRECT] 
2026-08-07 02:46:29,411 [ERROR] LogOutputStream:75 - [STDERR_REDIRECT] [Fatal Error] :1:1: Premature end of file.
2026-08-07 02:46:29,411 [ERROR] LogOutputStream:75 - [STDERR_REDIRECT] 
2026-08-07 02:46:30,410 [ERROR] LogOutputStream:75 - [STDERR_REDIRECT] [Fatal Error] :1:1: Premature end of file.
2026-08-07 02:46:30,410 [ERROR] LogOutputStream:75 - [STDERR_REDIRECT] 
2026-08-07 02:46:31,409 [ERROR] LogOutputStream:75 - [STDERR_REDIRECT] [Fatal Error] :1:1: Premature end of file.
2026-08-07 02:46:31,409 [ERROR] LogOutputStream:75 - [STDERR_REDIRECT] 
2026-08-07 02:46:32,412 [ERROR] LogOutputStream:75 - [STDERR_REDIRECT] [Fatal Error] :1:1: Premature end of file.
2026-08-07 02:46:32,412 [ERROR] LogOutputStream:75 - [STDERR_REDIRECT] 
2026-08-07 02:46:33,417 [ERROR] LogOutputStream:75 - [STDERR_REDIRECT] [Fatal Error] :1:1: Premature end of file.
2026-08-07 02:46:33,417 [ERROR] LogOutputStream:75 - [STDERR_REDIRECT] 
2026-08-07 02:46:34,409 [ERROR] LogOutputStream:75 - [STDERR_REDIRECT] [Fatal Error] :1:1: Premature end of file.
2026-08-07 02:46:34,409 [ERROR] LogOutputStream:75 - [STDERR_REDIRECT] 
2026-08-07 02:46:35,416 [ERROR] LogOutputStream:75 - [STDERR_REDIRECT] [Fatal Error] :1:1: Premature end of file.
2026-08-07 02:46:35,416 [ERROR] LogOutputStream:75 - [STDERR_REDIRECT] 
2026-08-07 02:46:36,404 [ERROR] LogOutputStream:75 - [STDERR_REDIRECT] [Fatal Error] :1:1: Premature end of file.
2026-08-07 02:46:36,404 [ERROR] LogOutputStream:75 - [STDERR_REDIRECT] 
2026-08-07 02:46:37,409 [ERROR] LogOutputStream:75 - [STDERR_REDIRECT] [Fatal Error] :1:1: Premature end of file.
2026-08-07 02:46:37,409 [ERROR] LogOutputStream:75 - [STDERR_REDIRECT] 
2026-08-07 02:46:38,407 [ERROR] LogOutputStream:75 - [STDERR_REDIRECT] [Fatal Error] :1:1: Premature end of file.
2026-08-07 02:46:38,407 [ERROR] LogOutputStream:75 - [STDERR_REDIRECT] 
2026-08-07 02:46:39,414 [ERROR] LogOutputStream:75 - [STDERR_REDIRECT] [Fatal Error] :1:1: Premature end of file.
2026-08-07 02:46:39,414 [ERROR] LogOutputStream:75 - [STDERR_REDIRECT] 
2026-08-07 02:46:40,404 [ERROR] LogOutputStream:75 - [STDERR_REDIRECT] [Fatal Error] :1:1: Premature end of file.
2026-08-07 02:46:40,404 [ERROR] LogOutputStream:75 - [STDERR_REDIRECT] 
2026-08-07 02:46:41,408 [ERROR] LogOutputStream:75 - [STDERR_REDIRECT] [Fatal Error] :1:1: Premature end of file.
2026-08-07 02:46:41,408 [ERROR] LogOutputStream:75 - [STDERR_REDIRECT] 
2026-08-07 02:46:42,408 [ERROR] LogOutputStream:75 - [STDERR_REDIRECT] [Fatal Error] :1:1: Premature end of file.
2026-08-07 02:46:42,408 [ERROR] LogOutputStream:75 - [STDERR_REDIRECT] 
2026-08-07 02:46:43,417 [ERROR] LogOutputStream:75 - [STDERR_REDIRECT] [Fatal Error] :1:1: Premature end of file.
2026-08-07 02:46:43,417 [ERROR] LogOutputStream:75 - [STDERR_REDIRECT] 
2026-08-07 02:46:44,409 [ERROR] LogOutputStream:75 - [STDERR_REDIRECT] [Fatal Error] :1:1: Premature end of file.
2026-08-07 02:46:44,409 [ERROR] LogOutputStream:75 - [STDERR_REDIRECT] 
2026-08-07 02:46:45,416 [ERROR] LogOutputStream:75 - [STDERR_REDIRECT] [Fatal Error] :1:1: Premature end of file.
2026-08-07 02:46:45,416 [ERROR] LogOutputStream:75 - [STDERR_REDIRECT] 
2026-08-07 02:46:46,416 [ERROR] LogOutputStream:75 - [STDERR_REDIRECT] [Fatal Error] :1:1: Premature end of file.
2026-08-07 02:46:46,416 [ERROR] LogOutputStream:75 - [STDERR_REDIRECT] 
2026-08-07 02:46:47,404 [ERROR] LogOutputStream:75 - [STDERR_REDIRECT] [Fatal Error] :1:1: Premature end of file.
2026-08-07 02:46:47,404 [ERROR] LogOutputStream:75 - [STDERR_REDIRECT] 
2026-08-07 02:46:48,406 [ERROR] LogOutputStream:75 - [STDERR_REDIRECT] [Fatal Error] :1:1: Premature end of file.
2026-08-07 02:46:48,406 [ERROR] LogOutputStream:75 - [STDERR_REDIRECT] 
2026-08-07 02:46:49,405 [ERROR] LogOutputStream:75 - [STDERR_REDIRECT] [Fatal Error] :1:1: Premature end of file.
2026-08-07 02:46:49,406 [ERROR] LogOutputStream:75 - [STDERR_REDIRECT] 
2026-08-07 02:46:50,412 [ERROR] LogOutputStream:75 - [STDERR_REDIRECT] [Fatal Error] :1:1: Premature end of file.
2026-08-07 02:46:50,412 [ERROR] LogOutputStream:75 - [STDERR_REDIRECT] 
2026-08-07 02:46:51,417 [ERROR] LogOutputStream:75 - [STDERR_REDIRECT] [Fatal Error] :1:1: Premature end of file.
2026-08-07 02:46:51,417 [ERROR] LogOutputStream:75 - [STDERR_REDIRECT] 
2026-08-07 02:46:52,402 [ERROR] LogOutputStream:75 - [STDERR_REDIRECT] [Fatal Error] :1:1: Premature end of file.
2026-08-07 02:46:52,402 [ERROR] LogOutputStream:75 - [STDERR_REDIRECT] 
2026-08-07 02:46:53,404 [ERROR] LogOutputStream:75 - [STDERR_REDIRECT] [Fatal Error] :1:1: Premature end of file.
2026-08-07 02:46:53,404 [ERROR] LogOutputStream:75 - [STDERR_REDIRECT] 
2026-08-07 02:46:54,416 [ERROR] LogOutputStream:75 - [STDERR_REDIRECT] [Fatal Error] :1:1: Premature end of file.
2026-08-07 02:46:54,416 [ERROR] LogOutputStream:75 - [STDERR_REDIRECT] 
2026-08-07 02:46:55,418 [ERROR] LogOutputStream:75 - [STDERR_REDIRECT] [Fatal Error] :1:1: Premature end of file.
2026-08-07 02:46:55,418 [ERROR] LogOutputStream:75 - [STDERR_REDIRECT] 
2026-08-07 02:46:56,404 [ERROR] LogOutputStream:75 - [STDERR_REDIRECT] [Fatal Error] :1:1: Premature end of file.
2026-08-07 02:46:56,404 [ERROR] LogOutputStream:75 - [STDERR_REDIRECT] 
2026-08-07 02:46:57,414 [ERROR] LogOutputStream:75 - [STDERR_REDIRECT] [Fatal Error] :1:1: Premature end of file.
2026-08-07 02:46:57,414 [ERROR] LogOutputStream:75 - [STDERR_REDIRECT] 
2026-08-07 02:46:58,403 [ERROR] LogOutputStream:75 - [STDERR_REDIRECT] [Fatal Error] :1:1: Premature end of file.
2026-08-07 02:46:58,403 [ERROR] LogOutputStream:75 - [STDERR_REDIRECT] 
2026-08-07 02:46:59,413 [ERROR] LogOutputStream:75 - [STDERR_REDIRECT] [Fatal Error] :1:1: Premature end of file.
2026-08-07 02:46:59,413 [ERROR] LogOutputStream:75 - [STDERR_REDIRECT] 
2026-08-07 02:47:00,416 [ERROR] LogOutputStream:75 - [STDERR_REDIRECT] [Fatal Error] :1:1: Premature end of file.
2026-08-07 02:47:00,416 [ERROR] LogOutputStream:75 - [STDERR_REDIRECT] 
2026-08-07 02:47:01,400 [ERROR] LogOutputStream:75 - [STDERR_REDIRECT] [Fatal Error] :1:1: Premature end of file.
2026-08-07 02:47:01,400 [ERROR] LogOutputStream:75 - [STDERR_REDIRECT] 
2026-08-07 02:47:02,405 [ERROR] LogOutputStream:75 - [STDERR_REDIRECT] [Fatal Error] :1:1: Premature end of file.
2026-08-07 02:47:02,406 [ERROR] LogOutputStream:75 - [STDERR_REDIRECT] 
2026-08-07 02:47:03,407 [ERROR] LogOutputStream:75 - [STDERR_REDIRECT] [Fatal Error] :1:1: Premature end of file.
2026-08-07 02:47:03,407 [ERROR] LogOutputStream:75 - [STDERR_REDIRECT] 
2026-08-07 02:47:04,412 [ERROR] LogOutputStream:75 - [STDERR_REDIRECT] [Fatal Error] :1:1: Premature end of file.
2026-08-07 02:47:04,412 [ERROR] LogOutputStream:75 - [STDERR_REDIRECT] 
2026-08-07 02:47:05,414 [ERROR] LogOutputStream:75 - [STDERR_REDIRECT] [Fatal Error] :1:1: Premature end of file.
2026-08-07 02:47:05,415 [ERROR] LogOutputStream:75 - [STDERR_REDIRECT] 
2026-08-07 02:47:06,405 [ERROR] LogOutputStream:75 - [STDERR_REDIRECT] [Fatal Error] :1:1: Premature end of file.
2026-08-07 02:47:06,405 [ERROR] LogOutputStream:75 - [STDERR_REDIRECT] 
2026-08-07 02:47:07,418 [ERROR] LogOutputStream:75 - [STDERR_REDIRECT] [Fatal Error] :1:1: Premature end of file.
2026-08-07 02:47:07,419 [ERROR] LogOutputStream:75 - [STDERR_REDIRECT] 
2026-08-07 02:47:08,409 [ERROR] LogOutputStream:75 - [STDERR_REDIRECT] [Fatal Error] :1:1: Premature end of file.
2026-08-07 02:47:08,409 [ERROR] LogOutputStream:75 - [STDERR_REDIRECT] 
2026-08-07 02:47:09,404 [ERROR] LogOutputStream:75 - [STDERR_REDIRECT] [Fatal Error] :1:1: Premature end of file.
2026-08-07 02:47:09,404 [ERROR] LogOutputStream:75 - [STDERR_REDIRECT] 
2026-08-07 02:47:10,417 [ERROR] LogOutputStream:75 - [STDERR_REDIRECT] [Fatal Error] :1:1: Premature end of file.
2026-08-07 02:47:10,417 [ERROR] LogOutputStream:75 - [STDERR_REDIRECT] 
2026-08-07 02:47:11,417 [ERROR] LogOutputStream:75 - [STDERR_REDIRECT] [Fatal Error] :1:1: Premature end of file.
2026-08-07 02:47:11,417 [ERROR] LogOutputStream:75 - [STDERR_REDIRECT] 
2026-08-07 02:47:12,406 [ERROR] LogOutputStream:75 - [STDERR_REDIRECT] [Fatal Error] :1:1: Premature end of file.
2026-08-07 02:47:12,407 [ERROR] LogOutputStream:75 - [STDERR_REDIRECT] 
2026-08-07 02:47:13,411 [ERROR] LogOutputStream:75 - [STDERR_REDIRECT] [Fatal Error] :1:1: Premature end of file.
2026-08-07 02:47:13,412 [ERROR] LogOutputStream:75 - [STDERR_REDIRECT] 
2026-08-07 02:47:14,412 [ERROR] LogOutputStream:75 - [STDERR_REDIRECT] [Fatal Error] :1:1: Premature end of file.
2026-08-07 02:47:14,412 [ERROR] LogOutputStream:75 - [STDERR_REDIRECT] 
2026-08-07 02:47:15,419 [ERROR] LogOutputStream:75 - [STDERR_REDIRECT] [Fatal Error] :1:1: Premature end of file.
2026-08-07 02:47:15,419 [ERROR] LogOutputStream:75 - [STDERR_REDIRECT] 
2026-08-07 02:47:16,413 [ERROR] LogOutputStream:75 - [STDERR_REDIRECT] [Fatal Error] :1:1: Premature end of file.
2026-08-07 02:47:16,413 [ERROR] LogOutputStream:75 - [STDERR_REDIRECT] 
2026-08-07 02:47:17,412 [ERROR] LogOutputStream:75 - [STDERR_REDIRECT] [Fatal Error] :1:1: Premature end of file.
2026-08-07 02:47:17,412 [ERROR] LogOutputStream:75 - [STDERR_REDIRECT] 
2026-08-07 02:47:18,412 [ERROR] LogOutputStream:75 - [STDERR_REDIRECT] [Fatal Error] :1:1: Premature end of file.
2026-08-07 02:47:18,412 [ERROR] LogOutputStream:75 - [STDERR_REDIRECT] 
2026-08-07 02:47:19,419 [ERROR] LogOutputStream:75 - [STDERR_REDIRECT] [Fatal Error] :1:1: Premature end of file.
2026-08-07 02:47:19,419 [ERROR] LogOutputStream:75 - [STDERR_REDIRECT] 
2026-08-07 02:47:20,415 [ERROR] LogOutputStream:75 - [STDERR_REDIRECT] [Fatal Error] :1:1: Premature end of file.
2026-08-07 02:47:20,415 [ERROR] LogOutputStream:75 - [STDERR_REDIRECT] 
2026-08-07 02:47:21,412 [ERROR] LogOutputStream:75 - [STDERR_REDIRECT] [Fatal Error] :1:1: Premature end of file.
2026-08-07 02:47:21,412 [ERROR] LogOutputStream:75 - [STDERR_REDIRECT] 
2026-08-07 02:47:22,413 [ERROR] LogOutputStream:75 - [STDERR_REDIRECT] [Fatal Error] :1:1: Premature end of file.
2026-08-07 02:47:22,413 [ERROR] LogOutputStream:75 - [STDERR_REDIRECT] 
2026-08-07 02:47:23,411 [ERROR] LogOutputStream:75 - [STDERR_REDIRECT] [Fatal Error] :1:1: Premature end of file.
2026-08-07 02:47:23,411 [ERROR] LogOutputStream:75 - [STDERR_REDIRECT] 
2026-08-07 02:47:24,409 [ERROR] LogOutputStream:75 - [STDERR_REDIRECT] [Fatal Error] :1:1: Premature end of file.
2026-08-07 02:47:24,409 [ERROR] LogOutputStream:75 - [STDERR_REDIRECT] 
2026-08-07 02:47:25,411 [ERROR] LogOutputStream:75 - [STDERR_REDIRECT] [Fatal Error] :1:1: Premature end of file.
2026-08-07 02:47:25,411 [ERROR] LogOutputStream:75 - [STDERR_REDIRECT] 
2026-08-07 02:47:26,414 [ERROR] LogOutputStream:75 - [STDERR_REDIRECT] [Fatal Error] :1:1: Premature end of file.
2026-08-07 02:47:26,414 [ERROR] LogOutputStream:75 - [STDERR_REDIRECT] 
2026-08-07 02:47:27,413 [ERROR] LogOutputStream:75 - [STDERR_REDIRECT] [Fatal Error] :1:1: Premature end of file.
2026-08-07 02:47:27,413 [ERROR] LogOutputStream:75 - [STDERR_REDIRECT] 
2026-08-07 02:47:28,422 [ERROR] LogOutputStream:75 - [STDERR_REDIRECT] [Fatal Error] :1:1: Premature end of file.
2026-08-07 02:47:28,422 [ERROR] LogOutputStream:75 - [STDERR_REDIRECT] 
2026-08-07 02:47:29,417 [ERROR] LogOutputStream:75 - [STDERR_REDIRECT] [Fatal Error] :1:1: Premature end of file.
2026-08-07 02:47:29,417 [ERROR] LogOutputStream:75 - [STDERR_REDIRECT] 
2026-08-07 02:47:30,420 [ERROR] LogOutputStream:75 - [STDERR_REDIRECT] [Fatal Error] :1:1: Premature end of file.
2026-08-07 02:47:30,420 [ERROR] LogOutputStream:75 - [STDERR_REDIRECT] 
2026-08-07 02:47:31,420 [ERROR] LogOutputStream:75 - [STDERR_REDIRECT] [Fatal Error] :1:1: Premature end of file.
2026-08-07 02:47:31,420 [ERROR] LogOutputStream:75 - [STDERR_REDIRECT] 
2026-08-07 02:47:32,407 [ERROR] LogOutputStream:75 - [STDERR_REDIRECT] [Fatal Error] :1:1: Premature end of file.
2026-08-07 02:47:32,407 [ERROR] LogOutputStream:75 - [STDERR_REDIRECT] 
2026-08-07 02:47:33,414 [ERROR] LogOutputStream:75 - [STDERR_REDIRECT] [Fatal Error] :1:1: Premature end of file.
2026-08-07 02:47:33,414 [ERROR] LogOutputStream:75 - [STDERR_REDIRECT] 
2026-08-07 02:47:34,406 [ERROR] LogOutputStream:75 - [STDERR_REDIRECT] [Fatal Error] :1:1: Premature end of file.
2026-08-07 02:47:34,406 [ERROR] LogOutputStream:75 - [STDERR_REDIRECT] 
2026-08-07 02:47:35,409 [ERROR] LogOutputStream:75 - [STDERR_REDIRECT] [Fatal Error] :1:1: Premature end of file.
2026-08-07 02:47:35,409 [ERROR] LogOutputStream:75 - [STDERR_REDIRECT] 
2026-08-07 02:47:36,400 [ERROR] LogOutputStream:75 - [STDERR_REDIRECT] [Fatal Error] :1:1: Premature end of file.
2026-08-07 02:47:36,400 [ERROR] LogOutputStream:75 - [STDERR_REDIRECT] 
2026-08-07 02:47:37,412 [ERROR] LogOutputStream:75 - [STDERR_REDIRECT] [Fatal Error] :1:1: Premature end of file.
2026-08-07 02:47:37,412 [ERROR] LogOutputStream:75 - [STDERR_REDIRECT] 
2026-08-07 02:47:38,412 [ERROR] LogOutputStream:75 - [STDERR_REDIRECT] [Fatal Error] :1:1: Premature end of file.
2026-08-07 02:47:38,412 [ERROR] LogOutputStream:75 - [STDERR_REDIRECT] 
2026-08-07 02:47:39,417 [ERROR] LogOutputStream:75 - [STDERR_REDIRECT] [Fatal Error] :1:1: Premature end of file.
2026-08-07 02:47:39,417 [ERROR] LogOutputStream:75 - [STDERR_REDIRECT] 
2026-08-07 02:47:40,418 [ERROR] LogOutputStream:75 - [STDERR_REDIRECT] [Fatal Error] :1:1: Premature end of file.
2026-08-07 02:47:40,418 [ERROR] LogOutputStream:75 - [STDERR_REDIRECT] 
2026-08-07 02:47:41,400 [ERROR] LogOutputStream:75 - [STDERR_REDIRECT] [Fatal Error] :1:1: Premature end of file.
2026-08-07 02:47:41,400 [ERROR] LogOutputStream:75 - [STDERR_REDIRECT] 
2026-08-07 02:47:42,419 [ERROR] LogOutputStream:75 - [STDERR_REDIRECT] [Fatal Error] :1:1: Premature end of file.
2026-08-07 02:47:42,419 [ERROR] LogOutputStream:75 - [STDERR_REDIRECT] 
2026-08-07 02:47:43,406 [ERROR] LogOutputStream:75 - [STDERR_REDIRECT] [Fatal Error] :1:1: Premature end of file.
2026-08-07 02:47:43,406 [ERROR] LogOutputStream:75 - [STDERR_REDIRECT] 
2026-08-07 02:47:44,409 [ERROR] LogOutputStream:75 - [STDERR_REDIRECT] [Fatal Error] :1:1: Premature end of file.
2026-08-07 02:47:44,409 [ERROR] LogOutputStream:75 - [STDERR_REDIRECT] 
2026-08-07 02:47:45,404 [ERROR] LogOutputStream:75 - [STDERR_REDIRECT] [Fatal Error] :1:1: Premature end of file.
2026-08-07 02:47:45,404 [ERROR] LogOutputStream:75 - [STDERR_REDIRECT] 
2026-08-07 02:47:46,407 [ERROR] LogOutputStream:75 - [STDERR_REDIRECT] [Fatal Error] :1:1: Premature end of file.
2026-08-07 02:47:46,408 [ERROR] LogOutputStream:75 - [STDERR_REDIRECT] 
2026-08-07 02:47:47,399 [ERROR] LogOutputStream:75 - [STDERR_REDIRECT] [Fatal Error] :1:1: Premature end of file.
2026-08-07 02:47:47,399 [ERROR] LogOutputStream:75 - [STDERR_REDIRECT] 
2026-08-07 02:47:48,407 [ERROR] LogOutputStream:75 - [STDERR_REDIRECT] [Fatal Error] :1:1: Premature end of file.
2026-08-07 02:47:48,407 [ERROR] LogOutputStream:75 - [STDERR_REDIRECT] 
2026-08-07 02:47:49,407 [ERROR] LogOutputStream:75 - [STDERR_REDIRECT] [Fatal Error] :1:1: Premature end of file.
2026-08-07 02:47:49,407 [ERROR] LogOutputStream:75 - [STDERR_REDIRECT] 
2026-08-07 02:47:50,408 [ERROR] LogOutputStream:75 - [STDERR_REDIRECT] [Fatal Error] :1:1: Premature end of file.
2026-08-07 02:47:50,408 [ERROR] LogOutputStream:75 - [STDERR_REDIRECT] 
2026-08-07 02:47:51,417 [ERROR] LogOutputStream:75 - [STDERR_REDIRECT] [Fatal Error] :1:1: Premature end of file.
2026-08-07 02:47:51,417 [ERROR] LogOutputStream:75 - [STDERR_REDIRECT] 
2026-08-07 02:47:52,449 [ERROR] LogOutputStream:75 - [STDERR_REDIRECT] [Fatal Error] :1:1: Premature end of file.
2026-08-07 02:47:52,450 [ERROR] LogOutputStream:75 - [STDERR_REDIRECT] 
2026-08-07 02:47:53,406 [ERROR] LogOutputStream:75 - [STDERR_REDIRECT] [Fatal Error] :1:1: Premature end of file.
2026-08-07 02:47:53,406 [ERROR] LogOutputStream:75 - [STDERR_REDIRECT] 
2026-08-07 02:47:54,406 [ERROR] LogOutputStream:75 - [STDERR_REDIRECT] [Fatal Error] :1:1: Premature end of file.
2026-08-07 02:47:54,406 [ERROR] LogOutputStream:75 - [STDERR_REDIRECT] 
2026-08-07 02:47:55,417 [ERROR] LogOutputStream:75 - [STDERR_REDIRECT] [Fatal Error] :1:1: Premature end of file.
2026-08-07 02:47:55,418 [ERROR] LogOutputStream:75 - [STDERR_REDIRECT] 
2026-08-07 02:47:56,417 [ERROR] LogOutputStream:75 - [STDERR_REDIRECT] [Fatal Error] :1:1: Premature end of file.
2026-08-07 02:47:56,417 [ERROR] LogOutputStream:75 - [STDERR_REDIRECT] 
2026-08-07 02:47:57,440 [ERROR] LogOutputStream:75 - [STDERR_REDIRECT] [Fatal Error] :1:1: Premature end of file.
2026-08-07 02:47:57,440 [ERROR] LogOutputStream:75 - [STDERR_REDIRECT] 
2026-08-07 02:47:58,443 [ERROR] LogOutputStream:75 - [STDERR_REDIRECT] [Fatal Error] :1:1: Premature end of file.
2026-08-07 02:47:58,443 [ERROR] LogOutputStream:75 - [STDERR_REDIRECT] 
2026-08-07 02:47:59,443 [ERROR] LogOutputStream:75 - [STDERR_REDIRECT] [Fatal Error] :1:1: Premature end of file.
2026-08-07 02:47:59,443 [ERROR] LogOutputStream:75 - [STDERR_REDIRECT] 
2026-08-07 02:48:00,443 [ERROR] LogOutputStream:75 - [STDERR_REDIRECT] [Fatal Error] :1:1: Premature end of file.
2026-08-07 02:48:00,443 [ERROR] LogOutputStream:75 - [STDERR_REDIRECT] 
2026-08-07 02:48:01,438 [ERROR] LogOutputStream:75 - [STDERR_REDIRECT] [Fatal Error] :1:1: Premature end of file.
2026-08-07 02:48:01,438 [ERROR] LogOutputStream:75 - [STDERR_REDIRECT] 
2026-08-07 02:48:02,468 [ERROR] LogOutputStream:75 - [STDERR_REDIRECT] [Fatal Error] :1:1: Premature end of file.
2026-08-07 02:48:02,468 [ERROR] LogOutputStream:75 - [STDERR_REDIRECT] 
2026-08-07 02:48:03,424 [ERROR] LogOutputStream:75 - [STDERR_REDIRECT] [Fatal Error] :1:1: Premature end of file.
2026-08-07 02:48:03,424 [ERROR] LogOutputStream:75 - [STDERR_REDIRECT] 
2026-08-07 02:48:04,714 [ERROR] LogOutputStream:75 - [STDERR_REDIRECT] [Fatal Error] :1:1: Premature end of file.
2026-08-07 02:48:04,714 [ERROR] LogOutputStream:75 - [STDERR_REDIRECT] 
2026-08-07 02:48:06,220 [ERROR] LogOutputStream:75 - [STDERR_REDIRECT] [Fatal Error] :1:1: Premature end of file.
2026-08-07 02:48:06,221 [ERROR] LogOutputStream:75 - [STDERR_REDIRECT] 
2026-08-07 02:48:06,980 [ERROR] LogOutputStream:75 - [STDERR_REDIRECT] [Fatal Error] :1:1: Premature end of file.
2026-08-07 02:48:06,981 [ERROR] LogOutputStream:75 - [STDERR_REDIRECT] 
2026-08-07 02:48:08,397 [ERROR] LogOutputStream:75 - [STDERR_REDIRECT] [Fatal Error] :1:1: Premature end of file.
2026-08-07 02:48:08,397 [ERROR] LogOutputStream:75 - [STDERR_REDIRECT] 
2026-08-07 02:48:08,674 [ERROR] LogOutputStream:75 - [STDERR_REDIRECT] [Fatal Error] :1:1: Premature end of file.
2026-08-07 02:48:08,675 [ERROR] LogOutputStream:75 - [STDERR_REDIRECT] 
2026-08-07 02:48:09,450 [ERROR] LogOutputStream:75 - [STDERR_REDIRECT] [Fatal Error] :1:1: Premature end of file.
2026-08-07 02:48:09,450 [ERROR] LogOutputStream:75 - [STDERR_REDIRECT] 
2026-08-07 02:48:10,454 [ERROR] LogOutputStream:75 - [STDERR_REDIRECT] [Fatal Error] :1:1: Premature end of file.
2026-08-07 02:48:10,454 [ERROR] LogOutputStream:75 - [STDERR_REDIRECT] 
2026-08-07 02:48:11,446 [ERROR] LogOutputStream:75 - [STDERR_REDIRECT] [Fatal Error] :1:1: Premature end of file.
2026-08-07 02:48:11,446 [ERROR] LogOutputStream:75 - [STDERR_REDIRECT] 
2026-08-07 02:48:12,420 [ERROR] LogOutputStream:75 - [STDERR_REDIRECT] [Fatal Error] :1:1: Premature end of file.
2026-08-07 02:48:12,420 [ERROR] LogOutputStream:75 - [STDERR_REDIRECT] 
2026-08-07 02:48:13,445 [ERROR] LogOutputStream:75 - [STDERR_REDIRECT] [Fatal Error] :1:1: Premature end of file.
2026-08-07 02:48:13,445 [ERROR] LogOutputStream:75 - [STDERR_REDIRECT] 
2026-08-07 02:48:14,447 [ERROR] LogOutputStream:75 - [STDERR_REDIRECT] [Fatal Error] :1:1: Premature end of file.
2026-08-07 02:48:14,447 [ERROR] LogOutputStream:75 - [STDERR_REDIRECT] 
2026-08-07 02:48:15,417 [ERROR] LogOutputStream:75 - [STDERR_REDIRECT] [Fatal Error] :1:1: Premature end of file.
2026-08-07 02:48:15,417 [ERROR] LogOutputStream:75 - [STDERR_REDIRECT] 
2026-08-07 02:48:16,424 [ERROR] LogOutputStream:75 - [STDERR_REDIRECT] [Fatal Error] :1:1: Premature end of file.
2026-08-07 02:48:16,424 [ERROR] LogOutputStream:75 - [STDERR_REDIRECT] 
2026-08-07 02:48:17,416 [ERROR] LogOutputStream:75 - [STDERR_REDIRECT] [Fatal Error] :1:1: Premature end of file.
2026-08-07 02:48:17,416 [ERROR] LogOutputStream:75 - [STDERR_REDIRECT] 
2026-08-07 02:48:18,407 [ERROR] LogOutputStream:75 - [STDERR_REDIRECT] [Fatal Error] :1:1: Premature end of file.
2026-08-07 02:48:18,407 [ERROR] LogOutputStream:75 - [STDERR_REDIRECT] 
2026-08-07 02:48:19,403 [ERROR] LogOutputStream:75 - [STDERR_REDIRECT] [Fatal Error] :1:1: Premature end of file.
2026-08-07 02:48:19,403 [ERROR] LogOutputStream:75 - [STDERR_REDIRECT] 
2026-08-07 02:48:20,423 [ERROR] LogOutputStream:75 - [STDERR_REDIRECT] [Fatal Error] :1:1: Premature end of file.
2026-08-07 02:48:20,423 [ERROR] LogOutputStream:75 - [STDERR_REDIRECT] 
2026-08-07 02:48:21,414 [ERROR] LogOutputStream:75 - [STDERR_REDIRECT] [Fatal Error] :1:1: Premature end of file.
2026-08-07 02:48:21,414 [ERROR] LogOutputStream:75 - [STDERR_REDIRECT] 
2026-08-07 02:48:22,452 [ERROR] LogOutputStream:75 - [STDERR_REDIRECT] [Fatal Error] :1:1: Premature end of file.
2026-08-07 02:48:22,452 [ERROR] LogOutputStream:75 - [STDERR_REDIRECT] 
2026-08-07 02:48:23,433 [ERROR] LogOutputStream:75 - [STDERR_REDIRECT] [Fatal Error] :1:1: Premature end of file.
2026-08-07 02:48:23,433 [ERROR] LogOutputStream:75 - [STDERR_REDIRECT] 
2026-08-07 02:48:24,415 [ERROR] LogOutputStream:75 - [STDERR_REDIRECT] [Fatal Error] :1:1: Premature end of file.
2026-08-07 02:48:24,415 [ERROR] LogOutputStream:75 - [STDERR_REDIRECT] 
2026-08-07 02:48:25,418 [ERROR] LogOutputStream:75 - [STDERR_REDIRECT] [Fatal Error] :1:1: Premature end of file.
2026-08-07 02:48:25,418 [ERROR] LogOutputStream:75 - [STDERR_REDIRECT] 
2026-08-07 02:48:26,423 [ERROR] LogOutputStream:75 - [STDERR_REDIRECT] [Fatal Error] :1:1: Premature end of file.
2026-08-07 02:48:26,423 [ERROR] LogOutputStream:75 - [STDERR_REDIRECT] 
2026-08-07 02:48:27,408 [ERROR] LogOutputStream:75 - [STDERR_REDIRECT] [Fatal Error] :1:1: Premature end of file.
2026-08-07 02:48:27,409 [ERROR] LogOutputStream:75 - [STDERR_REDIRECT] 
2026-08-07 02:48:28,419 [ERROR] LogOutputStream:75 - [STDERR_REDIRECT] [Fatal Error] :1:1: Premature end of file.
2026-08-07 02:48:28,419 [ERROR] LogOutputStream:75 - [STDERR_REDIRECT] 
2026-08-07 02:48:29,412 [ERROR] LogOutputStream:75 - [STDERR_REDIRECT] [Fatal Error] :1:1: Premature end of file.
2026-08-07 02:48:29,412 [ERROR] LogOutputStream:75 - [STDERR_REDIRECT] 
2026-08-07 02:48:30,420 [ERROR] LogOutputStream:75 - [STDERR_REDIRECT] [Fatal Error] :1:1: Premature end of file.
2026-08-07 02:48:30,420 [ERROR] LogOutputStream:75 - [STDERR_REDIRECT] 
2026-08-07 02:48:31,420 [ERROR] LogOutputStream:75 - [STDERR_REDIRECT] [Fatal Error] :1:1: Premature end of file.
2026-08-07 02:48:31,420 [ERROR] LogOutputStream:75 - [STDERR_REDIRECT] 
2026-08-07 02:48:32,408 [ERROR] LogOutputStream:75 - [STDERR_REDIRECT] [Fatal Error] :1:1: Premature end of file.
2026-08-07 02:48:32,408 [ERROR] LogOutputStream:75 - [STDERR_REDIRECT] 
2026-08-07 02:48:33,437 [ERROR] LogOutputStream:75 - [STDERR_REDIRECT] [Fatal Error] :1:1: Premature end of file.
2026-08-07 02:48:33,437 [ERROR] LogOutputStream:75 - [STDERR_REDIRECT] 
2026-08-07 02:48:34,423 [ERROR] LogOutputStream:75 - [STDERR_REDIRECT] [Fatal Error] :1:1: Premature end of file.
2026-08-07 02:48:34,423 [ERROR] LogOutputStream:75 - [STDERR_REDIRECT] 
2026-08-07 02:48:35,426 [ERROR] LogOutputStream:75 - [STDERR_REDIRECT] [Fatal Error] :1:1: Premature end of file.
2026-08-07 02:48:35,426 [ERROR] LogOutputStream:75 - [STDERR_REDIRECT] 
2026-08-07 02:48:36,413 [ERROR] LogOutputStream:75 - [STDERR_REDIRECT] [Fatal Error] :1:1: Premature end of file.
2026-08-07 02:48:36,414 [ERROR] LogOutputStream:75 - [STDERR_REDIRECT] 
2026-08-07 02:48:37,418 [ERROR] LogOutputStream:75 - [STDERR_REDIRECT] [Fatal Error] :1:1: Premature end of file.
2026-08-07 02:48:37,418 [ERROR] LogOutputStream:75 - [STDERR_REDIRECT] 
2026-08-07 02:48:38,440 [ERROR] LogOutputStream:75 - [STDERR_REDIRECT] [Fatal Error] :1:1: Premature end of file.
2026-08-07 02:48:38,440 [ERROR] LogOutputStream:75 - [STDERR_REDIRECT] 
2026-08-07 02:48:39,437 [ERROR] LogOutputStream:75 - [STDERR_REDIRECT] [Fatal Error] :1:1: Premature end of file.
2026-08-07 02:48:39,438 [ERROR] LogOutputStream:75 - [STDERR_REDIRECT] 
2026-08-07 02:48:40,427 [ERROR] LogOutputStream:75 - [STDERR_REDIRECT] [Fatal Error] :1:1: Premature end of file.
2026-08-07 02:48:40,428 [ERROR] LogOutputStream:75 - [STDERR_REDIRECT] 
2026-08-07 02:48:41,433 [ERROR] LogOutputStream:75 - [STDERR_REDIRECT] [Fatal Error] :1:1: Premature end of file.
2026-08-07 02:48:41,433 [ERROR] LogOutputStream:75 - [STDERR_REDIRECT] 
2026-08-07 02:48:42,443 [ERROR] LogOutputStream:75 - [STDERR_REDIRECT] [Fatal Error] :1:1: Premature end of file.
2026-08-07 02:48:42,443 [ERROR] LogOutputStream:75 - [STDERR_REDIRECT] 
2026-08-07 02:48:43,433 [ERROR] LogOutputStream:75 - [STDERR_REDIRECT] [Fatal Error] :1:1: Premature end of file.
2026-08-07 02:48:43,435 [ERROR] LogOutputStream:75 - [STDERR_REDIRECT] 
2026-08-07 02:48:44,420 [ERROR] LogOutputStream:75 - [STDERR_REDIRECT] [Fatal Error] :1:1: Premature end of file.
2026-08-07 02:48:44,421 [ERROR] LogOutputStream:75 - [STDERR_REDIRECT] 
2026-08-07 02:48:45,418 [ERROR] LogOutputStream:75 - [STDERR_REDIRECT] [Fatal Error] :1:1: Premature end of file.
2026-08-07 02:48:45,418 [ERROR] LogOutputStream:75 - [STDERR_REDIRECT] 
2026-08-07 02:48:46,416 [ERROR] LogOutputStream:75 - [STDERR_REDIRECT] [Fatal Error] :1:1: Premature end of file.
2026-08-07 02:48:46,416 [ERROR] LogOutputStream:75 - [STDERR_REDIRECT] 
2026-08-07 02:48:47,425 [ERROR] LogOutputStream:75 - [STDERR_REDIRECT] [Fatal Error] :1:1: Premature end of file.
2026-08-07 02:48:47,425 [ERROR] LogOutputStream:75 - [STDERR_REDIRECT] 
2026-08-07 02:48:48,426 [ERROR] LogOutputStream:75 - [STDERR_REDIRECT] [Fatal Error] :1:1: Premature end of file.
2026-08-07 02:48:48,426 [ERROR] LogOutputStream:75 - [STDERR_REDIRECT] 
2026-08-07 02:48:49,423 [ERROR] LogOutputStream:75 - [STDERR_REDIRECT] [Fatal Error] :1:1: Premature end of file.
2026-08-07 02:48:49,423 [ERROR] LogOutputStream:75 - [STDERR_REDIRECT] 
2026-08-07 02:48:50,432 [ERROR] LogOutputStream:75 - [STDERR_REDIRECT] [Fatal Error] :1:1: Premature end of file.
2026-08-07 02:48:50,432 [ERROR] LogOutputStream:75 - [STDERR_REDIRECT] 
2026-08-07 02:48:51,414 [ERROR] LogOutputStream:75 - [STDERR_REDIRECT] [Fatal Error] :1:1: Premature end of file.
2026-08-07 02:48:51,414 [ERROR] LogOutputStream:75 - [STDERR_REDIRECT] 
2026-08-07 02:48:52,442 [ERROR] LogOutputStream:75 - [STDERR_REDIRECT] [Fatal Error] :1:1: Premature end of file.
2026-08-07 02:48:52,442 [ERROR] LogOutputStream:75 - [STDERR_REDIRECT] 
2026-08-07 02:48:53,411 [ERROR] LogOutputStream:75 - [STDERR_REDIRECT] [Fatal Error] :1:1: Premature end of file.
2026-08-07 02:48:53,411 [ERROR] LogOutputStream:75 - [STDERR_REDIRECT] 
2026-08-07 02:48:54,407 [ERROR] LogOutputStream:75 - [STDERR_REDIRECT] [Fatal Error] :1:1: Premature end of file.
2026-08-07 02:48:54,407 [ERROR] LogOutputStream:75 - [STDERR_REDIRECT] 
2026-08-07 02:48:55,402 [ERROR] LogOutputStream:75 - [STDERR_REDIRECT] [Fatal Error] :1:1: Premature end of file.
2026-08-07 02:48:55,403 [ERROR] LogOutputStream:75 - [STDERR_REDIRECT] 
2026-08-07 02:48:56,413 [ERROR] LogOutputStream:75 - [STDERR_REDIRECT] [Fatal Error] :1:1: Premature end of file.
2026-08-07 02:48:56,414 [ERROR] LogOutputStream:75 - [STDERR_REDIRECT] 
2026-08-07 02:48:57,419 [ERROR] LogOutputStream:75 - [STDERR_REDIRECT] [Fatal Error] :1:1: Premature end of file.
2026-08-07 02:48:57,419 [ERROR] LogOutputStream:75 - [STDERR_REDIRECT] 
2026-08-07 02:48:58,405 [ERROR] LogOutputStream:75 - [STDERR_REDIRECT] [Fatal Error] :1:1: Premature end of file.
2026-08-07 02:48:58,406 [ERROR] LogOutputStream:75 - [STDERR_REDIRECT] 
2026-08-07 02:48:59,404 [ERROR] LogOutputStream:75 - [STDERR_REDIRECT] [Fatal Error] :1:1: Premature end of file.
2026-08-07 02:48:59,404 [ERROR] LogOutputStream:75 - [STDERR_REDIRECT] 
2026-08-07 02:49:00,409 [ERROR] LogOutputStream:75 - [STDERR_REDIRECT] [Fatal Error] :1:1: Premature end of file.
2026-08-07 02:49:00,409 [ERROR] LogOutputStream:75 - [STDERR_REDIRECT] 
2026-08-07 02:49:01,413 [ERROR] LogOutputStream:75 - [STDERR_REDIRECT] [Fatal Error] :1:1: Premature end of file.
2026-08-07 02:49:01,413 [ERROR] LogOutputStream:75 - [STDERR_REDIRECT] 
2026-08-07 02:49:02,411 [ERROR] LogOutputStream:75 - [STDERR_REDIRECT] [Fatal Error] :1:1: Premature end of file.
2026-08-07 02:49:02,411 [ERROR] LogOutputStream:75 - [STDERR_REDIRECT] 
2026-08-07 02:49:03,406 [ERROR] LogOutputStream:75 - [STDERR_REDIRECT] [Fatal Error] :1:1: Premature end of file.
2026-08-07 02:49:03,406 [ERROR] LogOutputStream:75 - [STDERR_REDIRECT] 
2026-08-07 02:49:04,412 [ERROR] LogOutputStream:75 - [STDERR_REDIRECT] [Fatal Error] :1:1: Premature end of file.
2026-08-07 02:49:04,412 [ERROR] LogOutputStream:75 - [STDERR_REDIRECT] 
2026-08-07 02:49:05,402 [ERROR] LogOutputStream:75 - [STDERR_REDIRECT] [Fatal Error] :1:1: Premature end of file.
2026-08-07 02:49:05,402 [ERROR] LogOutputStream:75 - [STDERR_REDIRECT] 
2026-08-07 02:49:06,406 [ERROR] LogOutputStream:75 - [STDERR_REDIRECT] [Fatal Error] :1:1: Premature end of file.
2026-08-07 02:49:06,406 [ERROR] LogOutputStream:75 - [STDERR_REDIRECT] 
2026-08-07 02:49:07,411 [ERROR] LogOutputStream:75 - [STDERR_REDIRECT] [Fatal Error] :1:1: Premature end of file.
2026-08-07 02:49:07,411 [ERROR] LogOutputStream:75 - [STDERR_REDIRECT] 
2026-08-07 02:49:08,418 [ERROR] LogOutputStream:75 - [STDERR_REDIRECT] [Fatal Error] :1:1: Premature end of file.
2026-08-07 02:49:08,418 [ERROR] LogOutputStream:75 - [STDERR_REDIRECT] 
2026-08-07 02:49:09,412 [ERROR] LogOutputStream:75 - [STDERR_REDIRECT] [Fatal Error] :1:1: Premature end of file.
2026-08-07 02:49:09,412 [ERROR] LogOutputStream:75 - [STDERR_REDIRECT] 
2026-08-07 02:49:10,412 [ERROR] LogOutputStream:75 - [STDERR_REDIRECT] [Fatal Error] :1:1: Premature end of file.
2026-08-07 02:49:10,412 [ERROR] LogOutputStream:75 - [STDERR_REDIRECT] 
2026-08-07 02:49:11,412 [ERROR] LogOutputStream:75 - [STDERR_REDIRECT] [Fatal Error] :1:1: Premature end of file.
2026-08-07 02:49:11,412 [ERROR] LogOutputStream:75 - [STDERR_REDIRECT] 
2026-08-07 02:49:12,413 [ERROR] LogOutputStream:75 - [STDERR_REDIRECT] [Fatal Error] :1:1: Premature end of file.
2026-08-07 02:49:12,415 [ERROR] LogOutputStream:75 - [STDERR_REDIRECT] 
2026-08-07 02:49:13,410 [ERROR] LogOutputStream:75 - [STDERR_REDIRECT] [Fatal Error] :1:1: Premature end of file.
2026-08-07 02:49:13,411 [ERROR] LogOutputStream:75 - [STDERR_REDIRECT] 
2026-08-07 02:49:14,407 [ERROR] LogOutputStream:75 - [STDERR_REDIRECT] [Fatal Error] :1:1: Premature end of file.
2026-08-07 02:49:14,408 [ERROR] LogOutputStream:75 - [STDERR_REDIRECT] 
2026-08-07 02:49:15,408 [ERROR] LogOutputStream:75 - [STDERR_REDIRECT] [Fatal Error] :1:1: Premature end of file.
2026-08-07 02:49:15,408 [ERROR] LogOutputStream:75 - [STDERR_REDIRECT] 
2026-08-07 02:49:16,412 [ERROR] LogOutputStream:75 - [STDERR_REDIRECT] [Fatal Error] :1:1: Premature end of file.
2026-08-07 02:49:16,412 [ERROR] LogOutputStream:75 - [STDERR_REDIRECT] 
2026-08-07 02:49:17,423 [ERROR] LogOutputStream:75 - [STDERR_REDIRECT] [Fatal Error] :1:1: Premature end of file.
2026-08-07 02:49:17,424 [ERROR] LogOutputStream:75 - [STDERR_REDIRECT] 
2026-08-07 02:49:18,414 [ERROR] LogOutputStream:75 - [STDERR_REDIRECT] [Fatal Error] :1:1: Premature end of file.
2026-08-07 02:49:18,414 [ERROR] LogOutputStream:75 - [STDERR_REDIRECT] 
2026-08-07 02:49:19,413 [ERROR] LogOutputStream:75 - [STDERR_REDIRECT] [Fatal Error] :1:1: Premature end of file.
2026-08-07 02:49:19,413 [ERROR] LogOutputStream:75 - [STDERR_REDIRECT] 
2026-08-07 02:49:20,428 [ERROR] LogOutputStream:75 - [STDERR_REDIRECT] [Fatal Error] :1:1: Premature end of file.
2026-08-07 02:49:20,428 [ERROR] LogOutputStream:75 - [STDERR_REDIRECT] 
2026-08-07 02:49:21,421 [ERROR] LogOutputStream:75 - [STDERR_REDIRECT] [Fatal Error] :1:1: Premature end of file.
2026-08-07 02:49:21,421 [ERROR] LogOutputStream:75 - [STDERR_REDIRECT] 
2026-08-07 02:49:22,414 [ERROR] LogOutputStream:75 - [STDERR_REDIRECT] [Fatal Error] :1:1: Premature end of file.
2026-08-07 02:49:22,414 [ERROR] LogOutputStream:75 - [STDERR_REDIRECT] 
2026-08-07 02:49:23,427 [ERROR] LogOutputStream:75 - [STDERR_REDIRECT] [Fatal Error] :1:1: Premature end of file.
2026-08-07 02:49:23,427 [ERROR] LogOutputStream:75 - [STDERR_REDIRECT] 
2026-08-07 02:49:24,410 [ERROR] LogOutputStream:75 - [STDERR_REDIRECT] [Fatal Error] :1:1: Premature end of file.
2026-08-07 02:49:24,410 [ERROR] LogOutputStream:75 - [STDERR_REDIRECT] 
2026-08-07 02:49:25,409 [ERROR] LogOutputStream:75 - [STDERR_REDIRECT] [Fatal Error] :1:1: Premature end of file.
2026-08-07 02:49:25,409 [ERROR] LogOutputStream:75 - [STDERR_REDIRECT] 
2026-08-07 02:49:26,408 [ERROR] LogOutputStream:75 - [STDERR_REDIRECT] [Fatal Error] :1:1: Premature end of file.
2026-08-07 02:49:26,408 [ERROR] LogOutputStream:75 - [STDERR_REDIRECT] 
2026-08-07 02:49:27,418 [ERROR] LogOutputStream:75 - [STDERR_REDIRECT] [Fatal Error] :1:1: Premature end of file.
2026-08-07 02:49:27,419 [ERROR] LogOutputStream:75 - [STDERR_REDIRECT] 
2026-08-07 02:49:28,407 [ERROR] LogOutputStream:75 - [STDERR_REDIRECT] [Fatal Error] :1:1: Premature end of file.
2026-08-07 02:49:28,407 [ERROR] LogOutputStream:75 - [STDERR_REDIRECT] 
2026-08-07 02:49:29,415 [ERROR] LogOutputStream:75 - [STDERR_REDIRECT] [Fatal Error] :1:1: Premature end of file.
2026-08-07 02:49:29,415 [ERROR] LogOutputStream:75 - [STDERR_REDIRECT] 
2026-08-07 02:49:30,413 [ERROR] LogOutputStream:75 - [STDERR_REDIRECT] [Fatal Error] :1:1: Premature end of file.
2026-08-07 02:49:30,413 [ERROR] LogOutputStream:75 - [STDERR_REDIRECT] 
2026-08-07 02:49:31,416 [ERROR] LogOutputStream:75 - [STDERR_REDIRECT] [Fatal Error] :1:1: Premature end of file.
2026-08-07 02:49:31,416 [ERROR] LogOutputStream:75 - [STDERR_REDIRECT] 
2026-08-07 02:49:32,424 [ERROR] LogOutputStream:75 - [STDERR_REDIRECT] [Fatal Error] :1:1: Premature end of file.
2026-08-07 02:49:32,425 [ERROR] LogOutputStream:75 - [STDERR_REDIRECT] 
2026-08-07 02:49:33,418 [ERROR] LogOutputStream:75 - [STDERR_REDIRECT] [Fatal Error] :1:1: Premature end of file.
2026-08-07 02:49:33,418 [ERROR] LogOutputStream:75 - [STDERR_REDIRECT] 
2026-08-07 02:49:34,415 [ERROR] LogOutputStream:75 - [STDERR_REDIRECT] [Fatal Error] :1:1: Premature end of file.
2026-08-07 02:49:34,415 [ERROR] LogOutputStream:75 - [STDERR_REDIRECT] 
2026-08-07 02:49:35,409 [ERROR] LogOutputStream:75 - [STDERR_REDIRECT] [Fatal Error] :1:1: Premature end of file.
2026-08-07 02:49:35,410 [ERROR] LogOutputStream:75 - [STDERR_REDIRECT] 
2026-08-07 02:49:36,405 [ERROR] LogOutputStream:75 - [STDERR_REDIRECT] [Fatal Error] :1:1: Premature end of file.
2026-08-07 02:49:36,405 [ERROR] LogOutputStream:75 - [STDERR_REDIRECT] 
2026-08-07 02:49:37,400 [ERROR] LogOutputStream:75 - [STDERR_REDIRECT] [Fatal Error] :1:1: Premature end of file.
2026-08-07 02:49:37,400 [ERROR] LogOutputStream:75 - [STDERR_REDIRECT] 
2026-08-07 02:49:38,405 [ERROR] LogOutputStream:75 - [STDERR_REDIRECT] [Fatal Error] :1:1: Premature end of file.
2026-08-07 02:49:38,405 [ERROR] LogOutputStream:75 - [STDERR_REDIRECT] 
2026-08-07 02:49:39,413 [ERROR] LogOutputStream:75 - [STDERR_REDIRECT] [Fatal Error] :1:1: Premature end of file.
2026-08-07 02:49:39,414 [ERROR] LogOutputStream:75 - [STDERR_REDIRECT] 
2026-08-07 02:49:40,405 [ERROR] LogOutputStream:75 - [STDERR_REDIRECT] [Fatal Error] :1:1: Premature end of file.
2026-08-07 02:49:40,405 [ERROR] LogOutputStream:75 - [STDERR_REDIRECT] 
2026-08-07 02:49:41,414 [ERROR] LogOutputStream:75 - [STDERR_REDIRECT] [Fatal Error] :1:1: Premature end of file.
2026-08-07 02:49:41,415 [ERROR] LogOutputStream:75 - [STDERR_REDIRECT] 
2026-08-07 02:49:42,415 [ERROR] LogOutputStream:75 - [STDERR_REDIRECT] [Fatal Error] :1:1: Premature end of file.
2026-08-07 02:49:42,415 [ERROR] LogOutputStream:75 - [STDERR_REDIRECT] 
2026-08-07 02:49:43,416 [ERROR] LogOutputStream:75 - [STDERR_REDIRECT] [Fatal Error] :1:1: Premature end of file.
2026-08-07 02:49:43,416 [ERROR] LogOutputStream:75 - [STDERR_REDIRECT] 
2026-08-07 02:49:44,412 [ERROR] LogOutputStream:75 - [STDERR_REDIRECT] [Fatal Error] :1:1: Premature end of file.
2026-08-07 02:49:44,412 [ERROR] LogOutputStream:75 - [STDERR_REDIRECT] 
2026-08-07 02:49:45,415 [ERROR] LogOutputStream:75 - [STDERR_REDIRECT] [Fatal Error] :1:1: Premature end of file.
2026-08-07 02:49:45,415 [ERROR] LogOutputStream:75 - [STDERR_REDIRECT] 
2026-08-07 02:49:46,415 [ERROR] LogOutputStream:75 - [STDERR_REDIRECT] [Fatal Error] :1:1: Premature end of file.
2026-08-07 02:49:46,415 [ERROR] LogOutputStream:75 - [STDERR_REDIRECT] 
2026-08-07 02:49:47,404 [ERROR] LogOutputStream:75 - [STDERR_REDIRECT] [Fatal Error] :1:1: Premature end of file.
2026-08-07 02:49:47,404 [ERROR] LogOutputStream:75 - [STDERR_REDIRECT] 
2026-08-07 02:49:48,423 [ERROR] LogOutputStream:75 - [STDERR_REDIRECT] [Fatal Error] :1:1: Premature end of file.
2026-08-07 02:49:48,423 [ERROR] LogOutputStream:75 - [STDERR_REDIRECT] 
2026-08-07 02:49:49,416 [ERROR] LogOutputStream:75 - [STDERR_REDIRECT] [Fatal Error] :1:1: Premature end of file.
2026-08-07 02:49:49,416 [ERROR] LogOutputStream:75 - [STDERR_REDIRECT] 
2026-08-07 02:49:50,413 [ERROR] LogOutputStream:75 - [STDERR_REDIRECT] [Fatal Error] :1:1: Premature end of file.
2026-08-07 02:49:50,413 [ERROR] LogOutputStream:75 - [STDERR_REDIRECT] 
2026-08-07 02:49:51,416 [ERROR] LogOutputStream:75 - [STDERR_REDIRECT] [Fatal Error] :1:1: Premature end of file.
2026-08-07 02:49:51,416 [ERROR] LogOutputStream:75 - [STDERR_REDIRECT] 
2026-08-07 02:49:52,416 [ERROR] LogOutputStream:75 - [STDERR_REDIRECT] [Fatal Error] :1:1: Premature end of file.
2026-08-07 02:49:52,416 [ERROR] LogOutputStream:75 - [STDERR_REDIRECT] 
2026-08-07 02:49:53,410 [ERROR] LogOutputStream:75 - [STDERR_REDIRECT] [Fatal Error] :1:1: Premature end of file.
2026-08-07 02:49:53,410 [ERROR] LogOutputStream:75 - [STDERR_REDIRECT] 
2026-08-07 02:49:54,405 [ERROR] LogOutputStream:75 - [STDERR_REDIRECT] [Fatal Error] :1:1: Premature end of file.
2026-08-07 02:49:54,405 [ERROR] LogOutputStream:75 - [STDERR_REDIRECT] 
2026-08-07 02:49:55,409 [ERROR] LogOutputStream:75 - [STDERR_REDIRECT] [Fatal Error] :1:1: Premature end of file.
2026-08-07 02:49:55,409 [ERROR] LogOutputStream:75 - [STDERR_REDIRECT] 
2026-08-07 02:49:56,419 [ERROR] LogOutputStream:75 - [STDERR_REDIRECT] [Fatal Error] :1:1: Premature end of file.
2026-08-07 02:49:56,419 [ERROR] LogOutputStream:75 - [STDERR_REDIRECT] 
2026-08-07 02:49:57,405 [ERROR] LogOutputStream:75 - [STDERR_REDIRECT] [Fatal Error] :1:1: Premature end of file.
2026-08-07 02:49:57,405 [ERROR] LogOutputStream:75 - [STDERR_REDIRECT] 
2026-08-07 02:49:58,415 [ERROR] LogOutputStream:75 - [STDERR_REDIRECT] [Fatal Error] :1:1: Premature end of file.
2026-08-07 02:49:58,415 [ERROR] LogOutputStream:75 - [STDERR_REDIRECT] 
2026-08-07 02:49:59,411 [ERROR] LogOutputStream:75 - [STDERR_REDIRECT] [Fatal Error] :1:1: Premature end of file.
2026-08-07 02:49:59,411 [ERROR] LogOutputStream:75 - [STDERR_REDIRECT] 
2026-08-07 02:50:00,409 [ERROR] LogOutputStream:75 - [STDERR_REDIRECT] [Fatal Error] :1:1: Premature end of file.
2026-08-07 02:50:00,409 [ERROR] LogOutputStream:75 - [STDERR_REDIRECT] 
2026-08-07 02:50:01,402 [ERROR] LogOutputStream:75 - [STDERR_REDIRECT] [Fatal Error] :1:1: Premature end of file.
2026-08-07 02:50:01,403 [ERROR] LogOutputStream:75 - [STDERR_REDIRECT] 
2026-08-07 02:50:02,414 [ERROR] LogOutputStream:75 - [STDERR_REDIRECT] [Fatal Error] :1:1: Premature end of file.
2026-08-07 02:50:02,414 [ERROR] LogOutputStream:75 - [STDERR_REDIRECT] 
2026-08-07 02:50:03,409 [ERROR] LogOutputStream:75 - [STDERR_REDIRECT] [Fatal Error] :1:1: Premature end of file.
2026-08-07 02:50:03,409 [ERROR] LogOutputStream:75 - [STDERR_REDIRECT] 
2026-08-07 02:50:04,419 [ERROR] LogOutputStream:75 - [STDERR_REDIRECT] [Fatal Error] :1:1: Premature end of file.
2026-08-07 02:50:04,419 [ERROR] LogOutputStream:75 - [STDERR_REDIRECT] 
2026-08-07 02:50:05,417 [ERROR] LogOutputStream:75 - [STDERR_REDIRECT] [Fatal Error] :1:1: Premature end of file.
2026-08-07 02:50:05,418 [ERROR] LogOutputStream:75 - [STDERR_REDIRECT] 
2026-08-07 02:50:06,411 [ERROR] LogOutputStream:75 - [STDERR_REDIRECT] [Fatal Error] :1:1: Premature end of file.
2026-08-07 02:50:06,411 [ERROR] LogOutputStream:75 - [STDERR_REDIRECT] 
2026-08-07 02:50:07,415 [ERROR] LogOutputStream:75 - [STDERR_REDIRECT] [Fatal Error] :1:1: Premature end of file.
2026-08-07 02:50:07,415 [ERROR] LogOutputStream:75 - [STDERR_REDIRECT] 
2026-08-07 02:50:08,412 [ERROR] LogOutputStream:75 - [STDERR_REDIRECT] [Fatal Error] :1:1: Premature end of file.
2026-08-07 02:50:08,412 [ERROR] LogOutputStream:75 - [STDERR_REDIRECT] 
2026-08-07 02:50:09,400 [ERROR] LogOutputStream:75 - [STDERR_REDIRECT] [Fatal Error] :1:1: Premature end of file.
2026-08-07 02:50:09,400 [ERROR] LogOutputStream:75 - [STDERR_REDIRECT] 
2026-08-07 02:50:10,412 [ERROR] LogOutputStream:75 - [STDERR_REDIRECT] [Fatal Error] :1:1: Premature end of file.
2026-08-07 02:50:10,412 [ERROR] LogOutputStream:75 - [STDERR_REDIRECT] 
2026-08-07 02:50:11,411 [ERROR] LogOutputStream:75 - [STDERR_REDIRECT] [Fatal Error] :1:1: Premature end of file.
2026-08-07 02:50:11,412 [ERROR] LogOutputStream:75 - [STDERR_REDIRECT] 
2026-08-07 02:50:12,420 [ERROR] LogOutputStream:75 - [STDERR_REDIRECT] [Fatal Error] :1:1: Premature end of file.
2026-08-07 02:50:12,420 [ERROR] LogOutputStream:75 - [STDERR_REDIRECT] 
2026-08-07 02:50:13,419 [ERROR] LogOutputStream:75 - [STDERR_REDIRECT] [Fatal Error] :1:1: Premature end of file.
2026-08-07 02:50:13,419 [ERROR] LogOutputStream:75 - [STDERR_REDIRECT] 
2026-08-07 02:50:14,412 [ERROR] LogOutputStream:75 - [STDERR_REDIRECT] [Fatal Error] :1:1: Premature end of file.
2026-08-07 02:50:14,412 [ERROR] LogOutputStream:75 - [STDERR_REDIRECT] 
2026-08-07 02:50:15,411 [ERROR] LogOutputStream:75 - [STDERR_REDIRECT] [Fatal Error] :1:1: Premature end of file.
2026-08-07 02:50:15,411 [ERROR] LogOutputStream:75 - [STDERR_REDIRECT] 
2026-08-07 02:50:16,412 [ERROR] LogOutputStream:75 - [STDERR_REDIRECT] [Fatal Error] :1:1: Premature end of file.
2026-08-07 02:50:16,414 [ERROR] LogOutputStream:75 - [STDERR_REDIRECT] 
2026-08-07 02:50:17,413 [ERROR] LogOutputStream:75 - [STDERR_REDIRECT] [Fatal Error] :1:1: Premature end of file.
2026-08-07 02:50:17,413 [ERROR] LogOutputStream:75 - [STDERR_REDIRECT] 
2026-08-07 02:50:18,417 [ERROR] LogOutputStream:75 - [STDERR_REDIRECT] [Fatal Error] :1:1: Premature end of file.
2026-08-07 02:50:18,417 [ERROR] LogOutputStream:75 - [STDERR_REDIRECT] 
2026-08-07 02:50:19,419 [ERROR] LogOutputStream:75 - [STDERR_REDIRECT] [Fatal Error] :1:1: Premature end of file.
2026-08-07 02:50:19,419 [ERROR] LogOutputStream:75 - [STDERR_REDIRECT] 
2026-08-07 02:50:20,413 [ERROR] LogOutputStream:75 - [STDERR_REDIRECT] [Fatal Error] :1:1: Premature end of file.
2026-08-07 02:50:20,413 [ERROR] LogOutputStream:75 - [STDERR_REDIRECT] 
2026-08-07 02:50:21,414 [ERROR] LogOutputStream:75 - [STDERR_REDIRECT] [Fatal Error] :1:1: Premature end of file.
2026-08-07 02:50:21,414 [ERROR] LogOutputStream:75 - [STDERR_REDIRECT] 
2026-08-07 02:50:22,412 [ERROR] LogOutputStream:75 - [STDERR_REDIRECT] [Fatal Error] :1:1: Premature end of file.
2026-08-07 02:50:22,412 [ERROR] LogOutputStream:75 - [STDERR_REDIRECT] 
2026-08-07 02:50:23,413 [ERROR] LogOutputStream:75 - [STDERR_REDIRECT] [Fatal Error] :1:1: Premature end of file.
2026-08-07 02:50:23,413 [ERROR] LogOutputStream:75 - [STDERR_REDIRECT] 
2026-08-07 02:50:24,409 [ERROR] LogOutputStream:75 - [STDERR_REDIRECT] [Fatal Error] :1:1: Premature end of file.
2026-08-07 02:50:24,409 [ERROR] LogOutputStream:75 - [STDERR_REDIRECT] 
2026-08-07 02:50:25,413 [ERROR] LogOutputStream:75 - [STDERR_REDIRECT] [Fatal Error] :1:1: Premature end of file.
2026-08-07 02:50:25,413 [ERROR] LogOutputStream:75 - [STDERR_REDIRECT] 
2026-08-07 02:50:26,406 [ERROR] LogOutputStream:75 - [STDERR_REDIRECT] [Fatal Error] :1:1: Premature end of file.
2026-08-07 02:50:26,406 [ERROR] LogOutputStream:75 - [STDERR_REDIRECT] 
2026-08-07 02:50:27,405 [ERROR] LogOutputStream:75 - [STDERR_REDIRECT] [Fatal Error] :1:1: Premature end of file.
2026-08-07 02:50:27,405 [ERROR] LogOutputStream:75 - [STDERR_REDIRECT] 
2026-08-07 02:50:28,406 [ERROR] LogOutputStream:75 - [STDERR_REDIRECT] [Fatal Error] :1:1: Premature end of file.
2026-08-07 02:50:28,406 [ERROR] LogOutputStream:75 - [STDERR_REDIRECT] 
2026-08-07 02:50:29,418 [ERROR] LogOutputStream:75 - [STDERR_REDIRECT] [Fatal Error] :1:1: Premature end of file.
2026-08-07 02:50:29,418 [ERROR] LogOutputStream:75 - [STDERR_REDIRECT] 
2026-08-07 02:50:30,407 [ERROR] LogOutputStream:75 - [STDERR_REDIRECT] [Fatal Error] :1:1: Premature end of file.
2026-08-07 02:50:30,408 [ERROR] LogOutputStream:75 - [STDERR_REDIRECT] 
2026-08-07 02:50:31,406 [ERROR] LogOutputStream:75 - [STDERR_REDIRECT] [Fatal Error] :1:1: Premature end of file.
2026-08-07 02:50:31,406 [ERROR] LogOutputStream:75 - [STDERR_REDIRECT] 
2026-08-07 02:50:32,411 [ERROR] LogOutputStream:75 - [STDERR_REDIRECT] [Fatal Error] :1:1: Premature end of file.
2026-08-07 02:50:32,412 [ERROR] LogOutputStream:75 - [STDERR_REDIRECT] 
2026-08-07 02:50:33,409 [ERROR] LogOutputStream:75 - [STDERR_REDIRECT] [Fatal Error] :1:1: Premature end of file.
2026-08-07 02:50:33,409 [ERROR] LogOutputStream:75 - [STDERR_REDIRECT] 
2026-08-07 02:50:34,413 [ERROR] LogOutputStream:75 - [STDERR_REDIRECT] [Fatal Error] :1:1: Premature end of file.
2026-08-07 02:50:34,414 [ERROR] LogOutputStream:75 - [STDERR_REDIRECT] 
2026-08-07 02:50:35,407 [ERROR] LogOutputStream:75 - [STDERR_REDIRECT] [Fatal Error] :1:1: Premature end of file.
2026-08-07 02:50:35,407 [ERROR] LogOutputStream:75 - [STDERR_REDIRECT] 
2026-08-07 02:50:36,423 [ERROR] LogOutputStream:75 - [STDERR_REDIRECT] [Fatal Error] :1:1: Premature end of file.
2026-08-07 02:50:36,423 [ERROR] LogOutputStream:75 - [STDERR_REDIRECT] 
2026-08-07 02:50:37,407 [ERROR] LogOutputStream:75 - [STDERR_REDIRECT] [Fatal Error] :1:1: Premature end of file.
2026-08-07 02:50:37,409 [ERROR] LogOutputStream:75 - [STDERR_REDIRECT] 
2026-08-07 02:50:38,411 [ERROR] LogOutputStream:75 - [STDERR_REDIRECT] [Fatal Error] :1:1: Premature end of file.
2026-08-07 02:50:38,412 [ERROR] LogOutputStream:75 - [STDERR_REDIRECT] 
2026-08-07 02:50:39,417 [ERROR] LogOutputStream:75 - [STDERR_REDIRECT] [Fatal Error] :1:1: Premature end of file.
2026-08-07 02:50:39,417 [ERROR] LogOutputStream:75 - [STDERR_REDIRECT] 
2026-08-07 02:50:40,402 [ERROR] LogOutputStream:75 - [STDERR_REDIRECT] [Fatal Error] :1:1: Premature end of file.
2026-08-07 02:50:40,402 [ERROR] LogOutputStream:75 - [STDERR_REDIRECT] 
2026-08-07 02:50:41,410 [ERROR] LogOutputStream:75 - [STDERR_REDIRECT] [Fatal Error] :1:1: Premature end of file.
2026-08-07 02:50:41,410 [ERROR] LogOutputStream:75 - [STDERR_REDIRECT] 
2026-08-07 02:50:42,401 [ERROR] LogOutputStream:75 - [STDERR_REDIRECT] [Fatal Error] :1:1: Premature end of file.
2026-08-07 02:50:42,402 [ERROR] LogOutputStream:75 - [STDERR_REDIRECT] 
2026-08-07 02:50:43,405 [ERROR] LogOutputStream:75 - [STDERR_REDIRECT] [Fatal Error] :1:1: Premature end of file.
2026-08-07 02:50:43,405 [ERROR] LogOutputStream:75 - [STDERR_REDIRECT] 
2026-08-07 02:50:44,407 [ERROR] LogOutputStream:75 - [STDERR_REDIRECT] [Fatal Error] :1:1: Premature end of file.
2026-08-07 02:50:44,407 [ERROR] LogOutputStream:75 - [STDERR_REDIRECT] 
2026-08-07 02:50:45,412 [ERROR] LogOutputStream:75 - [STDERR_REDIRECT] [Fatal Error] :1:1: Premature end of file.
2026-08-07 02:50:45,412 [ERROR] LogOutputStream:75 - [STDERR_REDIRECT] 
2026-08-07 02:50:46,423 [ERROR] LogOutputStream:75 - [STDERR_REDIRECT] [Fatal Error] :1:1: Premature end of file.
2026-08-07 02:50:46,424 [ERROR] LogOutputStream:75 - [STDERR_REDIRECT] 
2026-08-07 02:50:47,414 [ERROR] LogOutputStream:75 - [STDERR_REDIRECT] [Fatal Error] :1:1: Premature end of file.
2026-08-07 02:50:47,416 [ERROR] LogOutputStream:75 - [STDERR_REDIRECT] 
2026-08-07 02:50:48,412 [ERROR] LogOutputStream:75 - [STDERR_REDIRECT] [Fatal Error] :1:1: Premature end of file.
2026-08-07 02:50:48,412 [ERROR] LogOutputStream:75 - [STDERR_REDIRECT] 
2026-08-07 02:50:49,408 [ERROR] LogOutputStream:75 - [STDERR_REDIRECT] [Fatal Error] :1:1: Premature end of file.
2026-08-07 02:50:49,408 [ERROR] LogOutputStream:75 - [STDERR_REDIRECT] 
2026-08-07 02:50:50,404 [ERROR] LogOutputStream:75 - [STDERR_REDIRECT] [Fatal Error] :1:1: Premature end of file.
2026-08-07 02:50:50,405 [ERROR] LogOutputStream:75 - [STDERR_REDIRECT] 
2026-08-07 02:50:51,415 [ERROR] LogOutputStream:75 - [STDERR_REDIRECT] [Fatal Error] :1:1: Premature end of file.
2026-08-07 02:50:51,416 [ERROR] LogOutputStream:75 - [STDERR_REDIRECT] 
2026-08-07 02:50:52,413 [ERROR] LogOutputStream:75 - [STDERR_REDIRECT] [Fatal Error] :1:1: Premature end of file.
2026-08-07 02:50:52,413 [ERROR] LogOutputStream:75 - [STDERR_REDIRECT] 
2026-08-07 02:50:53,413 [ERROR] LogOutputStream:75 - [STDERR_REDIRECT] [Fatal Error] :1:1: Premature end of file.
2026-08-07 02:50:53,413 [ERROR] LogOutputStream:75 - [STDERR_REDIRECT] 
2026-08-07 02:50:54,405 [ERROR] LogOutputStream:75 - [STDERR_REDIRECT] [Fatal Error] :1:1: Premature end of file.
2026-08-07 02:50:54,405 [ERROR] LogOutputStream:75 - [STDERR_REDIRECT] 
2026-08-07 02:50:55,415 [ERROR] LogOutputStream:75 - [STDERR_REDIRECT] [Fatal Error] :1:1: Premature end of file.
2026-08-07 02:50:55,416 [ERROR] LogOutputStream:75 - [STDERR_REDIRECT] 
2026-08-07 02:50:56,414 [ERROR] LogOutputStream:75 - [STDERR_REDIRECT] [Fatal Error] :1:1: Premature end of file.
2026-08-07 02:50:56,414 [ERROR] LogOutputStream:75 - [STDERR_REDIRECT] 
2026-08-07 02:50:57,413 [ERROR] LogOutputStream:75 - [STDERR_REDIRECT] [Fatal Error] :1:1: Premature end of file.
2026-08-07 02:50:57,414 [ERROR] LogOutputStream:75 - [STDERR_REDIRECT] 
2026-08-07 02:50:58,404 [ERROR] LogOutputStream:75 - [STDERR_REDIRECT] [Fatal Error] :1:1: Premature end of file.
2026-08-07 02:50:58,404 [ERROR] LogOutputStream:75 - [STDERR_REDIRECT] 
2026-08-07 02:50:59,407 [ERROR] LogOutputStream:75 - [STDERR_REDIRECT] [Fatal Error] :1:1: Premature end of file.
2026-08-07 02:50:59,407 [ERROR] LogOutputStream:75 - [STDERR_REDIRECT] 
2026-08-07 02:51:00,414 [ERROR] LogOutputStream:75 - [STDERR_REDIRECT] [Fatal Error] :1:1: Premature end of file.
2026-08-07 02:51:00,416 [ERROR] LogOutputStream:75 - [STDERR_REDIRECT] 
2026-08-07 02:51:01,412 [ERROR] LogOutputStream:75 - [STDERR_REDIRECT] [Fatal Error] :1:1: Premature end of file.
2026-08-07 02:51:01,412 [ERROR] LogOutputStream:75 - [STDERR_REDIRECT] 
2026-08-07 02:51:02,404 [ERROR] LogOutputStream:75 - [STDERR_REDIRECT] [Fatal Error] :1:1: Premature end of file.
2026-08-07 02:51:02,404 [ERROR] LogOutputStream:75 - [STDERR_REDIRECT] 
2026-08-07 02:51:03,400 [ERROR] LogOutputStream:75 - [STDERR_REDIRECT] [Fatal Error] :1:1: Premature end of file.
2026-08-07 02:51:03,400 [ERROR] LogOutputStream:75 - [STDERR_REDIRECT] 
2026-08-07 02:51:04,405 [ERROR] LogOutputStream:75 - [STDERR_REDIRECT] [Fatal Error] :1:1: Premature end of file.
2026-08-07 02:51:04,405 [ERROR] LogOutputStream:75 - [STDERR_REDIRECT] 
2026-08-07 02:51:05,411 [ERROR] LogOutputStream:75 - [STDERR_REDIRECT] [Fatal Error] :1:1: Premature end of file.
2026-08-07 02:51:05,411 [ERROR] LogOutputStream:75 - [STDERR_REDIRECT] 
2026-08-07 02:51:06,421 [ERROR] LogOutputStream:75 - [STDERR_REDIRECT] [Fatal Error] :1:1: Premature end of file.
2026-08-07 02:51:06,421 [ERROR] LogOutputStream:75 - [STDERR_REDIRECT] 
2026-08-07 02:51:07,419 [ERROR] LogOutputStream:75 - [STDERR_REDIRECT] [Fatal Error] :1:1: Premature end of file.
2026-08-07 02:51:07,419 [ERROR] LogOutputStream:75 - [STDERR_REDIRECT] 
2026-08-07 02:51:08,416 [ERROR] LogOutputStream:75 - [STDERR_REDIRECT] [Fatal Error] :1:1: Premature end of file.
2026-08-07 02:51:08,416 [ERROR] LogOutputStream:75 - [STDERR_REDIRECT] 
2026-08-07 02:51:09,417 [ERROR] LogOutputStream:75 - [STDERR_REDIRECT] [Fatal Error] :1:1: Premature end of file.
2026-08-07 02:51:09,417 [ERROR] LogOutputStream:75 - [STDERR_REDIRECT] 
2026-08-07 02:51:10,406 [ERROR] LogOutputStream:75 - [STDERR_REDIRECT] [Fatal Error] :1:1: Premature end of file.
2026-08-07 02:51:10,406 [ERROR] LogOutputStream:75 - [STDERR_REDIRECT] 
2026-08-07 02:51:11,419 [ERROR] LogOutputStream:75 - [STDERR_REDIRECT] [Fatal Error] :1:1: Premature end of file.
2026-08-07 02:51:11,419 [ERROR] LogOutputStream:75 - [STDERR_REDIRECT] 
2026-08-07 02:51:12,417 [ERROR] LogOutputStream:75 - [STDERR_REDIRECT] [Fatal Error] :1:1: Premature end of file.
2026-08-07 02:51:12,418 [ERROR] LogOutputStream:75 - [STDERR_REDIRECT] 
2026-08-07 02:51:13,413 [ERROR] LogOutputStream:75 - [STDERR_REDIRECT] [Fatal Error] :1:1: Premature end of file.
2026-08-07 02:51:13,414 [ERROR] LogOutputStream:75 - [STDERR_REDIRECT] 
2026-08-07 02:51:14,416 [ERROR] LogOutputStream:75 - [STDERR_REDIRECT] [Fatal Error] :1:1: Premature end of file.
2026-08-07 02:51:14,416 [ERROR] LogOutputStream:75 - [STDERR_REDIRECT] 
2026-08-07 02:51:15,408 [ERROR] LogOutputStream:75 - [STDERR_REDIRECT] [Fatal Error] :1:1: Premature end of file.
2026-08-07 02:51:15,408 [ERROR] LogOutputStream:75 - [STDERR_REDIRECT] 
2026-08-07 02:51:16,405 [ERROR] LogOutputStream:75 - [STDERR_REDIRECT] [Fatal Error] :1:1: Premature end of file.
2026-08-07 02:51:16,405 [ERROR] LogOutputStream:75 - [STDERR_REDIRECT] 
2026-08-07 02:51:17,412 [ERROR] LogOutputStream:75 - [STDERR_REDIRECT] [Fatal Error] :1:1: Premature end of file.
2026-08-07 02:51:17,413 [ERROR] LogOutputStream:75 - [STDERR_REDIRECT] 
2026-08-07 02:51:18,412 [ERROR] LogOutputStream:75 - [STDERR_REDIRECT] [Fatal Error] :1:1: Premature end of file.
2026-08-07 02:51:18,412 [ERROR] LogOutputStream:75 - [STDERR_REDIRECT] 
2026-08-07 02:51:19,406 [ERROR] LogOutputStream:75 - [STDERR_REDIRECT] [Fatal Error] :1:1: Premature end of file.
2026-08-07 02:51:19,406 [ERROR] LogOutputStream:75 - [STDERR_REDIRECT] 
2026-08-07 02:51:20,409 [ERROR] LogOutputStream:75 - [STDERR_REDIRECT] [Fatal Error] :1:1: Premature end of file.
2026-08-07 02:51:20,409 [ERROR] LogOutputStream:75 - [STDERR_REDIRECT] 
2026-08-07 02:51:21,414 [ERROR] LogOutputStream:75 - [STDERR_REDIRECT] [Fatal Error] :1:1: Premature end of file.
2026-08-07 02:51:21,414 [ERROR] LogOutputStream:75 - [STDERR_REDIRECT] 
2026-08-07 02:51:22,411 [ERROR] LogOutputStream:75 - [STDERR_REDIRECT] [Fatal Error] :1:1: Premature end of file.
2026-08-07 02:51:22,411 [ERROR] LogOutputStream:75 - [STDERR_REDIRECT] 
2026-08-07 02:51:23,416 [ERROR] LogOutputStream:75 - [STDERR_REDIRECT] [Fatal Error] :1:1: Premature end of file.
2026-08-07 02:51:23,416 [ERROR] LogOutputStream:75 - [STDERR_REDIRECT] 
2026-08-07 02:51:24,417 [ERROR] LogOutputStream:75 - [STDERR_REDIRECT] [Fatal Error] :1:1: Premature end of file.
2026-08-07 02:51:24,417 [ERROR] LogOutputStream:75 - [STDERR_REDIRECT] 
2026-08-07 02:51:25,419 [ERROR] LogOutputStream:75 - [STDERR_REDIRECT] [Fatal Error] :1:1: Premature end of file.
2026-08-07 02:51:25,419 [ERROR] LogOutputStream:75 - [STDERR_REDIRECT] 
2026-08-07 02:51:26,423 [ERROR] LogOutputStream:75 - [STDERR_REDIRECT] [Fatal Error] :1:1: Premature end of file.
2026-08-07 02:51:26,423 [ERROR] LogOutputStream:75 - [STDERR_REDIRECT] 
2026-08-07 02:51:27,415 [ERROR] LogOutputStream:75 - [STDERR_REDIRECT] [Fatal Error] :1:1: Premature end of file.
2026-08-07 02:51:27,415 [ERROR] LogOutputStream:75 - [STDERR_REDIRECT] 
2026-08-07 02:51:28,407 [ERROR] LogOutputStream:75 - [STDERR_REDIRECT] [Fatal Error] :1:1: Premature end of file.
2026-08-07 02:51:28,407 [ERROR] LogOutputStream:75 - [STDERR_REDIRECT] 
2026-08-07 02:51:29,408 [ERROR] LogOutputStream:75 - [STDERR_REDIRECT] [Fatal Error] :1:1: Premature end of file.
2026-08-07 02:51:29,409 [ERROR] LogOutputStream:75 - [STDERR_REDIRECT] 
2026-08-07 02:51:30,409 [ERROR] LogOutputStream:75 - [STDERR_REDIRECT] [Fatal Error] :1:1: Premature end of file.
2026-08-07 02:51:30,409 [ERROR] LogOutputStream:75 - [STDERR_REDIRECT] 
2026-08-07 02:51:31,421 [ERROR] LogOutputStream:75 - [STDERR_REDIRECT] [Fatal Error] :1:1: Premature end of file.
2026-08-07 02:51:31,421 [ERROR] LogOutputStream:75 - [STDERR_REDIRECT] 
2026-08-07 02:51:32,406 [ERROR] LogOutputStream:75 - [STDERR_REDIRECT] [Fatal Error] :1:1: Premature end of file.
2026-08-07 02:51:32,406 [ERROR] LogOutputStream:75 - [STDERR_REDIRECT] 
2026-08-07 02:51:33,408 [ERROR] LogOutputStream:75 - [STDERR_REDIRECT] [Fatal Error] :1:1: Premature end of file.
2026-08-07 02:51:33,408 [ERROR] LogOutputStream:75 - [STDERR_REDIRECT] 
2026-08-07 02:51:34,413 [ERROR] LogOutputStream:75 - [STDERR_REDIRECT] [Fatal Error] :1:1: Premature end of file.
2026-08-07 02:51:34,413 [ERROR] LogOutputStream:75 - [STDERR_REDIRECT] 
2026-08-07 02:51:35,415 [ERROR] LogOutputStream:75 - [STDERR_REDIRECT] [Fatal Error] :1:1: Premature end of file.
2026-08-07 02:51:35,416 [ERROR] LogOutputStream:75 - [STDERR_REDIRECT] 
2026-08-07 02:51:36,405 [ERROR] LogOutputStream:75 - [STDERR_REDIRECT] [Fatal Error] :1:1: Premature end of file.
2026-08-07 02:51:36,405 [ERROR] LogOutputStream:75 - [STDERR_REDIRECT] 
2026-08-07 02:51:37,410 [ERROR] LogOutputStream:75 - [STDERR_REDIRECT] [Fatal Error] :1:1: Premature end of file.
2026-08-07 02:51:37,411 [ERROR] LogOutputStream:75 - [STDERR_REDIRECT] 
2026-08-07 02:51:38,412 [ERROR] LogOutputStream:75 - [STDERR_REDIRECT] [Fatal Error] :1:1: Premature end of file.
2026-08-07 02:51:38,412 [ERROR] LogOutputStream:75 - [STDERR_REDIRECT] 
2026-08-07 02:51:39,415 [ERROR] LogOutputStream:75 - [STDERR_REDIRECT] [Fatal Error] :1:1: Premature end of file.
2026-08-07 02:51:39,415 [ERROR] LogOutputStream:75 - [STDERR_REDIRECT] 
2026-08-07 02:51:40,402 [ERROR] LogOutputStream:75 - [STDERR_REDIRECT] [Fatal Error] :1:1: Premature end of file.
2026-08-07 02:51:40,402 [ERROR] LogOutputStream:75 - [STDERR_REDIRECT] 
2026-08-07 02:51:41,406 [ERROR] LogOutputStream:75 - [STDERR_REDIRECT] [Fatal Error] :1:1: Premature end of file.
2026-08-07 02:51:41,408 [ERROR] LogOutputStream:75 - [STDERR_REDIRECT] 
2026-08-07 02:51:42,414 [ERROR] LogOutputStream:75 - [STDERR_REDIRECT] [Fatal Error] :1:1: Premature end of file.
2026-08-07 02:51:42,414 [ERROR] LogOutputStream:75 - [STDERR_REDIRECT] 
2026-08-07 02:51:43,410 [ERROR] LogOutputStream:75 - [STDERR_REDIRECT] [Fatal Error] :1:1: Premature end of file.
2026-08-07 02:51:43,410 [ERROR] LogOutputStream:75 - [STDERR_REDIRECT] 
2026-08-07 02:51:44,415 [ERROR] LogOutputStream:75 - [STDERR_REDIRECT] [Fatal Error] :1:1: Premature end of file.
2026-08-07 02:51:44,415 [ERROR] LogOutputStream:75 - [STDERR_REDIRECT] 
2026-08-07 02:51:45,418 [ERROR] LogOutputStream:75 - [STDERR_REDIRECT] [Fatal Error] :1:1: Premature end of file.
2026-08-07 02:51:45,418 [ERROR] LogOutputStream:75 - [STDERR_REDIRECT] 
2026-08-07 02:51:46,411 [ERROR] LogOutputStream:75 - [STDERR_REDIRECT] [Fatal Error] :1:1: Premature end of file.
2026-08-07 02:51:46,411 [ERROR] LogOutputStream:75 - [STDERR_REDIRECT] 
2026-08-07 02:51:47,406 [ERROR] LogOutputStream:75 - [STDERR_REDIRECT] [Fatal Error] :1:1: Premature end of file.
2026-08-07 02:51:47,406 [ERROR] LogOutputStream:75 - [STDERR_REDIRECT] 
2026-08-07 02:51:48,403 [ERROR] LogOutputStream:75 - [STDERR_REDIRECT] [Fatal Error] :1:1: Premature end of file.
2026-08-07 02:51:48,403 [ERROR] LogOutputStream:75 - [STDERR_REDIRECT] 
2026-08-07 02:51:49,409 [ERROR] LogOutputStream:75 - [STDERR_REDIRECT] [Fatal Error] :1:1: Premature end of file.
2026-08-07 02:51:49,409 [ERROR] LogOutputStream:75 - [STDERR_REDIRECT] 
2026-08-07 02:51:50,411 [ERROR] LogOutputStream:75 - [STDERR_REDIRECT] [Fatal Error] :1:1: Premature end of file.
2026-08-07 02:51:50,411 [ERROR] LogOutputStream:75 - [STDERR_REDIRECT] 
2026-08-07 02:51:51,410 [ERROR] LogOutputStream:75 - [STDERR_REDIRECT] [Fatal Error] :1:1: Premature end of file.
2026-08-07 02:51:51,410 [ERROR] LogOutputStream:75 - [STDERR_REDIRECT] 
2026-08-07 02:51:52,413 [ERROR] LogOutputStream:75 - [STDERR_REDIRECT] [Fatal Error] :1:1: Premature end of file.
2026-08-07 02:51:52,413 [ERROR] LogOutputStream:75 - [STDERR_REDIRECT] 
2026-08-07 02:51:53,425 [ERROR] LogOutputStream:75 - [STDERR_REDIRECT] [Fatal Error] :1:1: Premature end of file.
2026-08-07 02:51:53,425 [ERROR] LogOutputStream:75 - [STDERR_REDIRECT] 
2026-08-07 02:51:54,411 [ERROR] LogOutputStream:75 - [STDERR_REDIRECT] [Fatal Error] :1:1: Premature end of file.
2026-08-07 02:51:54,411 [ERROR] LogOutputStream:75 - [STDERR_REDIRECT] 
2026-08-07 02:51:55,405 [ERROR] LogOutputStream:75 - [STDERR_REDIRECT] [Fatal Error] :1:1: Premature end of file.
2026-08-07 02:51:55,405 [ERROR] LogOutputStream:75 - [STDERR_REDIRECT] 
2026-08-07 02:51:56,403 [ERROR] LogOutputStream:75 - [STDERR_REDIRECT] [Fatal Error] :1:1: Premature end of file.
2026-08-07 02:51:56,403 [ERROR] LogOutputStream:75 - [STDERR_REDIRECT] 
2026-08-07 02:51:57,405 [ERROR] LogOutputStream:75 - [STDERR_REDIRECT] [Fatal Error] :1:1: Premature end of file.
2026-08-07 02:51:57,405 [ERROR] LogOutputStream:75 - [STDERR_REDIRECT] 
2026-08-07 02:51:58,416 [ERROR] LogOutputStream:75 - [STDERR_REDIRECT] [Fatal Error] :1:1: Premature end of file.
2026-08-07 02:51:58,417 [ERROR] LogOutputStream:75 - [STDERR_REDIRECT] 
2026-08-07 02:51:59,403 [ERROR] LogOutputStream:75 - [STDERR_REDIRECT] [Fatal Error] :1:1: Premature end of file.
2026-08-07 02:51:59,403 [ERROR] LogOutputStream:75 - [STDERR_REDIRECT] 
2026-08-07 02:52:00,404 [ERROR] LogOutputStream:75 - [STDERR_REDIRECT] [Fatal Error] :1:1: Premature end of file.
2026-08-07 02:52:00,412 [ERROR] LogOutputStream:75 - [STDERR_REDIRECT] 
2026-08-07 02:52:01,410 [ERROR] LogOutputStream:75 - [STDERR_REDIRECT] [Fatal Error] :1:1: Premature end of file.
2026-08-07 02:52:01,410 [ERROR] LogOutputStream:75 - [STDERR_REDIRECT] 
2026-08-07 02:52:02,403 [ERROR] LogOutputStream:75 - [STDERR_REDIRECT] [Fatal Error] :1:1: Premature end of file.
2026-08-07 02:52:02,404 [ERROR] LogOutputStream:75 - [STDERR_REDIRECT] 
2026-08-07 02:52:03,411 [ERROR] LogOutputStream:75 - [STDERR_REDIRECT] [Fatal Error] :1:1: Premature end of file.
2026-08-07 02:52:03,411 [ERROR] LogOutputStream:75 - [STDERR_REDIRECT] 
2026-08-07 02:52:04,408 [ERROR] LogOutputStream:75 - [STDERR_REDIRECT] [Fatal Error] :1:1: Premature end of file.
2026-08-07 02:52:04,408 [ERROR] LogOutputStream:75 - [STDERR_REDIRECT] 
2026-08-07 02:52:05,409 [ERROR] LogOutputStream:75 - [STDERR_REDIRECT] [Fatal Error] :1:1: Premature end of file.
2026-08-07 02:52:05,409 [ERROR] LogOutputStream:75 - [STDERR_REDIRECT] 
2026-08-07 02:52:06,421 [ERROR] LogOutputStream:75 - [STDERR_REDIRECT] [Fatal Error] :1:1: Premature end of file.
2026-08-07 02:52:06,421 [ERROR] LogOutputStream:75 - [STDERR_REDIRECT] 
2026-08-07 02:52:07,408 [ERROR] LogOutputStream:75 - [STDERR_REDIRECT] [Fatal Error] :1:1: Premature end of file.
2026-08-07 02:52:07,408 [ERROR] LogOutputStream:75 - [STDERR_REDIRECT] 
2026-08-07 02:52:08,403 [ERROR] LogOutputStream:75 - [STDERR_REDIRECT] [Fatal Error] :1:1: Premature end of file.
2026-08-07 02:52:08,403 [ERROR] LogOutputStream:75 - [STDERR_REDIRECT] 
2026-08-07 02:52:09,412 [ERROR] LogOutputStream:75 - [STDERR_REDIRECT] [Fatal Error] :1:1: Premature end of file.
2026-08-07 02:52:09,412 [ERROR] LogOutputStream:75 - [STDERR_REDIRECT] 
2026-08-07 02:52:10,404 [ERROR] LogOutputStream:75 - [STDERR_REDIRECT] [Fatal Error] :1:1: Premature end of file.
2026-08-07 02:52:10,404 [ERROR] LogOutputStream:75 - [STDERR_REDIRECT] 
2026-08-07 02:52:11,408 [ERROR] LogOutputStream:75 - [STDERR_REDIRECT] [Fatal Error] :1:1: Premature end of file.
2026-08-07 02:52:11,408 [ERROR] LogOutputStream:75 - [STDERR_REDIRECT] 
2026-08-07 02:52:12,417 [ERROR] LogOutputStream:75 - [STDERR_REDIRECT] [Fatal Error] :1:1: Premature end of file.
2026-08-07 02:52:12,417 [ERROR] LogOutputStream:75 - [STDERR_REDIRECT] 
2026-08-07 02:52:13,411 [ERROR] LogOutputStream:75 - [STDERR_REDIRECT] [Fatal Error] :1:1: Premature end of file.
2026-08-07 02:52:13,411 [ERROR] LogOutputStream:75 - [STDERR_REDIRECT] 
2026-08-07 02:52:14,417 [ERROR] LogOutputStream:75 - [STDERR_REDIRECT] [Fatal Error] :1:1: Premature end of file.
2026-08-07 02:52:14,417 [ERROR] LogOutputStream:75 - [STDERR_REDIRECT] 
2026-08-07 02:52:15,414 [ERROR] LogOutputStream:75 - [STDERR_REDIRECT] [Fatal Error] :1:1: Premature end of file.
2026-08-07 02:52:15,414 [ERROR] LogOutputStream:75 - [STDERR_REDIRECT] 
2026-08-07 02:52:16,412 [ERROR] LogOutputStream:75 - [STDERR_REDIRECT] [Fatal Error] :1:1: Premature end of file.
2026-08-07 02:52:16,412 [ERROR] LogOutputStream:75 - [STDERR_REDIRECT] 
2026-08-07 02:52:17,416 [ERROR] LogOutputStream:75 - [STDERR_REDIRECT] [Fatal Error] :1:1: Premature end of file.
2026-08-07 02:52:17,416 [ERROR] LogOutputStream:75 - [STDERR_REDIRECT] 
2026-08-07 02:52:18,419 [ERROR] LogOutputStream:75 - [STDERR_REDIRECT] [Fatal Error] :1:1: Premature end of file.
2026-08-07 02:52:18,419 [ERROR] LogOutputStream:75 - [STDERR_REDIRECT] 
2026-08-07 02:52:19,404 [ERROR] LogOutputStream:75 - [STDERR_REDIRECT] [Fatal Error] :1:1: Premature end of file.
2026-08-07 02:52:19,404 [ERROR] LogOutputStream:75 - [STDERR_REDIRECT] 
2026-08-07 02:52:20,407 [ERROR] LogOutputStream:75 - [STDERR_REDIRECT] [Fatal Error] :1:1: Premature end of file.
2026-08-07 02:52:20,407 [ERROR] LogOutputStream:75 - [STDERR_REDIRECT] 
2026-08-07 02:52:21,406 [ERROR] LogOutputStream:75 - [STDERR_REDIRECT] [Fatal Error] :1:1: Premature end of file.
2026-08-07 02:52:21,406 [ERROR] LogOutputStream:75 - [STDERR_REDIRECT] 
2026-08-07 02:52:22,409 [ERROR] LogOutputStream:75 - [STDERR_REDIRECT] [Fatal Error] :1:1: Premature end of file.
2026-08-07 02:52:22,409 [ERROR] LogOutputStream:75 - [STDERR_REDIRECT] 
2026-08-07 02:52:23,409 [ERROR] LogOutputStream:75 - [STDERR_REDIRECT] [Fatal Error] :1:1: Premature end of file.
2026-08-07 02:52:23,409 [ERROR] LogOutputStream:75 - [STDERR_REDIRECT] 
2026-08-07 02:52:24,409 [ERROR] LogOutputStream:75 - [STDERR_REDIRECT] [Fatal Error] :1:1: Premature end of file.
2026-08-07 02:52:24,409 [ERROR] LogOutputStream:75 - [STDERR_REDIRECT] 
2026-08-07 02:52:25,415 [ERROR] LogOutputStream:75 - [STDERR_REDIRECT] [Fatal Error] :1:1: Premature end of file.
2026-08-07 02:52:25,415 [ERROR] LogOutputStream:75 - [STDERR_REDIRECT] 
2026-08-07 02:52:26,412 [ERROR] LogOutputStream:75 - [STDERR_REDIRECT] [Fatal Error] :1:1: Premature end of file.
2026-08-07 02:52:26,412 [ERROR] LogOutputStream:75 - [STDERR_REDIRECT] 
2026-08-07 02:52:27,405 [ERROR] LogOutputStream:75 - [STDERR_REDIRECT] [Fatal Error] :1:1: Premature end of file.
2026-08-07 02:52:27,405 [ERROR] LogOutputStream:75 - [STDERR_REDIRECT] 
2026-08-07 02:52:28,402 [ERROR] LogOutputStream:75 - [STDERR_REDIRECT] [Fatal Error] :1:1: Premature end of file.
2026-08-07 02:52:28,402 [ERROR] LogOutputStream:75 - [STDERR_REDIRECT] 
2026-08-07 02:52:29,402 [ERROR] LogOutputStream:75 - [STDERR_REDIRECT] [Fatal Error] :1:1: Premature end of file.
2026-08-07 02:52:29,402 [ERROR] LogOutputStream:75 - [STDERR_REDIRECT] 
2026-08-07 02:52:30,414 [ERROR] LogOutputStream:75 - [STDERR_REDIRECT] [Fatal Error] :1:1: Premature end of file.
2026-08-07 02:52:30,414 [ERROR] LogOutputStream:75 - [STDERR_REDIRECT] 
2026-08-07 02:52:31,410 [ERROR] LogOutputStream:75 - [STDERR_REDIRECT] [Fatal Error] :1:1: Premature end of file.
2026-08-07 02:52:31,410 [ERROR] LogOutputStream:75 - [STDERR_REDIRECT] 
2026-08-07 02:52:32,410 [ERROR] LogOutputStream:75 - [STDERR_REDIRECT] [Fatal Error] :1:1: Premature end of file.
2026-08-07 02:52:32,410 [ERROR] LogOutputStream:75 - [STDERR_REDIRECT] 
2026-08-07 02:52:33,410 [ERROR] LogOutputStream:75 - [STDERR_REDIRECT] [Fatal Error] :1:1: Premature end of file.
2026-08-07 02:52:33,410 [ERROR] LogOutputStream:75 - [STDERR_REDIRECT] 
2026-08-07 02:52:34,417 [ERROR] LogOutputStream:75 - [STDERR_REDIRECT] [Fatal Error] :1:1: Premature end of file.
2026-08-07 02:52:34,417 [ERROR] LogOutputStream:75 - [STDERR_REDIRECT] 
2026-08-07 02:52:35,419 [ERROR] LogOutputStream:75 - [STDERR_REDIRECT] [Fatal Error] :1:1: Premature end of file.
2026-08-07 02:52:35,419 [ERROR] LogOutputStream:75 - [STDERR_REDIRECT] 
2026-08-07 02:52:36,415 [ERROR] LogOutputStream:75 - [STDERR_REDIRECT] [Fatal Error] :1:1: Premature end of file.
2026-08-07 02:52:36,415 [ERROR] LogOutputStream:75 - [STDERR_REDIRECT] 
2026-08-07 02:52:37,416 [ERROR] LogOutputStream:75 - [STDERR_REDIRECT] [Fatal Error] :1:1: Premature end of file.
2026-08-07 02:52:37,416 [ERROR] LogOutputStream:75 - [STDERR_REDIRECT] 
2026-08-07 02:52:38,439 [ERROR] LogOutputStream:75 - [STDERR_REDIRECT] [Fatal Error] :1:1: Premature end of file.
2026-08-07 02:52:38,439 [ERROR] LogOutputStream:75 - [STDERR_REDIRECT] 
2026-08-07 02:52:39,409 [ERROR] LogOutputStream:75 - [STDERR_REDIRECT] [Fatal Error] :1:1: Premature end of file.
2026-08-07 02:52:39,409 [ERROR] LogOutputStream:75 - [STDERR_REDIRECT] 
2026-08-07 02:52:40,412 [ERROR] LogOutputStream:75 - [STDERR_REDIRECT] [Fatal Error] :1:1: Premature end of file.
2026-08-07 02:52:40,412 [ERROR] LogOutputStream:75 - [STDERR_REDIRECT] 
2026-08-07 02:52:41,401 [ERROR] LogOutputStream:75 - [STDERR_REDIRECT] [Fatal Error] :1:1: Premature end of file.
2026-08-07 02:52:41,402 [ERROR] LogOutputStream:75 - [STDERR_REDIRECT] 
2026-08-07 02:52:42,410 [ERROR] LogOutputStream:75 - [STDERR_REDIRECT] [Fatal Error] :1:1: Premature end of file.
2026-08-07 02:52:42,410 [ERROR] LogOutputStream:75 - [STDERR_REDIRECT] 
2026-08-07 02:52:43,410 [ERROR] LogOutputStream:75 - [STDERR_REDIRECT] [Fatal Error] :1:1: Premature end of file.
2026-08-07 02:52:43,410 [ERROR] LogOutputStream:75 - [STDERR_REDIRECT] 
2026-08-07 02:52:44,407 [ERROR] LogOutputStream:75 - [STDERR_REDIRECT] [Fatal Error] :1:1: Premature end of file.
2026-08-07 02:52:44,407 [ERROR] LogOutputStream:75 - [STDERR_REDIRECT] 
2026-08-07 02:52:45,417 [ERROR] LogOutputStream:75 - [STDERR_REDIRECT] [Fatal Error] :1:1: Premature end of file.
2026-08-07 02:52:45,417 [ERROR] LogOutputStream:75 - [STDERR_REDIRECT] 
2026-08-07 02:52:46,413 [ERROR] LogOutputStream:75 - [STDERR_REDIRECT] [Fatal Error] :1:1: Premature end of file.
2026-08-07 02:52:46,413 [ERROR] LogOutputStream:75 - [STDERR_REDIRECT] 
2026-08-07 02:52:47,417 [ERROR] LogOutputStream:75 - [STDERR_REDIRECT] [Fatal Error] :1:1: Premature end of file.
2026-08-07 02:52:47,417 [ERROR] LogOutputStream:75 - [STDERR_REDIRECT] 
2026-08-07 02:52:48,416 [ERROR] LogOutputStream:75 - [STDERR_REDIRECT] [Fatal Error] :1:1: Premature end of file.
2026-08-07 02:52:48,416 [ERROR] LogOutputStream:75 - [STDERR_REDIRECT] 
2026-08-07 02:52:49,409 [ERROR] LogOutputStream:75 - [STDERR_REDIRECT] [Fatal Error] :1:1: Premature end of file.
2026-08-07 02:52:49,409 [ERROR] LogOutputStream:75 - [STDERR_REDIRECT] 
2026-08-07 02:52:50,410 [ERROR] LogOutputStream:75 - [STDERR_REDIRECT] [Fatal Error] :1:1: Premature end of file.
2026-08-07 02:52:50,410 [ERROR] LogOutputStream:75 - [STDERR_REDIRECT] 
2026-08-07 02:52:51,409 [ERROR] LogOutputStream:75 - [STDERR_REDIRECT] [Fatal Error] :1:1: Premature end of file.
2026-08-07 02:52:51,409 [ERROR] LogOutputStream:75 - [STDERR_REDIRECT] 
2026-08-07 02:52:52,408 [ERROR] LogOutputStream:75 - [STDERR_REDIRECT] [Fatal Error] :1:1: Premature end of file.
2026-08-07 02:52:52,408 [ERROR] LogOutputStream:75 - [STDERR_REDIRECT] 
2026-08-07 02:52:53,410 [ERROR] LogOutputStream:75 - [STDERR_REDIRECT] [Fatal Error] :1:1: Premature end of file.
2026-08-07 02:52:53,410 [ERROR] LogOutputStream:75 - [STDERR_REDIRECT] 
2026-08-07 02:52:54,417 [ERROR] LogOutputStream:75 - [STDERR_REDIRECT] [Fatal Error] :1:1: Premature end of file.
2026-08-07 02:52:54,418 [ERROR] LogOutputStream:75 - [STDERR_REDIRECT] 
2026-08-07 02:52:55,408 [ERROR] LogOutputStream:75 - [STDERR_REDIRECT] [Fatal Error] :1:1: Premature end of file.
2026-08-07 02:52:55,408 [ERROR] LogOutputStream:75 - [STDERR_REDIRECT] 
2026-08-07 02:52:56,406 [ERROR] LogOutputStream:75 - [STDERR_REDIRECT] [Fatal Error] :1:1: Premature end of file.
2026-08-07 02:52:56,406 [ERROR] LogOutputStream:75 - [STDERR_REDIRECT] 
2026-08-07 02:52:57,406 [ERROR] LogOutputStream:75 - [STDERR_REDIRECT] [Fatal Error] :1:1: Premature end of file.
2026-08-07 02:52:57,407 [ERROR] LogOutputStream:75 - [STDERR_REDIRECT] 
2026-08-07 02:52:58,416 [ERROR] LogOutputStream:75 - [STDERR_REDIRECT] [Fatal Error] :1:1: Premature end of file.
2026-08-07 02:52:58,417 [ERROR] LogOutputStream:75 - [STDERR_REDIRECT] 
2026-08-07 02:52:59,415 [ERROR] LogOutputStream:75 - [STDERR_REDIRECT] [Fatal Error] :1:1: Premature end of file.
2026-08-07 02:52:59,415 [ERROR] LogOutputStream:75 - [STDERR_REDIRECT] 
2026-08-07 02:53:00,418 [ERROR] LogOutputStream:75 - [STDERR_REDIRECT] [Fatal Error] :1:1: Premature end of file.
2026-08-07 02:53:00,418 [ERROR] LogOutputStream:75 - [STDERR_REDIRECT] 
2026-08-07 02:53:01,415 [ERROR] LogOutputStream:75 - [STDERR_REDIRECT] [Fatal Error] :1:1: Premature end of file.
2026-08-07 02:53:01,415 [ERROR] LogOutputStream:75 - [STDERR_REDIRECT] 
2026-08-07 02:53:02,409 [ERROR] LogOutputStream:75 - [STDERR_REDIRECT] [Fatal Error] :1:1: Premature end of file.
2026-08-07 02:53:02,409 [ERROR] LogOutputStream:75 - [STDERR_REDIRECT] 
2026-08-07 02:53:03,411 [ERROR] LogOutputStream:75 - [STDERR_REDIRECT] [Fatal Error] :1:1: Premature end of file.
2026-08-07 02:53:03,411 [ERROR] LogOutputStream:75 - [STDERR_REDIRECT] 
2026-08-07 02:53:04,413 [ERROR] LogOutputStream:75 - [STDERR_REDIRECT] [Fatal Error] :1:1: Premature end of file.
2026-08-07 02:53:04,413 [ERROR] LogOutputStream:75 - [STDERR_REDIRECT] 
2026-08-07 02:53:05,407 [ERROR] LogOutputStream:75 - [STDERR_REDIRECT] [Fatal Error] :1:1: Premature end of file.
2026-08-07 02:53:05,407 [ERROR] LogOutputStream:75 - [STDERR_REDIRECT] 
2026-08-07 02:53:06,408 [ERROR] LogOutputStream:75 - [STDERR_REDIRECT] [Fatal Error] :1:1: Premature end of file.
2026-08-07 02:53:06,408 [ERROR] LogOutputStream:75 - [STDERR_REDIRECT] 
2026-08-07 02:53:07,414 [ERROR] LogOutputStream:75 - [STDERR_REDIRECT] [Fatal Error] :1:1: Premature end of file.
2026-08-07 02:53:07,414 [ERROR] LogOutputStream:75 - [STDERR_REDIRECT] 
2026-08-07 02:53:08,413 [ERROR] LogOutputStream:75 - [STDERR_REDIRECT] [Fatal Error] :1:1: Premature end of file.
2026-08-07 02:53:08,413 [ERROR] LogOutputStream:75 - [STDERR_REDIRECT] 
2026-08-07 02:53:09,418 [ERROR] LogOutputStream:75 - [STDERR_REDIRECT] [Fatal Error] :1:1: Premature end of file.
2026-08-07 02:53:09,418 [ERROR] LogOutputStream:75 - [STDERR_REDIRECT] 
2026-08-07 02:53:10,413 [ERROR] LogOutputStream:75 - [STDERR_REDIRECT] [Fatal Error] :1:1: Premature end of file.
2026-08-07 02:53:10,414 [ERROR] LogOutputStream:75 - [STDERR_REDIRECT] 
2026-08-07 02:53:11,409 [ERROR] LogOutputStream:75 - [STDERR_REDIRECT] [Fatal Error] :1:1: Premature end of file.
2026-08-07 02:53:11,410 [ERROR] LogOutputStream:75 - [STDERR_REDIRECT] 
2026-08-07 02:53:12,417 [ERROR] LogOutputStream:75 - [STDERR_REDIRECT] [Fatal Error] :1:1: Premature end of file.
2026-08-07 02:53:12,417 [ERROR] LogOutputStream:75 - [STDERR_REDIRECT] 
2026-08-07 02:53:13,418 [ERROR] LogOutputStream:75 - [STDERR_REDIRECT] [Fatal Error] :1:1: Premature end of file.
2026-08-07 02:53:13,418 [ERROR] LogOutputStream:75 - [STDERR_REDIRECT] 
2026-08-07 02:53:14,411 [ERROR] LogOutputStream:75 - [STDERR_REDIRECT] [Fatal Error] :1:1: Premature end of file.
2026-08-07 02:53:14,411 [ERROR] LogOutputStream:75 - [STDERR_REDIRECT] 
2026-08-07 02:53:15,415 [ERROR] LogOutputStream:75 - [STDERR_REDIRECT] [Fatal Error] :1:1: Premature end of file.
2026-08-07 02:53:15,415 [ERROR] LogOutputStream:75 - [STDERR_REDIRECT] 
2026-08-07 02:53:16,409 [ERROR] LogOutputStream:75 - [STDERR_REDIRECT] [Fatal Error] :1:1: Premature end of file.
2026-08-07 02:53:16,410 [ERROR] LogOutputStream:75 - [STDERR_REDIRECT] 
2026-08-07 02:53:17,416 [ERROR] LogOutputStream:75 - [STDERR_REDIRECT] [Fatal Error] :1:1: Premature end of file.
2026-08-07 02:53:17,416 [ERROR] LogOutputStream:75 - [STDERR_REDIRECT] 
2026-08-07 02:53:18,415 [ERROR] LogOutputStream:75 - [STDERR_REDIRECT] [Fatal Error] :1:1: Premature end of file.
2026-08-07 02:53:18,415 [ERROR] LogOutputStream:75 - [STDERR_REDIRECT] 
2026-08-07 02:53:19,403 [ERROR] LogOutputStream:75 - [STDERR_REDIRECT] [Fatal Error] :1:1: Premature end of file.
2026-08-07 02:53:19,403 [ERROR] LogOutputStream:75 - [STDERR_REDIRECT] 
2026-08-07 02:53:20,414 [ERROR] LogOutputStream:75 - [STDERR_REDIRECT] [Fatal Error] :1:1: Premature end of file.
2026-08-07 02:53:20,414 [ERROR] LogOutputStream:75 - [STDERR_REDIRECT] 
2026-08-07 02:53:21,419 [ERROR] LogOutputStream:75 - [STDERR_REDIRECT] [Fatal Error] :1:1: Premature end of file.
2026-08-07 02:53:21,419 [ERROR] LogOutputStream:75 - [STDERR_REDIRECT] 
2026-08-07 02:53:22,413 [ERROR] LogOutputStream:75 - [STDERR_REDIRECT] [Fatal Error] :1:1: Premature end of file.
2026-08-07 02:53:22,414 [ERROR] LogOutputStream:75 - [STDERR_REDIRECT] 
2026-08-07 02:53:23,410 [ERROR] LogOutputStream:75 - [STDERR_REDIRECT] [Fatal Error] :1:1: Premature end of file.
2026-08-07 02:53:23,410 [ERROR] LogOutputStream:75 - [STDERR_REDIRECT] 
2026-08-07 02:53:24,409 [ERROR] LogOutputStream:75 - [STDERR_REDIRECT] [Fatal Error] :1:1: Premature end of file.
2026-08-07 02:53:24,409 [ERROR] LogOutputStream:75 - [STDERR_REDIRECT] 
2026-08-07 02:53:25,410 [ERROR] LogOutputStream:75 - [STDERR_REDIRECT] [Fatal Error] :1:1: Premature end of file.
2026-08-07 02:53:25,410 [ERROR] LogOutputStream:75 - [STDERR_REDIRECT] 
2026-08-07 02:53:26,415 [ERROR] LogOutputStream:75 - [STDERR_REDIRECT] [Fatal Error] :1:1: Premature end of file.
2026-08-07 02:53:26,415 [ERROR] LogOutputStream:75 - [STDERR_REDIRECT] 
2026-08-07 02:53:27,413 [ERROR] LogOutputStream:75 - [STDERR_REDIRECT] [Fatal Error] :1:1: Premature end of file.
2026-08-07 02:53:27,413 [ERROR] LogOutputStream:75 - [STDERR_REDIRECT] 
2026-08-07 02:53:28,408 [ERROR] LogOutputStream:75 - [STDERR_REDIRECT] [Fatal Error] :1:1: Premature end of file.
2026-08-07 02:53:28,408 [ERROR] LogOutputStream:75 - [STDERR_REDIRECT] 
2026-08-07 02:53:29,419 [ERROR] LogOutputStream:75 - [STDERR_REDIRECT] [Fatal Error] :1:1: Premature end of file.
2026-08-07 02:53:29,419 [ERROR] LogOutputStream:75 - [STDERR_REDIRECT] 
2026-08-07 02:53:30,402 [ERROR] LogOutputStream:75 - [STDERR_REDIRECT] [Fatal Error] :1:1: Premature end of file.
2026-08-07 02:53:30,402 [ERROR] LogOutputStream:75 - [STDERR_REDIRECT] 
2026-08-07 02:53:31,412 [ERROR] LogOutputStream:75 - [STDERR_REDIRECT] [Fatal Error] :1:1: Premature end of file.
2026-08-07 02:53:31,412 [ERROR] LogOutputStream:75 - [STDERR_REDIRECT] 
2026-08-07 02:53:32,427 [ERROR] LogOutputStream:75 - [STDERR_REDIRECT] [Fatal Error] :1:1: Premature end of file.
2026-08-07 02:53:32,427 [ERROR] LogOutputStream:75 - [STDERR_REDIRECT] 
2026-08-07 02:53:33,404 [ERROR] LogOutputStream:75 - [STDERR_REDIRECT] [Fatal Error] :1:1: Premature end of file.
2026-08-07 02:53:33,404 [ERROR] LogOutputStream:75 - [STDERR_REDIRECT] 
2026-08-07 02:53:34,406 [ERROR] LogOutputStream:75 - [STDERR_REDIRECT] [Fatal Error] :1:1: Premature end of file.
2026-08-07 02:53:34,406 [ERROR] LogOutputStream:75 - [STDERR_REDIRECT] 
2026-08-07 02:53:35,416 [ERROR] LogOutputStream:75 - [STDERR_REDIRECT] [Fatal Error] :1:1: Premature end of file.
2026-08-07 02:53:35,416 [ERROR] LogOutputStream:75 - [STDERR_REDIRECT] 
2026-08-07 02:53:36,414 [ERROR] LogOutputStream:75 - [STDERR_REDIRECT] [Fatal Error] :1:1: Premature end of file.
2026-08-07 02:53:36,414 [ERROR] LogOutputStream:75 - [STDERR_REDIRECT] 
2026-08-07 02:53:37,410 [ERROR] LogOutputStream:75 - [STDERR_REDIRECT] [Fatal Error] :1:1: Premature end of file.
2026-08-07 02:53:37,410 [ERROR] LogOutputStream:75 - [STDERR_REDIRECT] 
2026-08-07 02:53:38,417 [ERROR] LogOutputStream:75 - [STDERR_REDIRECT] [Fatal Error] :1:1: Premature end of file.
2026-08-07 02:53:38,417 [ERROR] LogOutputStream:75 - [STDERR_REDIRECT] 
2026-08-07 02:53:39,412 [ERROR] LogOutputStream:75 - [STDERR_REDIRECT] [Fatal Error] :1:1: Premature end of file.
2026-08-07 02:53:39,412 [ERROR] LogOutputStream:75 - [STDERR_REDIRECT] 
2026-08-07 02:53:40,414 [ERROR] LogOutputStream:75 - [STDERR_REDIRECT] [Fatal Error] :1:1: Premature end of file.
2026-08-07 02:53:40,414 [ERROR] LogOutputStream:75 - [STDERR_REDIRECT] 
2026-08-07 02:53:41,416 [ERROR] LogOutputStream:75 - [STDERR_REDIRECT] [Fatal Error] :1:1: Premature end of file.
2026-08-07 02:53:41,416 [ERROR] LogOutputStream:75 - [STDERR_REDIRECT] 
2026-08-07 02:53:42,417 [ERROR] LogOutputStream:75 - [STDERR_REDIRECT] [Fatal Error] :1:1: Premature end of file.
2026-08-07 02:53:42,417 [ERROR] LogOutputStream:75 - [STDERR_REDIRECT] 
2026-08-07 02:53:43,418 [ERROR] LogOutputStream:75 - [STDERR_REDIRECT] [Fatal Error] :1:1: Premature end of file.
2026-08-07 02:53:43,418 [ERROR] LogOutputStream:75 - [STDERR_REDIRECT] 
2026-08-07 02:53:44,413 [ERROR] LogOutputStream:75 - [STDERR_REDIRECT] [Fatal Error] :1:1: Premature end of file.
2026-08-07 02:53:44,413 [ERROR] LogOutputStream:75 - [STDERR_REDIRECT] 
2026-08-07 02:53:45,406 [ERROR] LogOutputStream:75 - [STDERR_REDIRECT] [Fatal Error] :1:1: Premature end of file.
2026-08-07 02:53:45,407 [ERROR] LogOutputStream:75 - [STDERR_REDIRECT] 
2026-08-07 02:53:46,404 [ERROR] LogOutputStream:75 - [STDERR_REDIRECT] [Fatal Error] :1:1: Premature end of file.
2026-08-07 02:53:46,404 [ERROR] LogOutputStream:75 - [STDERR_REDIRECT] 
2026-08-07 02:53:47,408 [ERROR] LogOutputStream:75 - [STDERR_REDIRECT] [Fatal Error] :1:1: Premature end of file.
2026-08-07 02:53:47,408 [ERROR] LogOutputStream:75 - [STDERR_REDIRECT] 
2026-08-07 02:53:48,406 [ERROR] LogOutputStream:75 - [STDERR_REDIRECT] [Fatal Error] :1:1: Premature end of file.
2026-08-07 02:53:48,407 [ERROR] LogOutputStream:75 - [STDERR_REDIRECT] 
2026-08-07 02:53:49,413 [ERROR] LogOutputStream:75 - [STDERR_REDIRECT] [Fatal Error] :1:1: Premature end of file.
2026-08-07 02:53:49,414 [ERROR] LogOutputStream:75 - [STDERR_REDIRECT] 
2026-08-07 02:53:50,416 [ERROR] LogOutputStream:75 - [STDERR_REDIRECT] [Fatal Error] :1:1: Premature end of file.
2026-08-07 02:53:50,416 [ERROR] LogOutputStream:75 - [STDERR_REDIRECT] 
2026-08-07 02:53:51,408 [ERROR] LogOutputStream:75 - [STDERR_REDIRECT] [Fatal Error] :1:1: Premature end of file.
2026-08-07 02:53:51,408 [ERROR] LogOutputStream:75 - [STDERR_REDIRECT] 
2026-08-07 02:53:52,416 [ERROR] LogOutputStream:75 - [STDERR_REDIRECT] [Fatal Error] :1:1: Premature end of file.
2026-08-07 02:53:52,416 [ERROR] LogOutputStream:75 - [STDERR_REDIRECT] 
2026-08-07 02:53:53,408 [ERROR] LogOutputStream:75 - [STDERR_REDIRECT] [Fatal Error] :1:1: Premature end of file.
2026-08-07 02:53:53,408 [ERROR] LogOutputStream:75 - [STDERR_REDIRECT] 
2026-08-07 02:53:54,408 [ERROR] LogOutputStream:75 - [STDERR_REDIRECT] [Fatal Error] :1:1: Premature end of file.
2026-08-07 02:53:54,408 [ERROR] LogOutputStream:75 - [STDERR_REDIRECT] 
2026-08-07 02:53:55,415 [ERROR] LogOutputStream:75 - [STDERR_REDIRECT] [Fatal Error] :1:1: Premature end of file.
2026-08-07 02:53:55,415 [ERROR] LogOutputStream:75 - [STDERR_REDIRECT] 
2026-08-07 02:53:56,415 [ERROR] LogOutputStream:75 - [STDERR_REDIRECT] [Fatal Error] :1:1: Premature end of file.
2026-08-07 02:53:56,415 [ERROR] LogOutputStream:75 - [STDERR_REDIRECT] 
2026-08-07 02:53:57,414 [ERROR] LogOutputStream:75 - [STDERR_REDIRECT] [Fatal Error] :1:1: Premature end of file.
2026-08-07 02:53:57,414 [ERROR] LogOutputStream:75 - [STDERR_REDIRECT] 
2026-08-07 02:53:58,407 [ERROR] LogOutputStream:75 - [STDERR_REDIRECT] [Fatal Error] :1:1: Premature end of file.
2026-08-07 02:53:58,407 [ERROR] LogOutputStream:75 - [STDERR_REDIRECT] 
2026-08-07 02:53:59,407 [ERROR] LogOutputStream:75 - [STDERR_REDIRECT] [Fatal Error] :1:1: Premature end of file.
2026-08-07 02:53:59,407 [ERROR] LogOutputStream:75 - [STDERR_REDIRECT] 
2026-08-07 02:54:00,416 [ERROR] LogOutputStream:75 - [STDERR_REDIRECT] [Fatal Error] :1:1: Premature end of file.
2026-08-07 02:54:00,416 [ERROR] LogOutputStream:75 - [STDERR_REDIRECT] 
2026-08-07 02:54:01,417 [ERROR] LogOutputStream:75 - [STDERR_REDIRECT] [Fatal Error] :1:1: Premature end of file.
2026-08-07 02:54:01,417 [ERROR] LogOutputStream:75 - [STDERR_REDIRECT] 
2026-08-07 02:54:02,410 [ERROR] LogOutputStream:75 - [STDERR_REDIRECT] [Fatal Error] :1:1: Premature end of file.
2026-08-07 02:54:02,410 [ERROR] LogOutputStream:75 - [STDERR_REDIRECT] 
2026-08-07 02:54:03,411 [ERROR] LogOutputStream:75 - [STDERR_REDIRECT] [Fatal Error] :1:1: Premature end of file.
2026-08-07 02:54:03,411 [ERROR] LogOutputStream:75 - [STDERR_REDIRECT] 
2026-08-07 02:54:04,412 [ERROR] LogOutputStream:75 - [STDERR_REDIRECT] [Fatal Error] :1:1: Premature end of file.
2026-08-07 02:54:04,412 [ERROR] LogOutputStream:75 - [STDERR_REDIRECT] 
2026-08-07 02:54:05,410 [ERROR] LogOutputStream:75 - [STDERR_REDIRECT] [Fatal Error] :1:1: Premature end of file.
2026-08-07 02:54:05,410 [ERROR] LogOutputStream:75 - [STDERR_REDIRECT] 
2026-08-07 02:54:06,411 [ERROR] LogOutputStream:75 - [STDERR_REDIRECT] [Fatal Error] :1:1: Premature end of file.
2026-08-07 02:54:06,411 [ERROR] LogOutputStream:75 - [STDERR_REDIRECT] 
2026-08-07 02:54:07,410 [ERROR] LogOutputStream:75 - [STDERR_REDIRECT] [Fatal Error] :1:1: Premature end of file.
2026-08-07 02:54:07,410 [ERROR] LogOutputStream:75 - [STDERR_REDIRECT] 
2026-08-07 02:54:08,403 [ERROR] LogOutputStream:75 - [STDERR_REDIRECT] [Fatal Error] :1:1: Premature end of file.
2026-08-07 02:54:08,404 [ERROR] LogOutputStream:75 - [STDERR_REDIRECT] 
2026-08-07 02:54:09,416 [ERROR] LogOutputStream:75 - [STDERR_REDIRECT] [Fatal Error] :1:1: Premature end of file.
2026-08-07 02:54:09,416 [ERROR] LogOutputStream:75 - [STDERR_REDIRECT] 
2026-08-07 02:54:10,403 [ERROR] LogOutputStream:75 - [STDERR_REDIRECT] [Fatal Error] :1:1: Premature end of file.
2026-08-07 02:54:10,403 [ERROR] LogOutputStream:75 - [STDERR_REDIRECT] 
2026-08-07 02:54:11,417 [ERROR] LogOutputStream:75 - [STDERR_REDIRECT] [Fatal Error] :1:1: Premature end of file.
2026-08-07 02:54:11,417 [ERROR] LogOutputStream:75 - [STDERR_REDIRECT] 
2026-08-07 02:54:12,402 [ERROR] LogOutputStream:75 - [STDERR_REDIRECT] [Fatal Error] :1:1: Premature end of file.
2026-08-07 02:54:12,402 [ERROR] LogOutputStream:75 - [STDERR_REDIRECT] 
2026-08-07 02:54:13,402 [ERROR] LogOutputStream:75 - [STDERR_REDIRECT] [Fatal Error] :1:1: Premature end of file.
2026-08-07 02:54:13,402 [ERROR] LogOutputStream:75 - [STDERR_REDIRECT] 
2026-08-07 02:54:14,402 [ERROR] LogOutputStream:75 - [STDERR_REDIRECT] [Fatal Error] :1:1: Premature end of file.
2026-08-07 02:54:14,402 [ERROR] LogOutputStream:75 - [STDERR_REDIRECT] 
2026-08-07 02:54:15,404 [ERROR] LogOutputStream:75 - [STDERR_REDIRECT] [Fatal Error] :1:1: Premature end of file.
2026-08-07 02:54:15,404 [ERROR] LogOutputStream:75 - [STDERR_REDIRECT] 
2026-08-07 02:54:16,418 [ERROR] LogOutputStream:75 - [STDERR_REDIRECT] [Fatal Error] :1:1: Premature end of file.
2026-08-07 02:54:16,418 [ERROR] LogOutputStream:75 - [STDERR_REDIRECT] 
2026-08-07 02:54:17,418 [ERROR] LogOutputStream:75 - [STDERR_REDIRECT] [Fatal Error] :1:1: Premature end of file.
2026-08-07 02:54:17,418 [ERROR] LogOutputStream:75 - [STDERR_REDIRECT] 
2026-08-07 02:54:18,422 [ERROR] LogOutputStream:75 - [STDERR_REDIRECT] [Fatal Error] :1:1: Premature end of file.
2026-08-07 02:54:18,422 [ERROR] LogOutputStream:75 - [STDERR_REDIRECT] 
2026-08-07 02:54:19,416 [ERROR] LogOutputStream:75 - [STDERR_REDIRECT] [Fatal Error] :1:1: Premature end of file.
2026-08-07 02:54:19,416 [ERROR] LogOutputStream:75 - [STDERR_REDIRECT] 
2026-08-07 02:54:20,411 [ERROR] LogOutputStream:75 - [STDERR_REDIRECT] [Fatal Error] :1:1: Premature end of file.
2026-08-07 02:54:20,411 [ERROR] LogOutputStream:75 - [STDERR_REDIRECT] 
2026-08-07 02:54:21,411 [ERROR] LogOutputStream:75 - [STDERR_REDIRECT] [Fatal Error] :1:1: Premature end of file.
2026-08-07 02:54:21,411 [ERROR] LogOutputStream:75 - [STDERR_REDIRECT] 
2026-08-07 02:54:22,412 [ERROR] LogOutputStream:75 - [STDERR_REDIRECT] [Fatal Error] :1:1: Premature end of file.
2026-08-07 02:54:22,412 [ERROR] LogOutputStream:75 - [STDERR_REDIRECT] 
2026-08-07 02:54:23,413 [ERROR] LogOutputStream:75 - [STDERR_REDIRECT] [Fatal Error] :1:1: Premature end of file.
2026-08-07 02:54:23,413 [ERROR] LogOutputStream:75 - [STDERR_REDIRECT] 
2026-08-07 02:54:24,412 [ERROR] LogOutputStream:75 - [STDERR_REDIRECT] [Fatal Error] :1:1: Premature end of file.
2026-08-07 02:54:24,412 [ERROR] LogOutputStream:75 - [STDERR_REDIRECT] 
2026-08-07 02:54:25,406 [ERROR] LogOutputStream:75 - [STDERR_REDIRECT] [Fatal Error] :1:1: Premature end of file.
2026-08-07 02:54:25,406 [ERROR] LogOutputStream:75 - [STDERR_REDIRECT] 
2026-08-07 02:54:26,406 [ERROR] LogOutputStream:75 - [STDERR_REDIRECT] [Fatal Error] :1:1: Premature end of file.
2026-08-07 02:54:26,406 [ERROR] LogOutputStream:75 - [STDERR_REDIRECT] 
2026-08-07 02:54:27,409 [ERROR] LogOutputStream:75 - [STDERR_REDIRECT] [Fatal Error] :1:1: Premature end of file.
2026-08-07 02:54:27,409 [ERROR] LogOutputStream:75 - [STDERR_REDIRECT] 
2026-08-07 02:54:28,404 [ERROR] LogOutputStream:75 - [STDERR_REDIRECT] [Fatal Error] :1:1: Premature end of file.
2026-08-07 02:54:28,406 [ERROR] LogOutputStream:75 - [STDERR_REDIRECT] 
2026-08-07 02:54:29,403 [ERROR] LogOutputStream:75 - [STDERR_REDIRECT] [Fatal Error] :1:1: Premature end of file.
2026-08-07 02:54:29,403 [ERROR] LogOutputStream:75 - [STDERR_REDIRECT] 
2026-08-07 02:54:30,403 [ERROR] LogOutputStream:75 - [STDERR_REDIRECT] [Fatal Error] :1:1: Premature end of file.
2026-08-07 02:54:30,403 [ERROR] LogOutputStream:75 - [STDERR_REDIRECT] 
2026-08-07 02:54:31,406 [ERROR] LogOutputStream:75 - [STDERR_REDIRECT] [Fatal Error] :1:1: Premature end of file.
2026-08-07 02:54:31,406 [ERROR] LogOutputStream:75 - [STDERR_REDIRECT] 
2026-08-07 02:54:32,401 [ERROR] LogOutputStream:75 - [STDERR_REDIRECT] [Fatal Error] :1:1: Premature end of file.
2026-08-07 02:54:32,401 [ERROR] LogOutputStream:75 - [STDERR_REDIRECT] 
2026-08-07 02:54:33,414 [ERROR] LogOutputStream:75 - [STDERR_REDIRECT] [Fatal Error] :1:1: Premature end of file.
2026-08-07 02:54:33,414 [ERROR] LogOutputStream:75 - [STDERR_REDIRECT] 
2026-08-07 02:54:34,416 [ERROR] LogOutputStream:75 - [STDERR_REDIRECT] [Fatal Error] :1:1: Premature end of file.
2026-08-07 02:54:34,416 [ERROR] LogOutputStream:75 - [STDERR_REDIRECT] 
2026-08-07 02:54:35,411 [ERROR] LogOutputStream:75 - [STDERR_REDIRECT] [Fatal Error] :1:1: Premature end of file.
2026-08-07 02:54:35,411 [ERROR] LogOutputStream:75 - [STDERR_REDIRECT] 
2026-08-07 02:54:36,415 [ERROR] LogOutputStream:75 - [STDERR_REDIRECT] [Fatal Error] :1:1: Premature end of file.
2026-08-07 02:54:36,415 [ERROR] LogOutputStream:75 - [STDERR_REDIRECT] 
2026-08-07 02:54:37,415 [ERROR] LogOutputStream:75 - [STDERR_REDIRECT] [Fatal Error] :1:1: Premature end of file.
2026-08-07 02:54:37,415 [ERROR] LogOutputStream:75 - [STDERR_REDIRECT] 
2026-08-07 02:54:38,411 [ERROR] LogOutputStream:75 - [STDERR_REDIRECT] [Fatal Error] :1:1: Premature end of file.
2026-08-07 02:54:38,411 [ERROR] LogOutputStream:75 - [STDERR_REDIRECT] 
2026-08-07 02:54:39,413 [ERROR] LogOutputStream:75 - [STDERR_REDIRECT] [Fatal Error] :1:1: Premature end of file.
2026-08-07 02:54:39,413 [ERROR] LogOutputStream:75 - [STDERR_REDIRECT] 
2026-08-07 02:54:40,416 [ERROR] LogOutputStream:75 - [STDERR_REDIRECT] [Fatal Error] :1:1: Premature end of file.
2026-08-07 02:54:40,416 [ERROR] LogOutputStream:75 - [STDERR_REDIRECT] 
2026-08-07 02:54:41,416 [ERROR] LogOutputStream:75 - [STDERR_REDIRECT] [Fatal Error] :1:1: Premature end of file.
2026-08-07 02:54:41,416 [ERROR] LogOutputStream:75 - [STDERR_REDIRECT] 
2026-08-07 02:54:42,403 [ERROR] LogOutputStream:75 - [STDERR_REDIRECT] [Fatal Error] :1:1: Premature end of file.
2026-08-07 02:54:42,405 [ERROR] LogOutputStream:75 - [STDERR_REDIRECT] 
2026-08-07 02:54:43,411 [ERROR] LogOutputStream:75 - [STDERR_REDIRECT] [Fatal Error] :1:1: Premature end of file.
2026-08-07 02:54:43,411 [ERROR] LogOutputStream:75 - [STDERR_REDIRECT] 
2026-08-07 02:54:44,409 [ERROR] LogOutputStream:75 - [STDERR_REDIRECT] [Fatal Error] :1:1: Premature end of file.
2026-08-07 02:54:44,409 [ERROR] LogOutputStream:75 - [STDERR_REDIRECT] 
2026-08-07 02:54:45,407 [ERROR] LogOutputStream:75 - [STDERR_REDIRECT] [Fatal Error] :1:1: Premature end of file.
2026-08-07 02:54:45,408 [ERROR] LogOutputStream:75 - [STDERR_REDIRECT] 
2026-08-07 02:54:46,411 [ERROR] LogOutputStream:75 - [STDERR_REDIRECT] [Fatal Error] :1:1: Premature end of file.
2026-08-07 02:54:46,411 [ERROR] LogOutputStream:75 - [STDERR_REDIRECT] 
2026-08-07 02:54:47,406 [ERROR] LogOutputStream:75 - [STDERR_REDIRECT] [Fatal Error] :1:1: Premature end of file.
2026-08-07 02:54:47,406 [ERROR] LogOutputStream:75 - [STDERR_REDIRECT] 
2026-08-07 02:54:48,405 [ERROR] LogOutputStream:75 - [STDERR_REDIRECT] [Fatal Error] :1:1: Premature end of file.
2026-08-07 02:54:48,405 [ERROR] LogOutputStream:75 - [STDERR_REDIRECT] 
2026-08-07 02:54:49,415 [ERROR] LogOutputStream:75 - [STDERR_REDIRECT] [Fatal Error] :1:1: Premature end of file.
2026-08-07 02:54:49,417 [ERROR] LogOutputStream:75 - [STDERR_REDIRECT] 
2026-08-07 02:54:50,402 [ERROR] LogOutputStream:75 - [STDERR_REDIRECT] [Fatal Error] :1:1: Premature end of file.
2026-08-07 02:54:50,402 [ERROR] LogOutputStream:75 - [STDERR_REDIRECT] 
2026-08-07 02:54:51,404 [ERROR] LogOutputStream:75 - [STDERR_REDIRECT] [Fatal Error] :1:1: Premature end of file.
2026-08-07 02:54:51,404 [ERROR] LogOutputStream:75 - [STDERR_REDIRECT] 
2026-08-07 02:54:52,403 [ERROR] LogOutputStream:75 - [STDERR_REDIRECT] [Fatal Error] :1:1: Premature end of file.
2026-08-07 02:54:52,404 [ERROR] LogOutputStream:75 - [STDERR_REDIRECT] 
2026-08-07 02:54:53,405 [ERROR] LogOutputStream:75 - [STDERR_REDIRECT] [Fatal Error] :1:1: Premature end of file.
2026-08-07 02:54:53,405 [ERROR] LogOutputStream:75 - [STDERR_REDIRECT] 
2026-08-07 02:54:54,408 [ERROR] LogOutputStream:75 - [STDERR_REDIRECT] [Fatal Error] :1:1: Premature end of file.
2026-08-07 02:54:54,408 [ERROR] LogOutputStream:75 - [STDERR_REDIRECT] 
2026-08-07 02:54:55,417 [ERROR] LogOutputStream:75 - [STDERR_REDIRECT] [Fatal Error] :1:1: Premature end of file.
2026-08-07 02:54:55,417 [ERROR] LogOutputStream:75 - [STDERR_REDIRECT] 
2026-08-07 02:54:56,416 [ERROR] LogOutputStream:75 - [STDERR_REDIRECT] [Fatal Error] :1:1: Premature end of file.
2026-08-07 02:54:56,416 [ERROR] LogOutputStream:75 - [STDERR_REDIRECT] 
2026-08-07 02:54:57,423 [ERROR] LogOutputStream:75 - [STDERR_REDIRECT] [Fatal Error] :1:1: Premature end of file.
2026-08-07 02:54:57,423 [ERROR] LogOutputStream:75 - [STDERR_REDIRECT] 
2026-08-07 02:54:58,415 [ERROR] LogOutputStream:75 - [STDERR_REDIRECT] [Fatal Error] :1:1: Premature end of file.
2026-08-07 02:54:58,415 [ERROR] LogOutputStream:75 - [STDERR_REDIRECT] 
2026-08-07 02:54:59,417 [ERROR] LogOutputStream:75 - [STDERR_REDIRECT] [Fatal Error] :1:1: Premature end of file.
2026-08-07 02:54:59,417 [ERROR] LogOutputStream:75 - [STDERR_REDIRECT] 
2026-08-07 02:55:00,413 [ERROR] LogOutputStream:75 - [STDERR_REDIRECT] [Fatal Error] :1:1: Premature end of file.
2026-08-07 02:55:00,413 [ERROR] LogOutputStream:75 - [STDERR_REDIRECT] 
2026-08-07 02:55:01,405 [ERROR] LogOutputStream:75 - [STDERR_REDIRECT] [Fatal Error] :1:1: Premature end of file.
2026-08-07 02:55:01,406 [ERROR] LogOutputStream:75 - [STDERR_REDIRECT] 
2026-08-07 02:55:02,408 [ERROR] LogOutputStream:75 - [STDERR_REDIRECT] [Fatal Error] :1:1: Premature end of file.
2026-08-07 02:55:02,409 [ERROR] LogOutputStream:75 - [STDERR_REDIRECT] 
2026-08-07 02:55:03,413 [ERROR] LogOutputStream:75 - [STDERR_REDIRECT] [Fatal Error] :1:1: Premature end of file.
2026-08-07 02:55:03,413 [ERROR] LogOutputStream:75 - [STDERR_REDIRECT] 
2026-08-07 02:55:04,409 [ERROR] LogOutputStream:75 - [STDERR_REDIRECT] [Fatal Error] :1:1: Premature end of file.
2026-08-07 02:55:04,409 [ERROR] LogOutputStream:75 - [STDERR_REDIRECT] 
2026-08-07 02:55:05,409 [ERROR] LogOutputStream:75 - [STDERR_REDIRECT] [Fatal Error] :1:1: Premature end of file.
2026-08-07 02:55:05,409 [ERROR] LogOutputStream:75 - [STDERR_REDIRECT] 
2026-08-07 02:55:06,410 [ERROR] LogOutputStream:75 - [STDERR_REDIRECT] [Fatal Error] :1:1: Premature end of file.
2026-08-07 02:55:06,410 [ERROR] LogOutputStream:75 - [STDERR_REDIRECT] 
2026-08-07 02:55:07,412 [ERROR] LogOutputStream:75 - [STDERR_REDIRECT] [Fatal Error] :1:1: Premature end of file.
2026-08-07 02:55:07,412 [ERROR] LogOutputStream:75 - [STDERR_REDIRECT] 
2026-08-07 02:55:08,419 [ERROR] LogOutputStream:75 - [STDERR_REDIRECT] [Fatal Error] :1:1: Premature end of file.
2026-08-07 02:55:08,419 [ERROR] LogOutputStream:75 - [STDERR_REDIRECT] 
2026-08-07 02:55:09,406 [ERROR] LogOutputStream:75 - [STDERR_REDIRECT] [Fatal Error] :1:1: Premature end of file.
2026-08-07 02:55:09,406 [ERROR] LogOutputStream:75 - [STDERR_REDIRECT] 
2026-08-07 02:55:10,405 [ERROR] LogOutputStream:75 - [STDERR_REDIRECT] [Fatal Error] :1:1: Premature end of file.
2026-08-07 02:55:10,405 [ERROR] LogOutputStream:75 - [STDERR_REDIRECT] 
2026-08-07 02:55:11,410 [ERROR] LogOutputStream:75 - [STDERR_REDIRECT] [Fatal Error] :1:1: Premature end of file.
2026-08-07 02:55:11,411 [ERROR] LogOutputStream:75 - [STDERR_REDIRECT] 
2026-08-07 02:55:12,413 [ERROR] LogOutputStream:75 - [STDERR_REDIRECT] [Fatal Error] :1:1: Premature end of file.
2026-08-07 02:55:12,413 [ERROR] LogOutputStream:75 - [STDERR_REDIRECT] 
2026-08-07 02:55:13,416 [ERROR] LogOutputStream:75 - [STDERR_REDIRECT] [Fatal Error] :1:1: Premature end of file.
2026-08-07 02:55:13,416 [ERROR] LogOutputStream:75 - [STDERR_REDIRECT] 
2026-08-07 02:55:14,403 [ERROR] LogOutputStream:75 - [STDERR_REDIRECT] [Fatal Error] :1:1: Premature end of file.
2026-08-07 02:55:14,403 [ERROR] LogOutputStream:75 - [STDERR_REDIRECT] 
2026-08-07 02:55:15,403 [ERROR] LogOutputStream:75 - [STDERR_REDIRECT] [Fatal Error] :1:1: Premature end of file.
2026-08-07 02:55:15,403 [ERROR] LogOutputStream:75 - [STDERR_REDIRECT] 
2026-08-07 02:55:16,407 [ERROR] LogOutputStream:75 - [STDERR_REDIRECT] [Fatal Error] :1:1: Premature end of file.
2026-08-07 02:55:16,407 [ERROR] LogOutputStream:75 - [STDERR_REDIRECT] 
2026-08-07 02:55:17,408 [ERROR] LogOutputStream:75 - [STDERR_REDIRECT] [Fatal Error] :1:1: Premature end of file.
2026-08-07 02:55:17,408 [ERROR] LogOutputStream:75 - [STDERR_REDIRECT] 
2026-08-07 02:55:18,420 [ERROR] LogOutputStream:75 - [STDERR_REDIRECT] [Fatal Error] :1:1: Premature end of file.
2026-08-07 02:55:18,420 [ERROR] LogOutputStream:75 - [STDERR_REDIRECT] 
2026-08-07 02:55:19,414 [ERROR] LogOutputStream:75 - [STDERR_REDIRECT] [Fatal Error] :1:1: Premature end of file.
2026-08-07 02:55:19,414 [ERROR] LogOutputStream:75 - [STDERR_REDIRECT] 
2026-08-07 02:55:20,416 [ERROR] LogOutputStream:75 - [STDERR_REDIRECT] [Fatal Error] :1:1: Premature end of file.
2026-08-07 02:55:20,416 [ERROR] LogOutputStream:75 - [STDERR_REDIRECT] 
2026-08-07 02:55:21,417 [ERROR] LogOutputStream:75 - [STDERR_REDIRECT] [Fatal Error] :1:1: Premature end of file.
2026-08-07 02:55:21,417 [ERROR] LogOutputStream:75 - [STDERR_REDIRECT] 
2026-08-07 02:55:22,415 [ERROR] LogOutputStream:75 - [STDERR_REDIRECT] [Fatal Error] :1:1: Premature end of file.
2026-08-07 02:55:22,415 [ERROR] LogOutputStream:75 - [STDERR_REDIRECT] 
2026-08-07 02:55:23,409 [ERROR] LogOutputStream:75 - [STDERR_REDIRECT] [Fatal Error] :1:1: Premature end of file.
2026-08-07 02:55:23,409 [ERROR] LogOutputStream:75 - [STDERR_REDIRECT] 
2026-08-07 02:55:24,410 [ERROR] LogOutputStream:75 - [STDERR_REDIRECT] [Fatal Error] :1:1: Premature end of file.
2026-08-07 02:55:24,410 [ERROR] LogOutputStream:75 - [STDERR_REDIRECT] 
2026-08-07 02:55:25,414 [ERROR] LogOutputStream:75 - [STDERR_REDIRECT] [Fatal Error] :1:1: Premature end of file.
2026-08-07 02:55:25,414 [ERROR] LogOutputStream:75 - [STDERR_REDIRECT] 
2026-08-07 02:55:26,408 [ERROR] LogOutputStream:75 - [STDERR_REDIRECT] [Fatal Error] :1:1: Premature end of file.
2026-08-07 02:55:26,408 [ERROR] LogOutputStream:75 - [STDERR_REDIRECT] 
2026-08-07 02:55:27,410 [ERROR] LogOutputStream:75 - [STDERR_REDIRECT] [Fatal Error] :1:1: Premature end of file.
2026-08-07 02:55:27,410 [ERROR] LogOutputStream:75 - [STDERR_REDIRECT] 
2026-08-07 02:55:28,400 [ERROR] LogOutputStream:75 - [STDERR_REDIRECT] [Fatal Error] :1:1: Premature end of file.
2026-08-07 02:55:28,400 [ERROR] LogOutputStream:75 - [STDERR_REDIRECT] 
2026-08-07 02:55:29,414 [ERROR] LogOutputStream:75 - [STDERR_REDIRECT] [Fatal Error] :1:1: Premature end of file.
2026-08-07 02:55:29,414 [ERROR] LogOutputStream:75 - [STDERR_REDIRECT] 
2026-08-07 02:55:30,406 [ERROR] LogOutputStream:75 - [STDERR_REDIRECT] [Fatal Error] :1:1: Premature end of file.
2026-08-07 02:55:30,406 [ERROR] LogOutputStream:75 - [STDERR_REDIRECT] 
2026-08-07 02:55:31,406 [ERROR] LogOutputStream:75 - [STDERR_REDIRECT] [Fatal Error] :1:1: Premature end of file.
2026-08-07 02:55:31,406 [ERROR] LogOutputStream:75 - [STDERR_REDIRECT] 
2026-08-07 02:55:32,402 [ERROR] LogOutputStream:75 - [STDERR_REDIRECT] [Fatal Error] :1:1: Premature end of file.
2026-08-07 02:55:32,402 [ERROR] LogOutputStream:75 - [STDERR_REDIRECT] 
2026-08-07 02:55:33,417 [ERROR] LogOutputStream:75 - [STDERR_REDIRECT] [Fatal Error] :1:1: Premature end of file.
2026-08-07 02:55:33,417 [ERROR] LogOutputStream:75 - [STDERR_REDIRECT] 
2026-08-07 02:55:34,411 [ERROR] LogOutputStream:75 - [STDERR_REDIRECT] [Fatal Error] :1:1: Premature end of file.
2026-08-07 02:55:34,411 [ERROR] LogOutputStream:75 - [STDERR_REDIRECT] 
2026-08-07 02:55:35,401 [ERROR] LogOutputStream:75 - [STDERR_REDIRECT] [Fatal Error] :1:1: Premature end of file.
2026-08-07 02:55:35,402 [ERROR] LogOutputStream:75 - [STDERR_REDIRECT] 
2026-08-07 02:55:36,401 [ERROR] LogOutputStream:75 - [STDERR_REDIRECT] [Fatal Error] :1:1: Premature end of file.
2026-08-07 02:55:36,401 [ERROR] LogOutputStream:75 - [STDERR_REDIRECT] 
2026-08-07 02:55:37,409 [ERROR] LogOutputStream:75 - [STDERR_REDIRECT] [Fatal Error] :1:1: Premature end of file.
2026-08-07 02:55:37,409 [ERROR] LogOutputStream:75 - [STDERR_REDIRECT] 
2026-08-07 02:55:38,414 [ERROR] LogOutputStream:75 - [STDERR_REDIRECT] [Fatal Error] :1:1: Premature end of file.
2026-08-07 02:55:38,414 [ERROR] LogOutputStream:75 - [STDERR_REDIRECT] 
2026-08-07 02:55:39,416 [ERROR] LogOutputStream:75 - [STDERR_REDIRECT] [Fatal Error] :1:1: Premature end of file.
2026-08-07 02:55:39,417 [ERROR] LogOutputStream:75 - [STDERR_REDIRECT] 
2026-08-07 02:55:40,417 [ERROR] LogOutputStream:75 - [STDERR_REDIRECT] [Fatal Error] :1:1: Premature end of file.
2026-08-07 02:55:40,417 [ERROR] LogOutputStream:75 - [STDERR_REDIRECT] 
2026-08-07 02:55:41,413 [ERROR] LogOutputStream:75 - [STDERR_REDIRECT] [Fatal Error] :1:1: Premature end of file.
2026-08-07 02:55:41,413 [ERROR] LogOutputStream:75 - [STDERR_REDIRECT] 
2026-08-07 02:55:42,416 [ERROR] LogOutputStream:75 - [STDERR_REDIRECT] [Fatal Error] :1:1: Premature end of file.
2026-08-07 02:55:42,416 [ERROR] LogOutputStream:75 - [STDERR_REDIRECT] 
2026-08-07 02:55:43,412 [ERROR] LogOutputStream:75 - [STDERR_REDIRECT] [Fatal Error] :1:1: Premature end of file.
2026-08-07 02:55:43,412 [ERROR] LogOutputStream:75 - [STDERR_REDIRECT] 
2026-08-07 02:55:44,413 [ERROR] LogOutputStream:75 - [STDERR_REDIRECT] [Fatal Error] :1:1: Premature end of file.
2026-08-07 02:55:44,413 [ERROR] LogOutputStream:75 - [STDERR_REDIRECT] 
2026-08-07 02:55:45,414 [ERROR] LogOutputStream:75 - [STDERR_REDIRECT] [Fatal Error] :1:1: Premature end of file.
2026-08-07 02:55:45,414 [ERROR] LogOutputStream:75 - [STDERR_REDIRECT] 
2026-08-07 02:55:46,406 [ERROR] LogOutputStream:75 - [STDERR_REDIRECT] [Fatal Error] :1:1: Premature end of file.
2026-08-07 02:55:46,406 [ERROR] LogOutputStream:75 - [STDERR_REDIRECT] 
2026-08-07 02:55:47,406 [ERROR] LogOutputStream:75 - [STDERR_REDIRECT] [Fatal Error] :1:1: Premature end of file.
2026-08-07 02:55:47,407 [ERROR] LogOutputStream:75 - [STDERR_REDIRECT] 
2026-08-07 02:55:48,410 [ERROR] LogOutputStream:75 - [STDERR_REDIRECT] [Fatal Error] :1:1: Premature end of file.
2026-08-07 02:55:48,410 [ERROR] LogOutputStream:75 - [STDERR_REDIRECT] 
2026-08-07 02:55:49,405 [ERROR] LogOutputStream:75 - [STDERR_REDIRECT] [Fatal Error] :1:1: Premature end of file.
2026-08-07 02:55:49,406 [ERROR] LogOutputStream:75 - [STDERR_REDIRECT] 
2026-08-07 02:55:50,416 [ERROR] LogOutputStream:75 - [STDERR_REDIRECT] [Fatal Error] :1:1: Premature end of file.
2026-08-07 02:55:50,416 [ERROR] LogOutputStream:75 - [STDERR_REDIRECT] 
2026-08-07 02:55:51,414 [ERROR] LogOutputStream:75 - [STDERR_REDIRECT] [Fatal Error] :1:1: Premature end of file.
2026-08-07 02:55:51,414 [ERROR] LogOutputStream:75 - [STDERR_REDIRECT] 
2026-08-07 02:55:52,415 [ERROR] LogOutputStream:75 - [STDERR_REDIRECT] [Fatal Error] :1:1: Premature end of file.
2026-08-07 02:55:52,415 [ERROR] LogOutputStream:75 - [STDERR_REDIRECT] 
2026-08-07 02:55:53,413 [ERROR] LogOutputStream:75 - [STDERR_REDIRECT] [Fatal Error] :1:1: Premature end of file.
2026-08-07 02:55:53,414 [ERROR] LogOutputStream:75 - [STDERR_REDIRECT] 
2026-08-07 02:55:54,414 [ERROR] LogOutputStream:75 - [STDERR_REDIRECT] [Fatal Error] :1:1: Premature end of file.
2026-08-07 02:55:54,414 [ERROR] LogOutputStream:75 - [STDERR_REDIRECT] 
2026-08-07 02:55:55,415 [ERROR] LogOutputStream:75 - [STDERR_REDIRECT] [Fatal Error] :1:1: Premature end of file.
2026-08-07 02:55:55,415 [ERROR] LogOutputStream:75 - [STDERR_REDIRECT] 
2026-08-07 02:55:56,420 [ERROR] LogOutputStream:75 - [STDERR_REDIRECT] [Fatal Error] :1:1: Premature end of file.
2026-08-07 02:55:56,420 [ERROR] LogOutputStream:75 - [STDERR_REDIRECT] 
2026-08-07 02:55:57,417 [ERROR] LogOutputStream:75 - [STDERR_REDIRECT] [Fatal Error] :1:1: Premature end of file.
2026-08-07 02:55:57,417 [ERROR] LogOutputStream:75 - [STDERR_REDIRECT] 
2026-08-07 02:55:58,416 [ERROR] LogOutputStream:75 - [STDERR_REDIRECT] [Fatal Error] :1:1: Premature end of file.
2026-08-07 02:55:58,416 [ERROR] LogOutputStream:75 - [STDERR_REDIRECT] 
2026-08-07 02:55:59,409 [ERROR] LogOutputStream:75 - [STDERR_REDIRECT] [Fatal Error] :1:1: Premature end of file.
2026-08-07 02:55:59,409 [ERROR] LogOutputStream:75 - [STDERR_REDIRECT] 
2026-08-07 02:56:00,411 [ERROR] LogOutputStream:75 - [STDERR_REDIRECT] [Fatal Error] :1:1: Premature end of file.
2026-08-07 02:56:00,411 [ERROR] LogOutputStream:75 - [STDERR_REDIRECT] 
2026-08-07 02:56:01,413 [ERROR] LogOutputStream:75 - [STDERR_REDIRECT] [Fatal Error] :1:1: Premature end of file.
2026-08-07 02:56:01,413 [ERROR] LogOutputStream:75 - [STDERR_REDIRECT] 
2026-08-07 02:56:02,412 [ERROR] LogOutputStream:75 - [STDERR_REDIRECT] [Fatal Error] :1:1: Premature end of file.
2026-08-07 02:56:02,412 [ERROR] LogOutputStream:75 - [STDERR_REDIRECT] 
2026-08-07 02:56:03,407 [ERROR] LogOutputStream:75 - [STDERR_REDIRECT] [Fatal Error] :1:1: Premature end of file.
2026-08-07 02:56:03,407 [ERROR] LogOutputStream:75 - [STDERR_REDIRECT] 
2026-08-07 02:56:04,407 [ERROR] LogOutputStream:75 - [STDERR_REDIRECT] [Fatal Error] :1:1: Premature end of file.
2026-08-07 02:56:04,407 [ERROR] LogOutputStream:75 - [STDERR_REDIRECT] 
2026-08-07 02:56:05,409 [ERROR] LogOutputStream:75 - [STDERR_REDIRECT] [Fatal Error] :1:1: Premature end of file.
2026-08-07 02:56:05,409 [ERROR] LogOutputStream:75 - [STDERR_REDIRECT] 
2026-08-07 02:56:06,407 [ERROR] LogOutputStream:75 - [STDERR_REDIRECT] [Fatal Error] :1:1: Premature end of file.
2026-08-07 02:56:06,407 [ERROR] LogOutputStream:75 - [STDERR_REDIRECT] 
2026-08-07 02:56:07,407 [ERROR] LogOutputStream:75 - [STDERR_REDIRECT] [Fatal Error] :1:1: Premature end of file.
2026-08-07 02:56:07,407 [ERROR] LogOutputStream:75 - [STDERR_REDIRECT] 
2026-08-07 02:56:08,414 [ERROR] LogOutputStream:75 - [STDERR_REDIRECT] [Fatal Error] :1:1: Premature end of file.
2026-08-07 02:56:08,414 [ERROR] LogOutputStream:75 - [STDERR_REDIRECT] 
2026-08-07 02:56:09,403 [ERROR] LogOutputStream:75 - [STDERR_REDIRECT] [Fatal Error] :1:1: Premature end of file.
2026-08-07 02:56:09,403 [ERROR] LogOutputStream:75 - [STDERR_REDIRECT] 
2026-08-07 02:56:10,407 [ERROR] LogOutputStream:75 - [STDERR_REDIRECT] [Fatal Error] :1:1: Premature end of file.
2026-08-07 02:56:10,407 [ERROR] LogOutputStream:75 - [STDERR_REDIRECT] 
2026-08-07 02:56:11,402 [ERROR] LogOutputStream:75 - [STDERR_REDIRECT] [Fatal Error] :1:1: Premature end of file.
2026-08-07 02:56:11,402 [ERROR] LogOutputStream:75 - [STDERR_REDIRECT] 
2026-08-07 02:56:12,401 [ERROR] LogOutputStream:75 - [STDERR_REDIRECT] [Fatal Error] :1:1: Premature end of file.
2026-08-07 02:56:12,401 [ERROR] LogOutputStream:75 - [STDERR_REDIRECT] 
2026-08-07 02:56:13,403 [ERROR] LogOutputStream:75 - [STDERR_REDIRECT] [Fatal Error] :1:1: Premature end of file.
2026-08-07 02:56:13,403 [ERROR] LogOutputStream:75 - [STDERR_REDIRECT] 
2026-08-07 02:56:14,407 [ERROR] LogOutputStream:75 - [STDERR_REDIRECT] [Fatal Error] :1:1: Premature end of file.
2026-08-07 02:56:14,407 [ERROR] LogOutputStream:75 - [STDERR_REDIRECT] 
2026-08-07 02:56:15,405 [ERROR] LogOutputStream:75 - [STDERR_REDIRECT] [Fatal Error] :1:1: Premature end of file.
2026-08-07 02:56:15,405 [ERROR] LogOutputStream:75 - [STDERR_REDIRECT] 
2026-08-07 02:56:16,403 [ERROR] LogOutputStream:75 - [STDERR_REDIRECT] [Fatal Error] :1:1: Premature end of file.
2026-08-07 02:56:16,403 [ERROR] LogOutputStream:75 - [STDERR_REDIRECT] 
2026-08-07 02:56:17,409 [ERROR] LogOutputStream:75 - [STDERR_REDIRECT] [Fatal Error] :1:1: Premature end of file.
2026-08-07 02:56:17,409 [ERROR] LogOutputStream:75 - [STDERR_REDIRECT] 
2026-08-07 02:56:18,419 [ERROR] LogOutputStream:75 - [STDERR_REDIRECT] [Fatal Error] :1:1: Premature end of file.
2026-08-07 02:56:18,419 [ERROR] LogOutputStream:75 - [STDERR_REDIRECT] 
2026-08-07 02:56:19,409 [ERROR] LogOutputStream:75 - [STDERR_REDIRECT] [Fatal Error] :1:1: Premature end of file.
2026-08-07 02:56:19,410 [ERROR] LogOutputStream:75 - [STDERR_REDIRECT] 
2026-08-07 02:56:20,412 [ERROR] LogOutputStream:75 - [STDERR_REDIRECT] [Fatal Error] :1:1: Premature end of file.
2026-08-07 02:56:20,412 [ERROR] LogOutputStream:75 - [STDERR_REDIRECT] 
2026-08-07 02:56:21,413 [ERROR] LogOutputStream:75 - [STDERR_REDIRECT] [Fatal Error] :1:1: Premature end of file.
2026-08-07 02:56:21,413 [ERROR] LogOutputStream:75 - [STDERR_REDIRECT] 
2026-08-07 02:56:22,406 [ERROR] LogOutputStream:75 - [STDERR_REDIRECT] [Fatal Error] :1:1: Premature end of file.
2026-08-07 02:56:22,407 [ERROR] LogOutputStream:75 - [STDERR_REDIRECT] 
2026-08-07 02:56:23,411 [ERROR] LogOutputStream:75 - [STDERR_REDIRECT] [Fatal Error] :1:1: Premature end of file.
2026-08-07 02:56:23,411 [ERROR] LogOutputStream:75 - [STDERR_REDIRECT] 
2026-08-07 02:56:24,404 [ERROR] LogOutputStream:75 - [STDERR_REDIRECT] [Fatal Error] :1:1: Premature end of file.
2026-08-07 02:56:24,404 [ERROR] LogOutputStream:75 - [STDERR_REDIRECT] 
2026-08-07 02:56:25,409 [ERROR] LogOutputStream:75 - [STDERR_REDIRECT] [Fatal Error] :1:1: Premature end of file.
2026-08-07 02:56:25,409 [ERROR] LogOutputStream:75 - [STDERR_REDIRECT] 
2026-08-07 02:56:26,406 [ERROR] LogOutputStream:75 - [STDERR_REDIRECT] [Fatal Error] :1:1: Premature end of file.
2026-08-07 02:56:26,406 [ERROR] LogOutputStream:75 - [STDERR_REDIRECT] 
2026-08-07 02:56:27,411 [ERROR] LogOutputStream:75 - [STDERR_REDIRECT] [Fatal Error] :1:1: Premature end of file.
2026-08-07 02:56:27,411 [ERROR] LogOutputStream:75 - [STDERR_REDIRECT] 
2026-08-07 02:56:28,412 [ERROR] LogOutputStream:75 - [STDERR_REDIRECT] [Fatal Error] :1:1: Premature end of file.
2026-08-07 02:56:28,412 [ERROR] LogOutputStream:75 - [STDERR_REDIRECT] 
2026-08-07 02:56:29,416 [ERROR] LogOutputStream:75 - [STDERR_REDIRECT] [Fatal Error] :1:1: Premature end of file.
2026-08-07 02:56:29,416 [ERROR] LogOutputStream:75 - [STDERR_REDIRECT] 
2026-08-07 02:56:30,410 [ERROR] LogOutputStream:75 - [STDERR_REDIRECT] [Fatal Error] :1:1: Premature end of file.
2026-08-07 02:56:30,410 [ERROR] LogOutputStream:75 - [STDERR_REDIRECT] 
2026-08-07 02:56:31,405 [ERROR] LogOutputStream:75 - [STDERR_REDIRECT] [Fatal Error] :1:1: Premature end of file.
2026-08-07 02:56:31,405 [ERROR] LogOutputStream:75 - [STDERR_REDIRECT] 
2026-08-07 02:56:32,406 [ERROR] LogOutputStream:75 - [STDERR_REDIRECT] [Fatal Error] :1:1: Premature end of file.
2026-08-07 02:56:32,406 [ERROR] LogOutputStream:75 - [STDERR_REDIRECT] 
2026-08-07 02:56:33,415 [ERROR] LogOutputStream:75 - [STDERR_REDIRECT] [Fatal Error] :1:1: Premature end of file.
2026-08-07 02:56:33,415 [ERROR] LogOutputStream:75 - [STDERR_REDIRECT] 
2026-08-07 02:56:34,404 [ERROR] LogOutputStream:75 - [STDERR_REDIRECT] [Fatal Error] :1:1: Premature end of file.
2026-08-07 02:56:34,404 [ERROR] LogOutputStream:75 - [STDERR_REDIRECT] 
2026-08-07 02:56:35,402 [ERROR] LogOutputStream:75 - [STDERR_REDIRECT] [Fatal Error] :1:1: Premature end of file.
2026-08-07 02:56:35,402 [ERROR] LogOutputStream:75 - [STDERR_REDIRECT] 
2026-08-07 02:56:36,419 [ERROR] LogOutputStream:75 - [STDERR_REDIRECT] [Fatal Error] :1:1: Premature end of file.
2026-08-07 02:56:36,419 [ERROR] LogOutputStream:75 - [STDERR_REDIRECT] 
2026-08-07 02:56:37,415 [ERROR] LogOutputStream:75 - [STDERR_REDIRECT] [Fatal Error] :1:1: Premature end of file.
2026-08-07 02:56:37,415 [ERROR] LogOutputStream:75 - [STDERR_REDIRECT] 
2026-08-07 02:56:38,408 [ERROR] LogOutputStream:75 - [STDERR_REDIRECT] [Fatal Error] :1:1: Premature end of file.
2026-08-07 02:56:38,408 [ERROR] LogOutputStream:75 - [STDERR_REDIRECT] 
2026-08-07 02:56:39,414 [ERROR] LogOutputStream:75 - [STDERR_REDIRECT] [Fatal Error] :1:1: Premature end of file.
2026-08-07 02:56:39,414 [ERROR] LogOutputStream:75 - [STDERR_REDIRECT] 
2026-08-07 02:56:40,414 [ERROR] LogOutputStream:75 - [STDERR_REDIRECT] [Fatal Error] :1:1: Premature end of file.
2026-08-07 02:56:40,414 [ERROR] LogOutputStream:75 - [STDERR_REDIRECT] 
2026-08-07 02:56:41,414 [ERROR] LogOutputStream:75 - [STDERR_REDIRECT] [Fatal Error] :1:1: Premature end of file.
2026-08-07 02:56:41,414 [ERROR] LogOutputStream:75 - [STDERR_REDIRECT] 
2026-08-07 02:56:42,414 [ERROR] LogOutputStream:75 - [STDERR_REDIRECT] [Fatal Error] :1:1: Premature end of file.
2026-08-07 02:56:42,415 [ERROR] LogOutputStream:75 - [STDERR_REDIRECT] 
2026-08-07 02:56:43,407 [ERROR] LogOutputStream:75 - [STDERR_REDIRECT] [Fatal Error] :1:1: Premature end of file.
2026-08-07 02:56:43,408 [ERROR] LogOutputStream:75 - [STDERR_REDIRECT] 
2026-08-07 02:56:44,411 [ERROR] LogOutputStream:75 - [STDERR_REDIRECT] [Fatal Error] :1:1: Premature end of file.
2026-08-07 02:56:44,412 [ERROR] LogOutputStream:75 - [STDERR_REDIRECT] 
2026-08-07 02:56:45,412 [ERROR] LogOutputStream:75 - [STDERR_REDIRECT] [Fatal Error] :1:1: Premature end of file.
2026-08-07 02:56:45,413 [ERROR] LogOutputStream:75 - [STDERR_REDIRECT] 
2026-08-07 02:56:46,412 [ERROR] LogOutputStream:75 - [STDERR_REDIRECT] [Fatal Error] :1:1: Premature end of file.
2026-08-07 02:56:46,412 [ERROR] LogOutputStream:75 - [STDERR_REDIRECT] 
2026-08-07 02:56:47,400 [ERROR] LogOutputStream:75 - [STDERR_REDIRECT] [Fatal Error] :1:1: Premature end of file.
2026-08-07 02:56:47,402 [ERROR] LogOutputStream:75 - [STDERR_REDIRECT] 
2026-08-07 02:56:48,406 [ERROR] LogOutputStream:75 - [STDERR_REDIRECT] [Fatal Error] :1:1: Premature end of file.
2026-08-07 02:56:48,406 [ERROR] LogOutputStream:75 - [STDERR_REDIRECT] 
2026-08-07 02:56:49,407 [ERROR] LogOutputStream:75 - [STDERR_REDIRECT] [Fatal Error] :1:1: Premature end of file.
2026-08-07 02:56:49,407 [ERROR] LogOutputStream:75 - [STDERR_REDIRECT] 
2026-08-07 02:56:50,408 [ERROR] LogOutputStream:75 - [STDERR_REDIRECT] [Fatal Error] :1:1: Premature end of file.
2026-08-07 02:56:50,408 [ERROR] LogOutputStream:75 - [STDERR_REDIRECT] 
2026-08-07 02:56:51,414 [ERROR] LogOutputStream:75 - [STDERR_REDIRECT] [Fatal Error] :1:1: Premature end of file.
2026-08-07 02:56:51,414 [ERROR] LogOutputStream:75 - [STDERR_REDIRECT] 
2026-08-07 02:56:52,418 [ERROR] LogOutputStream:75 - [STDERR_REDIRECT] [Fatal Error] :1:1: Premature end of file.
2026-08-07 02:56:52,418 [ERROR] LogOutputStream:75 - [STDERR_REDIRECT] 
2026-08-07 02:56:53,403 [ERROR] LogOutputStream:75 - [STDERR_REDIRECT] [Fatal Error] :1:1: Premature end of file.
2026-08-07 02:56:53,404 [ERROR] LogOutputStream:75 - [STDERR_REDIRECT] 
2026-08-07 02:56:54,417 [ERROR] LogOutputStream:75 - [STDERR_REDIRECT] [Fatal Error] :1:1: Premature end of file.
2026-08-07 02:56:54,418 [ERROR] LogOutputStream:75 - [STDERR_REDIRECT] 
2026-08-07 02:56:55,401 [ERROR] LogOutputStream:75 - [STDERR_REDIRECT] [Fatal Error] :1:1: Premature end of file.
2026-08-07 02:56:55,402 [ERROR] LogOutputStream:75 - [STDERR_REDIRECT] 
2026-08-07 02:56:56,403 [ERROR] LogOutputStream:75 - [STDERR_REDIRECT] [Fatal Error] :1:1: Premature end of file.
2026-08-07 02:56:56,403 [ERROR] LogOutputStream:75 - [STDERR_REDIRECT] 
2026-08-07 02:56:57,416 [ERROR] LogOutputStream:75 - [STDERR_REDIRECT] [Fatal Error] :1:1: Premature end of file.
2026-08-07 02:56:57,416 [ERROR] LogOutputStream:75 - [STDERR_REDIRECT] 
2026-08-07 02:56:58,419 [ERROR] LogOutputStream:75 - [STDERR_REDIRECT] [Fatal Error] :1:1: Premature end of file.
2026-08-07 02:56:58,419 [ERROR] LogOutputStream:75 - [STDERR_REDIRECT] 
2026-08-07 02:56:59,414 [ERROR] LogOutputStream:75 - [STDERR_REDIRECT] [Fatal Error] :1:1: Premature end of file.
2026-08-07 02:56:59,414 [ERROR] LogOutputStream:75 - [STDERR_REDIRECT] 
2026-08-07 02:57:00,403 [ERROR] LogOutputStream:75 - [STDERR_REDIRECT] [Fatal Error] :1:1: Premature end of file.
2026-08-07 02:57:00,403 [ERROR] LogOutputStream:75 - [STDERR_REDIRECT] 
2026-08-07 02:57:01,414 [ERROR] LogOutputStream:75 - [STDERR_REDIRECT] [Fatal Error] :1:1: Premature end of file.
2026-08-07 02:57:01,414 [ERROR] LogOutputStream:75 - [STDERR_REDIRECT] 
2026-08-07 02:57:02,412 [ERROR] LogOutputStream:75 - [STDERR_REDIRECT] [Fatal Error] :1:1: Premature end of file.
2026-08-07 02:57:02,412 [ERROR] LogOutputStream:75 - [STDERR_REDIRECT] 
2026-08-07 02:57:03,410 [ERROR] LogOutputStream:75 - [STDERR_REDIRECT] [Fatal Error] :1:1: Premature end of file.
2026-08-07 02:57:03,410 [ERROR] LogOutputStream:75 - [STDERR_REDIRECT] 
2026-08-07 02:57:04,411 [ERROR] LogOutputStream:75 - [STDERR_REDIRECT] [Fatal Error] :1:1: Premature end of file.
2026-08-07 02:57:04,411 [ERROR] LogOutputStream:75 - [STDERR_REDIRECT] 
2026-08-07 02:57:05,416 [ERROR] LogOutputStream:75 - [STDERR_REDIRECT] [Fatal Error] :1:1: Premature end of file.
2026-08-07 02:57:05,416 [ERROR] LogOutputStream:75 - [STDERR_REDIRECT] 
2026-08-07 02:57:06,403 [ERROR] LogOutputStream:75 - [STDERR_REDIRECT] [Fatal Error] :1:1: Premature end of file.
2026-08-07 02:57:06,403 [ERROR] LogOutputStream:75 - [STDERR_REDIRECT] 
2026-08-07 02:57:07,412 [ERROR] LogOutputStream:75 - [STDERR_REDIRECT] [Fatal Error] :1:1: Premature end of file.
2026-08-07 02:57:07,412 [ERROR] LogOutputStream:75 - [STDERR_REDIRECT] 
2026-08-07 02:57:08,411 [ERROR] LogOutputStream:75 - [STDERR_REDIRECT] [Fatal Error] :1:1: Premature end of file.
2026-08-07 02:57:08,411 [ERROR] LogOutputStream:75 - [STDERR_REDIRECT] 
2026-08-07 02:57:09,406 [ERROR] LogOutputStream:75 - [STDERR_REDIRECT] [Fatal Error] :1:1: Premature end of file.
2026-08-07 02:57:09,406 [ERROR] LogOutputStream:75 - [STDERR_REDIRECT] 
2026-08-07 02:57:10,407 [ERROR] LogOutputStream:75 - [STDERR_REDIRECT] [Fatal Error] :1:1: Premature end of file.
2026-08-07 02:57:10,407 [ERROR] LogOutputStream:75 - [STDERR_REDIRECT] 
2026-08-07 02:57:11,403 [ERROR] LogOutputStream:75 - [STDERR_REDIRECT] [Fatal Error] :1:1: Premature end of file.
2026-08-07 02:57:11,403 [ERROR] LogOutputStream:75 - [STDERR_REDIRECT] 
2026-08-07 02:57:12,405 [ERROR] LogOutputStream:75 - [STDERR_REDIRECT] [Fatal Error] :1:1: Premature end of file.
2026-08-07 02:57:12,406 [ERROR] LogOutputStream:75 - [STDERR_REDIRECT] 
2026-08-07 02:57:13,405 [ERROR] LogOutputStream:75 - [STDERR_REDIRECT] [Fatal Error] :1:1: Premature end of file.
2026-08-07 02:57:13,405 [ERROR] LogOutputStream:75 - [STDERR_REDIRECT] 
2026-08-07 02:57:14,415 [ERROR] LogOutputStream:75 - [STDERR_REDIRECT] [Fatal Error] :1:1: Premature end of file.
2026-08-07 02:57:14,415 [ERROR] LogOutputStream:75 - [STDERR_REDIRECT] 
2026-08-07 02:57:15,427 [ERROR] LogOutputStream:75 - [STDERR_REDIRECT] [Fatal Error] :1:1: Premature end of file.
2026-08-07 02:57:15,427 [ERROR] LogOutputStream:75 - [STDERR_REDIRECT] 
2026-08-07 02:57:16,408 [ERROR] LogOutputStream:75 - [STDERR_REDIRECT] [Fatal Error] :1:1: Premature end of file.
2026-08-07 02:57:16,408 [ERROR] LogOutputStream:75 - [STDERR_REDIRECT] 
2026-08-07 02:57:17,401 [ERROR] LogOutputStream:75 - [STDERR_REDIRECT] [Fatal Error] :1:1: Premature end of file.
2026-08-07 02:57:17,401 [ERROR] LogOutputStream:75 - [STDERR_REDIRECT] 
2026-08-07 02:57:18,401 [ERROR] LogOutputStream:75 - [STDERR_REDIRECT] [Fatal Error] :1:1: Premature end of file.
2026-08-07 02:57:18,401 [ERROR] LogOutputStream:75 - [STDERR_REDIRECT] 
2026-08-07 02:57:19,415 [ERROR] LogOutputStream:75 - [STDERR_REDIRECT] [Fatal Error] :1:1: Premature end of file.
2026-08-07 02:57:19,415 [ERROR] LogOutputStream:75 - [STDERR_REDIRECT] 
2026-08-07 02:57:20,412 [ERROR] LogOutputStream:75 - [STDERR_REDIRECT] [Fatal Error] :1:1: Premature end of file.
2026-08-07 02:57:20,412 [ERROR] LogOutputStream:75 - [STDERR_REDIRECT] 
2026-08-07 02:57:21,414 [ERROR] LogOutputStream:75 - [STDERR_REDIRECT] [Fatal Error] :1:1: Premature end of file.
2026-08-07 02:57:21,414 [ERROR] LogOutputStream:75 - [STDERR_REDIRECT] 
2026-08-07 02:57:22,400 [ERROR] LogOutputStream:75 - [STDERR_REDIRECT] [Fatal Error] :1:1: Premature end of file.
2026-08-07 02:57:22,400 [ERROR] LogOutputStream:75 - [STDERR_REDIRECT] 
2026-08-07 02:57:23,490 [ERROR] LogOutputStream:75 - [STDERR_REDIRECT] [Fatal Error] :1:1: Premature end of file.
2026-08-07 02:57:23,490 [ERROR] LogOutputStream:75 - [STDERR_REDIRECT] 
2026-08-07 02:57:24,413 [ERROR] LogOutputStream:75 - [STDERR_REDIRECT] [Fatal Error] :1:1: Premature end of file.
2026-08-07 02:57:24,413 [ERROR] LogOutputStream:75 - [STDERR_REDIRECT] 
2026-08-07 02:57:25,407 [ERROR] LogOutputStream:75 - [STDERR_REDIRECT] [Fatal Error] :1:1: Premature end of file.
2026-08-07 02:57:25,407 [ERROR] LogOutputStream:75 - [STDERR_REDIRECT] 
2026-08-07 02:57:26,408 [ERROR] LogOutputStream:75 - [STDERR_REDIRECT] [Fatal Error] :1:1: Premature end of file.
2026-08-07 02:57:26,408 [ERROR] LogOutputStream:75 - [STDERR_REDIRECT] 
2026-08-07 02:57:27,414 [ERROR] LogOutputStream:75 - [STDERR_REDIRECT] [Fatal Error] :1:1: Premature end of file.
2026-08-07 02:57:27,414 [ERROR] LogOutputStream:75 - [STDERR_REDIRECT] 
2026-08-07 02:57:28,407 [ERROR] LogOutputStream:75 - [STDERR_REDIRECT] [Fatal Error] :1:1: Premature end of file.
2026-08-07 02:57:28,407 [ERROR] LogOutputStream:75 - [STDERR_REDIRECT] 
2026-08-07 02:57:29,400 [ERROR] LogOutputStream:75 - [STDERR_REDIRECT] [Fatal Error] :1:1: Premature end of file.
2026-08-07 02:57:29,400 [ERROR] LogOutputStream:75 - [STDERR_REDIRECT] 
2026-08-07 02:57:30,403 [ERROR] LogOutputStream:75 - [STDERR_REDIRECT] [Fatal Error] :1:1: Premature end of file.
2026-08-07 02:57:30,403 [ERROR] LogOutputStream:75 - [STDERR_REDIRECT] 
2026-08-07 02:57:31,403 [ERROR] LogOutputStream:75 - [STDERR_REDIRECT] [Fatal Error] :1:1: Premature end of file.
2026-08-07 02:57:31,403 [ERROR] LogOutputStream:75 - [STDERR_REDIRECT] 
2026-08-07 02:57:32,410 [ERROR] LogOutputStream:75 - [STDERR_REDIRECT] [Fatal Error] :1:1: Premature end of file.
2026-08-07 02:57:32,411 [ERROR] LogOutputStream:75 - [STDERR_REDIRECT] 
2026-08-07 02:57:33,423 [ERROR] LogOutputStream:75 - [STDERR_REDIRECT] [Fatal Error] :1:1: Premature end of file.
2026-08-07 02:57:33,423 [ERROR] LogOutputStream:75 - [STDERR_REDIRECT] 
2026-08-07 02:57:34,405 [ERROR] LogOutputStream:75 - [STDERR_REDIRECT] [Fatal Error] :1:1: Premature end of file.
2026-08-07 02:57:34,405 [ERROR] LogOutputStream:75 - [STDERR_REDIRECT] 
2026-08-07 02:57:35,408 [ERROR] LogOutputStream:75 - [STDERR_REDIRECT] [Fatal Error] :1:1: Premature end of file.
2026-08-07 02:57:35,408 [ERROR] LogOutputStream:75 - [STDERR_REDIRECT] 
2026-08-07 02:57:36,402 [ERROR] LogOutputStream:75 - [STDERR_REDIRECT] [Fatal Error] :1:1: Premature end of file.
2026-08-07 02:57:36,402 [ERROR] LogOutputStream:75 - [STDERR_REDIRECT] 
2026-08-07 02:57:37,415 [ERROR] LogOutputStream:75 - [STDERR_REDIRECT] [Fatal Error] :1:1: Premature end of file.
2026-08-07 02:57:37,416 [ERROR] LogOutputStream:75 - [STDERR_REDIRECT] 
2026-08-07 02:57:38,492 [ERROR] LogOutputStream:75 - [STDERR_REDIRECT] [Fatal Error] :1:1: Premature end of file.
2026-08-07 02:57:38,493 [ERROR] LogOutputStream:75 - [STDERR_REDIRECT] 
2026-08-07 02:57:39,415 [ERROR] LogOutputStream:75 - [STDERR_REDIRECT] [Fatal Error] :1:1: Premature end of file.
2026-08-07 02:57:39,415 [ERROR] LogOutputStream:75 - [STDERR_REDIRECT] 
2026-08-07 02:57:40,412 [ERROR] LogOutputStream:75 - [STDERR_REDIRECT] [Fatal Error] :1:1: Premature end of file.
2026-08-07 02:57:40,412 [ERROR] LogOutputStream:75 - [STDERR_REDIRECT] 
2026-08-07 02:57:41,420 [ERROR] LogOutputStream:75 - [STDERR_REDIRECT] [Fatal Error] :1:1: Premature end of file.
2026-08-07 02:57:41,421 [ERROR] LogOutputStream:75 - [STDERR_REDIRECT] 
2026-08-07 02:57:42,419 [ERROR] LogOutputStream:75 - [STDERR_REDIRECT] [Fatal Error] :1:1: Premature end of file.
2026-08-07 02:57:42,419 [ERROR] LogOutputStream:75 - [STDERR_REDIRECT] 
2026-08-07 02:57:43,415 [ERROR] LogOutputStream:75 - [STDERR_REDIRECT] [Fatal Error] :1:1: Premature end of file.
2026-08-07 02:57:43,415 [ERROR] LogOutputStream:75 - [STDERR_REDIRECT] 
2026-08-07 02:57:44,408 [ERROR] LogOutputStream:75 - [STDERR_REDIRECT] [Fatal Error] :1:1: Premature end of file.
2026-08-07 02:57:44,408 [ERROR] LogOutputStream:75 - [STDERR_REDIRECT] 
2026-08-07 02:57:45,416 [ERROR] LogOutputStream:75 - [STDERR_REDIRECT] [Fatal Error] :1:1: Premature end of file.
2026-08-07 02:57:45,416 [ERROR] LogOutputStream:75 - [STDERR_REDIRECT] 
2026-08-07 02:57:46,418 [ERROR] LogOutputStream:75 - [STDERR_REDIRECT] [Fatal Error] :1:1: Premature end of file.
2026-08-07 02:57:46,419 [ERROR] LogOutputStream:75 - [STDERR_REDIRECT] 
2026-08-07 02:57:47,413 [ERROR] LogOutputStream:75 - [STDERR_REDIRECT] [Fatal Error] :1:1: Premature end of file.
2026-08-07 02:57:47,414 [ERROR] LogOutputStream:75 - [STDERR_REDIRECT] 
2026-08-07 02:57:48,410 [ERROR] LogOutputStream:75 - [STDERR_REDIRECT] [Fatal Error] :1:1: Premature end of file.
2026-08-07 02:57:48,410 [ERROR] LogOutputStream:75 - [STDERR_REDIRECT] 
2026-08-07 02:57:49,443 [ERROR] LogOutputStream:75 - [STDERR_REDIRECT] [Fatal Error] :1:1: Premature end of file.
2026-08-07 02:57:49,443 [ERROR] LogOutputStream:75 - [STDERR_REDIRECT] 
2026-08-07 02:57:50,407 [ERROR] LogOutputStream:75 - [STDERR_REDIRECT] [Fatal Error] :1:1: Premature end of file.
2026-08-07 02:57:50,407 [ERROR] LogOutputStream:75 - [STDERR_REDIRECT] 
2026-08-07 02:57:51,412 [ERROR] LogOutputStream:75 - [STDERR_REDIRECT] [Fatal Error] :1:1: Premature end of file.
2026-08-07 02:57:51,412 [ERROR] LogOutputStream:75 - [STDERR_REDIRECT] 
2026-08-07 02:57:52,408 [ERROR] LogOutputStream:75 - [STDERR_REDIRECT] [Fatal Error] :1:1: Premature end of file.
2026-08-07 02:57:52,408 [ERROR] LogOutputStream:75 - [STDERR_REDIRECT] 
2026-08-07 02:57:53,408 [ERROR] LogOutputStream:75 - [STDERR_REDIRECT] [Fatal Error] :1:1: Premature end of file.
2026-08-07 02:57:53,408 [ERROR] LogOutputStream:75 - [STDERR_REDIRECT] 
2026-08-07 02:57:54,409 [ERROR] LogOutputStream:75 - [STDERR_REDIRECT] [Fatal Error] :1:1: Premature end of file.
2026-08-07 02:57:54,409 [ERROR] LogOutputStream:75 - [STDERR_REDIRECT] 
2026-08-07 02:57:55,412 [ERROR] LogOutputStream:75 - [STDERR_REDIRECT] [Fatal Error] :1:1: Premature end of file.
2026-08-07 02:57:55,412 [ERROR] LogOutputStream:75 - [STDERR_REDIRECT] 
2026-08-07 02:57:56,408 [ERROR] LogOutputStream:75 - [STDERR_REDIRECT] [Fatal Error] :1:1: Premature end of file.
2026-08-07 02:57:56,408 [ERROR] LogOutputStream:75 - [STDERR_REDIRECT] 
2026-08-07 02:57:57,409 [ERROR] LogOutputStream:75 - [STDERR_REDIRECT] [Fatal Error] :1:1: Premature end of file.
2026-08-07 02:57:57,409 [ERROR] LogOutputStream:75 - [STDERR_REDIRECT] 
2026-08-07 02:57:58,407 [ERROR] LogOutputStream:75 - [STDERR_REDIRECT] [Fatal Error] :1:1: Premature end of file.
2026-08-07 02:57:58,407 [ERROR] LogOutputStream:75 - [STDERR_REDIRECT] 
2026-08-07 02:57:59,413 [ERROR] LogOutputStream:75 - [STDERR_REDIRECT] [Fatal Error] :1:1: Premature end of file.
2026-08-07 02:57:59,414 [ERROR] LogOutputStream:75 - [STDERR_REDIRECT] 
2026-08-07 02:58:00,420 [ERROR] LogOutputStream:75 - [STDERR_REDIRECT] [Fatal Error] :1:1: Premature end of file.
2026-08-07 02:58:00,422 [ERROR] LogOutputStream:75 - [STDERR_REDIRECT] 
2026-08-07 02:58:01,404 [ERROR] LogOutputStream:75 - [STDERR_REDIRECT] [Fatal Error] :1:1: Premature end of file.
2026-08-07 02:58:01,404 [ERROR] LogOutputStream:75 - [STDERR_REDIRECT] 
2026-08-07 02:58:02,412 [ERROR] LogOutputStream:75 - [STDERR_REDIRECT] [Fatal Error] :1:1: Premature end of file.
2026-08-07 02:58:02,412 [ERROR] LogOutputStream:75 - [STDERR_REDIRECT] 
2026-08-07 02:58:03,418 [ERROR] LogOutputStream:75 - [STDERR_REDIRECT] [Fatal Error] :1:1: Premature end of file.
2026-08-07 02:58:03,418 [ERROR] LogOutputStream:75 - [STDERR_REDIRECT] 
2026-08-07 02:58:04,420 [ERROR] LogOutputStream:75 - [STDERR_REDIRECT] [Fatal Error] :1:1: Premature end of file.
2026-08-07 02:58:04,420 [ERROR] LogOutputStream:75 - [STDERR_REDIRECT] 
2026-08-07 02:58:05,414 [ERROR] LogOutputStream:75 - [STDERR_REDIRECT] [Fatal Error] :1:1: Premature end of file.
2026-08-07 02:58:05,414 [ERROR] LogOutputStream:75 - [STDERR_REDIRECT] 
2026-08-07 02:58:06,409 [ERROR] LogOutputStream:75 - [STDERR_REDIRECT] [Fatal Error] :1:1: Premature end of file.
2026-08-07 02:58:06,409 [ERROR] LogOutputStream:75 - [STDERR_REDIRECT] 
2026-08-07 02:58:07,412 [ERROR] LogOutputStream:75 - [STDERR_REDIRECT] [Fatal Error] :1:1: Premature end of file.
2026-08-07 02:58:07,413 [ERROR] LogOutputStream:75 - [STDERR_REDIRECT] 
2026-08-07 02:58:08,419 [ERROR] LogOutputStream:75 - [STDERR_REDIRECT] [Fatal Error] :1:1: Premature end of file.
2026-08-07 02:58:08,419 [ERROR] LogOutputStream:75 - [STDERR_REDIRECT] 
2026-08-07 02:58:09,502 [ERROR] LogOutputStream:75 - [STDERR_REDIRECT] [Fatal Error] :1:1: Premature end of file.
2026-08-07 02:58:09,502 [ERROR] LogOutputStream:75 - [STDERR_REDIRECT] 
2026-08-07 02:58:10,408 [ERROR] LogOutputStream:75 - [STDERR_REDIRECT] [Fatal Error] :1:1: Premature end of file.
2026-08-07 02:58:10,408 [ERROR] LogOutputStream:75 - [STDERR_REDIRECT] 
2026-08-07 02:58:11,408 [ERROR] LogOutputStream:75 - [STDERR_REDIRECT] [Fatal Error] :1:1: Premature end of file.
2026-08-07 02:58:11,408 [ERROR] LogOutputStream:75 - [STDERR_REDIRECT] 
2026-08-07 02:58:12,405 [ERROR] LogOutputStream:75 - [STDERR_REDIRECT] [Fatal Error] :1:1: Premature end of file.
2026-08-07 02:58:12,405 [ERROR] LogOutputStream:75 - [STDERR_REDIRECT] 
2026-08-07 02:58:13,416 [ERROR] LogOutputStream:75 - [STDERR_REDIRECT] [Fatal Error] :1:1: Premature end of file.
2026-08-07 02:58:13,417 [ERROR] LogOutputStream:75 - [STDERR_REDIRECT] 
2026-08-07 02:58:14,406 [ERROR] LogOutputStream:75 - [STDERR_REDIRECT] [Fatal Error] :1:1: Premature end of file.
2026-08-07 02:58:14,406 [ERROR] LogOutputStream:75 - [STDERR_REDIRECT] 
2026-08-07 02:58:15,421 [ERROR] LogOutputStream:75 - [STDERR_REDIRECT] [Fatal Error] :1:1: Premature end of file.
2026-08-07 02:58:15,421 [ERROR] LogOutputStream:75 - [STDERR_REDIRECT] 
2026-08-07 02:58:16,411 [ERROR] LogOutputStream:75 - [STDERR_REDIRECT] [Fatal Error] :1:1: Premature end of file.
2026-08-07 02:58:16,411 [ERROR] LogOutputStream:75 - [STDERR_REDIRECT] 
2026-08-07 02:58:17,413 [ERROR] LogOutputStream:75 - [STDERR_REDIRECT] [Fatal Error] :1:1: Premature end of file.
2026-08-07 02:58:17,413 [ERROR] LogOutputStream:75 - [STDERR_REDIRECT] 
2026-08-07 02:58:18,417 [ERROR] LogOutputStream:75 - [STDERR_REDIRECT] [Fatal Error] :1:1: Premature end of file.
2026-08-07 02:58:18,417 [ERROR] LogOutputStream:75 - [STDERR_REDIRECT] 
2026-08-07 02:58:19,404 [ERROR] LogOutputStream:75 - [STDERR_REDIRECT] [Fatal Error] :1:1: Premature end of file.
2026-08-07 02:58:19,405 [ERROR] LogOutputStream:75 - [STDERR_REDIRECT] 
2026-08-07 02:58:20,406 [ERROR] LogOutputStream:75 - [STDERR_REDIRECT] [Fatal Error] :1:1: Premature end of file.
2026-08-07 02:58:20,406 [ERROR] LogOutputStream:75 - [STDERR_REDIRECT] 
2026-08-07 02:58:21,416 [ERROR] LogOutputStream:75 - [STDERR_REDIRECT] [Fatal Error] :1:1: Premature end of file.
2026-08-07 02:58:21,416 [ERROR] LogOutputStream:75 - [STDERR_REDIRECT] 
2026-08-07 02:58:22,417 [ERROR] LogOutputStream:75 - [STDERR_REDIRECT] [Fatal Error] :1:1: Premature end of file.
2026-08-07 02:58:22,417 [ERROR] LogOutputStream:75 - [STDERR_REDIRECT] 
2026-08-07 02:58:23,413 [ERROR] LogOutputStream:75 - [STDERR_REDIRECT] [Fatal Error] :1:1: Premature end of file.
2026-08-07 02:58:23,413 [ERROR] LogOutputStream:75 - [STDERR_REDIRECT] 
2026-08-07 02:58:24,419 [ERROR] LogOutputStream:75 - [STDERR_REDIRECT] [Fatal Error] :1:1: Premature end of file.
2026-08-07 02:58:24,419 [ERROR] LogOutputStream:75 - [STDERR_REDIRECT] 
2026-08-07 02:58:25,406 [ERROR] LogOutputStream:75 - [STDERR_REDIRECT] [Fatal Error] :1:1: Premature end of file.
2026-08-07 02:58:25,406 [ERROR] LogOutputStream:75 - [STDERR_REDIRECT] 
2026-08-07 02:58:26,416 [ERROR] LogOutputStream:75 - [STDERR_REDIRECT] [Fatal Error] :1:1: Premature end of file.
2026-08-07 02:58:26,416 [ERROR] LogOutputStream:75 - [STDERR_REDIRECT] 
2026-08-07 02:58:27,413 [ERROR] LogOutputStream:75 - [STDERR_REDIRECT] [Fatal Error] :1:1: Premature end of file.
2026-08-07 02:58:27,413 [ERROR] LogOutputStream:75 - [STDERR_REDIRECT] 
2026-08-07 02:58:28,416 [ERROR] LogOutputStream:75 - [STDERR_REDIRECT] [Fatal Error] :1:1: Premature end of file.
2026-08-07 02:58:28,417 [ERROR] LogOutputStream:75 - [STDERR_REDIRECT] 
2026-08-07 02:58:29,409 [ERROR] LogOutputStream:75 - [STDERR_REDIRECT] [Fatal Error] :1:1: Premature end of file.
2026-08-07 02:58:29,409 [ERROR] LogOutputStream:75 - [STDERR_REDIRECT] 
2026-08-07 02:58:30,407 [ERROR] LogOutputStream:75 - [STDERR_REDIRECT] [Fatal Error] :1:1: Premature end of file.
2026-08-07 02:58:30,407 [ERROR] LogOutputStream:75 - [STDERR_REDIRECT] 
2026-08-07 02:58:31,410 [ERROR] LogOutputStream:75 - [STDERR_REDIRECT] [Fatal Error] :1:1: Premature end of file.
2026-08-07 02:58:31,410 [ERROR] LogOutputStream:75 - [STDERR_REDIRECT] 
2026-08-07 02:58:32,409 [ERROR] LogOutputStream:75 - [STDERR_REDIRECT] [Fatal Error] :1:1: Premature end of file.
2026-08-07 02:58:32,409 [ERROR] LogOutputStream:75 - [STDERR_REDIRECT] 
2026-08-07 02:58:33,411 [ERROR] LogOutputStream:75 - [STDERR_REDIRECT] [Fatal Error] :1:1: Premature end of file.
2026-08-07 02:58:33,411 [ERROR] LogOutputStream:75 - [STDERR_REDIRECT] 
2026-08-07 02:58:34,409 [ERROR] LogOutputStream:75 - [STDERR_REDIRECT] [Fatal Error] :1:1: Premature end of file.
2026-08-07 02:58:34,409 [ERROR] LogOutputStream:75 - [STDERR_REDIRECT] 
2026-08-07 02:58:35,410 [ERROR] LogOutputStream:75 - [STDERR_REDIRECT] [Fatal Error] :1:1: Premature end of file.
2026-08-07 02:58:35,411 [ERROR] LogOutputStream:75 - [STDERR_REDIRECT] 
2026-08-07 02:58:36,415 [ERROR] LogOutputStream:75 - [STDERR_REDIRECT] [Fatal Error] :1:1: Premature end of file.
2026-08-07 02:58:36,415 [ERROR] LogOutputStream:75 - [STDERR_REDIRECT] 
2026-08-07 02:58:37,418 [ERROR] LogOutputStream:75 - [STDERR_REDIRECT] [Fatal Error] :1:1: Premature end of file.
2026-08-07 02:58:37,418 [ERROR] LogOutputStream:75 - [STDERR_REDIRECT] 
2026-08-07 02:58:38,405 [ERROR] LogOutputStream:75 - [STDERR_REDIRECT] [Fatal Error] :1:1: Premature end of file.
2026-08-07 02:58:38,405 [ERROR] LogOutputStream:75 - [STDERR_REDIRECT] 
2026-08-07 02:58:39,416 [ERROR] LogOutputStream:75 - [STDERR_REDIRECT] [Fatal Error] :1:1: Premature end of file.
2026-08-07 02:58:39,416 [ERROR] LogOutputStream:75 - [STDERR_REDIRECT] 
2026-08-07 02:58:40,418 [ERROR] LogOutputStream:75 - [STDERR_REDIRECT] [Fatal Error] :1:1: Premature end of file.
2026-08-07 02:58:40,418 [ERROR] LogOutputStream:75 - [STDERR_REDIRECT] 
2026-08-07 02:58:41,411 [ERROR] LogOutputStream:75 - [STDERR_REDIRECT] [Fatal Error] :1:1: Premature end of file.
2026-08-07 02:58:41,411 [ERROR] LogOutputStream:75 - [STDERR_REDIRECT] 
2026-08-07 02:58:42,413 [ERROR] LogOutputStream:75 - [STDERR_REDIRECT] [Fatal Error] :1:1: Premature end of file.
2026-08-07 02:58:42,413 [ERROR] LogOutputStream:75 - [STDERR_REDIRECT] 
2026-08-07 02:58:43,417 [ERROR] LogOutputStream:75 - [STDERR_REDIRECT] [Fatal Error] :1:1: Premature end of file.
2026-08-07 02:58:43,417 [ERROR] LogOutputStream:75 - [STDERR_REDIRECT] 
2026-08-07 02:58:44,411 [ERROR] LogOutputStream:75 - [STDERR_REDIRECT] [Fatal Error] :1:1: Premature end of file.
2026-08-07 02:58:44,411 [ERROR] LogOutputStream:75 - [STDERR_REDIRECT] 
2026-08-07 02:58:45,416 [ERROR] LogOutputStream:75 - [STDERR_REDIRECT] [Fatal Error] :1:1: Premature end of file.
2026-08-07 02:58:45,416 [ERROR] LogOutputStream:75 - [STDERR_REDIRECT] 
2026-08-07 02:58:46,420 [ERROR] LogOutputStream:75 - [STDERR_REDIRECT] [Fatal Error] :1:1: Premature end of file.
2026-08-07 02:58:46,420 [ERROR] LogOutputStream:75 - [STDERR_REDIRECT] 
2026-08-07 02:58:47,415 [ERROR] LogOutputStream:75 - [STDERR_REDIRECT] [Fatal Error] :1:1: Premature end of file.
2026-08-07 02:58:47,415 [ERROR] LogOutputStream:75 - [STDERR_REDIRECT] 
2026-08-07 02:58:48,405 [ERROR] LogOutputStream:75 - [STDERR_REDIRECT] [Fatal Error] :1:1: Premature end of file.
2026-08-07 02:58:48,405 [ERROR] LogOutputStream:75 - [STDERR_REDIRECT] 
2026-08-07 02:58:49,409 [ERROR] LogOutputStream:75 - [STDERR_REDIRECT] [Fatal Error] :1:1: Premature end of file.
2026-08-07 02:58:49,409 [ERROR] LogOutputStream:75 - [STDERR_REDIRECT] 
2026-08-07 02:58:50,400 [ERROR] LogOutputStream:75 - [STDERR_REDIRECT] [Fatal Error] :1:1: Premature end of file.
2026-08-07 02:58:50,400 [ERROR] LogOutputStream:75 - [STDERR_REDIRECT] 
2026-08-07 02:58:51,423 [ERROR] LogOutputStream:75 - [STDERR_REDIRECT] [Fatal Error] :1:1: Premature end of file.
2026-08-07 02:58:51,423 [ERROR] LogOutputStream:75 - [STDERR_REDIRECT] 
2026-08-07 02:58:52,398 [ERROR] LogOutputStream:75 - [STDERR_REDIRECT] [Fatal Error] :1:1: Premature end of file.
2026-08-07 02:58:52,398 [ERROR] LogOutputStream:75 - [STDERR_REDIRECT] 
2026-08-07 02:58:53,413 [ERROR] LogOutputStream:75 - [STDERR_REDIRECT] [Fatal Error] :1:1: Premature end of file.
2026-08-07 02:58:53,413 [ERROR] LogOutputStream:75 - [STDERR_REDIRECT] 
2026-08-07 02:58:54,397 [ERROR] LogOutputStream:75 - [STDERR_REDIRECT] [Fatal Error] :1:1: Premature end of file.
2026-08-07 02:58:54,397 [ERROR] LogOutputStream:75 - [STDERR_REDIRECT] 
2026-08-07 02:58:55,402 [ERROR] LogOutputStream:75 - [STDERR_REDIRECT] [Fatal Error] :1:1: Premature end of file.
2026-08-07 02:58:55,402 [ERROR] LogOutputStream:75 - [STDERR_REDIRECT] 
2026-08-07 02:58:56,415 [ERROR] LogOutputStream:75 - [STDERR_REDIRECT] [Fatal Error] :1:1: Premature end of file.
2026-08-07 02:58:56,415 [ERROR] LogOutputStream:75 - [STDERR_REDIRECT] 
2026-08-07 02:58:57,396 [ERROR] LogOutputStream:75 - [STDERR_REDIRECT] [Fatal Error] :1:1: Premature end of file.
2026-08-07 02:58:57,396 [ERROR] LogOutputStream:75 - [STDERR_REDIRECT] 
2026-08-07 02:58:58,414 [ERROR] LogOutputStream:75 - [STDERR_REDIRECT] [Fatal Error] :1:1: Premature end of file.
2026-08-07 02:58:58,414 [ERROR] LogOutputStream:75 - [STDERR_REDIRECT] 
2026-08-07 02:58:59,414 [ERROR] LogOutputStream:75 - [STDERR_REDIRECT] [Fatal Error] :1:1: Premature end of file.
2026-08-07 02:58:59,414 [ERROR] LogOutputStream:75 - [STDERR_REDIRECT] 
2026-08-07 02:59:00,412 [ERROR] LogOutputStream:75 - [STDERR_REDIRECT] [Fatal Error] :1:1: Premature end of file.
2026-08-07 02:59:00,412 [ERROR] LogOutputStream:75 - [STDERR_REDIRECT] 
2026-08-07 02:59:01,408 [ERROR] LogOutputStream:75 - [STDERR_REDIRECT] [Fatal Error] :1:1: Premature end of file.
2026-08-07 02:59:01,408 [ERROR] LogOutputStream:75 - [STDERR_REDIRECT] 
2026-08-07 02:59:02,420 [ERROR] LogOutputStream:75 - [STDERR_REDIRECT] [Fatal Error] :1:1: Premature end of file.
2026-08-07 02:59:02,420 [ERROR] LogOutputStream:75 - [STDERR_REDIRECT] 
2026-08-07 02:59:03,412 [ERROR] LogOutputStream:75 - [STDERR_REDIRECT] [Fatal Error] :1:1: Premature end of file.
2026-08-07 02:59:03,412 [ERROR] LogOutputStream:75 - [STDERR_REDIRECT] 
2026-08-07 02:59:04,409 [ERROR] LogOutputStream:75 - [STDERR_REDIRECT] [Fatal Error] :1:1: Premature end of file.
2026-08-07 02:59:04,409 [ERROR] LogOutputStream:75 - [STDERR_REDIRECT] 
2026-08-07 02:59:05,414 [ERROR] LogOutputStream:75 - [STDERR_REDIRECT] [Fatal Error] :1:1: Premature end of file.
2026-08-07 02:59:05,414 [ERROR] LogOutputStream:75 - [STDERR_REDIRECT] 
2026-08-07 02:59:06,413 [ERROR] LogOutputStream:75 - [STDERR_REDIRECT] [Fatal Error] :1:1: Premature end of file.
2026-08-07 02:59:06,413 [ERROR] LogOutputStream:75 - [STDERR_REDIRECT] 
2026-08-07 02:59:07,408 [ERROR] LogOutputStream:75 - [STDERR_REDIRECT] [Fatal Error] :1:1: Premature end of file.
2026-08-07 02:59:07,408 [ERROR] LogOutputStream:75 - [STDERR_REDIRECT] 
2026-08-07 02:59:08,402 [ERROR] LogOutputStream:75 - [STDERR_REDIRECT] [Fatal Error] :1:1: Premature end of file.
2026-08-07 02:59:08,402 [ERROR] LogOutputStream:75 - [STDERR_REDIRECT] 
2026-08-07 02:59:09,416 [ERROR] LogOutputStream:75 - [STDERR_REDIRECT] [Fatal Error] :1:1: Premature end of file.
2026-08-07 02:59:09,416 [ERROR] LogOutputStream:75 - [STDERR_REDIRECT] 
2026-08-07 02:59:10,412 [ERROR] LogOutputStream:75 - [STDERR_REDIRECT] [Fatal Error] :1:1: Premature end of file.
2026-08-07 02:59:10,412 [ERROR] LogOutputStream:75 - [STDERR_REDIRECT] 
2026-08-07 02:59:11,402 [ERROR] LogOutputStream:75 - [STDERR_REDIRECT] [Fatal Error] :1:1: Premature end of file.
2026-08-07 02:59:11,402 [ERROR] LogOutputStream:75 - [STDERR_REDIRECT] 
2026-08-07 02:59:12,403 [ERROR] LogOutputStream:75 - [STDERR_REDIRECT] [Fatal Error] :1:1: Premature end of file.
2026-08-07 02:59:12,403 [ERROR] LogOutputStream:75 - [STDERR_REDIRECT] 
2026-08-07 02:59:13,409 [ERROR] LogOutputStream:75 - [STDERR_REDIRECT] [Fatal Error] :1:1: Premature end of file.
2026-08-07 02:59:13,409 [ERROR] LogOutputStream:75 - [STDERR_REDIRECT] 
2026-08-07 02:59:14,406 [ERROR] LogOutputStream:75 - [STDERR_REDIRECT] [Fatal Error] :1:1: Premature end of file.
2026-08-07 02:59:14,406 [ERROR] LogOutputStream:75 - [STDERR_REDIRECT] 
2026-08-07 02:59:15,396 [ERROR] LogOutputStream:75 - [STDERR_REDIRECT] [Fatal Error] :1:1: Premature end of file.
2026-08-07 02:59:15,396 [ERROR] LogOutputStream:75 - [STDERR_REDIRECT] 
2026-08-07 02:59:16,400 [ERROR] LogOutputStream:75 - [STDERR_REDIRECT] [Fatal Error] :1:1: Premature end of file.
2026-08-07 02:59:16,400 [ERROR] LogOutputStream:75 - [STDERR_REDIRECT] 
2026-08-07 02:59:17,395 [ERROR] LogOutputStream:75 - [STDERR_REDIRECT] [Fatal Error] :1:1: Premature end of file.
2026-08-07 02:59:17,395 [ERROR] LogOutputStream:75 - [STDERR_REDIRECT] 
2026-08-07 02:59:18,406 [ERROR] LogOutputStream:75 - [STDERR_REDIRECT] [Fatal Error] :1:1: Premature end of file.
2026-08-07 02:59:18,406 [ERROR] LogOutputStream:75 - [STDERR_REDIRECT] 
2026-08-07 02:59:19,393 [ERROR] LogOutputStream:75 - [STDERR_REDIRECT] [Fatal Error] :1:1: Premature end of file.
2026-08-07 02:59:19,393 [ERROR] LogOutputStream:75 - [STDERR_REDIRECT] 
2026-08-07 02:59:20,415 [ERROR] LogOutputStream:75 - [STDERR_REDIRECT] [Fatal Error] :1:1: Premature end of file.
2026-08-07 02:59:20,415 [ERROR] LogOutputStream:75 - [STDERR_REDIRECT] 
2026-08-07 02:59:21,408 [ERROR] LogOutputStream:75 - [STDERR_REDIRECT] [Fatal Error] :1:1: Premature end of file.
2026-08-07 02:59:21,408 [ERROR] LogOutputStream:75 - [STDERR_REDIRECT] 
2026-08-07 02:59:22,407 [ERROR] LogOutputStream:75 - [STDERR_REDIRECT] [Fatal Error] :1:1: Premature end of file.
2026-08-07 02:59:22,407 [ERROR] LogOutputStream:75 - [STDERR_REDIRECT] 
2026-08-07 02:59:23,489 [ERROR] LogOutputStream:75 - [STDERR_REDIRECT] [Fatal Error] :1:1: Premature end of file.
2026-08-07 02:59:23,500 [ERROR] LogOutputStream:75 - [STDERR_REDIRECT] 
2026-08-07 02:59:24,422 [ERROR] LogOutputStream:75 - [STDERR_REDIRECT] [Fatal Error] :1:1: Premature end of file.
2026-08-07 02:59:24,422 [ERROR] LogOutputStream:75 - [STDERR_REDIRECT] 
2026-08-07 02:59:25,408 [ERROR] LogOutputStream:75 - [STDERR_REDIRECT] [Fatal Error] :1:1: Premature end of file.
2026-08-07 02:59:25,408 [ERROR] LogOutputStream:75 - [STDERR_REDIRECT] 
2026-08-07 02:59:26,406 [ERROR] LogOutputStream:75 - [STDERR_REDIRECT] [Fatal Error] :1:1: Premature end of file.
2026-08-07 02:59:26,406 [ERROR] LogOutputStream:75 - [STDERR_REDIRECT] 
2026-08-07 02:59:27,411 [ERROR] LogOutputStream:75 - [STDERR_REDIRECT] [Fatal Error] :1:1: Premature end of file.
2026-08-07 02:59:27,411 [ERROR] LogOutputStream:75 - [STDERR_REDIRECT] 
2026-08-07 02:59:28,407 [ERROR] LogOutputStream:75 - [STDERR_REDIRECT] [Fatal Error] :1:1: Premature end of file.
2026-08-07 02:59:28,407 [ERROR] LogOutputStream:75 - [STDERR_REDIRECT] 
2026-08-07 02:59:29,401 [ERROR] LogOutputStream:75 - [STDERR_REDIRECT] [Fatal Error] :1:1: Premature end of file.
2026-08-07 02:59:29,401 [ERROR] LogOutputStream:75 - [STDERR_REDIRECT] 
2026-08-07 02:59:30,400 [ERROR] LogOutputStream:75 - [STDERR_REDIRECT] [Fatal Error] :1:1: Premature end of file.
2026-08-07 02:59:30,400 [ERROR] LogOutputStream:75 - [STDERR_REDIRECT] 
2026-08-07 02:59:31,400 [ERROR] LogOutputStream:75 - [STDERR_REDIRECT] [Fatal Error] :1:1: Premature end of file.
2026-08-07 02:59:31,412 [ERROR] LogOutputStream:75 - [STDERR_REDIRECT] 
2026-08-07 02:59:32,413 [ERROR] LogOutputStream:75 - [STDERR_REDIRECT] [Fatal Error] :1:1: Premature end of file.
2026-08-07 02:59:32,414 [ERROR] LogOutputStream:75 - [STDERR_REDIRECT] 
2026-08-07 02:59:33,400 [ERROR] LogOutputStream:75 - [STDERR_REDIRECT] [Fatal Error] :1:1: Premature end of file.
2026-08-07 02:59:33,400 [ERROR] LogOutputStream:75 - [STDERR_REDIRECT] 
2026-08-07 02:59:34,397 [ERROR] LogOutputStream:75 - [STDERR_REDIRECT] [Fatal Error] :1:1: Premature end of file.
2026-08-07 02:59:34,397 [ERROR] LogOutputStream:75 - [STDERR_REDIRECT] 
2026-08-07 02:59:35,396 [ERROR] LogOutputStream:75 - [STDERR_REDIRECT] [Fatal Error] :1:1: Premature end of file.
2026-08-07 02:59:35,405 [ERROR] LogOutputStream:75 - [STDERR_REDIRECT] 
2026-08-07 02:59:36,396 [ERROR] LogOutputStream:75 - [STDERR_REDIRECT] [Fatal Error] :1:1: Premature end of file.
2026-08-07 02:59:36,396 [ERROR] LogOutputStream:75 - [STDERR_REDIRECT] 
2026-08-07 02:59:37,395 [ERROR] LogOutputStream:75 - [STDERR_REDIRECT] [Fatal Error] :1:1: Premature end of file.
2026-08-07 02:59:37,395 [ERROR] LogOutputStream:75 - [STDERR_REDIRECT] 
2026-08-07 02:59:38,411 [ERROR] LogOutputStream:75 - [STDERR_REDIRECT] [Fatal Error] :1:1: Premature end of file.
2026-08-07 02:59:38,411 [ERROR] LogOutputStream:75 - [STDERR_REDIRECT] 
2026-08-07 02:59:39,393 [ERROR] LogOutputStream:75 - [STDERR_REDIRECT] [Fatal Error] :1:1: Premature end of file.
2026-08-07 02:59:39,393 [ERROR] LogOutputStream:75 - [STDERR_REDIRECT] 
2026-08-07 02:59:40,418 [ERROR] LogOutputStream:75 - [STDERR_REDIRECT] [Fatal Error] :1:1: Premature end of file.
2026-08-07 02:59:40,418 [ERROR] LogOutputStream:75 - [STDERR_REDIRECT] 
2026-08-07 02:59:41,419 [ERROR] LogOutputStream:75 - [STDERR_REDIRECT] [Fatal Error] :1:1: Premature end of file.
2026-08-07 02:59:41,419 [ERROR] LogOutputStream:75 - [STDERR_REDIRECT] 
2026-08-07 02:59:42,413 [ERROR] LogOutputStream:75 - [STDERR_REDIRECT] [Fatal Error] :1:1: Premature end of file.
2026-08-07 02:59:42,414 [ERROR] LogOutputStream:75 - [STDERR_REDIRECT] 
2026-08-07 02:59:43,407 [ERROR] LogOutputStream:75 - [STDERR_REDIRECT] [Fatal Error] :1:1: Premature end of file.
2026-08-07 02:59:43,413 [ERROR] LogOutputStream:75 - [STDERR_REDIRECT] 
2026-08-07 02:59:44,406 [ERROR] LogOutputStream:75 - [STDERR_REDIRECT] [Fatal Error] :1:1: Premature end of file.
2026-08-07 02:59:44,406 [ERROR] LogOutputStream:75 - [STDERR_REDIRECT] 
2026-08-07 02:59:45,405 [ERROR] LogOutputStream:75 - [STDERR_REDIRECT] [Fatal Error] :1:1: Premature end of file.
2026-08-07 02:59:45,405 [ERROR] LogOutputStream:75 - [STDERR_REDIRECT] 
2026-08-07 02:59:46,419 [ERROR] LogOutputStream:75 - [STDERR_REDIRECT] [Fatal Error] :1:1: Premature end of file.
2026-08-07 02:59:46,419 [ERROR] LogOutputStream:75 - [STDERR_REDIRECT] 
2026-08-07 02:59:47,408 [ERROR] LogOutputStream:75 - [STDERR_REDIRECT] [Fatal Error] :1:1: Premature end of file.
2026-08-07 02:59:47,408 [ERROR] LogOutputStream:75 - [STDERR_REDIRECT] 
2026-08-07 02:59:48,406 [ERROR] LogOutputStream:75 - [STDERR_REDIRECT] [Fatal Error] :1:1: Premature end of file.
2026-08-07 02:59:48,406 [ERROR] LogOutputStream:75 - [STDERR_REDIRECT] 
2026-08-07 02:59:49,413 [ERROR] LogOutputStream:75 - [STDERR_REDIRECT] [Fatal Error] :1:1: Premature end of file.
2026-08-07 02:59:49,413 [ERROR] LogOutputStream:75 - [STDERR_REDIRECT] 
2026-08-07 02:59:50,405 [ERROR] LogOutputStream:75 - [STDERR_REDIRECT] [Fatal Error] :1:1: Premature end of file.
2026-08-07 02:59:50,405 [ERROR] LogOutputStream:75 - [STDERR_REDIRECT] 
2026-08-07 02:59:51,405 [ERROR] LogOutputStream:75 - [STDERR_REDIRECT] [Fatal Error] :1:1: Premature end of file.
2026-08-07 02:59:51,405 [ERROR] LogOutputStream:75 - [STDERR_REDIRECT] 
2026-08-07 02:59:52,411 [ERROR] LogOutputStream:75 - [STDERR_REDIRECT] [Fatal Error] :1:1: Premature end of file.
2026-08-07 02:59:52,411 [ERROR] LogOutputStream:75 - [STDERR_REDIRECT] 
2026-08-07 02:59:53,404 [ERROR] LogOutputStream:75 - [STDERR_REDIRECT] [Fatal Error] :1:1: Premature end of file.
2026-08-07 02:59:53,404 [ERROR] LogOutputStream:75 - [STDERR_REDIRECT] 
2026-08-07 02:59:54,405 [ERROR] LogOutputStream:75 - [STDERR_REDIRECT] [Fatal Error] :1:1: Premature end of file.
2026-08-07 02:59:54,405 [ERROR] LogOutputStream:75 - [STDERR_REDIRECT] 
2026-08-07 02:59:55,401 [ERROR] LogOutputStream:75 - [STDERR_REDIRECT] [Fatal Error] :1:1: Premature end of file.
2026-08-07 02:59:55,401 [ERROR] LogOutputStream:75 - [STDERR_REDIRECT] 
2026-08-07 02:59:56,402 [ERROR] LogOutputStream:75 - [STDERR_REDIRECT] [Fatal Error] :1:1: Premature end of file.
2026-08-07 02:59:56,402 [ERROR] LogOutputStream:75 - [STDERR_REDIRECT] 
2026-08-07 02:59:57,406 [ERROR] LogOutputStream:75 - [STDERR_REDIRECT] [Fatal Error] :1:1: Premature end of file.
2026-08-07 02:59:57,406 [ERROR] LogOutputStream:75 - [STDERR_REDIRECT] 
2026-08-07 02:59:58,417 [ERROR] LogOutputStream:75 - [STDERR_REDIRECT] [Fatal Error] :1:1: Premature end of file.
2026-08-07 02:59:58,417 [ERROR] LogOutputStream:75 - [STDERR_REDIRECT] 
2026-08-07 02:59:59,395 [ERROR] LogOutputStream:75 - [STDERR_REDIRECT] [Fatal Error] :1:1: Premature end of file.
2026-08-07 02:59:59,395 [ERROR] LogOutputStream:75 - [STDERR_REDIRECT] 
2026-08-07 03:00:00,409 [ERROR] LogOutputStream:75 - [STDERR_REDIRECT] [Fatal Error] :1:1: Premature end of file.
2026-08-07 03:00:00,409 [ERROR] LogOutputStream:75 - [STDERR_REDIRECT] 
2026-08-07 03:00:01,413 [ERROR] LogOutputStream:75 - [STDERR_REDIRECT] [Fatal Error] :1:1: Premature end of file.
2026-08-07 03:00:01,413 [ERROR] LogOutputStream:75 - [STDERR_REDIRECT] 
2026-08-07 03:00:02,408 [ERROR] LogOutputStream:75 - [STDERR_REDIRECT] [Fatal Error] :1:1: Premature end of file.
2026-08-07 03:00:02,408 [ERROR] LogOutputStream:75 - [STDERR_REDIRECT] 
2026-08-07 03:00:03,406 [ERROR] LogOutputStream:75 - [STDERR_REDIRECT] [Fatal Error] :1:1: Premature end of file.
2026-08-07 03:00:03,406 [ERROR] LogOutputStream:75 - [STDERR_REDIRECT] 
2026-08-07 03:00:04,406 [ERROR] LogOutputStream:75 - [STDERR_REDIRECT] [Fatal Error] :1:1: Premature end of file.
2026-08-07 03:00:04,406 [ERROR] LogOutputStream:75 - [STDERR_REDIRECT] 
2026-08-07 03:00:05,405 [ERROR] LogOutputStream:75 - [STDERR_REDIRECT] [Fatal Error] :1:1: Premature end of file.
2026-08-07 03:00:05,405 [ERROR] LogOutputStream:75 - [STDERR_REDIRECT] 
2026-08-07 03:00:06,404 [ERROR] LogOutputStream:75 - [STDERR_REDIRECT] [Fatal Error] :1:1: Premature end of file.
2026-08-07 03:00:06,404 [ERROR] LogOutputStream:75 - [STDERR_REDIRECT] 
2026-08-07 03:00:07,403 [ERROR] LogOutputStream:75 - [STDERR_REDIRECT] [Fatal Error] :1:1: Premature end of file.
2026-08-07 03:00:07,403 [ERROR] LogOutputStream:75 - [STDERR_REDIRECT] 
2026-08-07 03:00:08,410 [ERROR] LogOutputStream:75 - [STDERR_REDIRECT] [Fatal Error] :1:1: Premature end of file.
2026-08-07 03:00:08,410 [ERROR] LogOutputStream:75 - [STDERR_REDIRECT] 
2026-08-07 03:00:09,412 [ERROR] LogOutputStream:75 - [STDERR_REDIRECT] [Fatal Error] :1:1: Premature end of file.
2026-08-07 03:00:09,412 [ERROR] LogOutputStream:75 - [STDERR_REDIRECT] 
2026-08-07 03:00:10,401 [ERROR] LogOutputStream:75 - [STDERR_REDIRECT] [Fatal Error] :1:1: Premature end of file.
2026-08-07 03:00:10,401 [ERROR] LogOutputStream:75 - [STDERR_REDIRECT] 
2026-08-07 03:00:11,411 [ERROR] LogOutputStream:75 - [STDERR_REDIRECT] [Fatal Error] :1:1: Premature end of file.
2026-08-07 03:00:11,411 [ERROR] LogOutputStream:75 - [STDERR_REDIRECT] 
2026-08-07 03:00:12,399 [ERROR] LogOutputStream:75 - [STDERR_REDIRECT] [Fatal Error] :1:1: Premature end of file.
2026-08-07 03:00:12,399 [ERROR] LogOutputStream:75 - [STDERR_REDIRECT] 
2026-08-07 03:00:13,413 [ERROR] LogOutputStream:75 - [STDERR_REDIRECT] [Fatal Error] :1:1: Premature end of file.
2026-08-07 03:00:13,413 [ERROR] LogOutputStream:75 - [STDERR_REDIRECT] 
2026-08-07 03:00:14,411 [ERROR] LogOutputStream:75 - [STDERR_REDIRECT] [Fatal Error] :1:1: Premature end of file.
2026-08-07 03:00:14,411 [ERROR] LogOutputStream:75 - [STDERR_REDIRECT] 
2026-08-07 03:00:15,401 [ERROR] LogOutputStream:75 - [STDERR_REDIRECT] [Fatal Error] :1:1: Premature end of file.
2026-08-07 03:00:15,401 [ERROR] LogOutputStream:75 - [STDERR_REDIRECT] 
2026-08-07 03:00:16,405 [ERROR] LogOutputStream:75 - [STDERR_REDIRECT] [Fatal Error] :1:1: Premature end of file.
2026-08-07 03:00:16,405 [ERROR] LogOutputStream:75 - [STDERR_REDIRECT] 
2026-08-07 03:00:17,397 [ERROR] LogOutputStream:75 - [STDERR_REDIRECT] [Fatal Error] :1:1: Premature end of file.
2026-08-07 03:00:17,397 [ERROR] LogOutputStream:75 - [STDERR_REDIRECT] 
2026-08-07 03:00:18,408 [ERROR] LogOutputStream:75 - [STDERR_REDIRECT] [Fatal Error] :1:1: Premature end of file.
2026-08-07 03:00:18,409 [ERROR] LogOutputStream:75 - [STDERR_REDIRECT] 
2026-08-07 03:00:19,416 [ERROR] LogOutputStream:75 - [STDERR_REDIRECT] [Fatal Error] :1:1: Premature end of file.
2026-08-07 03:00:19,416 [ERROR] LogOutputStream:75 - [STDERR_REDIRECT] 
2026-08-07 03:00:20,408 [ERROR] LogOutputStream:75 - [STDERR_REDIRECT] [Fatal Error] :1:1: Premature end of file.
2026-08-07 03:00:20,408 [ERROR] LogOutputStream:75 - [STDERR_REDIRECT] 
2026-08-07 03:00:21,422 [ERROR] LogOutputStream:75 - [STDERR_REDIRECT] [Fatal Error] :1:1: Premature end of file.
2026-08-07 03:00:21,422 [ERROR] LogOutputStream:75 - [STDERR_REDIRECT] 
2026-08-07 03:00:22,423 [ERROR] LogOutputStream:75 - [STDERR_REDIRECT] [Fatal Error] :1:1: Premature end of file.
2026-08-07 03:00:22,423 [ERROR] LogOutputStream:75 - [STDERR_REDIRECT] 
2026-08-07 03:00:23,420 [ERROR] LogOutputStream:75 - [STDERR_REDIRECT] [Fatal Error] :1:1: Premature end of file.
2026-08-07 03:00:23,420 [ERROR] LogOutputStream:75 - [STDERR_REDIRECT] 
2026-08-07 03:00:24,418 [ERROR] LogOutputStream:75 - [STDERR_REDIRECT] [Fatal Error] :1:1: Premature end of file.
2026-08-07 03:00:24,418 [ERROR] LogOutputStream:75 - [STDERR_REDIRECT] 
2026-08-07 03:00:25,410 [ERROR] LogOutputStream:75 - [STDERR_REDIRECT] [Fatal Error] :1:1: Premature end of file.
2026-08-07 03:00:25,410 [ERROR] LogOutputStream:75 - [STDERR_REDIRECT] 
2026-08-07 03:00:26,407 [ERROR] LogOutputStream:75 - [STDERR_REDIRECT] [Fatal Error] :1:1: Premature end of file.
2026-08-07 03:00:26,407 [ERROR] LogOutputStream:75 - [STDERR_REDIRECT] 
2026-08-07 03:00:27,414 [ERROR] LogOutputStream:75 - [STDERR_REDIRECT] [Fatal Error] :1:1: Premature end of file.
2026-08-07 03:00:27,414 [ERROR] LogOutputStream:75 - [STDERR_REDIRECT] 
2026-08-07 03:00:28,407 [ERROR] LogOutputStream:75 - [STDERR_REDIRECT] [Fatal Error] :1:1: Premature end of file.
2026-08-07 03:00:28,407 [ERROR] LogOutputStream:75 - [STDERR_REDIRECT] 
2026-08-07 03:00:29,414 [ERROR] LogOutputStream:75 - [STDERR_REDIRECT] [Fatal Error] :1:1: Premature end of file.
2026-08-07 03:00:29,414 [ERROR] LogOutputStream:75 - [STDERR_REDIRECT] 
2026-08-07 03:00:30,401 [ERROR] LogOutputStream:75 - [STDERR_REDIRECT] [Fatal Error] :1:1: Premature end of file.
2026-08-07 03:00:30,401 [ERROR] LogOutputStream:75 - [STDERR_REDIRECT] 
2026-08-07 03:00:31,405 [ERROR] LogOutputStream:75 - [STDERR_REDIRECT] [Fatal Error] :1:1: Premature end of file.
2026-08-07 03:00:31,405 [ERROR] LogOutputStream:75 - [STDERR_REDIRECT] 
2026-08-07 03:00:32,399 [ERROR] LogOutputStream:75 - [STDERR_REDIRECT] [Fatal Error] :1:1: Premature end of file.
2026-08-07 03:00:32,399 [ERROR] LogOutputStream:75 - [STDERR_REDIRECT] 
2026-08-07 03:00:33,404 [ERROR] LogOutputStream:75 - [STDERR_REDIRECT] [Fatal Error] :1:1: Premature end of file.
2026-08-07 03:00:33,404 [ERROR] LogOutputStream:75 - [STDERR_REDIRECT] 
2026-08-07 03:00:34,403 [ERROR] LogOutputStream:75 - [STDERR_REDIRECT] [Fatal Error] :1:1: Premature end of file.
2026-08-07 03:00:34,403 [ERROR] LogOutputStream:75 - [STDERR_REDIRECT] 
2026-08-07 03:00:35,397 [ERROR] LogOutputStream:75 - [STDERR_REDIRECT] [Fatal Error] :1:1: Premature end of file.
2026-08-07 03:00:35,397 [ERROR] LogOutputStream:75 - [STDERR_REDIRECT] 
2026-08-07 03:00:36,400 [ERROR] LogOutputStream:75 - [STDERR_REDIRECT] [Fatal Error] :1:1: Premature end of file.
2026-08-07 03:00:36,400 [ERROR] LogOutputStream:75 - [STDERR_REDIRECT] 
2026-08-07 03:00:37,401 [ERROR] LogOutputStream:75 - [STDERR_REDIRECT] [Fatal Error] :1:1: Premature end of file.
2026-08-07 03:00:37,401 [ERROR] LogOutputStream:75 - [STDERR_REDIRECT] 
2026-08-07 03:00:38,411 [ERROR] LogOutputStream:75 - [STDERR_REDIRECT] [Fatal Error] :1:1: Premature end of file.
2026-08-07 03:00:38,411 [ERROR] LogOutputStream:75 - [STDERR_REDIRECT] 
2026-08-07 03:00:39,395 [ERROR] LogOutputStream:75 - [STDERR_REDIRECT] [Fatal Error] :1:1: Premature end of file.
2026-08-07 03:00:39,395 [ERROR] LogOutputStream:75 - [STDERR_REDIRECT] 
2026-08-07 03:00:40,416 [ERROR] LogOutputStream:75 - [STDERR_REDIRECT] [Fatal Error] :1:1: Premature end of file.
2026-08-07 03:00:40,416 [ERROR] LogOutputStream:75 - [STDERR_REDIRECT] 
2026-08-07 03:00:41,408 [ERROR] LogOutputStream:75 - [STDERR_REDIRECT] [Fatal Error] :1:1: Premature end of file.
2026-08-07 03:00:41,408 [ERROR] LogOutputStream:75 - [STDERR_REDIRECT] 
2026-08-07 03:00:42,415 [ERROR] LogOutputStream:75 - [STDERR_REDIRECT] [Fatal Error] :1:1: Premature end of file.
2026-08-07 03:00:42,415 [ERROR] LogOutputStream:75 - [STDERR_REDIRECT] 
2026-08-07 03:00:43,416 [ERROR] LogOutputStream:75 - [STDERR_REDIRECT] [Fatal Error] :1:1: Premature end of file.
2026-08-07 03:00:43,416 [ERROR] LogOutputStream:75 - [STDERR_REDIRECT] 
2026-08-07 03:00:44,412 [ERROR] LogOutputStream:75 - [STDERR_REDIRECT] [Fatal Error] :1:1: Premature end of file.
2026-08-07 03:00:44,412 [ERROR] LogOutputStream:75 - [STDERR_REDIRECT] 
2026-08-07 03:00:45,415 [ERROR] LogOutputStream:75 - [STDERR_REDIRECT] [Fatal Error] :1:1: Premature end of file.
2026-08-07 03:00:45,415 [ERROR] LogOutputStream:75 - [STDERR_REDIRECT] 
2026-08-07 03:00:46,414 [ERROR] LogOutputStream:75 - [STDERR_REDIRECT] [Fatal Error] :1:1: Premature end of file.
2026-08-07 03:00:46,414 [ERROR] LogOutputStream:75 - [STDERR_REDIRECT] 
2026-08-07 03:00:47,415 [ERROR] LogOutputStream:75 - [STDERR_REDIRECT] [Fatal Error] :1:1: Premature end of file.
2026-08-07 03:00:47,415 [ERROR] LogOutputStream:75 - [STDERR_REDIRECT] 
2026-08-07 03:00:48,517 [ERROR] LogOutputStream:75 - [STDERR_REDIRECT] [Fatal Error] :1:1: Premature end of file.
2026-08-07 03:00:48,517 [ERROR] LogOutputStream:75 - [STDERR_REDIRECT] 
2026-08-07 03:00:49,408 [ERROR] LogOutputStream:75 - [STDERR_REDIRECT] [Fatal Error] :1:1: Premature end of file.
2026-08-07 03:00:49,408 [ERROR] LogOutputStream:75 - [STDERR_REDIRECT] 
2026-08-07 03:00:50,401 [ERROR] LogOutputStream:75 - [STDERR_REDIRECT] [Fatal Error] :1:1: Premature end of file.
2026-08-07 03:00:50,401 [ERROR] LogOutputStream:75 - [STDERR_REDIRECT] 
2026-08-07 03:00:51,400 [ERROR] LogOutputStream:75 - [STDERR_REDIRECT] [Fatal Error] :1:1: Premature end of file.
2026-08-07 03:00:51,400 [ERROR] LogOutputStream:75 - [STDERR_REDIRECT] 
2026-08-07 03:00:52,409 [ERROR] LogOutputStream:75 - [STDERR_REDIRECT] [Fatal Error] :1:1: Premature end of file.
2026-08-07 03:00:52,409 [ERROR] LogOutputStream:75 - [STDERR_REDIRECT] 
2026-08-07 03:00:53,404 [ERROR] LogOutputStream:75 - [STDERR_REDIRECT] [Fatal Error] :1:1: Premature end of file.
2026-08-07 03:00:53,404 [ERROR] LogOutputStream:75 - [STDERR_REDIRECT] 
2026-08-07 03:00:54,398 [ERROR] LogOutputStream:75 - [STDERR_REDIRECT] [Fatal Error] :1:1: Premature end of file.
2026-08-07 03:00:54,398 [ERROR] LogOutputStream:75 - [STDERR_REDIRECT] 
2026-08-07 03:00:55,403 [ERROR] LogOutputStream:75 - [STDERR_REDIRECT] [Fatal Error] :1:1: Premature end of file.
2026-08-07 03:00:55,403 [ERROR] LogOutputStream:75 - [STDERR_REDIRECT] 
2026-08-07 03:00:56,400 [ERROR] LogOutputStream:75 - [STDERR_REDIRECT] [Fatal Error] :1:1: Premature end of file.
2026-08-07 03:00:56,400 [ERROR] LogOutputStream:75 - [STDERR_REDIRECT] 
2026-08-07 03:00:57,407 [ERROR] LogOutputStream:75 - [STDERR_REDIRECT] [Fatal Error] :1:1: Premature end of file.
2026-08-07 03:00:57,407 [ERROR] LogOutputStream:75 - [STDERR_REDIRECT] 
2026-08-07 03:00:58,406 [ERROR] LogOutputStream:75 - [STDERR_REDIRECT] [Fatal Error] :1:1: Premature end of file.
2026-08-07 03:00:58,406 [ERROR] LogOutputStream:75 - [STDERR_REDIRECT] 
2026-08-07 03:00:59,394 [ERROR] LogOutputStream:75 - [STDERR_REDIRECT] [Fatal Error] :1:1: Premature end of file.
2026-08-07 03:00:59,394 [ERROR] LogOutputStream:75 - [STDERR_REDIRECT] 
2026-08-07 03:01:00,422 [ERROR] LogOutputStream:75 - [STDERR_REDIRECT] [Fatal Error] :1:1: Premature end of file.
2026-08-07 03:01:00,422 [ERROR] LogOutputStream:75 - [STDERR_REDIRECT] 
2026-08-07 03:01:01,414 [ERROR] LogOutputStream:75 - [STDERR_REDIRECT] [Fatal Error] :1:1: Premature end of file.
2026-08-07 03:01:01,414 [ERROR] LogOutputStream:75 - [STDERR_REDIRECT] 
2026-08-07 03:01:02,421 [ERROR] LogOutputStream:75 - [STDERR_REDIRECT] [Fatal Error] :1:1: Premature end of file.
2026-08-07 03:01:02,421 [ERROR] LogOutputStream:75 - [STDERR_REDIRECT] 
2026-08-07 03:01:03,419 [ERROR] LogOutputStream:75 - [STDERR_REDIRECT] [Fatal Error] :1:1: Premature end of file.
2026-08-07 03:01:03,419 [ERROR] LogOutputStream:75 - [STDERR_REDIRECT] 
2026-08-07 03:01:04,406 [ERROR] LogOutputStream:75 - [STDERR_REDIRECT] [Fatal Error] :1:1: Premature end of file.
2026-08-07 03:01:04,406 [ERROR] LogOutputStream:75 - [STDERR_REDIRECT] 
2026-08-07 03:01:05,405 [ERROR] LogOutputStream:75 - [STDERR_REDIRECT] [Fatal Error] :1:1: Premature end of file.
2026-08-07 03:01:05,405 [ERROR] LogOutputStream:75 - [STDERR_REDIRECT] 
2026-08-07 03:01:06,411 [ERROR] LogOutputStream:75 - [STDERR_REDIRECT] [Fatal Error] :1:1: Premature end of file.
2026-08-07 03:01:06,411 [ERROR] LogOutputStream:75 - [STDERR_REDIRECT] 
2026-08-07 03:01:07,404 [ERROR] LogOutputStream:75 - [STDERR_REDIRECT] [Fatal Error] :1:1: Premature end of file.
2026-08-07 03:01:07,404 [ERROR] LogOutputStream:75 - [STDERR_REDIRECT] 
2026-08-07 03:01:08,409 [ERROR] LogOutputStream:75 - [STDERR_REDIRECT] [Fatal Error] :1:1: Premature end of file.
2026-08-07 03:01:08,409 [ERROR] LogOutputStream:75 - [STDERR_REDIRECT] 
2026-08-07 03:01:09,410 [ERROR] LogOutputStream:75 - [STDERR_REDIRECT] [Fatal Error] :1:1: Premature end of file.
2026-08-07 03:01:09,410 [ERROR] LogOutputStream:75 - [STDERR_REDIRECT] 
2026-08-07 03:01:10,402 [ERROR] LogOutputStream:75 - [STDERR_REDIRECT] [Fatal Error] :1:1: Premature end of file.
2026-08-07 03:01:10,402 [ERROR] LogOutputStream:75 - [STDERR_REDIRECT] 
2026-08-07 03:01:11,416 [ERROR] LogOutputStream:75 - [STDERR_REDIRECT] [Fatal Error] :1:1: Premature end of file.
2026-08-07 03:01:11,416 [ERROR] LogOutputStream:75 - [STDERR_REDIRECT] 
2026-08-07 03:01:12,415 [ERROR] LogOutputStream:75 - [STDERR_REDIRECT] [Fatal Error] :1:1: Premature end of file.
2026-08-07 03:01:12,415 [ERROR] LogOutputStream:75 - [STDERR_REDIRECT] 
2026-08-07 03:01:13,405 [ERROR] LogOutputStream:75 - [STDERR_REDIRECT] [Fatal Error] :1:1: Premature end of file.
2026-08-07 03:01:13,414 [ERROR] LogOutputStream:75 - [STDERR_REDIRECT] 
2026-08-07 03:01:14,400 [ERROR] LogOutputStream:75 - [STDERR_REDIRECT] [Fatal Error] :1:1: Premature end of file.
2026-08-07 03:01:14,400 [ERROR] LogOutputStream:75 - [STDERR_REDIRECT] 
2026-08-07 03:01:15,447 [ERROR] LogOutputStream:75 - [STDERR_REDIRECT] [Fatal Error] :1:1: Premature end of file.
2026-08-07 03:01:15,447 [ERROR] LogOutputStream:75 - [STDERR_REDIRECT] 
2026-08-07 03:01:16,396 [ERROR] LogOutputStream:75 - [STDERR_REDIRECT] [Fatal Error] :1:1: Premature end of file.
2026-08-07 03:01:16,396 [ERROR] LogOutputStream:75 - [STDERR_REDIRECT] 
2026-08-07 03:01:17,404 [ERROR] LogOutputStream:75 - [STDERR_REDIRECT] [Fatal Error] :1:1: Premature end of file.
2026-08-07 03:01:17,404 [ERROR] LogOutputStream:75 - [STDERR_REDIRECT] 
2026-08-07 03:01:18,402 [ERROR] LogOutputStream:75 - [STDERR_REDIRECT] [Fatal Error] :1:1: Premature end of file.
2026-08-07 03:01:18,402 [ERROR] LogOutputStream:75 - [STDERR_REDIRECT] 
2026-08-07 03:01:19,394 [ERROR] LogOutputStream:75 - [STDERR_REDIRECT] [Fatal Error] :1:1: Premature end of file.
2026-08-07 03:01:19,394 [ERROR] LogOutputStream:75 - [STDERR_REDIRECT] 
2026-08-07 03:01:20,425 [ERROR] LogOutputStream:75 - [STDERR_REDIRECT] [Fatal Error] :1:1: Premature end of file.
2026-08-07 03:01:20,425 [ERROR] LogOutputStream:75 - [STDERR_REDIRECT] 
2026-08-07 03:01:21,409 [ERROR] LogOutputStream:75 - [STDERR_REDIRECT] [Fatal Error] :1:1: Premature end of file.
2026-08-07 03:01:21,409 [ERROR] LogOutputStream:75 - [STDERR_REDIRECT] 
2026-08-07 03:01:22,421 [ERROR] LogOutputStream:75 - [STDERR_REDIRECT] [Fatal Error] :1:1: Premature end of file.
2026-08-07 03:01:22,421 [ERROR] LogOutputStream:75 - [STDERR_REDIRECT] 
2026-08-07 03:01:23,414 [ERROR] LogOutputStream:75 - [STDERR_REDIRECT] [Fatal Error] :1:1: Premature end of file.
2026-08-07 03:01:23,414 [ERROR] LogOutputStream:75 - [STDERR_REDIRECT] 
2026-08-07 03:01:24,406 [ERROR] LogOutputStream:75 - [STDERR_REDIRECT] [Fatal Error] :1:1: Premature end of file.
2026-08-07 03:01:24,406 [ERROR] LogOutputStream:75 - [STDERR_REDIRECT] 
2026-08-07 03:01:25,406 [ERROR] LogOutputStream:75 - [STDERR_REDIRECT] [Fatal Error] :1:1: Premature end of file.
2026-08-07 03:01:25,406 [ERROR] LogOutputStream:75 - [STDERR_REDIRECT] 
2026-08-07 03:01:26,405 [ERROR] LogOutputStream:75 - [STDERR_REDIRECT] [Fatal Error] :1:1: Premature end of file.
2026-08-07 03:01:26,405 [ERROR] LogOutputStream:75 - [STDERR_REDIRECT] 
2026-08-07 03:01:27,406 [ERROR] LogOutputStream:75 - [STDERR_REDIRECT] [Fatal Error] :1:1: Premature end of file.
2026-08-07 03:01:27,406 [ERROR] LogOutputStream:75 - [STDERR_REDIRECT] 
2026-08-07 03:01:28,478 [ERROR] LogOutputStream:75 - [STDERR_REDIRECT] [Fatal Error] :1:1: Premature end of file.
2026-08-07 03:01:28,478 [ERROR] LogOutputStream:75 - [STDERR_REDIRECT] 
2026-08-07 03:01:29,416 [ERROR] LogOutputStream:75 - [STDERR_REDIRECT] [Fatal Error] :1:1: Premature end of file.
2026-08-07 03:01:29,416 [ERROR] LogOutputStream:75 - [STDERR_REDIRECT] 
2026-08-07 03:01:30,402 [ERROR] LogOutputStream:75 - [STDERR_REDIRECT] [Fatal Error] :1:1: Premature end of file.
2026-08-07 03:01:30,402 [ERROR] LogOutputStream:75 - [STDERR_REDIRECT] 
2026-08-07 03:01:31,406 [ERROR] LogOutputStream:75 - [STDERR_REDIRECT] [Fatal Error] :1:1: Premature end of file.
2026-08-07 03:01:31,406 [ERROR] LogOutputStream:75 - [STDERR_REDIRECT] 
2026-08-07 03:01:32,405 [ERROR] LogOutputStream:75 - [STDERR_REDIRECT] [Fatal Error] :1:1: Premature end of file.
2026-08-07 03:01:32,405 [ERROR] LogOutputStream:75 - [STDERR_REDIRECT] 
2026-08-07 03:01:33,399 [ERROR] LogOutputStream:75 - [STDERR_REDIRECT] [Fatal Error] :1:1: Premature end of file.
2026-08-07 03:01:33,399 [ERROR] LogOutputStream:75 - [STDERR_REDIRECT] 
2026-08-07 03:01:34,398 [ERROR] LogOutputStream:75 - [STDERR_REDIRECT] [Fatal Error] :1:1: Premature end of file.
2026-08-07 03:01:34,398 [ERROR] LogOutputStream:75 - [STDERR_REDIRECT] 
2026-08-07 03:01:35,397 [ERROR] LogOutputStream:75 - [STDERR_REDIRECT] [Fatal Error] :1:1: Premature end of file.
2026-08-07 03:01:35,397 [ERROR] LogOutputStream:75 - [STDERR_REDIRECT] 
2026-08-07 03:01:36,397 [ERROR] LogOutputStream:75 - [STDERR_REDIRECT] [Fatal Error] :1:1: Premature end of file.
2026-08-07 03:01:36,397 [ERROR] LogOutputStream:75 - [STDERR_REDIRECT] 
2026-08-07 03:01:37,403 [ERROR] LogOutputStream:75 - [STDERR_REDIRECT] [Fatal Error] :1:1: Premature end of file.
2026-08-07 03:01:37,403 [ERROR] LogOutputStream:75 - [STDERR_REDIRECT] 
2026-08-07 03:01:38,395 [ERROR] LogOutputStream:75 - [STDERR_REDIRECT] [Fatal Error] :1:1: Premature end of file.
2026-08-07 03:01:38,395 [ERROR] LogOutputStream:75 - [STDERR_REDIRECT] 
2026-08-07 03:01:39,398 [ERROR] LogOutputStream:75 - [STDERR_REDIRECT] [Fatal Error] :1:1: Premature end of file.
2026-08-07 03:01:39,398 [ERROR] LogOutputStream:75 - [STDERR_REDIRECT] 
2026-08-07 03:01:40,412 [ERROR] LogOutputStream:75 - [STDERR_REDIRECT] [Fatal Error] :1:1: Premature end of file.
2026-08-07 03:01:40,412 [ERROR] LogOutputStream:75 - [STDERR_REDIRECT] 
2026-08-07 03:01:41,411 [ERROR] LogOutputStream:75 - [STDERR_REDIRECT] [Fatal Error] :1:1: Premature end of file.
2026-08-07 03:01:41,411 [ERROR] LogOutputStream:75 - [STDERR_REDIRECT] 
2026-08-07 03:01:42,420 [ERROR] LogOutputStream:75 - [STDERR_REDIRECT] [Fatal Error] :1:1: Premature end of file.
2026-08-07 03:01:42,420 [ERROR] LogOutputStream:75 - [STDERR_REDIRECT] 
2026-08-07 03:01:43,407 [ERROR] LogOutputStream:75 - [STDERR_REDIRECT] [Fatal Error] :1:1: Premature end of file.
2026-08-07 03:01:43,407 [ERROR] LogOutputStream:75 - [STDERR_REDIRECT] 
2026-08-07 03:01:44,407 [ERROR] LogOutputStream:75 - [STDERR_REDIRECT] [Fatal Error] :1:1: Premature end of file.
2026-08-07 03:01:44,407 [ERROR] LogOutputStream:75 - [STDERR_REDIRECT] 
2026-08-07 03:01:45,408 [ERROR] LogOutputStream:75 - [STDERR_REDIRECT] [Fatal Error] :1:1: Premature end of file.
2026-08-07 03:01:45,408 [ERROR] LogOutputStream:75 - [STDERR_REDIRECT] 
2026-08-07 03:01:46,409 [ERROR] LogOutputStream:75 - [STDERR_REDIRECT] [Fatal Error] :1:1: Premature end of file.
2026-08-07 03:01:46,409 [ERROR] LogOutputStream:75 - [STDERR_REDIRECT] 
2026-08-07 03:01:47,411 [ERROR] LogOutputStream:75 - [STDERR_REDIRECT] [Fatal Error] :1:1: Premature end of file.
2026-08-07 03:01:47,411 [ERROR] LogOutputStream:75 - [STDERR_REDIRECT] 
2026-08-07 03:01:48,411 [ERROR] LogOutputStream:75 - [STDERR_REDIRECT] [Fatal Error] :1:1: Premature end of file.
2026-08-07 03:01:48,411 [ERROR] LogOutputStream:75 - [STDERR_REDIRECT] 
2026-08-07 03:01:49,402 [ERROR] LogOutputStream:75 - [STDERR_REDIRECT] [Fatal Error] :1:1: Premature end of file.
2026-08-07 03:01:49,402 [ERROR] LogOutputStream:75 - [STDERR_REDIRECT] 
2026-08-07 03:01:50,412 [ERROR] LogOutputStream:75 - [STDERR_REDIRECT] [Fatal Error] :1:1: Premature end of file.
2026-08-07 03:01:50,412 [ERROR] LogOutputStream:75 - [STDERR_REDIRECT] 
2026-08-07 03:01:51,406 [ERROR] LogOutputStream:75 - [STDERR_REDIRECT] [Fatal Error] :1:1: Premature end of file.
2026-08-07 03:01:51,406 [ERROR] LogOutputStream:75 - [STDERR_REDIRECT] 
2026-08-07 03:01:52,400 [ERROR] LogOutputStream:75 - [STDERR_REDIRECT] [Fatal Error] :1:1: Premature end of file.
2026-08-07 03:01:52,400 [ERROR] LogOutputStream:75 - [STDERR_REDIRECT] 
2026-08-07 03:01:53,466 [ERROR] LogOutputStream:75 - [STDERR_REDIRECT] [Fatal Error] :1:1: Premature end of file.
2026-08-07 03:01:53,480 [ERROR] LogOutputStream:75 - [STDERR_REDIRECT] 
2026-08-07 03:01:54,404 [ERROR] LogOutputStream:75 - [STDERR_REDIRECT] [Fatal Error] :1:1: Premature end of file.
2026-08-07 03:01:54,404 [ERROR] LogOutputStream:75 - [STDERR_REDIRECT] 
2026-08-07 03:01:55,408 [ERROR] LogOutputStream:75 - [STDERR_REDIRECT] [Fatal Error] :1:1: Premature end of file.
2026-08-07 03:01:55,408 [ERROR] LogOutputStream:75 - [STDERR_REDIRECT] 
2026-08-07 03:01:56,400 [ERROR] LogOutputStream:75 - [STDERR_REDIRECT] [Fatal Error] :1:1: Premature end of file.
2026-08-07 03:01:56,400 [ERROR] LogOutputStream:75 - [STDERR_REDIRECT] 
2026-08-07 03:01:57,395 [ERROR] LogOutputStream:75 - [STDERR_REDIRECT] [Fatal Error] :1:1: Premature end of file.
2026-08-07 03:01:57,395 [ERROR] LogOutputStream:75 - [STDERR_REDIRECT] 
2026-08-07 03:01:58,401 [ERROR] LogOutputStream:75 - [STDERR_REDIRECT] [Fatal Error] :1:1: Premature end of file.
2026-08-07 03:01:58,401 [ERROR] LogOutputStream:75 - [STDERR_REDIRECT] 
2026-08-07 03:01:59,409 [ERROR] LogOutputStream:75 - [STDERR_REDIRECT] [Fatal Error] :1:1: Premature end of file.
2026-08-07 03:01:59,409 [ERROR] LogOutputStream:75 - [STDERR_REDIRECT] 
2026-08-07 03:02:00,404 [ERROR] LogOutputStream:75 - [STDERR_REDIRECT] [Fatal Error] :1:1: Premature end of file.
2026-08-07 03:02:00,404 [ERROR] LogOutputStream:75 - [STDERR_REDIRECT] 
2026-08-07 03:02:01,409 [ERROR] LogOutputStream:75 - [STDERR_REDIRECT] [Fatal Error] :1:1: Premature end of file.
2026-08-07 03:02:01,409 [ERROR] LogOutputStream:75 - [STDERR_REDIRECT] 
2026-08-07 03:02:02,408 [ERROR] LogOutputStream:75 - [STDERR_REDIRECT] [Fatal Error] :1:1: Premature end of file.
2026-08-07 03:02:02,415 [ERROR] LogOutputStream:75 - [STDERR_REDIRECT] 
2026-08-07 03:02:03,408 [ERROR] LogOutputStream:75 - [STDERR_REDIRECT] [Fatal Error] :1:1: Premature end of file.
2026-08-07 03:02:03,408 [ERROR] LogOutputStream:75 - [STDERR_REDIRECT] 
2026-08-07 03:02:04,419 [ERROR] LogOutputStream:75 - [STDERR_REDIRECT] [Fatal Error] :1:1: Premature end of file.
2026-08-07 03:02:04,419 [ERROR] LogOutputStream:75 - [STDERR_REDIRECT] 
2026-08-07 03:02:05,406 [ERROR] LogOutputStream:75 - [STDERR_REDIRECT] [Fatal Error] :1:1: Premature end of file.
2026-08-07 03:02:05,406 [ERROR] LogOutputStream:75 - [STDERR_REDIRECT] 
2026-08-07 03:02:06,410 [ERROR] LogOutputStream:75 - [STDERR_REDIRECT] [Fatal Error] :1:1: Premature end of file.
2026-08-07 03:02:06,410 [ERROR] LogOutputStream:75 - [STDERR_REDIRECT] 
2026-08-07 03:02:07,404 [ERROR] LogOutputStream:75 - [STDERR_REDIRECT] [Fatal Error] :1:1: Premature end of file.
2026-08-07 03:02:07,404 [ERROR] LogOutputStream:75 - [STDERR_REDIRECT] 
2026-08-07 03:02:08,407 [ERROR] LogOutputStream:75 - [STDERR_REDIRECT] [Fatal Error] :1:1: Premature end of file.
2026-08-07 03:02:08,407 [ERROR] LogOutputStream:75 - [STDERR_REDIRECT] 
2026-08-07 03:02:09,403 [ERROR] LogOutputStream:75 - [STDERR_REDIRECT] [Fatal Error] :1:1: Premature end of file.
2026-08-07 03:02:09,403 [ERROR] LogOutputStream:75 - [STDERR_REDIRECT] 
2026-08-07 03:02:10,412 [ERROR] LogOutputStream:75 - [STDERR_REDIRECT] [Fatal Error] :1:1: Premature end of file.
2026-08-07 03:02:10,412 [ERROR] LogOutputStream:75 - [STDERR_REDIRECT] 
2026-08-07 03:02:11,406 [ERROR] LogOutputStream:75 - [STDERR_REDIRECT] [Fatal Error] :1:1: Premature end of file.
2026-08-07 03:02:11,406 [ERROR] LogOutputStream:75 - [STDERR_REDIRECT] 
2026-08-07 03:02:12,409 [ERROR] LogOutputStream:75 - [STDERR_REDIRECT] [Fatal Error] :1:1: Premature end of file.
2026-08-07 03:02:12,409 [ERROR] LogOutputStream:75 - [STDERR_REDIRECT] 
2026-08-07 03:02:13,399 [ERROR] LogOutputStream:75 - [STDERR_REDIRECT] [Fatal Error] :1:1: Premature end of file.
2026-08-07 03:02:13,399 [ERROR] LogOutputStream:75 - [STDERR_REDIRECT] 
2026-08-07 03:02:14,412 [ERROR] LogOutputStream:75 - [STDERR_REDIRECT] [Fatal Error] :1:1: Premature end of file.
2026-08-07 03:02:14,412 [ERROR] LogOutputStream:75 - [STDERR_REDIRECT] 
2026-08-07 03:02:15,399 [ERROR] LogOutputStream:75 - [STDERR_REDIRECT] [Fatal Error] :1:1: Premature end of file.
2026-08-07 03:02:15,399 [ERROR] LogOutputStream:75 - [STDERR_REDIRECT] 
2026-08-07 03:02:16,399 [ERROR] LogOutputStream:75 - [STDERR_REDIRECT] [Fatal Error] :1:1: Premature end of file.
2026-08-07 03:02:16,399 [ERROR] LogOutputStream:75 - [STDERR_REDIRECT] 
2026-08-07 03:02:17,406 [ERROR] LogOutputStream:75 - [STDERR_REDIRECT] [Fatal Error] :1:1: Premature end of file.
2026-08-07 03:02:17,406 [ERROR] LogOutputStream:75 - [STDERR_REDIRECT] 
2026-08-07 03:02:18,402 [ERROR] LogOutputStream:75 - [STDERR_REDIRECT] [Fatal Error] :1:1: Premature end of file.
2026-08-07 03:02:18,402 [ERROR] LogOutputStream:75 - [STDERR_REDIRECT] 
2026-08-07 03:02:19,421 [ERROR] LogOutputStream:75 - [STDERR_REDIRECT] [Fatal Error] :1:1: Premature end of file.
2026-08-07 03:02:19,421 [ERROR] LogOutputStream:75 - [STDERR_REDIRECT] 
2026-08-07 03:02:20,409 [ERROR] LogOutputStream:75 - [STDERR_REDIRECT] [Fatal Error] :1:1: Premature end of file.
2026-08-07 03:02:20,409 [ERROR] LogOutputStream:75 - [STDERR_REDIRECT] 
2026-08-07 03:02:21,424 [ERROR] LogOutputStream:75 - [STDERR_REDIRECT] [Fatal Error] :1:1: Premature end of file.
2026-08-07 03:02:21,424 [ERROR] LogOutputStream:75 - [STDERR_REDIRECT] 
2026-08-07 03:02:22,417 [ERROR] LogOutputStream:75 - [STDERR_REDIRECT] [Fatal Error] :1:1: Premature end of file.
2026-08-07 03:02:22,417 [ERROR] LogOutputStream:75 - [STDERR_REDIRECT] 
2026-08-07 03:02:23,414 [ERROR] LogOutputStream:75 - [STDERR_REDIRECT] [Fatal Error] :1:1: Premature end of file.
2026-08-07 03:02:23,414 [ERROR] LogOutputStream:75 - [STDERR_REDIRECT] 
2026-08-07 03:02:24,410 [ERROR] LogOutputStream:75 - [STDERR_REDIRECT] [Fatal Error] :1:1: Premature end of file.
2026-08-07 03:02:24,410 [ERROR] LogOutputStream:75 - [STDERR_REDIRECT] 
2026-08-07 03:02:25,406 [ERROR] LogOutputStream:75 - [STDERR_REDIRECT] [Fatal Error] :1:1: Premature end of file.
2026-08-07 03:02:25,419 [ERROR] LogOutputStream:75 - [STDERR_REDIRECT] 
2026-08-07 03:02:26,408 [ERROR] LogOutputStream:75 - [STDERR_REDIRECT] [Fatal Error] :1:1: Premature end of file.
2026-08-07 03:02:26,408 [ERROR] LogOutputStream:75 - [STDERR_REDIRECT] 
2026-08-07 03:02:27,413 [ERROR] LogOutputStream:75 - [STDERR_REDIRECT] [Fatal Error] :1:1: Premature end of file.
2026-08-07 03:02:27,413 [ERROR] LogOutputStream:75 - [STDERR_REDIRECT] 
2026-08-07 03:02:28,405 [ERROR] LogOutputStream:75 - [STDERR_REDIRECT] [Fatal Error] :1:1: Premature end of file.
2026-08-07 03:02:28,405 [ERROR] LogOutputStream:75 - [STDERR_REDIRECT] 
2026-08-07 03:02:29,411 [ERROR] LogOutputStream:75 - [STDERR_REDIRECT] [Fatal Error] :1:1: Premature end of file.
2026-08-07 03:02:29,411 [ERROR] LogOutputStream:75 - [STDERR_REDIRECT] 
2026-08-07 03:02:30,415 [ERROR] LogOutputStream:75 - [STDERR_REDIRECT] [Fatal Error] :1:1: Premature end of file.
2026-08-07 03:02:30,415 [ERROR] LogOutputStream:75 - [STDERR_REDIRECT] 
2026-08-07 03:02:31,408 [ERROR] LogOutputStream:75 - [STDERR_REDIRECT] [Fatal Error] :1:1: Premature end of file.
2026-08-07 03:02:31,408 [ERROR] LogOutputStream:75 - [STDERR_REDIRECT] 
2026-08-07 03:02:32,407 [ERROR] LogOutputStream:75 - [STDERR_REDIRECT] [Fatal Error] :1:1: Premature end of file.
2026-08-07 03:02:32,407 [ERROR] LogOutputStream:75 - [STDERR_REDIRECT] 
2026-08-07 03:02:33,413 [ERROR] LogOutputStream:75 - [STDERR_REDIRECT] [Fatal Error] :1:1: Premature end of file.
2026-08-07 03:02:33,413 [ERROR] LogOutputStream:75 - [STDERR_REDIRECT] 
2026-08-07 03:02:34,410 [ERROR] LogOutputStream:75 - [STDERR_REDIRECT] [Fatal Error] :1:1: Premature end of file.
2026-08-07 03:02:34,410 [ERROR] LogOutputStream:75 - [STDERR_REDIRECT] 
2026-08-07 03:02:35,406 [ERROR] LogOutputStream:75 - [STDERR_REDIRECT] [Fatal Error] :1:1: Premature end of file.
2026-08-07 03:02:35,406 [ERROR] LogOutputStream:75 - [STDERR_REDIRECT] 
2026-08-07 03:02:36,399 [ERROR] LogOutputStream:75 - [STDERR_REDIRECT] [Fatal Error] :1:1: Premature end of file.
2026-08-07 03:02:36,399 [ERROR] LogOutputStream:75 - [STDERR_REDIRECT] 
2026-08-07 03:02:37,403 [ERROR] LogOutputStream:75 - [STDERR_REDIRECT] [Fatal Error] :1:1: Premature end of file.
2026-08-07 03:02:37,403 [ERROR] LogOutputStream:75 - [STDERR_REDIRECT] 
2026-08-07 03:02:38,395 [ERROR] LogOutputStream:75 - [STDERR_REDIRECT] [Fatal Error] :1:1: Premature end of file.
2026-08-07 03:02:38,395 [ERROR] LogOutputStream:75 - [STDERR_REDIRECT] 
2026-08-07 03:02:39,401 [ERROR] LogOutputStream:75 - [STDERR_REDIRECT] [Fatal Error] :1:1: Premature end of file.
2026-08-07 03:02:39,401 [ERROR] LogOutputStream:75 - [STDERR_REDIRECT] 
2026-08-07 03:02:40,411 [ERROR] LogOutputStream:75 - [STDERR_REDIRECT] [Fatal Error] :1:1: Premature end of file.
2026-08-07 03:02:40,411 [ERROR] LogOutputStream:75 - [STDERR_REDIRECT] 
2026-08-07 03:02:41,475 [ERROR] LogOutputStream:75 - [STDERR_REDIRECT] [Fatal Error] :1:1: Premature end of file.
2026-08-07 03:02:41,475 [ERROR] LogOutputStream:75 - [STDERR_REDIRECT] 
2026-08-07 03:02:42,409 [ERROR] LogOutputStream:75 - [STDERR_REDIRECT] [Fatal Error] :1:1: Premature end of file.
2026-08-07 03:02:42,409 [ERROR] LogOutputStream:75 - [STDERR_REDIRECT] 
2026-08-07 03:02:43,414 [ERROR] LogOutputStream:75 - [STDERR_REDIRECT] [Fatal Error] :1:1: Premature end of file.
2026-08-07 03:02:43,414 [ERROR] LogOutputStream:75 - [STDERR_REDIRECT] 
2026-08-07 03:02:44,488 [ERROR] LogOutputStream:75 - [STDERR_REDIRECT] [Fatal Error] :1:1: Premature end of file.
2026-08-07 03:02:44,488 [ERROR] LogOutputStream:75 - [STDERR_REDIRECT] 
2026-08-07 03:02:45,444 [ERROR] LogOutputStream:75 - [STDERR_REDIRECT] [Fatal Error] :1:1: Premature end of file.
2026-08-07 03:02:45,444 [ERROR] LogOutputStream:75 - [STDERR_REDIRECT] 
2026-08-07 03:02:46,405 [ERROR] LogOutputStream:75 - [STDERR_REDIRECT] [Fatal Error] :1:1: Premature end of file.
2026-08-07 03:02:46,405 [ERROR] LogOutputStream:75 - [STDERR_REDIRECT] 
2026-08-07 03:02:47,411 [ERROR] LogOutputStream:75 - [STDERR_REDIRECT] [Fatal Error] :1:1: Premature end of file.
2026-08-07 03:02:47,411 [ERROR] LogOutputStream:75 - [STDERR_REDIRECT] 
2026-08-07 03:02:48,403 [ERROR] LogOutputStream:75 - [STDERR_REDIRECT] [Fatal Error] :1:1: Premature end of file.
2026-08-07 03:02:48,403 [ERROR] LogOutputStream:75 - [STDERR_REDIRECT] 
2026-08-07 03:02:49,403 [ERROR] LogOutputStream:75 - [STDERR_REDIRECT] [Fatal Error] :1:1: Premature end of file.
2026-08-07 03:02:49,403 [ERROR] LogOutputStream:75 - [STDERR_REDIRECT] 
2026-08-07 03:02:50,413 [ERROR] LogOutputStream:75 - [STDERR_REDIRECT] [Fatal Error] :1:1: Premature end of file.
2026-08-07 03:02:50,413 [ERROR] LogOutputStream:75 - [STDERR_REDIRECT] 
2026-08-07 03:02:51,401 [ERROR] LogOutputStream:75 - [STDERR_REDIRECT] [Fatal Error] :1:1: Premature end of file.
2026-08-07 03:02:51,401 [ERROR] LogOutputStream:75 - [STDERR_REDIRECT] 
2026-08-07 03:02:52,413 [ERROR] LogOutputStream:75 - [STDERR_REDIRECT] [Fatal Error] :1:1: Premature end of file.
2026-08-07 03:02:52,413 [ERROR] LogOutputStream:75 - [STDERR_REDIRECT] 
2026-08-07 03:02:53,412 [ERROR] LogOutputStream:75 - [STDERR_REDIRECT] [Fatal Error] :1:1: Premature end of file.
2026-08-07 03:02:53,415 [ERROR] LogOutputStream:75 - [STDERR_REDIRECT] 
2026-08-07 03:02:54,406 [ERROR] LogOutputStream:75 - [STDERR_REDIRECT] [Fatal Error] :1:1: Premature end of file.
2026-08-07 03:02:54,406 [ERROR] LogOutputStream:75 - [STDERR_REDIRECT] 
2026-08-07 03:02:55,424 [ERROR] LogOutputStream:75 - [STDERR_REDIRECT] [Fatal Error] :1:1: Premature end of file.
2026-08-07 03:02:55,424 [ERROR] LogOutputStream:75 - [STDERR_REDIRECT] 
2026-08-07 03:02:56,402 [ERROR] LogOutputStream:75 - [STDERR_REDIRECT] [Fatal Error] :1:1: Premature end of file.
2026-08-07 03:02:56,402 [ERROR] LogOutputStream:75 - [STDERR_REDIRECT] 
2026-08-07 03:02:57,396 [ERROR] LogOutputStream:75 - [STDERR_REDIRECT] [Fatal Error] :1:1: Premature end of file.
2026-08-07 03:02:57,396 [ERROR] LogOutputStream:75 - [STDERR_REDIRECT] 
2026-08-07 03:02:58,395 [ERROR] LogOutputStream:75 - [STDERR_REDIRECT] [Fatal Error] :1:1: Premature end of file.
2026-08-07 03:02:58,395 [ERROR] LogOutputStream:75 - [STDERR_REDIRECT] 
2026-08-07 03:02:59,405 [ERROR] LogOutputStream:75 - [STDERR_REDIRECT] [Fatal Error] :1:1: Premature end of file.
2026-08-07 03:02:59,405 [ERROR] LogOutputStream:75 - [STDERR_REDIRECT] 
2026-08-07 03:03:00,418 [ERROR] LogOutputStream:75 - [STDERR_REDIRECT] [Fatal Error] :1:1: Premature end of file.
2026-08-07 03:03:00,418 [ERROR] LogOutputStream:75 - [STDERR_REDIRECT] 
2026-08-07 03:03:01,410 [ERROR] LogOutputStream:75 - [STDERR_REDIRECT] [Fatal Error] :1:1: Premature end of file.
2026-08-07 03:03:01,410 [ERROR] LogOutputStream:75 - [STDERR_REDIRECT] 
2026-08-07 03:03:02,409 [ERROR] LogOutputStream:75 - [STDERR_REDIRECT] [Fatal Error] :1:1: Premature end of file.
2026-08-07 03:03:02,415 [ERROR] LogOutputStream:75 - [STDERR_REDIRECT] 
2026-08-07 03:03:03,415 [ERROR] LogOutputStream:75 - [STDERR_REDIRECT] [Fatal Error] :1:1: Premature end of file.
2026-08-07 03:03:03,415 [ERROR] LogOutputStream:75 - [STDERR_REDIRECT] 
2026-08-07 03:03:04,415 [ERROR] LogOutputStream:75 - [STDERR_REDIRECT] [Fatal Error] :1:1: Premature end of file.
2026-08-07 03:03:04,415 [ERROR] LogOutputStream:75 - [STDERR_REDIRECT] 
2026-08-07 03:03:05,406 [ERROR] LogOutputStream:75 - [STDERR_REDIRECT] [Fatal Error] :1:1: Premature end of file.
2026-08-07 03:03:05,406 [ERROR] LogOutputStream:75 - [STDERR_REDIRECT] 
2026-08-07 03:03:06,406 [ERROR] LogOutputStream:75 - [STDERR_REDIRECT] [Fatal Error] :1:1: Premature end of file.
2026-08-07 03:03:06,406 [ERROR] LogOutputStream:75 - [STDERR_REDIRECT] 
2026-08-07 03:03:07,406 [ERROR] LogOutputStream:75 - [STDERR_REDIRECT] [Fatal Error] :1:1: Premature end of file.
2026-08-07 03:03:07,406 [ERROR] LogOutputStream:75 - [STDERR_REDIRECT] 
2026-08-07 03:03:08,409 [ERROR] LogOutputStream:75 - [STDERR_REDIRECT] [Fatal Error] :1:1: Premature end of file.
2026-08-07 03:03:08,409 [ERROR] LogOutputStream:75 - [STDERR_REDIRECT] 
2026-08-07 03:03:09,403 [ERROR] LogOutputStream:75 - [STDERR_REDIRECT] [Fatal Error] :1:1: Premature end of file.
2026-08-07 03:03:09,403 [ERROR] LogOutputStream:75 - [STDERR_REDIRECT] 
2026-08-07 03:03:10,413 [ERROR] LogOutputStream:75 - [STDERR_REDIRECT] [Fatal Error] :1:1: Premature end of file.
2026-08-07 03:03:10,413 [ERROR] LogOutputStream:75 - [STDERR_REDIRECT] 
2026-08-07 03:03:11,408 [ERROR] LogOutputStream:75 - [STDERR_REDIRECT] [Fatal Error] :1:1: Premature end of file.
2026-08-07 03:03:11,408 [ERROR] LogOutputStream:75 - [STDERR_REDIRECT] 
2026-08-07 03:03:12,421 [ERROR] LogOutputStream:75 - [STDERR_REDIRECT] [Fatal Error] :1:1: Premature end of file.
2026-08-07 03:03:12,421 [ERROR] LogOutputStream:75 - [STDERR_REDIRECT] 
2026-08-07 03:03:13,400 [ERROR] LogOutputStream:75 - [STDERR_REDIRECT] [Fatal Error] :1:1: Premature end of file.
2026-08-07 03:03:13,412 [ERROR] LogOutputStream:75 - [STDERR_REDIRECT] 
2026-08-07 03:03:14,407 [ERROR] LogOutputStream:75 - [STDERR_REDIRECT] [Fatal Error] :1:1: Premature end of file.
2026-08-07 03:03:14,407 [ERROR] LogOutputStream:75 - [STDERR_REDIRECT] 
2026-08-07 03:03:15,398 [ERROR] LogOutputStream:75 - [STDERR_REDIRECT] [Fatal Error] :1:1: Premature end of file.
2026-08-07 03:03:15,398 [ERROR] LogOutputStream:75 - [STDERR_REDIRECT] 
2026-08-07 03:03:16,405 [ERROR] LogOutputStream:75 - [STDERR_REDIRECT] [Fatal Error] :1:1: Premature end of file.
2026-08-07 03:03:16,405 [ERROR] LogOutputStream:75 - [STDERR_REDIRECT] 
2026-08-07 03:03:17,397 [ERROR] LogOutputStream:75 - [STDERR_REDIRECT] [Fatal Error] :1:1: Premature end of file.
2026-08-07 03:03:17,397 [ERROR] LogOutputStream:75 - [STDERR_REDIRECT] 
2026-08-07 03:03:18,396 [ERROR] LogOutputStream:75 - [STDERR_REDIRECT] [Fatal Error] :1:1: Premature end of file.
2026-08-07 03:03:18,396 [ERROR] LogOutputStream:75 - [STDERR_REDIRECT] 
2026-08-07 03:03:19,403 [ERROR] LogOutputStream:75 - [STDERR_REDIRECT] [Fatal Error] :1:1: Premature end of file.
2026-08-07 03:03:19,403 [ERROR] LogOutputStream:75 - [STDERR_REDIRECT] 
2026-08-07 03:03:20,411 [ERROR] LogOutputStream:75 - [STDERR_REDIRECT] [Fatal Error] :1:1: Premature end of file.
2026-08-07 03:03:20,411 [ERROR] LogOutputStream:75 - [STDERR_REDIRECT] 
2026-08-07 03:03:21,410 [ERROR] LogOutputStream:75 - [STDERR_REDIRECT] [Fatal Error] :1:1: Premature end of file.
2026-08-07 03:03:21,410 [ERROR] LogOutputStream:75 - [STDERR_REDIRECT] 
2026-08-07 03:03:22,417 [ERROR] LogOutputStream:75 - [STDERR_REDIRECT] [Fatal Error] :1:1: Premature end of file.
2026-08-07 03:03:22,417 [ERROR] LogOutputStream:75 - [STDERR_REDIRECT] 
2026-08-07 03:03:23,414 [ERROR] LogOutputStream:75 - [STDERR_REDIRECT] [Fatal Error] :1:1: Premature end of file.
2026-08-07 03:03:23,414 [ERROR] LogOutputStream:75 - [STDERR_REDIRECT] 
2026-08-07 03:03:24,411 [ERROR] LogOutputStream:75 - [STDERR_REDIRECT] [Fatal Error] :1:1: Premature end of file.
2026-08-07 03:03:24,411 [ERROR] LogOutputStream:75 - [STDERR_REDIRECT] 
2026-08-07 03:03:25,418 [ERROR] LogOutputStream:75 - [STDERR_REDIRECT] [Fatal Error] :1:1: Premature end of file.
2026-08-07 03:03:25,418 [ERROR] LogOutputStream:75 - [STDERR_REDIRECT] 
2026-08-07 03:03:26,414 [ERROR] LogOutputStream:75 - [STDERR_REDIRECT] [Fatal Error] :1:1: Premature end of file.
2026-08-07 03:03:26,414 [ERROR] LogOutputStream:75 - [STDERR_REDIRECT] 
2026-08-07 03:03:27,408 [ERROR] LogOutputStream:75 - [STDERR_REDIRECT] [Fatal Error] :1:1: Premature end of file.
2026-08-07 03:03:27,408 [ERROR] LogOutputStream:75 - [STDERR_REDIRECT] 
2026-08-07 03:03:28,416 [ERROR] LogOutputStream:75 - [STDERR_REDIRECT] [Fatal Error] :1:1: Premature end of file.
2026-08-07 03:03:28,416 [ERROR] LogOutputStream:75 - [STDERR_REDIRECT] 
2026-08-07 03:03:29,414 [ERROR] LogOutputStream:75 - [STDERR_REDIRECT] [Fatal Error] :1:1: Premature end of file.
2026-08-07 03:03:29,414 [ERROR] LogOutputStream:75 - [STDERR_REDIRECT] 
2026-08-07 03:03:30,410 [ERROR] LogOutputStream:75 - [STDERR_REDIRECT] [Fatal Error] :1:1: Premature end of file.
2026-08-07 03:03:30,410 [ERROR] LogOutputStream:75 - [STDERR_REDIRECT] 
2026-08-07 03:03:31,408 [ERROR] LogOutputStream:75 - [STDERR_REDIRECT] [Fatal Error] :1:1: Premature end of file.
2026-08-07 03:03:31,408 [ERROR] LogOutputStream:75 - [STDERR_REDIRECT] 
2026-08-07 03:03:32,498 [ERROR] LogOutputStream:75 - [STDERR_REDIRECT] [Fatal Error] :1:1: Premature end of file.
2026-08-07 03:03:32,498 [ERROR] LogOutputStream:75 - [STDERR_REDIRECT] 
2026-08-07 03:03:33,400 [ERROR] LogOutputStream:75 - [STDERR_REDIRECT] [Fatal Error] :1:1: Premature end of file.
2026-08-07 03:03:33,400 [ERROR] LogOutputStream:75 - [STDERR_REDIRECT] 
2026-08-07 03:03:34,404 [ERROR] LogOutputStream:75 - [STDERR_REDIRECT] [Fatal Error] :1:1: Premature end of file.
2026-08-07 03:03:34,404 [ERROR] LogOutputStream:75 - [STDERR_REDIRECT] 
2026-08-07 03:03:35,417 [ERROR] LogOutputStream:75 - [STDERR_REDIRECT] [Fatal Error] :1:1: Premature end of file.
2026-08-07 03:03:35,417 [ERROR] LogOutputStream:75 - [STDERR_REDIRECT] 
2026-08-07 03:03:36,409 [ERROR] LogOutputStream:75 - [STDERR_REDIRECT] [Fatal Error] :1:1: Premature end of file.
2026-08-07 03:03:36,409 [ERROR] LogOutputStream:75 - [STDERR_REDIRECT] 
2026-08-07 03:03:37,399 [ERROR] LogOutputStream:75 - [STDERR_REDIRECT] [Fatal Error] :1:1: Premature end of file.
2026-08-07 03:03:37,399 [ERROR] LogOutputStream:75 - [STDERR_REDIRECT] 
2026-08-07 03:03:38,409 [ERROR] LogOutputStream:75 - [STDERR_REDIRECT] [Fatal Error] :1:1: Premature end of file.
2026-08-07 03:03:38,409 [ERROR] LogOutputStream:75 - [STDERR_REDIRECT] 
2026-08-07 03:03:39,408 [ERROR] LogOutputStream:75 - [STDERR_REDIRECT] [Fatal Error] :1:1: Premature end of file.
2026-08-07 03:03:39,408 [ERROR] LogOutputStream:75 - [STDERR_REDIRECT] 
2026-08-07 03:03:40,394 [ERROR] LogOutputStream:75 - [STDERR_REDIRECT] [Fatal Error] :1:1: Premature end of file.
2026-08-07 03:03:40,394 [ERROR] LogOutputStream:75 - [STDERR_REDIRECT] 
2026-08-07 03:03:41,410 [ERROR] LogOutputStream:75 - [STDERR_REDIRECT] [Fatal Error] :1:1: Premature end of file.
2026-08-07 03:03:41,410 [ERROR] LogOutputStream:75 - [STDERR_REDIRECT] 
2026-08-07 03:03:42,413 [ERROR] LogOutputStream:75 - [STDERR_REDIRECT] [Fatal Error] :1:1: Premature end of file.
2026-08-07 03:03:42,413 [ERROR] LogOutputStream:75 - [STDERR_REDIRECT] 
2026-08-07 03:03:43,412 [ERROR] LogOutputStream:75 - [STDERR_REDIRECT] [Fatal Error] :1:1: Premature end of file.
2026-08-07 03:03:43,412 [ERROR] LogOutputStream:75 - [STDERR_REDIRECT] 
2026-08-07 03:03:44,413 [ERROR] LogOutputStream:75 - [STDERR_REDIRECT] [Fatal Error] :1:1: Premature end of file.
2026-08-07 03:03:44,413 [ERROR] LogOutputStream:75 - [STDERR_REDIRECT] 
2026-08-07 03:03:45,420 [ERROR] LogOutputStream:75 - [STDERR_REDIRECT] [Fatal Error] :1:1: Premature end of file.
2026-08-07 03:03:45,420 [ERROR] LogOutputStream:75 - [STDERR_REDIRECT] 
2026-08-07 03:03:46,417 [ERROR] LogOutputStream:75 - [STDERR_REDIRECT] [Fatal Error] :1:1: Premature end of file.
2026-08-07 03:03:46,417 [ERROR] LogOutputStream:75 - [STDERR_REDIRECT] 
2026-08-07 03:03:47,410 [ERROR] LogOutputStream:75 - [STDERR_REDIRECT] [Fatal Error] :1:1: Premature end of file.
2026-08-07 03:03:47,410 [ERROR] LogOutputStream:75 - [STDERR_REDIRECT] 
2026-08-07 03:03:48,410 [ERROR] LogOutputStream:75 - [STDERR_REDIRECT] [Fatal Error] :1:1: Premature end of file.
2026-08-07 03:03:48,410 [ERROR] LogOutputStream:75 - [STDERR_REDIRECT] 
2026-08-07 03:03:49,420 [ERROR] LogOutputStream:75 - [STDERR_REDIRECT] [Fatal Error] :1:1: Premature end of file.
2026-08-07 03:03:49,420 [ERROR] LogOutputStream:75 - [STDERR_REDIRECT] 
2026-08-07 03:03:50,406 [ERROR] LogOutputStream:75 - [STDERR_REDIRECT] [Fatal Error] :1:1: Premature end of file.
2026-08-07 03:03:50,406 [ERROR] LogOutputStream:75 - [STDERR_REDIRECT] 
2026-08-07 03:03:51,407 [ERROR] LogOutputStream:75 - [STDERR_REDIRECT] [Fatal Error] :1:1: Premature end of file.
2026-08-07 03:03:51,407 [ERROR] LogOutputStream:75 - [STDERR_REDIRECT] 
2026-08-07 03:03:52,401 [ERROR] LogOutputStream:75 - [STDERR_REDIRECT] [Fatal Error] :1:1: Premature end of file.
2026-08-07 03:03:52,401 [ERROR] LogOutputStream:75 - [STDERR_REDIRECT] 
2026-08-07 03:03:53,402 [ERROR] LogOutputStream:75 - [STDERR_REDIRECT] [Fatal Error] :1:1: Premature end of file.
2026-08-07 03:03:53,402 [ERROR] LogOutputStream:75 - [STDERR_REDIRECT] 
2026-08-07 03:03:54,399 [ERROR] LogOutputStream:75 - [STDERR_REDIRECT] [Fatal Error] :1:1: Premature end of file.
2026-08-07 03:03:54,399 [ERROR] LogOutputStream:75 - [STDERR_REDIRECT] 
2026-08-07 03:03:55,398 [ERROR] LogOutputStream:75 - [STDERR_REDIRECT] [Fatal Error] :1:1: Premature end of file.
2026-08-07 03:03:55,398 [ERROR] LogOutputStream:75 - [STDERR_REDIRECT] 
2026-08-07 03:03:56,398 [ERROR] LogOutputStream:75 - [STDERR_REDIRECT] [Fatal Error] :1:1: Premature end of file.
2026-08-07 03:03:56,398 [ERROR] LogOutputStream:75 - [STDERR_REDIRECT] 
2026-08-07 03:03:57,397 [ERROR] LogOutputStream:75 - [STDERR_REDIRECT] [Fatal Error] :1:1: Premature end of file.
2026-08-07 03:03:57,397 [ERROR] LogOutputStream:75 - [STDERR_REDIRECT] 
2026-08-07 03:03:58,402 [ERROR] LogOutputStream:75 - [STDERR_REDIRECT] [Fatal Error] :1:1: Premature end of file.
2026-08-07 03:03:58,402 [ERROR] LogOutputStream:75 - [STDERR_REDIRECT] 
2026-08-07 03:03:59,412 [ERROR] LogOutputStream:75 - [STDERR_REDIRECT] [Fatal Error] :1:1: Premature end of file.
2026-08-07 03:03:59,412 [ERROR] LogOutputStream:75 - [STDERR_REDIRECT] 
2026-08-07 03:04:00,394 [ERROR] LogOutputStream:75 - [STDERR_REDIRECT] [Fatal Error] :1:1: Premature end of file.
2026-08-07 03:04:00,394 [ERROR] LogOutputStream:75 - [STDERR_REDIRECT] 
2026-08-07 03:04:01,410 [ERROR] LogOutputStream:75 - [STDERR_REDIRECT] [Fatal Error] :1:1: Premature end of file.
2026-08-07 03:04:01,410 [ERROR] LogOutputStream:75 - [STDERR_REDIRECT] 
2026-08-07 03:04:02,409 [ERROR] LogOutputStream:75 - [STDERR_REDIRECT] [Fatal Error] :1:1: Premature end of file.
2026-08-07 03:04:02,409 [ERROR] LogOutputStream:75 - [STDERR_REDIRECT] 
2026-08-07 03:04:03,411 [ERROR] LogOutputStream:75 - [STDERR_REDIRECT] [Fatal Error] :1:1: Premature end of file.
2026-08-07 03:04:03,411 [ERROR] LogOutputStream:75 - [STDERR_REDIRECT] 
2026-08-07 03:04:04,420 [ERROR] LogOutputStream:75 - [STDERR_REDIRECT] [Fatal Error] :1:1: Premature end of file.
2026-08-07 03:04:04,420 [ERROR] LogOutputStream:75 - [STDERR_REDIRECT] 
2026-08-07 03:04:05,414 [ERROR] LogOutputStream:75 - [STDERR_REDIRECT] [Fatal Error] :1:1: Premature end of file.
2026-08-07 03:04:05,414 [ERROR] LogOutputStream:75 - [STDERR_REDIRECT] 
2026-08-07 03:04:06,502 [ERROR] LogOutputStream:75 - [STDERR_REDIRECT] [Fatal Error] :1:1: Premature end of file.
2026-08-07 03:04:06,502 [ERROR] LogOutputStream:75 - [STDERR_REDIRECT] 
2026-08-07 03:04:07,437 [ERROR] LogOutputStream:75 - [STDERR_REDIRECT] [Fatal Error] :1:1: Premature end of file.
2026-08-07 03:04:07,437 [ERROR] LogOutputStream:75 - [STDERR_REDIRECT] 
2026-08-07 03:04:08,404 [ERROR] LogOutputStream:75 - [STDERR_REDIRECT] [Fatal Error] :1:1: Premature end of file.
2026-08-07 03:04:08,404 [ERROR] LogOutputStream:75 - [STDERR_REDIRECT] 
2026-08-07 03:04:09,407 [ERROR] LogOutputStream:75 - [STDERR_REDIRECT] [Fatal Error] :1:1: Premature end of file.
2026-08-07 03:04:09,407 [ERROR] LogOutputStream:75 - [STDERR_REDIRECT] 
2026-08-07 03:04:10,407 [ERROR] LogOutputStream:75 - [STDERR_REDIRECT] [Fatal Error] :1:1: Premature end of file.
2026-08-07 03:04:10,407 [ERROR] LogOutputStream:75 - [STDERR_REDIRECT] 
2026-08-07 03:04:11,410 [ERROR] LogOutputStream:75 - [STDERR_REDIRECT] [Fatal Error] :1:1: Premature end of file.
2026-08-07 03:04:11,410 [ERROR] LogOutputStream:75 - [STDERR_REDIRECT] 
2026-08-07 03:04:12,401 [ERROR] LogOutputStream:75 - [STDERR_REDIRECT] [Fatal Error] :1:1: Premature end of file.
2026-08-07 03:04:12,401 [ERROR] LogOutputStream:75 - [STDERR_REDIRECT] 
2026-08-07 03:04:13,422 [ERROR] LogOutputStream:75 - [STDERR_REDIRECT] [Fatal Error] :1:1: Premature end of file.
2026-08-07 03:04:13,422 [ERROR] LogOutputStream:75 - [STDERR_REDIRECT] 
2026-08-07 03:04:14,404 [ERROR] LogOutputStream:75 - [STDERR_REDIRECT] [Fatal Error] :1:1: Premature end of file.
2026-08-07 03:04:14,404 [ERROR] LogOutputStream:75 - [STDERR_REDIRECT] 
2026-08-07 03:04:15,410 [ERROR] LogOutputStream:75 - [STDERR_REDIRECT] [Fatal Error] :1:1: Premature end of file.
2026-08-07 03:04:15,410 [ERROR] LogOutputStream:75 - [STDERR_REDIRECT] 
2026-08-07 03:04:16,398 [ERROR] LogOutputStream:75 - [STDERR_REDIRECT] [Fatal Error] :1:1: Premature end of file.
2026-08-07 03:04:16,398 [ERROR] LogOutputStream:75 - [STDERR_REDIRECT] 
2026-08-07 03:04:17,397 [ERROR] LogOutputStream:75 - [STDERR_REDIRECT] [Fatal Error] :1:1: Premature end of file.
2026-08-07 03:04:17,397 [ERROR] LogOutputStream:75 - [STDERR_REDIRECT] 
2026-08-07 03:04:18,409 [ERROR] LogOutputStream:75 - [STDERR_REDIRECT] [Fatal Error] :1:1: Premature end of file.
2026-08-07 03:04:18,409 [ERROR] LogOutputStream:75 - [STDERR_REDIRECT] 
2026-08-07 03:04:19,409 [ERROR] LogOutputStream:75 - [STDERR_REDIRECT] [Fatal Error] :1:1: Premature end of file.
2026-08-07 03:04:19,409 [ERROR] LogOutputStream:75 - [STDERR_REDIRECT] 
2026-08-07 03:04:20,411 [ERROR] LogOutputStream:75 - [STDERR_REDIRECT] [Fatal Error] :1:1: Premature end of file.
2026-08-07 03:04:20,411 [ERROR] LogOutputStream:75 - [STDERR_REDIRECT] 
2026-08-07 03:04:21,418 [ERROR] LogOutputStream:75 - [STDERR_REDIRECT] [Fatal Error] :1:1: Premature end of file.
2026-08-07 03:04:21,418 [ERROR] LogOutputStream:75 - [STDERR_REDIRECT] 
2026-08-07 03:04:22,409 [ERROR] LogOutputStream:75 - [STDERR_REDIRECT] [Fatal Error] :1:1: Premature end of file.
2026-08-07 03:04:22,409 [ERROR] LogOutputStream:75 - [STDERR_REDIRECT] 
2026-08-07 03:04:23,415 [ERROR] LogOutputStream:75 - [STDERR_REDIRECT] [Fatal Error] :1:1: Premature end of file.
2026-08-07 03:04:23,415 [ERROR] LogOutputStream:75 - [STDERR_REDIRECT] 
2026-08-07 03:04:24,478 [ERROR] LogOutputStream:75 - [STDERR_REDIRECT] [Fatal Error] :1:1: Premature end of file.
2026-08-07 03:04:24,478 [ERROR] LogOutputStream:75 - [STDERR_REDIRECT] 
2026-08-07 03:04:25,409 [ERROR] LogOutputStream:75 - [STDERR_REDIRECT] [Fatal Error] :1:1: Premature end of file.
2026-08-07 03:04:25,409 [ERROR] LogOutputStream:75 - [STDERR_REDIRECT] 
2026-08-07 03:04:26,406 [ERROR] LogOutputStream:75 - [STDERR_REDIRECT] [Fatal Error] :1:1: Premature end of file.
2026-08-07 03:04:26,406 [ERROR] LogOutputStream:75 - [STDERR_REDIRECT] 
2026-08-07 03:04:27,403 [ERROR] LogOutputStream:75 - [STDERR_REDIRECT] [Fatal Error] :1:1: Premature end of file.
2026-08-07 03:04:27,403 [ERROR] LogOutputStream:75 - [STDERR_REDIRECT] 
2026-08-07 03:04:28,411 [ERROR] LogOutputStream:75 - [STDERR_REDIRECT] [Fatal Error] :1:1: Premature end of file.
2026-08-07 03:04:28,411 [ERROR] LogOutputStream:75 - [STDERR_REDIRECT] 
2026-08-07 03:04:29,405 [ERROR] LogOutputStream:75 - [STDERR_REDIRECT] [Fatal Error] :1:1: Premature end of file.
2026-08-07 03:04:29,405 [ERROR] LogOutputStream:75 - [STDERR_REDIRECT] 
2026-08-07 03:04:30,399 [ERROR] LogOutputStream:75 - [STDERR_REDIRECT] [Fatal Error] :1:1: Premature end of file.
2026-08-07 03:04:30,399 [ERROR] LogOutputStream:75 - [STDERR_REDIRECT] 
2026-08-07 03:04:31,413 [ERROR] LogOutputStream:75 - [STDERR_REDIRECT] [Fatal Error] :1:1: Premature end of file.
2026-08-07 03:04:31,413 [ERROR] LogOutputStream:75 - [STDERR_REDIRECT] 
2026-08-07 03:04:32,405 [ERROR] LogOutputStream:75 - [STDERR_REDIRECT] [Fatal Error] :1:1: Premature end of file.
2026-08-07 03:04:32,405 [ERROR] LogOutputStream:75 - [STDERR_REDIRECT] 
2026-08-07 03:04:33,412 [ERROR] LogOutputStream:75 - [STDERR_REDIRECT] [Fatal Error] :1:1: Premature end of file.
2026-08-07 03:04:33,412 [ERROR] LogOutputStream:75 - [STDERR_REDIRECT] 
2026-08-07 03:04:34,399 [ERROR] LogOutputStream:75 - [STDERR_REDIRECT] [Fatal Error] :1:1: Premature end of file.
2026-08-07 03:04:34,399 [ERROR] LogOutputStream:75 - [STDERR_REDIRECT] 
2026-08-07 03:04:35,399 [ERROR] LogOutputStream:75 - [STDERR_REDIRECT] [Fatal Error] :1:1: Premature end of file.
2026-08-07 03:04:35,399 [ERROR] LogOutputStream:75 - [STDERR_REDIRECT] 
2026-08-07 03:04:36,400 [ERROR] LogOutputStream:75 - [STDERR_REDIRECT] [Fatal Error] :1:1: Premature end of file.
2026-08-07 03:04:36,400 [ERROR] LogOutputStream:75 - [STDERR_REDIRECT] 
2026-08-07 03:04:37,403 [ERROR] LogOutputStream:75 - [STDERR_REDIRECT] [Fatal Error] :1:1: Premature end of file.
2026-08-07 03:04:37,403 [ERROR] LogOutputStream:75 - [STDERR_REDIRECT] 
2026-08-07 03:04:38,396 [ERROR] LogOutputStream:75 - [STDERR_REDIRECT] [Fatal Error] :1:1: Premature end of file.
2026-08-07 03:04:38,396 [ERROR] LogOutputStream:75 - [STDERR_REDIRECT] 
2026-08-07 03:04:39,395 [ERROR] LogOutputStream:75 - [STDERR_REDIRECT] [Fatal Error] :1:1: Premature end of file.
2026-08-07 03:04:39,409 [ERROR] LogOutputStream:75 - [STDERR_REDIRECT] 
2026-08-07 03:04:40,415 [ERROR] LogOutputStream:75 - [STDERR_REDIRECT] [Fatal Error] :1:1: Premature end of file.
2026-08-07 03:04:40,415 [ERROR] LogOutputStream:75 - [STDERR_REDIRECT] 
2026-08-07 03:04:41,430 [ERROR] LogOutputStream:75 - [STDERR_REDIRECT] [Fatal Error] :1:1: Premature end of file.
2026-08-07 03:04:41,430 [ERROR] LogOutputStream:75 - [STDERR_REDIRECT] 
2026-08-07 03:04:42,425 [ERROR] LogOutputStream:75 - [STDERR_REDIRECT] [Fatal Error] :1:1: Premature end of file.
2026-08-07 03:04:42,425 [ERROR] LogOutputStream:75 - [STDERR_REDIRECT] 
2026-08-07 03:04:43,415 [ERROR] LogOutputStream:75 - [STDERR_REDIRECT] [Fatal Error] :1:1: Premature end of file.
2026-08-07 03:04:43,415 [ERROR] LogOutputStream:75 - [STDERR_REDIRECT] 
2026-08-07 03:04:44,421 [ERROR] LogOutputStream:75 - [STDERR_REDIRECT] [Fatal Error] :1:1: Premature end of file.
2026-08-07 03:04:44,421 [ERROR] LogOutputStream:75 - [STDERR_REDIRECT] 
2026-08-07 03:04:45,422 [ERROR] LogOutputStream:75 - [STDERR_REDIRECT] [Fatal Error] :1:1: Premature end of file.
2026-08-07 03:04:45,422 [ERROR] LogOutputStream:75 - [STDERR_REDIRECT] 
2026-08-07 03:04:46,409 [ERROR] LogOutputStream:75 - [STDERR_REDIRECT] [Fatal Error] :1:1: Premature end of file.
2026-08-07 03:04:46,409 [ERROR] LogOutputStream:75 - [STDERR_REDIRECT] 
2026-08-07 03:04:47,419 [ERROR] LogOutputStream:75 - [STDERR_REDIRECT] [Fatal Error] :1:1: Premature end of file.
2026-08-07 03:04:47,419 [ERROR] LogOutputStream:75 - [STDERR_REDIRECT] 
2026-08-07 03:04:48,417 [ERROR] LogOutputStream:75 - [STDERR_REDIRECT] [Fatal Error] :1:1: Premature end of file.
2026-08-07 03:04:48,417 [ERROR] LogOutputStream:75 - [STDERR_REDIRECT] 
2026-08-07 03:04:49,411 [ERROR] LogOutputStream:75 - [STDERR_REDIRECT] [Fatal Error] :1:1: Premature end of file.
2026-08-07 03:04:49,411 [ERROR] LogOutputStream:75 - [STDERR_REDIRECT] 
2026-08-07 03:04:50,409 [ERROR] LogOutputStream:75 - [STDERR_REDIRECT] [Fatal Error] :1:1: Premature end of file.
2026-08-07 03:04:50,409 [ERROR] LogOutputStream:75 - [STDERR_REDIRECT] 
2026-08-07 03:04:51,402 [ERROR] LogOutputStream:75 - [STDERR_REDIRECT] [Fatal Error] :1:1: Premature end of file.
2026-08-07 03:04:51,402 [ERROR] LogOutputStream:75 - [STDERR_REDIRECT] 
2026-08-07 03:04:52,401 [ERROR] LogOutputStream:75 - [STDERR_REDIRECT] [Fatal Error] :1:1: Premature end of file.
2026-08-07 03:04:52,401 [ERROR] LogOutputStream:75 - [STDERR_REDIRECT] 
2026-08-07 03:04:53,401 [ERROR] LogOutputStream:75 - [STDERR_REDIRECT] [Fatal Error] :1:1: Premature end of file.
2026-08-07 03:04:53,401 [ERROR] LogOutputStream:75 - [STDERR_REDIRECT] 
2026-08-07 03:04:54,406 [ERROR] LogOutputStream:75 - [STDERR_REDIRECT] [Fatal Error] :1:1: Premature end of file.
2026-08-07 03:04:54,406 [ERROR] LogOutputStream:75 - [STDERR_REDIRECT] 
2026-08-07 03:04:55,408 [ERROR] LogOutputStream:75 - [STDERR_REDIRECT] [Fatal Error] :1:1: Premature end of file.
2026-08-07 03:04:55,408 [ERROR] LogOutputStream:75 - [STDERR_REDIRECT] 
2026-08-07 03:04:56,402 [ERROR] LogOutputStream:75 - [STDERR_REDIRECT] [Fatal Error] :1:1: Premature end of file.
2026-08-07 03:04:56,402 [ERROR] LogOutputStream:75 - [STDERR_REDIRECT] 
2026-08-07 03:04:57,397 [ERROR] LogOutputStream:75 - [STDERR_REDIRECT] [Fatal Error] :1:1: Premature end of file.
2026-08-07 03:04:57,397 [ERROR] LogOutputStream:75 - [STDERR_REDIRECT] 
2026-08-07 03:04:58,398 [ERROR] LogOutputStream:75 - [STDERR_REDIRECT] [Fatal Error] :1:1: Premature end of file.
2026-08-07 03:04:58,398 [ERROR] LogOutputStream:75 - [STDERR_REDIRECT] 
2026-08-07 03:04:59,408 [ERROR] LogOutputStream:75 - [STDERR_REDIRECT] [Fatal Error] :1:1: Premature end of file.
2026-08-07 03:04:59,408 [ERROR] LogOutputStream:75 - [STDERR_REDIRECT] 
2026-08-07 03:05:00,403 [ERROR] LogOutputStream:75 - [STDERR_REDIRECT] [Fatal Error] :1:1: Premature end of file.
2026-08-07 03:05:00,403 [ERROR] LogOutputStream:75 - [STDERR_REDIRECT] 
2026-08-07 03:05:01,416 [ERROR] LogOutputStream:75 - [STDERR_REDIRECT] [Fatal Error] :1:1: Premature end of file.
2026-08-07 03:05:01,416 [ERROR] LogOutputStream:75 - [STDERR_REDIRECT] 
2026-08-07 03:05:02,415 [ERROR] LogOutputStream:75 - [STDERR_REDIRECT] [Fatal Error] :1:1: Premature end of file.
2026-08-07 03:05:02,415 [ERROR] LogOutputStream:75 - [STDERR_REDIRECT] 
2026-08-07 03:05:03,415 [ERROR] LogOutputStream:75 - [STDERR_REDIRECT] [Fatal Error] :1:1: Premature end of file.
2026-08-07 03:05:03,415 [ERROR] LogOutputStream:75 - [STDERR_REDIRECT] 
2026-08-07 03:05:04,413 [ERROR] LogOutputStream:75 - [STDERR_REDIRECT] [Fatal Error] :1:1: Premature end of file.
2026-08-07 03:05:04,413 [ERROR] LogOutputStream:75 - [STDERR_REDIRECT] 
2026-08-07 03:05:05,416 [ERROR] LogOutputStream:75 - [STDERR_REDIRECT] [Fatal Error] :1:1: Premature end of file.
2026-08-07 03:05:05,416 [ERROR] LogOutputStream:75 - [STDERR_REDIRECT] 
2026-08-07 03:05:06,411 [ERROR] LogOutputStream:75 - [STDERR_REDIRECT] [Fatal Error] :1:1: Premature end of file.
2026-08-07 03:05:06,411 [ERROR] LogOutputStream:75 - [STDERR_REDIRECT] 
2026-08-07 03:05:07,406 [ERROR] LogOutputStream:75 - [STDERR_REDIRECT] [Fatal Error] :1:1: Premature end of file.
2026-08-07 03:05:07,406 [ERROR] LogOutputStream:75 - [STDERR_REDIRECT] 
2026-08-07 03:05:08,405 [ERROR] LogOutputStream:75 - [STDERR_REDIRECT] [Fatal Error] :1:1: Premature end of file.
2026-08-07 03:05:08,405 [ERROR] LogOutputStream:75 - [STDERR_REDIRECT] 
2026-08-07 03:05:09,408 [ERROR] LogOutputStream:75 - [STDERR_REDIRECT] [Fatal Error] :1:1: Premature end of file.
2026-08-07 03:05:09,408 [ERROR] LogOutputStream:75 - [STDERR_REDIRECT] 
2026-08-07 03:05:10,416 [ERROR] LogOutputStream:75 - [STDERR_REDIRECT] [Fatal Error] :1:1: Premature end of file.
2026-08-07 03:05:10,416 [ERROR] LogOutputStream:75 - [STDERR_REDIRECT] 
2026-08-07 03:05:11,415 [ERROR] LogOutputStream:75 - [STDERR_REDIRECT] [Fatal Error] :1:1: Premature end of file.
2026-08-07 03:05:11,415 [ERROR] LogOutputStream:75 - [STDERR_REDIRECT] 
2026-08-07 03:05:12,405 [ERROR] LogOutputStream:75 - [STDERR_REDIRECT] [Fatal Error] :1:1: Premature end of file.
2026-08-07 03:05:12,405 [ERROR] LogOutputStream:75 - [STDERR_REDIRECT] 
2026-08-07 03:05:13,408 [ERROR] LogOutputStream:75 - [STDERR_REDIRECT] [Fatal Error] :1:1: Premature end of file.
2026-08-07 03:05:13,408 [ERROR] LogOutputStream:75 - [STDERR_REDIRECT] 
2026-08-07 03:05:14,405 [ERROR] LogOutputStream:75 - [STDERR_REDIRECT] [Fatal Error] :1:1: Premature end of file.
2026-08-07 03:05:14,405 [ERROR] LogOutputStream:75 - [STDERR_REDIRECT] 
2026-08-07 03:05:15,404 [ERROR] LogOutputStream:75 - [STDERR_REDIRECT] [Fatal Error] :1:1: Premature end of file.
2026-08-07 03:05:15,404 [ERROR] LogOutputStream:75 - [STDERR_REDIRECT] 
2026-08-07 03:05:16,404 [ERROR] LogOutputStream:75 - [STDERR_REDIRECT] [Fatal Error] :1:1: Premature end of file.
2026-08-07 03:05:16,404 [ERROR] LogOutputStream:75 - [STDERR_REDIRECT] 
2026-08-07 03:05:17,402 [ERROR] LogOutputStream:75 - [STDERR_REDIRECT] [Fatal Error] :1:1: Premature end of file.
2026-08-07 03:05:17,402 [ERROR] LogOutputStream:75 - [STDERR_REDIRECT] 
2026-08-07 03:05:18,409 [ERROR] LogOutputStream:75 - [STDERR_REDIRECT] [Fatal Error] :1:1: Premature end of file.
2026-08-07 03:05:18,409 [ERROR] LogOutputStream:75 - [STDERR_REDIRECT] 
2026-08-07 03:05:19,406 [ERROR] LogOutputStream:75 - [STDERR_REDIRECT] [Fatal Error] :1:1: Premature end of file.
2026-08-07 03:05:19,406 [ERROR] LogOutputStream:75 - [STDERR_REDIRECT] 
2026-08-07 03:05:20,405 [ERROR] LogOutputStream:75 - [STDERR_REDIRECT] [Fatal Error] :1:1: Premature end of file.
2026-08-07 03:05:20,405 [ERROR] LogOutputStream:75 - [STDERR_REDIRECT] 
2026-08-07 03:05:21,405 [ERROR] LogOutputStream:75 - [STDERR_REDIRECT] [Fatal Error] :1:1: Premature end of file.
2026-08-07 03:05:21,405 [ERROR] LogOutputStream:75 - [STDERR_REDIRECT] 
2026-08-07 03:05:22,410 [ERROR] LogOutputStream:75 - [STDERR_REDIRECT] [Fatal Error] :1:1: Premature end of file.
2026-08-07 03:05:22,410 [ERROR] LogOutputStream:75 - [STDERR_REDIRECT] 
2026-08-07 03:05:23,422 [ERROR] LogOutputStream:75 - [STDERR_REDIRECT] [Fatal Error] :1:1: Premature end of file.
2026-08-07 03:05:23,422 [ERROR] LogOutputStream:75 - [STDERR_REDIRECT] 
2026-08-07 03:05:24,412 [ERROR] LogOutputStream:75 - [STDERR_REDIRECT] [Fatal Error] :1:1: Premature end of file.
2026-08-07 03:05:24,412 [ERROR] LogOutputStream:75 - [STDERR_REDIRECT] 
2026-08-07 03:05:25,421 [ERROR] LogOutputStream:75 - [STDERR_REDIRECT] [Fatal Error] :1:1: Premature end of file.
2026-08-07 03:05:25,421 [ERROR] LogOutputStream:75 - [STDERR_REDIRECT] 
2026-08-07 03:05:26,417 [ERROR] LogOutputStream:75 - [STDERR_REDIRECT] [Fatal Error] :1:1: Premature end of file.
2026-08-07 03:05:26,417 [ERROR] LogOutputStream:75 - [STDERR_REDIRECT] 
2026-08-07 03:05:27,406 [ERROR] LogOutputStream:75 - [STDERR_REDIRECT] [Fatal Error] :1:1: Premature end of file.
2026-08-07 03:05:27,406 [ERROR] LogOutputStream:75 - [STDERR_REDIRECT] 
2026-08-07 03:05:28,407 [ERROR] LogOutputStream:75 - [STDERR_REDIRECT] [Fatal Error] :1:1: Premature end of file.
2026-08-07 03:05:28,407 [ERROR] LogOutputStream:75 - [STDERR_REDIRECT] 
2026-08-07 03:05:29,404 [ERROR] LogOutputStream:75 - [STDERR_REDIRECT] [Fatal Error] :1:1: Premature end of file.
2026-08-07 03:05:29,404 [ERROR] LogOutputStream:75 - [STDERR_REDIRECT] 
2026-08-07 03:05:30,411 [ERROR] LogOutputStream:75 - [STDERR_REDIRECT] [Fatal Error] :1:1: Premature end of file.
2026-08-07 03:05:30,411 [ERROR] LogOutputStream:75 - [STDERR_REDIRECT] 
2026-08-07 03:05:31,408 [ERROR] LogOutputStream:75 - [STDERR_REDIRECT] [Fatal Error] :1:1: Premature end of file.
2026-08-07 03:05:31,409 [ERROR] LogOutputStream:75 - [STDERR_REDIRECT] 
2026-08-07 03:05:32,401 [ERROR] LogOutputStream:75 - [STDERR_REDIRECT] [Fatal Error] :1:1: Premature end of file.
2026-08-07 03:05:32,401 [ERROR] LogOutputStream:75 - [STDERR_REDIRECT] 
2026-08-07 03:05:33,402 [ERROR] LogOutputStream:75 - [STDERR_REDIRECT] [Fatal Error] :1:1: Premature end of file.
2026-08-07 03:05:33,402 [ERROR] LogOutputStream:75 - [STDERR_REDIRECT] 
2026-08-07 03:05:34,405 [ERROR] LogOutputStream:75 - [STDERR_REDIRECT] [Fatal Error] :1:1: Premature end of file.
2026-08-07 03:05:34,405 [ERROR] LogOutputStream:75 - [STDERR_REDIRECT] 
2026-08-07 03:05:35,406 [ERROR] LogOutputStream:75 - [STDERR_REDIRECT] [Fatal Error] :1:1: Premature end of file.
2026-08-07 03:05:35,406 [ERROR] LogOutputStream:75 - [STDERR_REDIRECT] 
2026-08-07 03:05:36,404 [ERROR] LogOutputStream:75 - [STDERR_REDIRECT] [Fatal Error] :1:1: Premature end of file.
2026-08-07 03:05:36,404 [ERROR] LogOutputStream:75 - [STDERR_REDIRECT] 
2026-08-07 03:05:37,405 [ERROR] LogOutputStream:75 - [STDERR_REDIRECT] [Fatal Error] :1:1: Premature end of file.
2026-08-07 03:05:37,405 [ERROR] LogOutputStream:75 - [STDERR_REDIRECT] 
2026-08-07 03:05:38,405 [ERROR] LogOutputStream:75 - [STDERR_REDIRECT] [Fatal Error] :1:1: Premature end of file.
2026-08-07 03:05:38,405 [ERROR] LogOutputStream:75 - [STDERR_REDIRECT] 
2026-08-07 03:05:39,396 [ERROR] LogOutputStream:75 - [STDERR_REDIRECT] [Fatal Error] :1:1: Premature end of file.
2026-08-07 03:05:39,396 [ERROR] LogOutputStream:75 - [STDERR_REDIRECT] 
2026-08-07 03:05:40,401 [ERROR] LogOutputStream:75 - [STDERR_REDIRECT] [Fatal Error] :1:1: Premature end of file.
2026-08-07 03:05:40,401 [ERROR] LogOutputStream:75 - [STDERR_REDIRECT] 
2026-08-07 03:05:41,406 [ERROR] LogOutputStream:75 - [STDERR_REDIRECT] [Fatal Error] :1:1: Premature end of file.
2026-08-07 03:05:41,406 [ERROR] LogOutputStream:75 - [STDERR_REDIRECT] 
2026-08-07 03:05:42,393 [ERROR] LogOutputStream:75 - [STDERR_REDIRECT] [Fatal Error] :1:1: Premature end of file.
2026-08-07 03:05:42,393 [ERROR] LogOutputStream:75 - [STDERR_REDIRECT] 
2026-08-07 03:05:43,416 [ERROR] LogOutputStream:75 - [STDERR_REDIRECT] [Fatal Error] :1:1: Premature end of file.
2026-08-07 03:05:43,416 [ERROR] LogOutputStream:75 - [STDERR_REDIRECT] 
2026-08-07 03:05:44,417 [ERROR] LogOutputStream:75 - [STDERR_REDIRECT] [Fatal Error] :1:1: Premature end of file.
2026-08-07 03:05:44,417 [ERROR] LogOutputStream:75 - [STDERR_REDIRECT] 
2026-08-07 03:05:45,407 [ERROR] LogOutputStream:75 - [STDERR_REDIRECT] [Fatal Error] :1:1: Premature end of file.
2026-08-07 03:05:45,407 [ERROR] LogOutputStream:75 - [STDERR_REDIRECT] 
2026-08-07 03:05:46,406 [ERROR] LogOutputStream:75 - [STDERR_REDIRECT] [Fatal Error] :1:1: Premature end of file.
2026-08-07 03:05:46,418 [ERROR] LogOutputStream:75 - [STDERR_REDIRECT] 
2026-08-07 03:05:47,411 [ERROR] LogOutputStream:75 - [STDERR_REDIRECT] [Fatal Error] :1:1: Premature end of file.
2026-08-07 03:05:47,411 [ERROR] LogOutputStream:75 - [STDERR_REDIRECT] 
2026-08-07 03:05:48,418 [ERROR] LogOutputStream:75 - [STDERR_REDIRECT] [Fatal Error] :1:1: Premature end of file.
2026-08-07 03:05:48,418 [ERROR] LogOutputStream:75 - [STDERR_REDIRECT] 
2026-08-07 03:05:49,416 [ERROR] LogOutputStream:75 - [STDERR_REDIRECT] [Fatal Error] :1:1: Premature end of file.
2026-08-07 03:05:49,416 [ERROR] LogOutputStream:75 - [STDERR_REDIRECT] 
2026-08-07 03:05:50,415 [ERROR] LogOutputStream:75 - [STDERR_REDIRECT] [Fatal Error] :1:1: Premature end of file.
2026-08-07 03:05:50,415 [ERROR] LogOutputStream:75 - [STDERR_REDIRECT] 
2026-08-07 03:05:51,411 [ERROR] LogOutputStream:75 - [STDERR_REDIRECT] [Fatal Error] :1:1: Premature end of file.
2026-08-07 03:05:51,411 [ERROR] LogOutputStream:75 - [STDERR_REDIRECT] 
2026-08-07 03:05:52,412 [ERROR] LogOutputStream:75 - [STDERR_REDIRECT] [Fatal Error] :1:1: Premature end of file.
2026-08-07 03:05:52,412 [ERROR] LogOutputStream:75 - [STDERR_REDIRECT] 
2026-08-07 03:05:53,415 [ERROR] LogOutputStream:75 - [STDERR_REDIRECT] [Fatal Error] :1:1: Premature end of file.
2026-08-07 03:05:53,415 [ERROR] LogOutputStream:75 - [STDERR_REDIRECT] 
2026-08-07 03:05:54,410 [ERROR] LogOutputStream:75 - [STDERR_REDIRECT] [Fatal Error] :1:1: Premature end of file.
2026-08-07 03:05:54,410 [ERROR] LogOutputStream:75 - [STDERR_REDIRECT] 
2026-08-07 03:05:55,410 [ERROR] LogOutputStream:75 - [STDERR_REDIRECT] [Fatal Error] :1:1: Premature end of file.
2026-08-07 03:05:55,410 [ERROR] LogOutputStream:75 - [STDERR_REDIRECT] 
2026-08-07 03:05:56,399 [ERROR] LogOutputStream:75 - [STDERR_REDIRECT] [Fatal Error] :1:1: Premature end of file.
2026-08-07 03:05:56,399 [ERROR] LogOutputStream:75 - [STDERR_REDIRECT] 
2026-08-07 03:05:57,402 [ERROR] LogOutputStream:75 - [STDERR_REDIRECT] [Fatal Error] :1:1: Premature end of file.
2026-08-07 03:05:57,402 [ERROR] LogOutputStream:75 - [STDERR_REDIRECT] 
2026-08-07 03:05:58,408 [ERROR] LogOutputStream:75 - [STDERR_REDIRECT] [Fatal Error] :1:1: Premature end of file.
2026-08-07 03:05:58,408 [ERROR] LogOutputStream:75 - [STDERR_REDIRECT] 
2026-08-07 03:05:59,407 [ERROR] LogOutputStream:75 - [STDERR_REDIRECT] [Fatal Error] :1:1: Premature end of file.
2026-08-07 03:05:59,407 [ERROR] LogOutputStream:75 - [STDERR_REDIRECT] 
2026-08-07 03:06:00,395 [ERROR] LogOutputStream:75 - [STDERR_REDIRECT] [Fatal Error] :1:1: Premature end of file.
2026-08-07 03:06:00,395 [ERROR] LogOutputStream:75 - [STDERR_REDIRECT] 
2026-08-07 03:06:01,402 [ERROR] LogOutputStream:75 - [STDERR_REDIRECT] [Fatal Error] :1:1: Premature end of file.
2026-08-07 03:06:01,402 [ERROR] LogOutputStream:75 - [STDERR_REDIRECT] 
2026-08-07 03:06:02,397 [ERROR] LogOutputStream:75 - [STDERR_REDIRECT] [Fatal Error] :1:1: Premature end of file.
2026-08-07 03:06:02,397 [ERROR] LogOutputStream:75 - [STDERR_REDIRECT] 
2026-08-07 03:06:03,422 [ERROR] LogOutputStream:75 - [STDERR_REDIRECT] [Fatal Error] :1:1: Premature end of file.
2026-08-07 03:06:03,422 [ERROR] LogOutputStream:75 - [STDERR_REDIRECT] 
2026-08-07 03:06:04,412 [ERROR] LogOutputStream:75 - [STDERR_REDIRECT] [Fatal Error] :1:1: Premature end of file.
2026-08-07 03:06:04,412 [ERROR] LogOutputStream:75 - [STDERR_REDIRECT] 
2026-08-07 03:06:05,408 [ERROR] LogOutputStream:75 - [STDERR_REDIRECT] [Fatal Error] :1:1: Premature end of file.
2026-08-07 03:06:05,408 [ERROR] LogOutputStream:75 - [STDERR_REDIRECT] 
2026-08-07 03:06:06,407 [ERROR] LogOutputStream:75 - [STDERR_REDIRECT] [Fatal Error] :1:1: Premature end of file.
2026-08-07 03:06:06,407 [ERROR] LogOutputStream:75 - [STDERR_REDIRECT] 
2026-08-07 03:06:07,406 [ERROR] LogOutputStream:75 - [STDERR_REDIRECT] [Fatal Error] :1:1: Premature end of file.
2026-08-07 03:06:07,406 [ERROR] LogOutputStream:75 - [STDERR_REDIRECT] 
2026-08-07 03:06:08,414 [ERROR] LogOutputStream:75 - [STDERR_REDIRECT] [Fatal Error] :1:1: Premature end of file.
2026-08-07 03:06:08,414 [ERROR] LogOutputStream:75 - [STDERR_REDIRECT] 
2026-08-07 03:06:09,411 [ERROR] LogOutputStream:75 - [STDERR_REDIRECT] [Fatal Error] :1:1: Premature end of file.
2026-08-07 03:06:09,411 [ERROR] LogOutputStream:75 - [STDERR_REDIRECT] 
2026-08-07 03:06:10,408 [ERROR] LogOutputStream:75 - [STDERR_REDIRECT] [Fatal Error] :1:1: Premature end of file.
2026-08-07 03:06:10,408 [ERROR] LogOutputStream:75 - [STDERR_REDIRECT] 
2026-08-07 03:06:11,404 [ERROR] LogOutputStream:75 - [STDERR_REDIRECT] [Fatal Error] :1:1: Premature end of file.
2026-08-07 03:06:11,404 [ERROR] LogOutputStream:75 - [STDERR_REDIRECT] 
2026-08-07 03:06:12,407 [ERROR] LogOutputStream:75 - [STDERR_REDIRECT] [Fatal Error] :1:1: Premature end of file.
2026-08-07 03:06:12,407 [ERROR] LogOutputStream:75 - [STDERR_REDIRECT] 
2026-08-07 03:06:13,406 [ERROR] LogOutputStream:75 - [STDERR_REDIRECT] [Fatal Error] :1:1: Premature end of file.
2026-08-07 03:06:13,406 [ERROR] LogOutputStream:75 - [STDERR_REDIRECT] 
2026-08-07 03:06:14,404 [ERROR] LogOutputStream:75 - [STDERR_REDIRECT] [Fatal Error] :1:1: Premature end of file.
2026-08-07 03:06:14,404 [ERROR] LogOutputStream:75 - [STDERR_REDIRECT] 
2026-08-07 03:06:15,473 [ERROR] LogOutputStream:75 - [STDERR_REDIRECT] [Fatal Error] :1:1: Premature end of file.
2026-08-07 03:06:15,473 [ERROR] LogOutputStream:75 - [STDERR_REDIRECT] 
2026-08-07 03:06:16,403 [ERROR] LogOutputStream:75 - [STDERR_REDIRECT] [Fatal Error] :1:1: Premature end of file.
2026-08-07 03:06:16,403 [ERROR] LogOutputStream:75 - [STDERR_REDIRECT] 
2026-08-07 03:06:17,400 [ERROR] LogOutputStream:75 - [STDERR_REDIRECT] [Fatal Error] :1:1: Premature end of file.
2026-08-07 03:06:17,400 [ERROR] LogOutputStream:75 - [STDERR_REDIRECT] 
2026-08-07 03:06:18,464 [ERROR] LogOutputStream:75 - [STDERR_REDIRECT] [Fatal Error] :1:1: Premature end of file.
2026-08-07 03:06:18,464 [ERROR] LogOutputStream:75 - [STDERR_REDIRECT] 
2026-08-07 03:06:19,396 [ERROR] LogOutputStream:75 - [STDERR_REDIRECT] [Fatal Error] :1:1: Premature end of file.
2026-08-07 03:06:19,396 [ERROR] LogOutputStream:75 - [STDERR_REDIRECT] 
2026-08-07 03:06:20,395 [ERROR] LogOutputStream:75 - [STDERR_REDIRECT] [Fatal Error] :1:1: Premature end of file.
2026-08-07 03:06:20,395 [ERROR] LogOutputStream:75 - [STDERR_REDIRECT] 
2026-08-07 03:06:21,402 [ERROR] LogOutputStream:75 - [STDERR_REDIRECT] [Fatal Error] :1:1: Premature end of file.
2026-08-07 03:06:21,402 [ERROR] LogOutputStream:75 - [STDERR_REDIRECT] 
2026-08-07 03:06:22,400 [ERROR] LogOutputStream:75 - [STDERR_REDIRECT] [Fatal Error] :1:1: Premature end of file.
2026-08-07 03:06:22,400 [ERROR] LogOutputStream:75 - [STDERR_REDIRECT] 
2026-08-07 03:06:23,404 [ERROR] LogOutputStream:75 - [STDERR_REDIRECT] [Fatal Error] :1:1: Premature end of file.
2026-08-07 03:06:23,404 [ERROR] LogOutputStream:75 - [STDERR_REDIRECT] 
2026-08-07 03:06:24,422 [ERROR] LogOutputStream:75 - [STDERR_REDIRECT] [Fatal Error] :1:1: Premature end of file.
2026-08-07 03:06:24,422 [ERROR] LogOutputStream:75 - [STDERR_REDIRECT] 
2026-08-07 03:06:25,413 [ERROR] LogOutputStream:75 - [STDERR_REDIRECT] [Fatal Error] :1:1: Premature end of file.
2026-08-07 03:06:25,413 [ERROR] LogOutputStream:75 - [STDERR_REDIRECT] 
2026-08-07 03:06:26,412 [ERROR] LogOutputStream:75 - [STDERR_REDIRECT] [Fatal Error] :1:1: Premature end of file.
2026-08-07 03:06:26,412 [ERROR] LogOutputStream:75 - [STDERR_REDIRECT] 
2026-08-07 03:06:27,410 [ERROR] LogOutputStream:75 - [STDERR_REDIRECT] [Fatal Error] :1:1: Premature end of file.
2026-08-07 03:06:27,410 [ERROR] LogOutputStream:75 - [STDERR_REDIRECT] 
2026-08-07 03:06:28,410 [ERROR] LogOutputStream:75 - [STDERR_REDIRECT] [Fatal Error] :1:1: Premature end of file.
2026-08-07 03:06:28,410 [ERROR] LogOutputStream:75 - [STDERR_REDIRECT] 
2026-08-07 03:06:29,410 [ERROR] LogOutputStream:75 - [STDERR_REDIRECT] [Fatal Error] :1:1: Premature end of file.
2026-08-07 03:06:29,410 [ERROR] LogOutputStream:75 - [STDERR_REDIRECT] 
2026-08-07 03:06:30,404 [ERROR] LogOutputStream:75 - [STDERR_REDIRECT] [Fatal Error] :1:1: Premature end of file.
2026-08-07 03:06:30,404 [ERROR] LogOutputStream:75 - [STDERR_REDIRECT] 
2026-08-07 03:06:31,403 [ERROR] LogOutputStream:75 - [STDERR_REDIRECT] [Fatal Error] :1:1: Premature end of file.
2026-08-07 03:06:31,403 [ERROR] LogOutputStream:75 - [STDERR_REDIRECT] 
2026-08-07 03:06:32,407 [ERROR] LogOutputStream:75 - [STDERR_REDIRECT] [Fatal Error] :1:1: Premature end of file.
2026-08-07 03:06:32,407 [ERROR] LogOutputStream:75 - [STDERR_REDIRECT] 
2026-08-07 03:06:33,401 [ERROR] LogOutputStream:75 - [STDERR_REDIRECT] [Fatal Error] :1:1: Premature end of file.
2026-08-07 03:06:33,401 [ERROR] LogOutputStream:75 - [STDERR_REDIRECT] 
2026-08-07 03:06:34,412 [ERROR] LogOutputStream:75 - [STDERR_REDIRECT] [Fatal Error] :1:1: Premature end of file.
2026-08-07 03:06:34,412 [ERROR] LogOutputStream:75 - [STDERR_REDIRECT] 
2026-08-07 03:06:35,400 [ERROR] LogOutputStream:75 - [STDERR_REDIRECT] [Fatal Error] :1:1: Premature end of file.
2026-08-07 03:06:35,400 [ERROR] LogOutputStream:75 - [STDERR_REDIRECT] 
2026-08-07 03:06:36,404 [ERROR] LogOutputStream:75 - [STDERR_REDIRECT] [Fatal Error] :1:1: Premature end of file.
2026-08-07 03:06:36,404 [ERROR] LogOutputStream:75 - [STDERR_REDIRECT] 
2026-08-07 03:06:37,408 [ERROR] LogOutputStream:75 - [STDERR_REDIRECT] [Fatal Error] :1:1: Premature end of file.
2026-08-07 03:06:37,408 [ERROR] LogOutputStream:75 - [STDERR_REDIRECT] 
2026-08-07 03:06:38,469 [ERROR] LogOutputStream:75 - [STDERR_REDIRECT] [Fatal Error] :1:1: Premature end of file.
2026-08-07 03:06:38,469 [ERROR] LogOutputStream:75 - [STDERR_REDIRECT] 
2026-08-07 03:06:39,404 [ERROR] LogOutputStream:75 - [STDERR_REDIRECT] [Fatal Error] :1:1: Premature end of file.
2026-08-07 03:06:39,404 [ERROR] LogOutputStream:75 - [STDERR_REDIRECT] 
2026-08-07 03:06:40,407 [ERROR] LogOutputStream:75 - [STDERR_REDIRECT] [Fatal Error] :1:1: Premature end of file.
2026-08-07 03:06:40,407 [ERROR] LogOutputStream:75 - [STDERR_REDIRECT] 
2026-08-07 03:06:41,404 [ERROR] LogOutputStream:75 - [STDERR_REDIRECT] [Fatal Error] :1:1: Premature end of file.
2026-08-07 03:06:41,404 [ERROR] LogOutputStream:75 - [STDERR_REDIRECT] 
2026-08-07 03:06:42,406 [ERROR] LogOutputStream:75 - [STDERR_REDIRECT] [Fatal Error] :1:1: Premature end of file.
2026-08-07 03:06:42,406 [ERROR] LogOutputStream:75 - [STDERR_REDIRECT] 
2026-08-07 03:06:43,415 [ERROR] LogOutputStream:75 - [STDERR_REDIRECT] [Fatal Error] :1:1: Premature end of file.
2026-08-07 03:06:43,415 [ERROR] LogOutputStream:75 - [STDERR_REDIRECT] 
2026-08-07 03:06:44,419 [ERROR] LogOutputStream:75 - [STDERR_REDIRECT] [Fatal Error] :1:1: Premature end of file.
2026-08-07 03:06:44,419 [ERROR] LogOutputStream:75 - [STDERR_REDIRECT] 
2026-08-07 03:06:45,397 [ERROR] LogOutputStream:75 - [STDERR_REDIRECT] [Fatal Error] :1:1: Premature end of file.
2026-08-07 03:06:45,397 [ERROR] LogOutputStream:75 - [STDERR_REDIRECT] 
2026-08-07 03:06:46,413 [ERROR] LogOutputStream:75 - [STDERR_REDIRECT] [Fatal Error] :1:1: Premature end of file.
2026-08-07 03:06:46,413 [ERROR] LogOutputStream:75 - [STDERR_REDIRECT] 
2026-08-07 03:06:47,416 [ERROR] LogOutputStream:75 - [STDERR_REDIRECT] [Fatal Error] :1:1: Premature end of file.
2026-08-07 03:06:47,416 [ERROR] LogOutputStream:75 - [STDERR_REDIRECT] 
2026-08-07 03:06:48,405 [ERROR] LogOutputStream:75 - [STDERR_REDIRECT] [Fatal Error] :1:1: Premature end of file.
2026-08-07 03:06:48,405 [ERROR] LogOutputStream:75 - [STDERR_REDIRECT] 
2026-08-07 03:06:49,416 [ERROR] LogOutputStream:75 - [STDERR_REDIRECT] [Fatal Error] :1:1: Premature end of file.
2026-08-07 03:06:49,416 [ERROR] LogOutputStream:75 - [STDERR_REDIRECT] 
2026-08-07 03:06:50,415 [ERROR] LogOutputStream:75 - [STDERR_REDIRECT] [Fatal Error] :1:1: Premature end of file.
2026-08-07 03:06:50,415 [ERROR] LogOutputStream:75 - [STDERR_REDIRECT] 
2026-08-07 03:06:51,411 [ERROR] LogOutputStream:75 - [STDERR_REDIRECT] [Fatal Error] :1:1: Premature end of file.
2026-08-07 03:06:51,411 [ERROR] LogOutputStream:75 - [STDERR_REDIRECT] 
2026-08-07 03:06:52,403 [ERROR] LogOutputStream:75 - [STDERR_REDIRECT] [Fatal Error] :1:1: Premature end of file.
2026-08-07 03:06:52,403 [ERROR] LogOutputStream:75 - [STDERR_REDIRECT] 
2026-08-07 03:06:53,405 [ERROR] LogOutputStream:75 - [STDERR_REDIRECT] [Fatal Error] :1:1: Premature end of file.
2026-08-07 03:06:53,405 [ERROR] LogOutputStream:75 - [STDERR_REDIRECT] 
2026-08-07 03:06:54,413 [ERROR] LogOutputStream:75 - [STDERR_REDIRECT] [Fatal Error] :1:1: Premature end of file.
2026-08-07 03:06:54,413 [ERROR] LogOutputStream:75 - [STDERR_REDIRECT] 
2026-08-07 03:06:55,409 [ERROR] LogOutputStream:75 - [STDERR_REDIRECT] [Fatal Error] :1:1: Premature end of file.
2026-08-07 03:06:55,409 [ERROR] LogOutputStream:75 - [STDERR_REDIRECT] 
2026-08-07 03:06:56,411 [ERROR] LogOutputStream:75 - [STDERR_REDIRECT] [Fatal Error] :1:1: Premature end of file.
2026-08-07 03:06:56,411 [ERROR] LogOutputStream:75 - [STDERR_REDIRECT] 
2026-08-07 03:06:57,406 [ERROR] LogOutputStream:75 - [STDERR_REDIRECT] [Fatal Error] :1:1: Premature end of file.
2026-08-07 03:06:57,406 [ERROR] LogOutputStream:75 - [STDERR_REDIRECT] 
2026-08-07 03:06:58,397 [ERROR] LogOutputStream:75 - [STDERR_REDIRECT] [Fatal Error] :1:1: Premature end of file.
2026-08-07 03:06:58,397 [ERROR] LogOutputStream:75 - [STDERR_REDIRECT] 
2026-08-07 03:06:59,408 [ERROR] LogOutputStream:75 - [STDERR_REDIRECT] [Fatal Error] :1:1: Premature end of file.
2026-08-07 03:06:59,408 [ERROR] LogOutputStream:75 - [STDERR_REDIRECT] 
2026-08-07 03:07:00,396 [ERROR] LogOutputStream:75 - [STDERR_REDIRECT] [Fatal Error] :1:1: Premature end of file.
2026-08-07 03:07:00,396 [ERROR] LogOutputStream:75 - [STDERR_REDIRECT] 
2026-08-07 03:07:01,403 [ERROR] LogOutputStream:75 - [STDERR_REDIRECT] [Fatal Error] :1:1: Premature end of file.
2026-08-07 03:07:01,403 [ERROR] LogOutputStream:75 - [STDERR_REDIRECT] 
2026-08-07 03:07:02,394 [ERROR] LogOutputStream:75 - [STDERR_REDIRECT] [Fatal Error] :1:1: Premature end of file.
2026-08-07 03:07:02,394 [ERROR] LogOutputStream:75 - [STDERR_REDIRECT] 
2026-08-07 03:07:03,393 [ERROR] LogOutputStream:75 - [STDERR_REDIRECT] [Fatal Error] :1:1: Premature end of file.
2026-08-07 03:07:03,393 [ERROR] LogOutputStream:75 - [STDERR_REDIRECT] 
2026-08-07 03:07:04,409 [ERROR] LogOutputStream:75 - [STDERR_REDIRECT] [Fatal Error] :1:1: Premature end of file.
2026-08-07 03:07:04,409 [ERROR] LogOutputStream:75 - [STDERR_REDIRECT] 
2026-08-07 03:07:05,420 [ERROR] LogOutputStream:75 - [STDERR_REDIRECT] [Fatal Error] :1:1: Premature end of file.
2026-08-07 03:07:05,420 [ERROR] LogOutputStream:75 - [STDERR_REDIRECT] 
2026-08-07 03:07:06,408 [ERROR] LogOutputStream:75 - [STDERR_REDIRECT] [Fatal Error] :1:1: Premature end of file.
2026-08-07 03:07:06,408 [ERROR] LogOutputStream:75 - [STDERR_REDIRECT] 
2026-08-07 03:07:07,413 [ERROR] LogOutputStream:75 - [STDERR_REDIRECT] [Fatal Error] :1:1: Premature end of file.
2026-08-07 03:07:07,413 [ERROR] LogOutputStream:75 - [STDERR_REDIRECT] 
2026-08-07 03:07:08,412 [ERROR] LogOutputStream:75 - [STDERR_REDIRECT] [Fatal Error] :1:1: Premature end of file.
2026-08-07 03:07:08,412 [ERROR] LogOutputStream:75 - [STDERR_REDIRECT] 
2026-08-07 03:07:09,409 [ERROR] LogOutputStream:75 - [STDERR_REDIRECT] [Fatal Error] :1:1: Premature end of file.
2026-08-07 03:07:09,409 [ERROR] LogOutputStream:75 - [STDERR_REDIRECT] 
2026-08-07 03:07:10,415 [ERROR] LogOutputStream:75 - [STDERR_REDIRECT] [Fatal Error] :1:1: Premature end of file.
2026-08-07 03:07:10,415 [ERROR] LogOutputStream:75 - [STDERR_REDIRECT] 
2026-08-07 03:07:11,414 [ERROR] LogOutputStream:75 - [STDERR_REDIRECT] [Fatal Error] :1:1: Premature end of file.
2026-08-07 03:07:11,414 [ERROR] LogOutputStream:75 - [STDERR_REDIRECT] 
2026-08-07 03:07:12,413 [ERROR] LogOutputStream:75 - [STDERR_REDIRECT] [Fatal Error] :1:1: Premature end of file.
2026-08-07 03:07:12,413 [ERROR] LogOutputStream:75 - [STDERR_REDIRECT] 
2026-08-07 03:07:13,413 [ERROR] LogOutputStream:75 - [STDERR_REDIRECT] [Fatal Error] :1:1: Premature end of file.
2026-08-07 03:07:13,413 [ERROR] LogOutputStream:75 - [STDERR_REDIRECT] 
2026-08-07 03:07:14,413 [ERROR] LogOutputStream:75 - [STDERR_REDIRECT] [Fatal Error] :1:1: Premature end of file.
2026-08-07 03:07:14,413 [ERROR] LogOutputStream:75 - [STDERR_REDIRECT] 
2026-08-07 03:07:15,408 [ERROR] LogOutputStream:75 - [STDERR_REDIRECT] [Fatal Error] :1:1: Premature end of file.
2026-08-07 03:07:15,408 [ERROR] LogOutputStream:75 - [STDERR_REDIRECT] 
2026-08-07 03:07:16,411 [ERROR] LogOutputStream:75 - [STDERR_REDIRECT] [Fatal Error] :1:1: Premature end of file.
2026-08-07 03:07:16,411 [ERROR] LogOutputStream:75 - [STDERR_REDIRECT] 
2026-08-07 03:07:17,410 [ERROR] LogOutputStream:75 - [STDERR_REDIRECT] [Fatal Error] :1:1: Premature end of file.
2026-08-07 03:07:17,410 [ERROR] LogOutputStream:75 - [STDERR_REDIRECT] 
2026-08-07 03:07:18,406 [ERROR] LogOutputStream:75 - [STDERR_REDIRECT] [Fatal Error] :1:1: Premature end of file.
2026-08-07 03:07:18,406 [ERROR] LogOutputStream:75 - [STDERR_REDIRECT] 
2026-08-07 03:07:19,403 [ERROR] LogOutputStream:75 - [STDERR_REDIRECT] [Fatal Error] :1:1: Premature end of file.
2026-08-07 03:07:19,403 [ERROR] LogOutputStream:75 - [STDERR_REDIRECT] 
2026-08-07 03:07:20,405 [ERROR] LogOutputStream:75 - [STDERR_REDIRECT] [Fatal Error] :1:1: Premature end of file.
2026-08-07 03:07:20,405 [ERROR] LogOutputStream:75 - [STDERR_REDIRECT] 
2026-08-07 03:07:21,395 [ERROR] LogOutputStream:75 - [STDERR_REDIRECT] [Fatal Error] :1:1: Premature end of file.
2026-08-07 03:07:21,395 [ERROR] LogOutputStream:75 - [STDERR_REDIRECT] 
2026-08-07 03:07:22,418 [ERROR] LogOutputStream:75 - [STDERR_REDIRECT] [Fatal Error] :1:1: Premature end of file.
2026-08-07 03:07:22,420 [ERROR] LogOutputStream:75 - [STDERR_REDIRECT] 
2026-08-07 03:07:23,412 [ERROR] LogOutputStream:75 - [STDERR_REDIRECT] [Fatal Error] :1:1: Premature end of file.
2026-08-07 03:07:23,412 [ERROR] LogOutputStream:75 - [STDERR_REDIRECT] 
2026-08-07 03:07:24,415 [ERROR] LogOutputStream:75 - [STDERR_REDIRECT] [Fatal Error] :1:1: Premature end of file.
2026-08-07 03:07:24,415 [ERROR] LogOutputStream:75 - [STDERR_REDIRECT] 
2026-08-07 03:07:25,408 [ERROR] LogOutputStream:75 - [STDERR_REDIRECT] [Fatal Error] :1:1: Premature end of file.
2026-08-07 03:07:25,408 [ERROR] LogOutputStream:75 - [STDERR_REDIRECT] 
2026-08-07 03:07:26,421 [ERROR] LogOutputStream:75 - [STDERR_REDIRECT] [Fatal Error] :1:1: Premature end of file.
2026-08-07 03:07:26,421 [ERROR] LogOutputStream:75 - [STDERR_REDIRECT] 
2026-08-07 03:07:27,418 [ERROR] LogOutputStream:75 - [STDERR_REDIRECT] [Fatal Error] :1:1: Premature end of file.
2026-08-07 03:07:27,418 [ERROR] LogOutputStream:75 - [STDERR_REDIRECT] 
2026-08-07 03:07:28,417 [ERROR] LogOutputStream:75 - [STDERR_REDIRECT] [Fatal Error] :1:1: Premature end of file.
2026-08-07 03:07:28,417 [ERROR] LogOutputStream:75 - [STDERR_REDIRECT] 
2026-08-07 03:07:29,408 [ERROR] LogOutputStream:75 - [STDERR_REDIRECT] [Fatal Error] :1:1: Premature end of file.
2026-08-07 03:07:29,408 [ERROR] LogOutputStream:75 - [STDERR_REDIRECT] 
2026-08-07 03:07:30,411 [ERROR] LogOutputStream:75 - [STDERR_REDIRECT] [Fatal Error] :1:1: Premature end of file.
2026-08-07 03:07:30,411 [ERROR] LogOutputStream:75 - [STDERR_REDIRECT] 
2026-08-07 03:07:31,411 [ERROR] LogOutputStream:75 - [STDERR_REDIRECT] [Fatal Error] :1:1: Premature end of file.
2026-08-07 03:07:31,411 [ERROR] LogOutputStream:75 - [STDERR_REDIRECT] 
2026-08-07 03:07:32,409 [ERROR] LogOutputStream:75 - [STDERR_REDIRECT] [Fatal Error] :1:1: Premature end of file.
2026-08-07 03:07:32,409 [ERROR] LogOutputStream:75 - [STDERR_REDIRECT] 
2026-08-07 03:07:33,407 [ERROR] LogOutputStream:75 - [STDERR_REDIRECT] [Fatal Error] :1:1: Premature end of file.
2026-08-07 03:07:33,407 [ERROR] LogOutputStream:75 - [STDERR_REDIRECT] 
2026-08-07 03:07:34,408 [ERROR] LogOutputStream:75 - [STDERR_REDIRECT] [Fatal Error] :1:1: Premature end of file.
2026-08-07 03:07:34,408 [ERROR] LogOutputStream:75 - [STDERR_REDIRECT] 
2026-08-07 03:07:35,408 [ERROR] LogOutputStream:75 - [STDERR_REDIRECT] [Fatal Error] :1:1: Premature end of file.
2026-08-07 03:07:35,408 [ERROR] LogOutputStream:75 - [STDERR_REDIRECT] 
2026-08-07 03:07:36,411 [ERROR] LogOutputStream:75 - [STDERR_REDIRECT] [Fatal Error] :1:1: Premature end of file.
2026-08-07 03:07:36,411 [ERROR] LogOutputStream:75 - [STDERR_REDIRECT] 
2026-08-07 03:07:37,412 [ERROR] LogOutputStream:75 - [STDERR_REDIRECT] [Fatal Error] :1:1: Premature end of file.
2026-08-07 03:07:37,412 [ERROR] LogOutputStream:75 - [STDERR_REDIRECT] 
2026-08-07 03:07:38,402 [ERROR] LogOutputStream:75 - [STDERR_REDIRECT] [Fatal Error] :1:1: Premature end of file.
2026-08-07 03:07:38,402 [ERROR] LogOutputStream:75 - [STDERR_REDIRECT] 
2026-08-07 03:07:39,409 [ERROR] LogOutputStream:75 - [STDERR_REDIRECT] [Fatal Error] :1:1: Premature end of file.
2026-08-07 03:07:39,409 [ERROR] LogOutputStream:75 - [STDERR_REDIRECT] 
2026-08-07 03:07:40,403 [ERROR] LogOutputStream:75 - [STDERR_REDIRECT] [Fatal Error] :1:1: Premature end of file.
2026-08-07 03:07:40,403 [ERROR] LogOutputStream:75 - [STDERR_REDIRECT] 
2026-08-07 03:07:41,399 [ERROR] LogOutputStream:75 - [STDERR_REDIRECT] [Fatal Error] :1:1: Premature end of file.
2026-08-07 03:07:41,399 [ERROR] LogOutputStream:75 - [STDERR_REDIRECT] 
2026-08-07 03:07:42,400 [ERROR] LogOutputStream:75 - [STDERR_REDIRECT] [Fatal Error] :1:1: Premature end of file.
2026-08-07 03:07:42,400 [ERROR] LogOutputStream:75 - [STDERR_REDIRECT] 
2026-08-07 03:07:43,419 [ERROR] LogOutputStream:75 - [STDERR_REDIRECT] [Fatal Error] :1:1: Premature end of file.
2026-08-07 03:07:43,419 [ERROR] LogOutputStream:75 - [STDERR_REDIRECT] 
2026-08-07 03:07:44,415 [ERROR] LogOutputStream:75 - [STDERR_REDIRECT] [Fatal Error] :1:1: Premature end of file.
2026-08-07 03:07:44,415 [ERROR] LogOutputStream:75 - [STDERR_REDIRECT] 
2026-08-07 03:07:45,415 [ERROR] LogOutputStream:75 - [STDERR_REDIRECT] [Fatal Error] :1:1: Premature end of file.
2026-08-07 03:07:45,415 [ERROR] LogOutputStream:75 - [STDERR_REDIRECT] 
2026-08-07 03:07:46,420 [ERROR] LogOutputStream:75 - [STDERR_REDIRECT] [Fatal Error] :1:1: Premature end of file.
2026-08-07 03:07:46,420 [ERROR] LogOutputStream:75 - [STDERR_REDIRECT] 
2026-08-07 03:07:47,407 [ERROR] LogOutputStream:75 - [STDERR_REDIRECT] [Fatal Error] :1:1: Premature end of file.
2026-08-07 03:07:47,407 [ERROR] LogOutputStream:75 - [STDERR_REDIRECT] 
2026-08-07 03:07:48,415 [ERROR] LogOutputStream:75 - [STDERR_REDIRECT] [Fatal Error] :1:1: Premature end of file.
2026-08-07 03:07:48,415 [ERROR] LogOutputStream:75 - [STDERR_REDIRECT] 
2026-08-07 03:07:49,410 [ERROR] LogOutputStream:75 - [STDERR_REDIRECT] [Fatal Error] :1:1: Premature end of file.
2026-08-07 03:07:49,410 [ERROR] LogOutputStream:75 - [STDERR_REDIRECT] 
2026-08-07 03:07:50,405 [ERROR] LogOutputStream:75 - [STDERR_REDIRECT] [Fatal Error] :1:1: Premature end of file.
2026-08-07 03:07:50,405 [ERROR] LogOutputStream:75 - [STDERR_REDIRECT] 
2026-08-07 03:07:51,413 [ERROR] LogOutputStream:75 - [STDERR_REDIRECT] [Fatal Error] :1:1: Premature end of file.
2026-08-07 03:07:51,413 [ERROR] LogOutputStream:75 - [STDERR_REDIRECT] 
2026-08-07 03:07:52,408 [ERROR] LogOutputStream:75 - [STDERR_REDIRECT] [Fatal Error] :1:1: Premature end of file.
2026-08-07 03:07:52,408 [ERROR] LogOutputStream:75 - [STDERR_REDIRECT] 
2026-08-07 03:07:53,411 [ERROR] LogOutputStream:75 - [STDERR_REDIRECT] [Fatal Error] :1:1: Premature end of file.
2026-08-07 03:07:53,411 [ERROR] LogOutputStream:75 - [STDERR_REDIRECT] 
2026-08-07 03:07:54,401 [ERROR] LogOutputStream:75 - [STDERR_REDIRECT] [Fatal Error] :1:1: Premature end of file.
2026-08-07 03:07:54,401 [ERROR] LogOutputStream:75 - [STDERR_REDIRECT] 
2026-08-07 03:07:55,418 [ERROR] LogOutputStream:75 - [STDERR_REDIRECT] [Fatal Error] :1:1: Premature end of file.
2026-08-07 03:07:55,418 [ERROR] LogOutputStream:75 - [STDERR_REDIRECT] 
2026-08-07 03:07:56,406 [ERROR] LogOutputStream:75 - [STDERR_REDIRECT] [Fatal Error] :1:1: Premature end of file.
2026-08-07 03:07:56,406 [ERROR] LogOutputStream:75 - [STDERR_REDIRECT] 
2026-08-07 03:07:57,405 [ERROR] LogOutputStream:75 - [STDERR_REDIRECT] [Fatal Error] :1:1: Premature end of file.
2026-08-07 03:07:57,405 [ERROR] LogOutputStream:75 - [STDERR_REDIRECT] 
2026-08-07 03:07:58,405 [ERROR] LogOutputStream:75 - [STDERR_REDIRECT] [Fatal Error] :1:1: Premature end of file.
2026-08-07 03:07:58,405 [ERROR] LogOutputStream:75 - [STDERR_REDIRECT] 
2026-08-07 03:07:59,398 [ERROR] LogOutputStream:75 - [STDERR_REDIRECT] [Fatal Error] :1:1: Premature end of file.
2026-08-07 03:07:59,398 [ERROR] LogOutputStream:75 - [STDERR_REDIRECT] 
2026-08-07 03:08:00,398 [ERROR] LogOutputStream:75 - [STDERR_REDIRECT] [Fatal Error] :1:1: Premature end of file.
2026-08-07 03:08:00,411 [ERROR] LogOutputStream:75 - [STDERR_REDIRECT] 
2026-08-07 03:08:01,398 [ERROR] LogOutputStream:75 - [STDERR_REDIRECT] [Fatal Error] :1:1: Premature end of file.
2026-08-07 03:08:01,398 [ERROR] LogOutputStream:75 - [STDERR_REDIRECT] 
2026-08-07 03:08:02,406 [ERROR] LogOutputStream:75 - [STDERR_REDIRECT] [Fatal Error] :1:1: Premature end of file.
2026-08-07 03:08:02,406 [ERROR] LogOutputStream:75 - [STDERR_REDIRECT] 
2026-08-07 03:08:03,416 [ERROR] LogOutputStream:75 - [STDERR_REDIRECT] [Fatal Error] :1:1: Premature end of file.
2026-08-07 03:08:03,416 [ERROR] LogOutputStream:75 - [STDERR_REDIRECT] 
2026-08-07 03:08:04,417 [ERROR] LogOutputStream:75 - [STDERR_REDIRECT] [Fatal Error] :1:1: Premature end of file.
2026-08-07 03:08:04,417 [ERROR] LogOutputStream:75 - [STDERR_REDIRECT] 
2026-08-07 03:08:05,409 [ERROR] LogOutputStream:75 - [STDERR_REDIRECT] [Fatal Error] :1:1: Premature end of file.
2026-08-07 03:08:05,409 [ERROR] LogOutputStream:75 - [STDERR_REDIRECT] 
2026-08-07 03:08:06,412 [ERROR] LogOutputStream:75 - [STDERR_REDIRECT] [Fatal Error] :1:1: Premature end of file.
2026-08-07 03:08:06,412 [ERROR] LogOutputStream:75 - [STDERR_REDIRECT] 
2026-08-07 03:08:07,416 [ERROR] LogOutputStream:75 - [STDERR_REDIRECT] [Fatal Error] :1:1: Premature end of file.
2026-08-07 03:08:07,416 [ERROR] LogOutputStream:75 - [STDERR_REDIRECT] 
2026-08-07 03:08:08,416 [ERROR] LogOutputStream:75 - [STDERR_REDIRECT] [Fatal Error] :1:1: Premature end of file.
2026-08-07 03:08:08,416 [ERROR] LogOutputStream:75 - [STDERR_REDIRECT] 
2026-08-07 03:08:09,414 [ERROR] LogOutputStream:75 - [STDERR_REDIRECT] [Fatal Error] :1:1: Premature end of file.
2026-08-07 03:08:09,414 [ERROR] LogOutputStream:75 - [STDERR_REDIRECT] 
2026-08-07 03:08:10,418 [ERROR] LogOutputStream:75 - [STDERR_REDIRECT] [Fatal Error] :1:1: Premature end of file.
2026-08-07 03:08:10,418 [ERROR] LogOutputStream:75 - [STDERR_REDIRECT] 
2026-08-07 03:08:11,408 [ERROR] LogOutputStream:75 - [STDERR_REDIRECT] [Fatal Error] :1:1: Premature end of file.
2026-08-07 03:08:11,408 [ERROR] LogOutputStream:75 - [STDERR_REDIRECT] 
2026-08-07 03:08:12,412 [ERROR] LogOutputStream:75 - [STDERR_REDIRECT] [Fatal Error] :1:1: Premature end of file.
2026-08-07 03:08:12,412 [ERROR] LogOutputStream:75 - [STDERR_REDIRECT] 
2026-08-07 03:08:13,420 [ERROR] LogOutputStream:75 - [STDERR_REDIRECT] [Fatal Error] :1:1: Premature end of file.
2026-08-07 03:08:13,420 [ERROR] LogOutputStream:75 - [STDERR_REDIRECT] 
2026-08-07 03:08:14,401 [ERROR] LogOutputStream:75 - [STDERR_REDIRECT] [Fatal Error] :1:1: Premature end of file.
2026-08-07 03:08:14,401 [ERROR] LogOutputStream:75 - [STDERR_REDIRECT] 
2026-08-07 03:08:15,407 [ERROR] LogOutputStream:75 - [STDERR_REDIRECT] [Fatal Error] :1:1: Premature end of file.
2026-08-07 03:08:15,407 [ERROR] LogOutputStream:75 - [STDERR_REDIRECT] 
2026-08-07 03:08:16,406 [ERROR] LogOutputStream:75 - [STDERR_REDIRECT] [Fatal Error] :1:1: Premature end of file.
2026-08-07 03:08:16,406 [ERROR] LogOutputStream:75 - [STDERR_REDIRECT] 
2026-08-07 03:08:17,408 [ERROR] LogOutputStream:75 - [STDERR_REDIRECT] [Fatal Error] :1:1: Premature end of file.
2026-08-07 03:08:17,408 [ERROR] LogOutputStream:75 - [STDERR_REDIRECT] 
2026-08-07 03:08:18,404 [ERROR] LogOutputStream:75 - [STDERR_REDIRECT] [Fatal Error] :1:1: Premature end of file.
2026-08-07 03:08:18,404 [ERROR] LogOutputStream:75 - [STDERR_REDIRECT] 
2026-08-07 03:08:19,406 [ERROR] LogOutputStream:75 - [STDERR_REDIRECT] [Fatal Error] :1:1: Premature end of file.
2026-08-07 03:08:19,406 [ERROR] LogOutputStream:75 - [STDERR_REDIRECT] 
2026-08-07 03:08:20,403 [ERROR] LogOutputStream:75 - [STDERR_REDIRECT] [Fatal Error] :1:1: Premature end of file.
2026-08-07 03:08:20,403 [ERROR] LogOutputStream:75 - [STDERR_REDIRECT] 
2026-08-07 03:08:21,406 [ERROR] LogOutputStream:75 - [STDERR_REDIRECT] [Fatal Error] :1:1: Premature end of file.
2026-08-07 03:08:21,406 [ERROR] LogOutputStream:75 - [STDERR_REDIRECT] 
2026-08-07 03:08:22,402 [ERROR] LogOutputStream:75 - [STDERR_REDIRECT] [Fatal Error] :1:1: Premature end of file.
2026-08-07 03:08:22,402 [ERROR] LogOutputStream:75 - [STDERR_REDIRECT] 
2026-08-07 03:08:23,417 [ERROR] LogOutputStream:75 - [STDERR_REDIRECT] [Fatal Error] :1:1: Premature end of file.
2026-08-07 03:08:23,417 [ERROR] LogOutputStream:75 - [STDERR_REDIRECT] 
2026-08-07 03:08:24,416 [ERROR] LogOutputStream:75 - [STDERR_REDIRECT] [Fatal Error] :1:1: Premature end of file.
2026-08-07 03:08:24,416 [ERROR] LogOutputStream:75 - [STDERR_REDIRECT] 
2026-08-07 03:08:25,418 [ERROR] LogOutputStream:75 - [STDERR_REDIRECT] [Fatal Error] :1:1: Premature end of file.
2026-08-07 03:08:25,418 [ERROR] LogOutputStream:75 - [STDERR_REDIRECT] 
2026-08-07 03:08:26,417 [ERROR] LogOutputStream:75 - [STDERR_REDIRECT] [Fatal Error] :1:1: Premature end of file.
2026-08-07 03:08:26,417 [ERROR] LogOutputStream:75 - [STDERR_REDIRECT] 
2026-08-07 03:08:27,397 [ERROR] LogOutputStream:75 - [STDERR_REDIRECT] [Fatal Error] :1:1: Premature end of file.
2026-08-07 03:08:27,397 [ERROR] LogOutputStream:75 - [STDERR_REDIRECT] 
2026-08-07 03:08:28,420 [ERROR] LogOutputStream:75 - [STDERR_REDIRECT] [Fatal Error] :1:1: Premature end of file.
2026-08-07 03:08:28,420 [ERROR] LogOutputStream:75 - [STDERR_REDIRECT] 
2026-08-07 03:08:29,407 [ERROR] LogOutputStream:75 - [STDERR_REDIRECT] [Fatal Error] :1:1: Premature end of file.
2026-08-07 03:08:29,407 [ERROR] LogOutputStream:75 - [STDERR_REDIRECT] 
2026-08-07 03:08:30,411 [ERROR] LogOutputStream:75 - [STDERR_REDIRECT] [Fatal Error] :1:1: Premature end of file.
2026-08-07 03:08:30,411 [ERROR] LogOutputStream:75 - [STDERR_REDIRECT] 
2026-08-07 03:08:31,410 [ERROR] LogOutputStream:75 - [STDERR_REDIRECT] [Fatal Error] :1:1: Premature end of file.
2026-08-07 03:08:31,410 [ERROR] LogOutputStream:75 - [STDERR_REDIRECT] 
2026-08-07 03:08:32,409 [ERROR] LogOutputStream:75 - [STDERR_REDIRECT] [Fatal Error] :1:1: Premature end of file.
2026-08-07 03:08:32,409 [ERROR] LogOutputStream:75 - [STDERR_REDIRECT] 
2026-08-07 03:08:33,416 [ERROR] LogOutputStream:75 - [STDERR_REDIRECT] [Fatal Error] :1:1: Premature end of file.
2026-08-07 03:08:33,416 [ERROR] LogOutputStream:75 - [STDERR_REDIRECT] 
2026-08-07 03:08:34,408 [ERROR] LogOutputStream:75 - [STDERR_REDIRECT] [Fatal Error] :1:1: Premature end of file.
2026-08-07 03:08:34,408 [ERROR] LogOutputStream:75 - [STDERR_REDIRECT] 
2026-08-07 03:08:35,417 [ERROR] LogOutputStream:75 - [STDERR_REDIRECT] [Fatal Error] :1:1: Premature end of file.
2026-08-07 03:08:35,417 [ERROR] LogOutputStream:75 - [STDERR_REDIRECT] 
2026-08-07 03:08:36,411 [ERROR] LogOutputStream:75 - [STDERR_REDIRECT] [Fatal Error] :1:1: Premature end of file.
2026-08-07 03:08:36,411 [ERROR] LogOutputStream:75 - [STDERR_REDIRECT] 
2026-08-07 03:08:37,492 [ERROR] LogOutputStream:75 - [STDERR_REDIRECT] [Fatal Error] :1:1: Premature end of file.
2026-08-07 03:08:37,492 [ERROR] LogOutputStream:75 - [STDERR_REDIRECT] 
2026-08-07 03:08:38,407 [ERROR] LogOutputStream:75 - [STDERR_REDIRECT] [Fatal Error] :1:1: Premature end of file.
2026-08-07 03:08:38,407 [ERROR] LogOutputStream:75 - [STDERR_REDIRECT] 
2026-08-07 03:08:39,404 [ERROR] LogOutputStream:75 - [STDERR_REDIRECT] [Fatal Error] :1:1: Premature end of file.
2026-08-07 03:08:39,404 [ERROR] LogOutputStream:75 - [STDERR_REDIRECT] 
2026-08-07 03:08:40,396 [ERROR] LogOutputStream:75 - [STDERR_REDIRECT] [Fatal Error] :1:1: Premature end of file.
2026-08-07 03:08:40,396 [ERROR] LogOutputStream:75 - [STDERR_REDIRECT] 
2026-08-07 03:08:41,396 [ERROR] LogOutputStream:75 - [STDERR_REDIRECT] [Fatal Error] :1:1: Premature end of file.
2026-08-07 03:08:41,396 [ERROR] LogOutputStream:75 - [STDERR_REDIRECT] 
2026-08-07 03:08:42,411 [ERROR] LogOutputStream:75 - [STDERR_REDIRECT] [Fatal Error] :1:1: Premature end of file.
2026-08-07 03:08:42,411 [ERROR] LogOutputStream:75 - [STDERR_REDIRECT] 
2026-08-07 03:08:43,411 [ERROR] LogOutputStream:75 - [STDERR_REDIRECT] [Fatal Error] :1:1: Premature end of file.
2026-08-07 03:08:43,411 [ERROR] LogOutputStream:75 - [STDERR_REDIRECT] 
2026-08-07 03:08:44,413 [ERROR] LogOutputStream:75 - [STDERR_REDIRECT] [Fatal Error] :1:1: Premature end of file.
2026-08-07 03:08:44,413 [ERROR] LogOutputStream:75 - [STDERR_REDIRECT] 
2026-08-07 03:08:45,426 [ERROR] LogOutputStream:75 - [STDERR_REDIRECT] [Fatal Error] :1:1: Premature end of file.
2026-08-07 03:08:45,426 [ERROR] LogOutputStream:75 - [STDERR_REDIRECT] 
2026-08-07 03:08:46,415 [ERROR] LogOutputStream:75 - [STDERR_REDIRECT] [Fatal Error] :1:1: Premature end of file.
2026-08-07 03:08:46,415 [ERROR] LogOutputStream:75 - [STDERR_REDIRECT] 
2026-08-07 03:08:47,415 [ERROR] LogOutputStream:75 - [STDERR_REDIRECT] [Fatal Error] :1:1: Premature end of file.
2026-08-07 03:08:47,415 [ERROR] LogOutputStream:75 - [STDERR_REDIRECT] 
2026-08-07 03:08:48,406 [ERROR] LogOutputStream:75 - [STDERR_REDIRECT] [Fatal Error] :1:1: Premature end of file.
2026-08-07 03:08:48,406 [ERROR] LogOutputStream:75 - [STDERR_REDIRECT] 
2026-08-07 03:08:49,418 [ERROR] LogOutputStream:75 - [STDERR_REDIRECT] [Fatal Error] :1:1: Premature end of file.
2026-08-07 03:08:49,418 [ERROR] LogOutputStream:75 - [STDERR_REDIRECT] 
2026-08-07 03:08:50,419 [ERROR] LogOutputStream:75 - [STDERR_REDIRECT] [Fatal Error] :1:1: Premature end of file.
2026-08-07 03:08:50,419 [ERROR] LogOutputStream:75 - [STDERR_REDIRECT] 
2026-08-07 03:08:51,417 [ERROR] LogOutputStream:75 - [STDERR_REDIRECT] [Fatal Error] :1:1: Premature end of file.
2026-08-07 03:08:51,417 [ERROR] LogOutputStream:75 - [STDERR_REDIRECT] 
2026-08-07 03:08:52,417 [ERROR] LogOutputStream:75 - [STDERR_REDIRECT] [Fatal Error] :1:1: Premature end of file.
2026-08-07 03:08:52,417 [ERROR] LogOutputStream:75 - [STDERR_REDIRECT] 
2026-08-07 03:08:53,404 [ERROR] LogOutputStream:75 - [STDERR_REDIRECT] [Fatal Error] :1:1: Premature end of file.
2026-08-07 03:08:53,404 [ERROR] LogOutputStream:75 - [STDERR_REDIRECT] 
2026-08-07 03:08:54,408 [ERROR] LogOutputStream:75 - [STDERR_REDIRECT] [Fatal Error] :1:1: Premature end of file.
2026-08-07 03:08:54,408 [ERROR] LogOutputStream:75 - [STDERR_REDIRECT] 
2026-08-07 03:08:55,401 [ERROR] LogOutputStream:75 - [STDERR_REDIRECT] [Fatal Error] :1:1: Premature end of file.
2026-08-07 03:08:55,401 [ERROR] LogOutputStream:75 - [STDERR_REDIRECT] 
2026-08-07 03:08:56,414 [ERROR] LogOutputStream:75 - [STDERR_REDIRECT] [Fatal Error] :1:1: Premature end of file.
2026-08-07 03:08:56,414 [ERROR] LogOutputStream:75 - [STDERR_REDIRECT] 
2026-08-07 03:08:57,411 [ERROR] LogOutputStream:75 - [STDERR_REDIRECT] [Fatal Error] :1:1: Premature end of file.
2026-08-07 03:08:57,411 [ERROR] LogOutputStream:75 - [STDERR_REDIRECT] 
2026-08-07 03:08:58,405 [ERROR] LogOutputStream:75 - [STDERR_REDIRECT] [Fatal Error] :1:1: Premature end of file.
2026-08-07 03:08:58,405 [ERROR] LogOutputStream:75 - [STDERR_REDIRECT] 
2026-08-07 03:08:59,410 [ERROR] LogOutputStream:75 - [STDERR_REDIRECT] [Fatal Error] :1:1: Premature end of file.
2026-08-07 03:08:59,410 [ERROR] LogOutputStream:75 - [STDERR_REDIRECT] 
2026-08-07 03:09:00,397 [ERROR] LogOutputStream:75 - [STDERR_REDIRECT] [Fatal Error] :1:1: Premature end of file.
2026-08-07 03:09:00,397 [ERROR] LogOutputStream:75 - [STDERR_REDIRECT] 
2026-08-07 03:09:01,408 [ERROR] LogOutputStream:75 - [STDERR_REDIRECT] [Fatal Error] :1:1: Premature end of file.
2026-08-07 03:09:01,408 [ERROR] LogOutputStream:75 - [STDERR_REDIRECT] 
2026-08-07 03:09:02,403 [ERROR] LogOutputStream:75 - [STDERR_REDIRECT] [Fatal Error] :1:1: Premature end of file.
2026-08-07 03:09:02,403 [ERROR] LogOutputStream:75 - [STDERR_REDIRECT] 
2026-08-07 03:09:03,411 [ERROR] LogOutputStream:75 - [STDERR_REDIRECT] [Fatal Error] :1:1: Premature end of file.
2026-08-07 03:09:03,411 [ERROR] LogOutputStream:75 - [STDERR_REDIRECT] 
2026-08-07 03:09:04,421 [ERROR] LogOutputStream:75 - [STDERR_REDIRECT] [Fatal Error] :1:1: Premature end of file.
2026-08-07 03:09:04,421 [ERROR] LogOutputStream:75 - [STDERR_REDIRECT] 
2026-08-07 03:09:05,417 [ERROR] LogOutputStream:75 - [STDERR_REDIRECT] [Fatal Error] :1:1: Premature end of file.
2026-08-07 03:09:05,417 [ERROR] LogOutputStream:75 - [STDERR_REDIRECT] 
2026-08-07 03:09:06,420 [ERROR] LogOutputStream:75 - [STDERR_REDIRECT] [Fatal Error] :1:1: Premature end of file.
2026-08-07 03:09:06,420 [ERROR] LogOutputStream:75 - [STDERR_REDIRECT] 
2026-08-07 03:09:07,420 [ERROR] LogOutputStream:75 - [STDERR_REDIRECT] [Fatal Error] :1:1: Premature end of file.
2026-08-07 03:09:07,420 [ERROR] LogOutputStream:75 - [STDERR_REDIRECT] 
2026-08-07 03:09:08,409 [ERROR] LogOutputStream:75 - [STDERR_REDIRECT] [Fatal Error] :1:1: Premature end of file.
2026-08-07 03:09:08,409 [ERROR] LogOutputStream:75 - [STDERR_REDIRECT] 
2026-08-07 03:09:09,406 [ERROR] LogOutputStream:75 - [STDERR_REDIRECT] [Fatal Error] :1:1: Premature end of file.
2026-08-07 03:09:09,406 [ERROR] LogOutputStream:75 - [STDERR_REDIRECT] 
2026-08-07 03:09:10,405 [ERROR] LogOutputStream:75 - [STDERR_REDIRECT] [Fatal Error] :1:1: Premature end of file.
2026-08-07 03:09:10,405 [ERROR] LogOutputStream:75 - [STDERR_REDIRECT] 
2026-08-07 03:09:11,415 [ERROR] LogOutputStream:75 - [STDERR_REDIRECT] [Fatal Error] :1:1: Premature end of file.
2026-08-07 03:09:11,415 [ERROR] LogOutputStream:75 - [STDERR_REDIRECT] 
2026-08-07 03:09:12,415 [ERROR] LogOutputStream:75 - [STDERR_REDIRECT] [Fatal Error] :1:1: Premature end of file.
2026-08-07 03:09:12,415 [ERROR] LogOutputStream:75 - [STDERR_REDIRECT] 
2026-08-07 03:09:13,407 [ERROR] LogOutputStream:75 - [STDERR_REDIRECT] [Fatal Error] :1:1: Premature end of file.
2026-08-07 03:09:13,407 [ERROR] LogOutputStream:75 - [STDERR_REDIRECT] 
2026-08-07 03:09:14,406 [ERROR] LogOutputStream:75 - [STDERR_REDIRECT] [Fatal Error] :1:1: Premature end of file.
2026-08-07 03:09:14,406 [ERROR] LogOutputStream:75 - [STDERR_REDIRECT] 
2026-08-07 03:09:15,411 [ERROR] LogOutputStream:75 - [STDERR_REDIRECT] [Fatal Error] :1:1: Premature end of file.
2026-08-07 03:09:15,411 [ERROR] LogOutputStream:75 - [STDERR_REDIRECT] 
2026-08-07 03:09:16,414 [ERROR] LogOutputStream:75 - [STDERR_REDIRECT] [Fatal Error] :1:1: Premature end of file.
2026-08-07 03:09:16,414 [ERROR] LogOutputStream:75 - [STDERR_REDIRECT] 
2026-08-07 03:09:17,402 [ERROR] LogOutputStream:75 - [STDERR_REDIRECT] [Fatal Error] :1:1: Premature end of file.
2026-08-07 03:09:17,402 [ERROR] LogOutputStream:75 - [STDERR_REDIRECT] 
2026-08-07 03:09:18,409 [ERROR] LogOutputStream:75 - [STDERR_REDIRECT] [Fatal Error] :1:1: Premature end of file.
2026-08-07 03:09:18,409 [ERROR] LogOutputStream:75 - [STDERR_REDIRECT] 
2026-08-07 03:09:19,409 [ERROR] LogOutputStream:75 - [STDERR_REDIRECT] [Fatal Error] :1:1: Premature end of file.
2026-08-07 03:09:19,409 [ERROR] LogOutputStream:75 - [STDERR_REDIRECT] 
2026-08-07 03:09:20,397 [ERROR] LogOutputStream:75 - [STDERR_REDIRECT] [Fatal Error] :1:1: Premature end of file.
2026-08-07 03:09:20,397 [ERROR] LogOutputStream:75 - [STDERR_REDIRECT] 
2026-08-07 03:09:21,396 [ERROR] LogOutputStream:75 - [STDERR_REDIRECT] [Fatal Error] :1:1: Premature end of file.
2026-08-07 03:09:21,396 [ERROR] LogOutputStream:75 - [STDERR_REDIRECT] 
2026-08-07 03:09:22,408 [ERROR] LogOutputStream:75 - [STDERR_REDIRECT] [Fatal Error] :1:1: Premature end of file.
2026-08-07 03:09:22,408 [ERROR] LogOutputStream:75 - [STDERR_REDIRECT] 
2026-08-07 03:09:23,421 [ERROR] LogOutputStream:75 - [STDERR_REDIRECT] [Fatal Error] :1:1: Premature end of file.
2026-08-07 03:09:23,421 [ERROR] LogOutputStream:75 - [STDERR_REDIRECT] 
2026-08-07 03:09:24,412 [ERROR] LogOutputStream:75 - [STDERR_REDIRECT] [Fatal Error] :1:1: Premature end of file.
2026-08-07 03:09:24,412 [ERROR] LogOutputStream:75 - [STDERR_REDIRECT] 
2026-08-07 03:09:25,409 [ERROR] LogOutputStream:75 - [STDERR_REDIRECT] [Fatal Error] :1:1: Premature end of file.
2026-08-07 03:09:25,409 [ERROR] LogOutputStream:75 - [STDERR_REDIRECT] 
2026-08-07 03:09:26,409 [ERROR] LogOutputStream:75 - [STDERR_REDIRECT] [Fatal Error] :1:1: Premature end of file.
2026-08-07 03:09:26,409 [ERROR] LogOutputStream:75 - [STDERR_REDIRECT] 
2026-08-07 03:09:27,407 [ERROR] LogOutputStream:75 - [STDERR_REDIRECT] [Fatal Error] :1:1: Premature end of file.
2026-08-07 03:09:27,407 [ERROR] LogOutputStream:75 - [STDERR_REDIRECT] 
2026-08-07 03:09:28,407 [ERROR] LogOutputStream:75 - [STDERR_REDIRECT] [Fatal Error] :1:1: Premature end of file.
2026-08-07 03:09:28,407 [ERROR] LogOutputStream:75 - [STDERR_REDIRECT] 
2026-08-07 03:09:29,418 [ERROR] LogOutputStream:75 - [STDERR_REDIRECT] [Fatal Error] :1:1: Premature end of file.
2026-08-07 03:09:29,418 [ERROR] LogOutputStream:75 - [STDERR_REDIRECT] 
2026-08-07 03:09:30,405 [ERROR] LogOutputStream:75 - [STDERR_REDIRECT] [Fatal Error] :1:1: Premature end of file.
2026-08-07 03:09:30,405 [ERROR] LogOutputStream:75 - [STDERR_REDIRECT] 
2026-08-07 03:09:31,405 [ERROR] LogOutputStream:75 - [STDERR_REDIRECT] [Fatal Error] :1:1: Premature end of file.
2026-08-07 03:09:31,405 [ERROR] LogOutputStream:75 - [STDERR_REDIRECT] 
2026-08-07 03:09:32,404 [ERROR] LogOutputStream:75 - [STDERR_REDIRECT] [Fatal Error] :1:1: Premature end of file.
2026-08-07 03:09:32,404 [ERROR] LogOutputStream:75 - [STDERR_REDIRECT] 
2026-08-07 03:09:33,421 [ERROR] LogOutputStream:75 - [STDERR_REDIRECT] [Fatal Error] :1:1: Premature end of file.
2026-08-07 03:09:33,421 [ERROR] LogOutputStream:75 - [STDERR_REDIRECT] 
2026-08-07 03:09:34,402 [ERROR] LogOutputStream:75 - [STDERR_REDIRECT] [Fatal Error] :1:1: Premature end of file.
2026-08-07 03:09:34,402 [ERROR] LogOutputStream:75 - [STDERR_REDIRECT] 
2026-08-07 03:09:35,417 [ERROR] LogOutputStream:75 - [STDERR_REDIRECT] [Fatal Error] :1:1: Premature end of file.
2026-08-07 03:09:35,417 [ERROR] LogOutputStream:75 - [STDERR_REDIRECT] 
2026-08-07 03:09:36,400 [ERROR] LogOutputStream:75 - [STDERR_REDIRECT] [Fatal Error] :1:1: Premature end of file.
2026-08-07 03:09:36,400 [ERROR] LogOutputStream:75 - [STDERR_REDIRECT] 
2026-08-07 03:09:37,399 [ERROR] LogOutputStream:75 - [STDERR_REDIRECT] [Fatal Error] :1:1: Premature end of file.
2026-08-07 03:09:37,399 [ERROR] LogOutputStream:75 - [STDERR_REDIRECT] 
2026-08-07 03:09:38,399 [ERROR] LogOutputStream:75 - [STDERR_REDIRECT] [Fatal Error] :1:1: Premature end of file.
2026-08-07 03:09:38,399 [ERROR] LogOutputStream:75 - [STDERR_REDIRECT] 
2026-08-07 03:09:39,398 [ERROR] LogOutputStream:75 - [STDERR_REDIRECT] [Fatal Error] :1:1: Premature end of file.
2026-08-07 03:09:39,398 [ERROR] LogOutputStream:75 - [STDERR_REDIRECT] 
2026-08-07 03:09:40,413 [ERROR] LogOutputStream:75 - [STDERR_REDIRECT] [Fatal Error] :1:1: Premature end of file.
2026-08-07 03:09:40,413 [ERROR] LogOutputStream:75 - [STDERR_REDIRECT] 
2026-08-07 03:09:41,396 [ERROR] LogOutputStream:75 - [STDERR_REDIRECT] [Fatal Error] :1:1: Premature end of file.
2026-08-07 03:09:41,396 [ERROR] LogOutputStream:75 - [STDERR_REDIRECT] 
2026-08-07 03:09:42,401 [ERROR] LogOutputStream:75 - [STDERR_REDIRECT] [Fatal Error] :1:1: Premature end of file.
2026-08-07 03:09:42,401 [ERROR] LogOutputStream:75 - [STDERR_REDIRECT] 
2026-08-07 03:09:43,403 [ERROR] LogOutputStream:75 - [STDERR_REDIRECT] [Fatal Error] :1:1: Premature end of file.
2026-08-07 03:09:43,403 [ERROR] LogOutputStream:75 - [STDERR_REDIRECT] 
2026-08-07 03:09:44,419 [ERROR] LogOutputStream:75 - [STDERR_REDIRECT] [Fatal Error] :1:1: Premature end of file.
2026-08-07 03:09:44,419 [ERROR] LogOutputStream:75 - [STDERR_REDIRECT] 
2026-08-07 03:09:45,411 [ERROR] LogOutputStream:75 - [STDERR_REDIRECT] [Fatal Error] :1:1: Premature end of file.
2026-08-07 03:09:45,411 [ERROR] LogOutputStream:75 - [STDERR_REDIRECT] 
2026-08-07 03:09:46,409 [ERROR] LogOutputStream:75 - [STDERR_REDIRECT] [Fatal Error] :1:1: Premature end of file.
2026-08-07 03:09:46,409 [ERROR] LogOutputStream:75 - [STDERR_REDIRECT] 
2026-08-07 03:09:47,416 [ERROR] LogOutputStream:75 - [STDERR_REDIRECT] [Fatal Error] :1:1: Premature end of file.
2026-08-07 03:09:47,416 [ERROR] LogOutputStream:75 - [STDERR_REDIRECT] 
2026-08-07 03:09:48,407 [ERROR] LogOutputStream:75 - [STDERR_REDIRECT] [Fatal Error] :1:1: Premature end of file.
2026-08-07 03:09:48,407 [ERROR] LogOutputStream:75 - [STDERR_REDIRECT] 
2026-08-07 03:09:49,413 [ERROR] LogOutputStream:75 - [STDERR_REDIRECT] [Fatal Error] :1:1: Premature end of file.
2026-08-07 03:09:49,413 [ERROR] LogOutputStream:75 - [STDERR_REDIRECT] 
2026-08-07 03:09:50,416 [ERROR] LogOutputStream:75 - [STDERR_REDIRECT] [Fatal Error] :1:1: Premature end of file.
2026-08-07 03:09:50,416 [ERROR] LogOutputStream:75 - [STDERR_REDIRECT] 
2026-08-07 03:09:51,412 [ERROR] LogOutputStream:75 - [STDERR_REDIRECT] [Fatal Error] :1:1: Premature end of file.
2026-08-07 03:09:51,412 [ERROR] LogOutputStream:75 - [STDERR_REDIRECT] 
2026-08-07 03:09:52,404 [ERROR] LogOutputStream:75 - [STDERR_REDIRECT] [Fatal Error] :1:1: Premature end of file.
2026-08-07 03:09:52,404 [ERROR] LogOutputStream:75 - [STDERR_REDIRECT] 
2026-08-07 03:09:53,412 [ERROR] LogOutputStream:75 - [STDERR_REDIRECT] [Fatal Error] :1:1: Premature end of file.
2026-08-07 03:09:53,412 [ERROR] LogOutputStream:75 - [STDERR_REDIRECT] 
2026-08-07 03:09:54,402 [ERROR] LogOutputStream:75 - [STDERR_REDIRECT] [Fatal Error] :1:1: Premature end of file.
2026-08-07 03:09:54,402 [ERROR] LogOutputStream:75 - [STDERR_REDIRECT] 
2026-08-07 03:09:55,416 [ERROR] LogOutputStream:75 - [STDERR_REDIRECT] [Fatal Error] :1:1: Premature end of file.
2026-08-07 03:09:55,417 [ERROR] LogOutputStream:75 - [STDERR_REDIRECT] 
2026-08-07 03:09:56,412 [ERROR] LogOutputStream:75 - [STDERR_REDIRECT] [Fatal Error] :1:1: Premature end of file.
2026-08-07 03:09:56,412 [ERROR] LogOutputStream:75 - [STDERR_REDIRECT] 
2026-08-07 03:09:57,411 [ERROR] LogOutputStream:75 - [STDERR_REDIRECT] [Fatal Error] :1:1: Premature end of file.
2026-08-07 03:09:57,411 [ERROR] LogOutputStream:75 - [STDERR_REDIRECT] 
2026-08-07 03:09:58,400 [ERROR] LogOutputStream:75 - [STDERR_REDIRECT] [Fatal Error] :1:1: Premature end of file.
2026-08-07 03:09:58,400 [ERROR] LogOutputStream:75 - [STDERR_REDIRECT] 
2026-08-07 03:09:59,402 [ERROR] LogOutputStream:75 - [STDERR_REDIRECT] [Fatal Error] :1:1: Premature end of file.
2026-08-07 03:09:59,402 [ERROR] LogOutputStream:75 - [STDERR_REDIRECT] 
2026-08-07 03:10:00,404 [ERROR] LogOutputStream:75 - [STDERR_REDIRECT] [Fatal Error] :1:1: Premature end of file.
2026-08-07 03:10:00,404 [ERROR] LogOutputStream:75 - [STDERR_REDIRECT] 
2026-08-07 03:10:01,396 [ERROR] LogOutputStream:75 - [STDERR_REDIRECT] [Fatal Error] :1:1: Premature end of file.
2026-08-07 03:10:01,396 [ERROR] LogOutputStream:75 - [STDERR_REDIRECT] 
2026-08-07 03:10:02,396 [ERROR] LogOutputStream:75 - [STDERR_REDIRECT] [Fatal Error] :1:1: Premature end of file.
2026-08-07 03:10:02,396 [ERROR] LogOutputStream:75 - [STDERR_REDIRECT] 
2026-08-07 03:10:03,394 [ERROR] LogOutputStream:75 - [STDERR_REDIRECT] [Fatal Error] :1:1: Premature end of file.
2026-08-07 03:10:03,394 [ERROR] LogOutputStream:75 - [STDERR_REDIRECT] 
2026-08-07 03:10:04,410 [ERROR] LogOutputStream:75 - [STDERR_REDIRECT] [Fatal Error] :1:1: Premature end of file.
2026-08-07 03:10:04,410 [ERROR] LogOutputStream:75 - [STDERR_REDIRECT] 
2026-08-07 03:10:05,416 [ERROR] LogOutputStream:75 - [STDERR_REDIRECT] [Fatal Error] :1:1: Premature end of file.
2026-08-07 03:10:05,416 [ERROR] LogOutputStream:75 - [STDERR_REDIRECT] 
2026-08-07 03:10:06,409 [ERROR] LogOutputStream:75 - [STDERR_REDIRECT] [Fatal Error] :1:1: Premature end of file.
2026-08-07 03:10:06,409 [ERROR] LogOutputStream:75 - [STDERR_REDIRECT] 
2026-08-07 03:10:07,408 [ERROR] LogOutputStream:75 - [STDERR_REDIRECT] [Fatal Error] :1:1: Premature end of file.
2026-08-07 03:10:07,408 [ERROR] LogOutputStream:75 - [STDERR_REDIRECT] 
2026-08-07 03:10:08,408 [ERROR] LogOutputStream:75 - [STDERR_REDIRECT] [Fatal Error] :1:1: Premature end of file.
2026-08-07 03:10:08,408 [ERROR] LogOutputStream:75 - [STDERR_REDIRECT] 
2026-08-07 03:10:09,406 [ERROR] LogOutputStream:75 - [STDERR_REDIRECT] [Fatal Error] :1:1: Premature end of file.
2026-08-07 03:10:09,406 [ERROR] LogOutputStream:75 - [STDERR_REDIRECT] 
2026-08-07 03:10:10,412 [ERROR] LogOutputStream:75 - [STDERR_REDIRECT] [Fatal Error] :1:1: Premature end of file.
2026-08-07 03:10:10,412 [ERROR] LogOutputStream:75 - [STDERR_REDIRECT] 
2026-08-07 03:10:11,416 [ERROR] LogOutputStream:75 - [STDERR_REDIRECT] [Fatal Error] :1:1: Premature end of file.
2026-08-07 03:10:11,416 [ERROR] LogOutputStream:75 - [STDERR_REDIRECT] 
2026-08-07 03:10:12,409 [ERROR] LogOutputStream:75 - [STDERR_REDIRECT] [Fatal Error] :1:1: Premature end of file.
2026-08-07 03:10:12,409 [ERROR] LogOutputStream:75 - [STDERR_REDIRECT] 
2026-08-07 03:10:13,409 [ERROR] LogOutputStream:75 - [STDERR_REDIRECT] [Fatal Error] :1:1: Premature end of file.
2026-08-07 03:10:13,409 [ERROR] LogOutputStream:75 - [STDERR_REDIRECT] 
2026-08-07 03:10:14,407 [ERROR] LogOutputStream:75 - [STDERR_REDIRECT] [Fatal Error] :1:1: Premature end of file.
2026-08-07 03:10:14,407 [ERROR] LogOutputStream:75 - [STDERR_REDIRECT] 
2026-08-07 03:10:15,412 [ERROR] LogOutputStream:75 - [STDERR_REDIRECT] [Fatal Error] :1:1: Premature end of file.
2026-08-07 03:10:15,412 [ERROR] LogOutputStream:75 - [STDERR_REDIRECT] 
2026-08-07 03:10:16,412 [ERROR] LogOutputStream:75 - [STDERR_REDIRECT] [Fatal Error] :1:1: Premature end of file.
2026-08-07 03:10:16,412 [ERROR] LogOutputStream:75 - [STDERR_REDIRECT] 
2026-08-07 03:10:17,400 [ERROR] LogOutputStream:75 - [STDERR_REDIRECT] [Fatal Error] :1:1: Premature end of file.
2026-08-07 03:10:17,400 [ERROR] LogOutputStream:75 - [STDERR_REDIRECT] 
2026-08-07 03:10:18,403 [ERROR] LogOutputStream:75 - [STDERR_REDIRECT] [Fatal Error] :1:1: Premature end of file.
2026-08-07 03:10:18,403 [ERROR] LogOutputStream:75 - [STDERR_REDIRECT] 
2026-08-07 03:10:19,399 [ERROR] LogOutputStream:75 - [STDERR_REDIRECT] [Fatal Error] :1:1: Premature end of file.
2026-08-07 03:10:19,414 [ERROR] LogOutputStream:75 - [STDERR_REDIRECT] 
2026-08-07 03:10:20,402 [ERROR] LogOutputStream:75 - [STDERR_REDIRECT] [Fatal Error] :1:1: Premature end of file.
2026-08-07 03:10:20,402 [ERROR] LogOutputStream:75 - [STDERR_REDIRECT] 
2026-08-07 03:10:21,407 [ERROR] LogOutputStream:75 - [STDERR_REDIRECT] [Fatal Error] :1:1: Premature end of file.
2026-08-07 03:10:21,407 [ERROR] LogOutputStream:75 - [STDERR_REDIRECT] 
2026-08-07 03:10:22,408 [ERROR] LogOutputStream:75 - [STDERR_REDIRECT] [Fatal Error] :1:1: Premature end of file.
2026-08-07 03:10:22,410 [ERROR] LogOutputStream:75 - [STDERR_REDIRECT] 
2026-08-07 03:10:23,410 [ERROR] LogOutputStream:75 - [STDERR_REDIRECT] [Fatal Error] :1:1: Premature end of file.
2026-08-07 03:10:23,410 [ERROR] LogOutputStream:75 - [STDERR_REDIRECT] 
2026-08-07 03:10:24,402 [ERROR] LogOutputStream:75 - [STDERR_REDIRECT] [Fatal Error] :1:1: Premature end of file.
2026-08-07 03:10:24,402 [ERROR] LogOutputStream:75 - [STDERR_REDIRECT] 
2026-08-07 03:10:25,421 [ERROR] LogOutputStream:75 - [STDERR_REDIRECT] [Fatal Error] :1:1: Premature end of file.
2026-08-07 03:10:25,421 [ERROR] LogOutputStream:75 - [STDERR_REDIRECT] 
2026-08-07 03:10:26,420 [ERROR] LogOutputStream:75 - [STDERR_REDIRECT] [Fatal Error] :1:1: Premature end of file.
2026-08-07 03:10:26,420 [ERROR] LogOutputStream:75 - [STDERR_REDIRECT] 
2026-08-07 03:10:27,413 [ERROR] LogOutputStream:75 - [STDERR_REDIRECT] [Fatal Error] :1:1: Premature end of file.
2026-08-07 03:10:27,413 [ERROR] LogOutputStream:75 - [STDERR_REDIRECT] 
2026-08-07 03:10:28,416 [ERROR] LogOutputStream:75 - [STDERR_REDIRECT] [Fatal Error] :1:1: Premature end of file.
2026-08-07 03:10:28,416 [ERROR] LogOutputStream:75 - [STDERR_REDIRECT] 
2026-08-07 03:10:29,415 [ERROR] LogOutputStream:75 - [STDERR_REDIRECT] [Fatal Error] :1:1: Premature end of file.
2026-08-07 03:10:29,415 [ERROR] LogOutputStream:75 - [STDERR_REDIRECT] 
2026-08-07 03:10:30,406 [ERROR] LogOutputStream:75 - [STDERR_REDIRECT] [Fatal Error] :1:1: Premature end of file.
2026-08-07 03:10:30,406 [ERROR] LogOutputStream:75 - [STDERR_REDIRECT] 
2026-08-07 03:10:31,419 [ERROR] LogOutputStream:75 - [STDERR_REDIRECT] [Fatal Error] :1:1: Premature end of file.
2026-08-07 03:10:31,419 [ERROR] LogOutputStream:75 - [STDERR_REDIRECT] 
2026-08-07 03:10:32,404 [ERROR] LogOutputStream:75 - [STDERR_REDIRECT] [Fatal Error] :1:1: Premature end of file.
2026-08-07 03:10:32,404 [ERROR] LogOutputStream:75 - [STDERR_REDIRECT] 
2026-08-07 03:10:33,403 [ERROR] LogOutputStream:75 - [STDERR_REDIRECT] [Fatal Error] :1:1: Premature end of file.
2026-08-07 03:10:33,403 [ERROR] LogOutputStream:75 - [STDERR_REDIRECT] 
2026-08-07 03:10:34,413 [ERROR] LogOutputStream:75 - [STDERR_REDIRECT] [Fatal Error] :1:1: Premature end of file.
2026-08-07 03:10:34,413 [ERROR] LogOutputStream:75 - [STDERR_REDIRECT] 
2026-08-07 03:10:35,411 [ERROR] LogOutputStream:75 - [STDERR_REDIRECT] [Fatal Error] :1:1: Premature end of file.
2026-08-07 03:10:35,411 [ERROR] LogOutputStream:75 - [STDERR_REDIRECT] 
2026-08-07 03:10:36,401 [ERROR] LogOutputStream:75 - [STDERR_REDIRECT] [Fatal Error] :1:1: Premature end of file.
2026-08-07 03:10:36,401 [ERROR] LogOutputStream:75 - [STDERR_REDIRECT] 
2026-08-07 03:10:37,400 [ERROR] LogOutputStream:75 - [STDERR_REDIRECT] [Fatal Error] :1:1: Premature end of file.
2026-08-07 03:10:37,400 [ERROR] LogOutputStream:75 - [STDERR_REDIRECT] 
2026-08-07 03:10:38,412 [ERROR] LogOutputStream:75 - [STDERR_REDIRECT] [Fatal Error] :1:1: Premature end of file.
2026-08-07 03:10:38,412 [ERROR] LogOutputStream:75 - [STDERR_REDIRECT] 
2026-08-07 03:10:39,398 [ERROR] LogOutputStream:75 - [STDERR_REDIRECT] [Fatal Error] :1:1: Premature end of file.
2026-08-07 03:10:39,398 [ERROR] LogOutputStream:75 - [STDERR_REDIRECT] 
2026-08-07 03:10:40,409 [ERROR] LogOutputStream:75 - [STDERR_REDIRECT] [Fatal Error] :1:1: Premature end of file.
2026-08-07 03:10:40,409 [ERROR] LogOutputStream:75 - [STDERR_REDIRECT] 
2026-08-07 03:10:41,397 [ERROR] LogOutputStream:75 - [STDERR_REDIRECT] [Fatal Error] :1:1: Premature end of file.
2026-08-07 03:10:41,397 [ERROR] LogOutputStream:75 - [STDERR_REDIRECT] 
2026-08-07 03:10:42,410 [ERROR] LogOutputStream:75 - [STDERR_REDIRECT] [Fatal Error] :1:1: Premature end of file.
2026-08-07 03:10:42,410 [ERROR] LogOutputStream:75 - [STDERR_REDIRECT] 
2026-08-07 03:10:43,411 [ERROR] LogOutputStream:75 - [STDERR_REDIRECT] [Fatal Error] :1:1: Premature end of file.
2026-08-07 03:10:43,411 [ERROR] LogOutputStream:75 - [STDERR_REDIRECT] 
2026-08-07 03:10:44,414 [ERROR] LogOutputStream:75 - [STDERR_REDIRECT] [Fatal Error] :1:1: Premature end of file.
2026-08-07 03:10:44,414 [ERROR] LogOutputStream:75 - [STDERR_REDIRECT] 
2026-08-07 03:10:45,407 [ERROR] LogOutputStream:75 - [STDERR_REDIRECT] [Fatal Error] :1:1: Premature end of file.
2026-08-07 03:10:45,407 [ERROR] LogOutputStream:75 - [STDERR_REDIRECT] 
2026-08-07 03:10:46,416 [ERROR] LogOutputStream:75 - [STDERR_REDIRECT] [Fatal Error] :1:1: Premature end of file.
2026-08-07 03:10:46,416 [ERROR] LogOutputStream:75 - [STDERR_REDIRECT] 
2026-08-07 03:10:47,422 [ERROR] LogOutputStream:75 - [STDERR_REDIRECT] [Fatal Error] :1:1: Premature end of file.
2026-08-07 03:10:47,422 [ERROR] LogOutputStream:75 - [STDERR_REDIRECT] 
2026-08-07 03:10:48,410 [ERROR] LogOutputStream:75 - [STDERR_REDIRECT] [Fatal Error] :1:1: Premature end of file.
2026-08-07 03:10:48,410 [ERROR] LogOutputStream:75 - [STDERR_REDIRECT] 
2026-08-07 03:10:49,418 [ERROR] LogOutputStream:75 - [STDERR_REDIRECT] [Fatal Error] :1:1: Premature end of file.
2026-08-07 03:10:49,418 [ERROR] LogOutputStream:75 - [STDERR_REDIRECT] 
2026-08-07 03:10:50,421 [ERROR] LogOutputStream:75 - [STDERR_REDIRECT] [Fatal Error] :1:1: Premature end of file.
2026-08-07 03:10:50,421 [ERROR] LogOutputStream:75 - [STDERR_REDIRECT] 
2026-08-07 03:10:51,418 [ERROR] LogOutputStream:75 - [STDERR_REDIRECT] [Fatal Error] :1:1: Premature end of file.
2026-08-07 03:10:51,418 [ERROR] LogOutputStream:75 - [STDERR_REDIRECT] 
2026-08-07 03:10:52,405 [ERROR] LogOutputStream:75 - [STDERR_REDIRECT] [Fatal Error] :1:1: Premature end of file.
2026-08-07 03:10:52,405 [ERROR] LogOutputStream:75 - [STDERR_REDIRECT] 
2026-08-07 03:10:53,404 [ERROR] LogOutputStream:75 - [STDERR_REDIRECT] [Fatal Error] :1:1: Premature end of file.
2026-08-07 03:10:53,404 [ERROR] LogOutputStream:75 - [STDERR_REDIRECT] 
2026-08-07 03:10:54,403 [ERROR] LogOutputStream:75 - [STDERR_REDIRECT] [Fatal Error] :1:1: Premature end of file.
2026-08-07 03:10:54,403 [ERROR] LogOutputStream:75 - [STDERR_REDIRECT] 
2026-08-07 03:10:55,409 [ERROR] LogOutputStream:75 - [STDERR_REDIRECT] [Fatal Error] :1:1: Premature end of file.
2026-08-07 03:10:55,409 [ERROR] LogOutputStream:75 - [STDERR_REDIRECT] 
2026-08-07 03:10:56,411 [ERROR] LogOutputStream:75 - [STDERR_REDIRECT] [Fatal Error] :1:1: Premature end of file.
2026-08-07 03:10:56,411 [ERROR] LogOutputStream:75 - [STDERR_REDIRECT] 
2026-08-07 03:10:57,409 [ERROR] LogOutputStream:75 - [STDERR_REDIRECT] [Fatal Error] :1:1: Premature end of file.
2026-08-07 03:10:57,409 [ERROR] LogOutputStream:75 - [STDERR_REDIRECT] 
2026-08-07 03:10:58,399 [ERROR] LogOutputStream:75 - [STDERR_REDIRECT] [Fatal Error] :1:1: Premature end of file.
2026-08-07 03:10:58,399 [ERROR] LogOutputStream:75 - [STDERR_REDIRECT] 
2026-08-07 03:10:59,399 [ERROR] LogOutputStream:75 - [STDERR_REDIRECT] [Fatal Error] :1:1: Premature end of file.
2026-08-07 03:10:59,399 [ERROR] LogOutputStream:75 - [STDERR_REDIRECT] 
2026-08-07 03:11:00,398 [ERROR] LogOutputStream:75 - [STDERR_REDIRECT] [Fatal Error] :1:1: Premature end of file.
2026-08-07 03:11:00,398 [ERROR] LogOutputStream:75 - [STDERR_REDIRECT] 
2026-08-07 03:11:01,410 [ERROR] LogOutputStream:75 - [STDERR_REDIRECT] [Fatal Error] :1:1: Premature end of file.
2026-08-07 03:11:01,410 [ERROR] LogOutputStream:75 - [STDERR_REDIRECT] 
2026-08-07 03:11:02,403 [ERROR] LogOutputStream:75 - [STDERR_REDIRECT] [Fatal Error] :1:1: Premature end of file.
2026-08-07 03:11:02,403 [ERROR] LogOutputStream:75 - [STDERR_REDIRECT] 
2026-08-07 03:11:03,406 [ERROR] LogOutputStream:75 - [STDERR_REDIRECT] [Fatal Error] :1:1: Premature end of file.
2026-08-07 03:11:03,406 [ERROR] LogOutputStream:75 - [STDERR_REDIRECT] 
2026-08-07 03:11:04,406 [ERROR] LogOutputStream:75 - [STDERR_REDIRECT] [Fatal Error] :1:1: Premature end of file.
2026-08-07 03:11:04,406 [ERROR] LogOutputStream:75 - [STDERR_REDIRECT] 
2026-08-07 03:11:05,405 [ERROR] LogOutputStream:75 - [STDERR_REDIRECT] [Fatal Error] :1:1: Premature end of file.
2026-08-07 03:11:05,405 [ERROR] LogOutputStream:75 - [STDERR_REDIRECT] 
2026-08-07 03:11:06,416 [ERROR] LogOutputStream:75 - [STDERR_REDIRECT] [Fatal Error] :1:1: Premature end of file.
2026-08-07 03:11:06,416 [ERROR] LogOutputStream:75 - [STDERR_REDIRECT] 
2026-08-07 03:11:07,421 [ERROR] LogOutputStream:75 - [STDERR_REDIRECT] [Fatal Error] :1:1: Premature end of file.
2026-08-07 03:11:07,421 [ERROR] LogOutputStream:75 - [STDERR_REDIRECT] 
2026-08-07 03:11:08,420 [ERROR] LogOutputStream:75 - [STDERR_REDIRECT] [Fatal Error] :1:1: Premature end of file.
2026-08-07 03:11:08,420 [ERROR] LogOutputStream:75 - [STDERR_REDIRECT] 
2026-08-07 03:11:09,430 [ERROR] LogOutputStream:75 - [STDERR_REDIRECT] [Fatal Error] :1:1: Premature end of file.
2026-08-07 03:11:09,430 [ERROR] LogOutputStream:75 - [STDERR_REDIRECT] 
2026-08-07 03:11:10,412 [ERROR] LogOutputStream:75 - [STDERR_REDIRECT] [Fatal Error] :1:1: Premature end of file.
2026-08-07 03:11:10,412 [ERROR] LogOutputStream:75 - [STDERR_REDIRECT] 
2026-08-07 03:11:11,412 [ERROR] LogOutputStream:75 - [STDERR_REDIRECT] [Fatal Error] :1:1: Premature end of file.
2026-08-07 03:11:11,412 [ERROR] LogOutputStream:75 - [STDERR_REDIRECT] 
2026-08-07 03:11:12,410 [ERROR] LogOutputStream:75 - [STDERR_REDIRECT] [Fatal Error] :1:1: Premature end of file.
2026-08-07 03:11:12,410 [ERROR] LogOutputStream:75 - [STDERR_REDIRECT] 
2026-08-07 03:11:13,404 [ERROR] LogOutputStream:75 - [STDERR_REDIRECT] [Fatal Error] :1:1: Premature end of file.
2026-08-07 03:11:13,420 [ERROR] LogOutputStream:75 - [STDERR_REDIRECT] 
2026-08-07 03:11:14,403 [ERROR] LogOutputStream:75 - [STDERR_REDIRECT] [Fatal Error] :1:1: Premature end of file.
2026-08-07 03:11:14,403 [ERROR] LogOutputStream:75 - [STDERR_REDIRECT] 
2026-08-07 03:11:15,402 [ERROR] LogOutputStream:75 - [STDERR_REDIRECT] [Fatal Error] :1:1: Premature end of file.
2026-08-07 03:11:15,402 [ERROR] LogOutputStream:75 - [STDERR_REDIRECT] 
2026-08-07 03:11:16,406 [ERROR] LogOutputStream:75 - [STDERR_REDIRECT] [Fatal Error] :1:1: Premature end of file.
2026-08-07 03:11:16,406 [ERROR] LogOutputStream:75 - [STDERR_REDIRECT] 
2026-08-07 03:11:17,409 [ERROR] LogOutputStream:75 - [STDERR_REDIRECT] [Fatal Error] :1:1: Premature end of file.
2026-08-07 03:11:17,411 [ERROR] LogOutputStream:75 - [STDERR_REDIRECT] 
2026-08-07 03:11:18,403 [ERROR] LogOutputStream:75 - [STDERR_REDIRECT] [Fatal Error] :1:1: Premature end of file.
2026-08-07 03:11:18,403 [ERROR] LogOutputStream:75 - [STDERR_REDIRECT] 
2026-08-07 03:11:19,406 [ERROR] LogOutputStream:75 - [STDERR_REDIRECT] [Fatal Error] :1:1: Premature end of file.
2026-08-07 03:11:19,406 [ERROR] LogOutputStream:75 - [STDERR_REDIRECT] 
2026-08-07 03:11:20,398 [ERROR] LogOutputStream:75 - [STDERR_REDIRECT] [Fatal Error] :1:1: Premature end of file.
2026-08-07 03:11:20,398 [ERROR] LogOutputStream:75 - [STDERR_REDIRECT] 
2026-08-07 03:11:21,397 [ERROR] LogOutputStream:75 - [STDERR_REDIRECT] [Fatal Error] :1:1: Premature end of file.
2026-08-07 03:11:21,397 [ERROR] LogOutputStream:75 - [STDERR_REDIRECT] 
2026-08-07 03:11:22,407 [ERROR] LogOutputStream:75 - [STDERR_REDIRECT] [Fatal Error] :1:1: Premature end of file.
2026-08-07 03:11:22,407 [ERROR] LogOutputStream:75 - [STDERR_REDIRECT] 
2026-08-07 03:11:23,396 [ERROR] LogOutputStream:75 - [STDERR_REDIRECT] [Fatal Error] :1:1: Premature end of file.
2026-08-07 03:11:23,396 [ERROR] LogOutputStream:75 - [STDERR_REDIRECT] 
2026-08-07 03:11:24,406 [ERROR] LogOutputStream:75 - [STDERR_REDIRECT] [Fatal Error] :1:1: Premature end of file.
2026-08-07 03:11:24,406 [ERROR] LogOutputStream:75 - [STDERR_REDIRECT] 
2026-08-07 03:11:25,395 [ERROR] LogOutputStream:75 - [STDERR_REDIRECT] [Fatal Error] :1:1: Premature end of file.
2026-08-07 03:11:25,395 [ERROR] LogOutputStream:75 - [STDERR_REDIRECT] 
2026-08-07 03:11:26,422 [ERROR] LogOutputStream:75 - [STDERR_REDIRECT] [Fatal Error] :1:1: Premature end of file.
2026-08-07 03:11:26,422 [ERROR] LogOutputStream:75 - [STDERR_REDIRECT] 
2026-08-07 03:11:27,525 [ERROR] LogOutputStream:75 - [STDERR_REDIRECT] [Fatal Error] :1:1: Premature end of file.
2026-08-07 03:11:27,525 [ERROR] LogOutputStream:75 - [STDERR_REDIRECT] 
2026-08-07 03:11:28,409 [ERROR] LogOutputStream:75 - [STDERR_REDIRECT] [Fatal Error] :1:1: Premature end of file.
2026-08-07 03:11:28,409 [ERROR] LogOutputStream:75 - [STDERR_REDIRECT] 
2026-08-07 03:11:29,414 [ERROR] LogOutputStream:75 - [STDERR_REDIRECT] [Fatal Error] :1:1: Premature end of file.
2026-08-07 03:11:29,414 [ERROR] LogOutputStream:75 - [STDERR_REDIRECT] 
2026-08-07 03:11:30,415 [ERROR] LogOutputStream:75 - [STDERR_REDIRECT] [Fatal Error] :1:1: Premature end of file.
2026-08-07 03:11:30,415 [ERROR] LogOutputStream:75 - [STDERR_REDIRECT] 
2026-08-07 03:11:31,409 [ERROR] LogOutputStream:75 - [STDERR_REDIRECT] [Fatal Error] :1:1: Premature end of file.
2026-08-07 03:11:31,409 [ERROR] LogOutputStream:75 - [STDERR_REDIRECT] 
2026-08-07 03:11:32,417 [ERROR] LogOutputStream:75 - [STDERR_REDIRECT] [Fatal Error] :1:1: Premature end of file.
2026-08-07 03:11:32,417 [ERROR] LogOutputStream:75 - [STDERR_REDIRECT] 
2026-08-07 03:11:33,419 [ERROR] LogOutputStream:75 - [STDERR_REDIRECT] [Fatal Error] :1:1: Premature end of file.
2026-08-07 03:11:33,419 [ERROR] LogOutputStream:75 - [STDERR_REDIRECT] 
2026-08-07 03:11:34,404 [ERROR] LogOutputStream:75 - [STDERR_REDIRECT] [Fatal Error] :1:1: Premature end of file.
2026-08-07 03:11:34,404 [ERROR] LogOutputStream:75 - [STDERR_REDIRECT] 
2026-08-07 03:11:35,408 [ERROR] LogOutputStream:75 - [STDERR_REDIRECT] [Fatal Error] :1:1: Premature end of file.
2026-08-07 03:11:35,408 [ERROR] LogOutputStream:75 - [STDERR_REDIRECT] 
2026-08-07 03:11:36,408 [ERROR] LogOutputStream:75 - [STDERR_REDIRECT] [Fatal Error] :1:1: Premature end of file.
2026-08-07 03:11:36,408 [ERROR] LogOutputStream:75 - [STDERR_REDIRECT] 
2026-08-07 03:11:37,406 [ERROR] LogOutputStream:75 - [STDERR_REDIRECT] [Fatal Error] :1:1: Premature end of file.
2026-08-07 03:11:37,406 [ERROR] LogOutputStream:75 - [STDERR_REDIRECT] 
2026-08-07 03:11:38,401 [ERROR] LogOutputStream:75 - [STDERR_REDIRECT] [Fatal Error] :1:1: Premature end of file.
2026-08-07 03:11:38,401 [ERROR] LogOutputStream:75 - [STDERR_REDIRECT] 
2026-08-07 03:11:39,400 [ERROR] LogOutputStream:75 - [STDERR_REDIRECT] [Fatal Error] :1:1: Premature end of file.
2026-08-07 03:11:39,400 [ERROR] LogOutputStream:75 - [STDERR_REDIRECT] 
2026-08-07 03:11:40,408 [ERROR] LogOutputStream:75 - [STDERR_REDIRECT] [Fatal Error] :1:1: Premature end of file.
2026-08-07 03:11:40,408 [ERROR] LogOutputStream:75 - [STDERR_REDIRECT] 
2026-08-07 03:11:41,404 [ERROR] LogOutputStream:75 - [STDERR_REDIRECT] [Fatal Error] :1:1: Premature end of file.
2026-08-07 03:11:41,404 [ERROR] LogOutputStream:75 - [STDERR_REDIRECT] 
2026-08-07 03:11:42,408 [ERROR] LogOutputStream:75 - [STDERR_REDIRECT] [Fatal Error] :1:1: Premature end of file.
2026-08-07 03:11:42,408 [ERROR] LogOutputStream:75 - [STDERR_REDIRECT] 
2026-08-07 03:11:43,408 [ERROR] LogOutputStream:75 - [STDERR_REDIRECT] [Fatal Error] :1:1: Premature end of file.
2026-08-07 03:11:43,408 [ERROR] LogOutputStream:75 - [STDERR_REDIRECT] 
2026-08-07 03:11:44,402 [ERROR] LogOutputStream:75 - [STDERR_REDIRECT] [Fatal Error] :1:1: Premature end of file.
2026-08-07 03:11:44,402 [ERROR] LogOutputStream:75 - [STDERR_REDIRECT] 
2026-08-07 03:11:45,406 [ERROR] LogOutputStream:75 - [STDERR_REDIRECT] [Fatal Error] :1:1: Premature end of file.
2026-08-07 03:11:45,406 [ERROR] LogOutputStream:75 - [STDERR_REDIRECT] 
2026-08-07 03:11:46,405 [ERROR] LogOutputStream:75 - [STDERR_REDIRECT] [Fatal Error] :1:1: Premature end of file.
2026-08-07 03:11:46,405 [ERROR] LogOutputStream:75 - [STDERR_REDIRECT] 
2026-08-07 03:11:47,417 [ERROR] LogOutputStream:75 - [STDERR_REDIRECT] [Fatal Error] :1:1: Premature end of file.
2026-08-07 03:11:47,417 [ERROR] LogOutputStream:75 - [STDERR_REDIRECT] 
2026-08-07 03:11:48,411 [ERROR] LogOutputStream:75 - [STDERR_REDIRECT] [Fatal Error] :1:1: Premature end of file.
2026-08-07 03:11:48,411 [ERROR] LogOutputStream:75 - [STDERR_REDIRECT] 
2026-08-07 03:11:49,412 [ERROR] LogOutputStream:75 - [STDERR_REDIRECT] [Fatal Error] :1:1: Premature end of file.
2026-08-07 03:11:49,412 [ERROR] LogOutputStream:75 - [STDERR_REDIRECT] 
2026-08-07 03:11:50,415 [ERROR] LogOutputStream:75 - [STDERR_REDIRECT] [Fatal Error] :1:1: Premature end of file.
2026-08-07 03:11:50,415 [ERROR] LogOutputStream:75 - [STDERR_REDIRECT] 
2026-08-07 03:11:51,411 [ERROR] LogOutputStream:75 - [STDERR_REDIRECT] [Fatal Error] :1:1: Premature end of file.
2026-08-07 03:11:51,411 [ERROR] LogOutputStream:75 - [STDERR_REDIRECT] 
2026-08-07 03:11:52,394 [ERROR] LogOutputStream:75 - [STDERR_REDIRECT] [Fatal Error] :1:1: Premature end of file.
2026-08-07 03:11:52,394 [ERROR] LogOutputStream:75 - [STDERR_REDIRECT] 
2026-08-07 03:11:53,416 [ERROR] LogOutputStream:75 - [STDERR_REDIRECT] [Fatal Error] :1:1: Premature end of file.
2026-08-07 03:11:53,416 [ERROR] LogOutputStream:75 - [STDERR_REDIRECT] 
2026-08-07 03:11:54,410 [ERROR] LogOutputStream:75 - [STDERR_REDIRECT] [Fatal Error] :1:1: Premature end of file.
2026-08-07 03:11:54,414 [ERROR] LogOutputStream:75 - [STDERR_REDIRECT] 
2026-08-07 03:11:55,411 [ERROR] LogOutputStream:75 - [STDERR_REDIRECT] [Fatal Error] :1:1: Premature end of file.
2026-08-07 03:11:55,411 [ERROR] LogOutputStream:75 - [STDERR_REDIRECT] 
2026-08-07 03:11:56,413 [ERROR] LogOutputStream:75 - [STDERR_REDIRECT] [Fatal Error] :1:1: Premature end of file.
2026-08-07 03:11:56,413 [ERROR] LogOutputStream:75 - [STDERR_REDIRECT] 
2026-08-07 03:11:57,402 [ERROR] LogOutputStream:75 - [STDERR_REDIRECT] [Fatal Error] :1:1: Premature end of file.
2026-08-07 03:11:57,402 [ERROR] LogOutputStream:75 - [STDERR_REDIRECT] 
2026-08-07 03:11:58,405 [ERROR] LogOutputStream:75 - [STDERR_REDIRECT] [Fatal Error] :1:1: Premature end of file.
2026-08-07 03:11:58,405 [ERROR] LogOutputStream:75 - [STDERR_REDIRECT] 
2026-08-07 03:11:59,405 [ERROR] LogOutputStream:75 - [STDERR_REDIRECT] [Fatal Error] :1:1: Premature end of file.
2026-08-07 03:11:59,405 [ERROR] LogOutputStream:75 - [STDERR_REDIRECT] 
2026-08-07 03:12:00,402 [ERROR] LogOutputStream:75 - [STDERR_REDIRECT] [Fatal Error] :1:1: Premature end of file.
2026-08-07 03:12:00,402 [ERROR] LogOutputStream:75 - [STDERR_REDIRECT] 
2026-08-07 03:12:01,405 [ERROR] LogOutputStream:75 - [STDERR_REDIRECT] [Fatal Error] :1:1: Premature end of file.
2026-08-07 03:12:01,405 [ERROR] LogOutputStream:75 - [STDERR_REDIRECT] 
2026-08-07 03:12:02,402 [ERROR] LogOutputStream:75 - [STDERR_REDIRECT] [Fatal Error] :1:1: Premature end of file.
2026-08-07 03:12:02,402 [ERROR] LogOutputStream:75 - [STDERR_REDIRECT] 
2026-08-07 03:12:03,412 [ERROR] LogOutputStream:75 - [STDERR_REDIRECT] [Fatal Error] :1:1: Premature end of file.
2026-08-07 03:12:03,412 [ERROR] LogOutputStream:75 - [STDERR_REDIRECT] 
2026-08-07 03:12:04,405 [ERROR] LogOutputStream:75 - [STDERR_REDIRECT] [Fatal Error] :1:1: Premature end of file.
2026-08-07 03:12:04,405 [ERROR] LogOutputStream:75 - [STDERR_REDIRECT] 
2026-08-07 03:12:05,420 [ERROR] LogOutputStream:75 - [STDERR_REDIRECT] [Fatal Error] :1:1: Premature end of file.
2026-08-07 03:12:05,420 [ERROR] LogOutputStream:75 - [STDERR_REDIRECT] 
2026-08-07 03:12:06,416 [ERROR] LogOutputStream:75 - [STDERR_REDIRECT] [Fatal Error] :1:1: Premature end of file.
2026-08-07 03:12:06,416 [ERROR] LogOutputStream:75 - [STDERR_REDIRECT] 
2026-08-07 03:12:07,404 [ERROR] LogOutputStream:75 - [STDERR_REDIRECT] [Fatal Error] :1:1: Premature end of file.
2026-08-07 03:12:07,404 [ERROR] LogOutputStream:75 - [STDERR_REDIRECT] 
2026-08-07 03:12:08,402 [ERROR] LogOutputStream:75 - [STDERR_REDIRECT] [Fatal Error] :1:1: Premature end of file.
2026-08-07 03:12:08,402 [ERROR] LogOutputStream:75 - [STDERR_REDIRECT] 
2026-08-07 03:12:09,409 [ERROR] LogOutputStream:75 - [STDERR_REDIRECT] [Fatal Error] :1:1: Premature end of file.
2026-08-07 03:12:09,409 [ERROR] LogOutputStream:75 - [STDERR_REDIRECT] 
2026-08-07 03:12:10,407 [ERROR] LogOutputStream:75 - [STDERR_REDIRECT] [Fatal Error] :1:1: Premature end of file.
2026-08-07 03:12:10,407 [ERROR] LogOutputStream:75 - [STDERR_REDIRECT] 
2026-08-07 03:12:11,419 [ERROR] LogOutputStream:75 - [STDERR_REDIRECT] [Fatal Error] :1:1: Premature end of file.
2026-08-07 03:12:11,419 [ERROR] LogOutputStream:75 - [STDERR_REDIRECT] 
2026-08-07 03:12:12,409 [ERROR] LogOutputStream:75 - [STDERR_REDIRECT] [Fatal Error] :1:1: Premature end of file.
2026-08-07 03:12:12,409 [ERROR] LogOutputStream:75 - [STDERR_REDIRECT] 
2026-08-07 03:12:13,408 [ERROR] LogOutputStream:75 - [STDERR_REDIRECT] [Fatal Error] :1:1: Premature end of file.
2026-08-07 03:12:13,408 [ERROR] LogOutputStream:75 - [STDERR_REDIRECT] 
2026-08-07 03:12:14,412 [ERROR] LogOutputStream:75 - [STDERR_REDIRECT] [Fatal Error] :1:1: Premature end of file.
2026-08-07 03:12:14,412 [ERROR] LogOutputStream:75 - [STDERR_REDIRECT] 
2026-08-07 03:12:15,411 [ERROR] LogOutputStream:75 - [STDERR_REDIRECT] [Fatal Error] :1:1: Premature end of file.
2026-08-07 03:12:15,418 [ERROR] LogOutputStream:75 - [STDERR_REDIRECT] 
2026-08-07 03:12:16,402 [ERROR] LogOutputStream:75 - [STDERR_REDIRECT] [Fatal Error] :1:1: Premature end of file.
2026-08-07 03:12:16,418 [ERROR] LogOutputStream:75 - [STDERR_REDIRECT] 
2026-08-07 03:12:17,409 [ERROR] LogOutputStream:75 - [STDERR_REDIRECT] [Fatal Error] :1:1: Premature end of file.
2026-08-07 03:12:17,409 [ERROR] LogOutputStream:75 - [STDERR_REDIRECT] 
2026-08-07 03:12:18,410 [ERROR] LogOutputStream:75 - [STDERR_REDIRECT] [Fatal Error] :1:1: Premature end of file.
2026-08-07 03:12:18,410 [ERROR] LogOutputStream:75 - [STDERR_REDIRECT] 
2026-08-07 03:12:19,398 [ERROR] LogOutputStream:75 - [STDERR_REDIRECT] [Fatal Error] :1:1: Premature end of file.
2026-08-07 03:12:19,398 [ERROR] LogOutputStream:75 - [STDERR_REDIRECT] 
2026-08-07 03:12:20,403 [ERROR] LogOutputStream:75 - [STDERR_REDIRECT] [Fatal Error] :1:1: Premature end of file.
2026-08-07 03:12:20,403 [ERROR] LogOutputStream:75 - [STDERR_REDIRECT] 
2026-08-07 03:12:21,407 [ERROR] LogOutputStream:75 - [STDERR_REDIRECT] [Fatal Error] :1:1: Premature end of file.
2026-08-07 03:12:21,407 [ERROR] LogOutputStream:75 - [STDERR_REDIRECT] 
2026-08-07 03:12:22,403 [ERROR] LogOutputStream:75 - [STDERR_REDIRECT] [Fatal Error] :1:1: Premature end of file.
2026-08-07 03:12:22,403 [ERROR] LogOutputStream:75 - [STDERR_REDIRECT] 
2026-08-07 03:12:23,503 [ERROR] LogOutputStream:75 - [STDERR_REDIRECT] [Fatal Error] :1:1: Premature end of file.
2026-08-07 03:12:23,503 [ERROR] LogOutputStream:75 - [STDERR_REDIRECT] 
2026-08-07 03:12:24,441 [ERROR] LogOutputStream:75 - [STDERR_REDIRECT] [Fatal Error] :1:1: Premature end of file.
2026-08-07 03:12:24,441 [ERROR] LogOutputStream:75 - [STDERR_REDIRECT] 
2026-08-07 03:12:25,394 [ERROR] LogOutputStream:75 - [STDERR_REDIRECT] [Fatal Error] :1:1: Premature end of file.
2026-08-07 03:12:25,394 [ERROR] LogOutputStream:75 - [STDERR_REDIRECT] 
2026-08-07 03:12:26,418 [ERROR] LogOutputStream:75 - [STDERR_REDIRECT] [Fatal Error] :1:1: Premature end of file.
2026-08-07 03:12:26,418 [ERROR] LogOutputStream:75 - [STDERR_REDIRECT] 
2026-08-07 03:12:27,414 [ERROR] LogOutputStream:75 - [STDERR_REDIRECT] [Fatal Error] :1:1: Premature end of file.
2026-08-07 03:12:27,414 [ERROR] LogOutputStream:75 - [STDERR_REDIRECT] 
2026-08-07 03:12:28,414 [ERROR] LogOutputStream:75 - [STDERR_REDIRECT] [Fatal Error] :1:1: Premature end of file.
2026-08-07 03:12:28,414 [ERROR] LogOutputStream:75 - [STDERR_REDIRECT] 
2026-08-07 03:12:29,419 [ERROR] LogOutputStream:75 - [STDERR_REDIRECT] [Fatal Error] :1:1: Premature end of file.
2026-08-07 03:12:29,420 [ERROR] LogOutputStream:75 - [STDERR_REDIRECT] 
2026-08-07 03:12:30,411 [ERROR] LogOutputStream:75 - [STDERR_REDIRECT] [Fatal Error] :1:1: Premature end of file.
2026-08-07 03:12:30,411 [ERROR] LogOutputStream:75 - [STDERR_REDIRECT] 
2026-08-07 03:12:31,416 [ERROR] LogOutputStream:75 - [STDERR_REDIRECT] [Fatal Error] :1:1: Premature end of file.
2026-08-07 03:12:31,416 [ERROR] LogOutputStream:75 - [STDERR_REDIRECT] 
2026-08-07 03:12:32,408 [ERROR] LogOutputStream:75 - [STDERR_REDIRECT] [Fatal Error] :1:1: Premature end of file.
2026-08-07 03:12:32,408 [ERROR] LogOutputStream:75 - [STDERR_REDIRECT] 
2026-08-07 03:12:33,410 [ERROR] LogOutputStream:75 - [STDERR_REDIRECT] [Fatal Error] :1:1: Premature end of file.
2026-08-07 03:12:33,410 [ERROR] LogOutputStream:75 - [STDERR_REDIRECT] 
2026-08-07 03:12:34,413 [ERROR] LogOutputStream:75 - [STDERR_REDIRECT] [Fatal Error] :1:1: Premature end of file.
2026-08-07 03:12:34,413 [ERROR] LogOutputStream:75 - [STDERR_REDIRECT] 
2026-08-07 03:12:35,402 [ERROR] LogOutputStream:75 - [STDERR_REDIRECT] [Fatal Error] :1:1: Premature end of file.
2026-08-07 03:12:35,402 [ERROR] LogOutputStream:75 - [STDERR_REDIRECT] 
2026-08-07 03:12:36,400 [ERROR] LogOutputStream:75 - [STDERR_REDIRECT] [Fatal Error] :1:1: Premature end of file.
2026-08-07 03:12:36,400 [ERROR] LogOutputStream:75 - [STDERR_REDIRECT] 
2026-08-07 03:12:37,409 [ERROR] LogOutputStream:75 - [STDERR_REDIRECT] [Fatal Error] :1:1: Premature end of file.
2026-08-07 03:12:37,409 [ERROR] LogOutputStream:75 - [STDERR_REDIRECT] 
2026-08-07 03:12:38,413 [ERROR] LogOutputStream:75 - [STDERR_REDIRECT] [Fatal Error] :1:1: Premature end of file.
2026-08-07 03:12:38,413 [ERROR] LogOutputStream:75 - [STDERR_REDIRECT] 
2026-08-07 03:12:39,402 [ERROR] LogOutputStream:75 - [STDERR_REDIRECT] [Fatal Error] :1:1: Premature end of file.
2026-08-07 03:12:39,402 [ERROR] LogOutputStream:75 - [STDERR_REDIRECT] 
2026-08-07 03:12:40,409 [ERROR] LogOutputStream:75 - [STDERR_REDIRECT] [Fatal Error] :1:1: Premature end of file.
2026-08-07 03:12:40,409 [ERROR] LogOutputStream:75 - [STDERR_REDIRECT] 
2026-08-07 03:12:41,410 [ERROR] LogOutputStream:75 - [STDERR_REDIRECT] [Fatal Error] :1:1: Premature end of file.
2026-08-07 03:12:41,410 [ERROR] LogOutputStream:75 - [STDERR_REDIRECT] 
2026-08-07 03:12:42,407 [ERROR] LogOutputStream:75 - [STDERR_REDIRECT] [Fatal Error] :1:1: Premature end of file.
2026-08-07 03:12:42,407 [ERROR] LogOutputStream:75 - [STDERR_REDIRECT] 
2026-08-07 03:12:43,410 [ERROR] LogOutputStream:75 - [STDERR_REDIRECT] [Fatal Error] :1:1: Premature end of file.
2026-08-07 03:12:43,410 [ERROR] LogOutputStream:75 - [STDERR_REDIRECT] 
2026-08-07 03:12:44,404 [ERROR] LogOutputStream:75 - [STDERR_REDIRECT] [Fatal Error] :1:1: Premature end of file.
2026-08-07 03:12:44,404 [ERROR] LogOutputStream:75 - [STDERR_REDIRECT] 
2026-08-07 03:12:45,415 [ERROR] LogOutputStream:75 - [STDERR_REDIRECT] [Fatal Error] :1:1: Premature end of file.
2026-08-07 03:12:45,415 [ERROR] LogOutputStream:75 - [STDERR_REDIRECT] 
2026-08-07 03:12:46,402 [ERROR] LogOutputStream:75 - [STDERR_REDIRECT] [Fatal Error] :1:1: Premature end of file.
2026-08-07 03:12:46,402 [ERROR] LogOutputStream:75 - [STDERR_REDIRECT] 
2026-08-07 03:12:47,392 [ERROR] LogOutputStream:75 - [STDERR_REDIRECT] [Fatal Error] :1:1: Premature end of file.
2026-08-07 03:12:47,392 [ERROR] LogOutputStream:75 - [STDERR_REDIRECT] 
2026-08-07 03:12:48,412 [ERROR] LogOutputStream:75 - [STDERR_REDIRECT] [Fatal Error] :1:1: Premature end of file.
2026-08-07 03:12:48,412 [ERROR] LogOutputStream:75 - [STDERR_REDIRECT] 
2026-08-07 03:12:49,406 [ERROR] LogOutputStream:75 - [STDERR_REDIRECT] [Fatal Error] :1:1: Premature end of file.
2026-08-07 03:12:49,406 [ERROR] LogOutputStream:75 - [STDERR_REDIRECT] 
2026-08-07 03:12:50,406 [ERROR] LogOutputStream:75 - [STDERR_REDIRECT] [Fatal Error] :1:1: Premature end of file.
2026-08-07 03:12:50,406 [ERROR] LogOutputStream:75 - [STDERR_REDIRECT] 
2026-08-07 03:12:51,420 [ERROR] LogOutputStream:75 - [STDERR_REDIRECT] [Fatal Error] :1:1: Premature end of file.
2026-08-07 03:12:51,420 [ERROR] LogOutputStream:75 - [STDERR_REDIRECT] 
2026-08-07 03:12:52,411 [ERROR] LogOutputStream:75 - [STDERR_REDIRECT] [Fatal Error] :1:1: Premature end of file.
2026-08-07 03:12:52,411 [ERROR] LogOutputStream:75 - [STDERR_REDIRECT] 
2026-08-07 03:12:53,411 [ERROR] LogOutputStream:75 - [STDERR_REDIRECT] [Fatal Error] :1:1: Premature end of file.
2026-08-07 03:12:53,411 [ERROR] LogOutputStream:75 - [STDERR_REDIRECT] 
2026-08-07 03:12:54,407 [ERROR] LogOutputStream:75 - [STDERR_REDIRECT] [Fatal Error] :1:1: Premature end of file.
2026-08-07 03:12:54,407 [ERROR] LogOutputStream:75 - [STDERR_REDIRECT] 
2026-08-07 03:12:55,409 [ERROR] LogOutputStream:75 - [STDERR_REDIRECT] [Fatal Error] :1:1: Premature end of file.
2026-08-07 03:12:55,409 [ERROR] LogOutputStream:75 - [STDERR_REDIRECT] 
2026-08-07 03:12:56,412 [ERROR] LogOutputStream:75 - [STDERR_REDIRECT] [Fatal Error] :1:1: Premature end of file.
2026-08-07 03:12:56,412 [ERROR] LogOutputStream:75 - [STDERR_REDIRECT] 
2026-08-07 03:12:57,416 [ERROR] LogOutputStream:75 - [STDERR_REDIRECT] [Fatal Error] :1:1: Premature end of file.
2026-08-07 03:12:57,416 [ERROR] LogOutputStream:75 - [STDERR_REDIRECT] 
2026-08-07 03:12:58,406 [ERROR] LogOutputStream:75 - [STDERR_REDIRECT] [Fatal Error] :1:1: Premature end of file.
2026-08-07 03:12:58,406 [ERROR] LogOutputStream:75 - [STDERR_REDIRECT] 
2026-08-07 03:12:59,410 [ERROR] LogOutputStream:75 - [STDERR_REDIRECT] [Fatal Error] :1:1: Premature end of file.
2026-08-07 03:12:59,410 [ERROR] LogOutputStream:75 - [STDERR_REDIRECT] 
2026-08-07 03:13:00,409 [ERROR] LogOutputStream:75 - [STDERR_REDIRECT] [Fatal Error] :1:1: Premature end of file.
2026-08-07 03:13:00,409 [ERROR] LogOutputStream:75 - [STDERR_REDIRECT] 
2026-08-07 03:13:01,411 [ERROR] LogOutputStream:75 - [STDERR_REDIRECT] [Fatal Error] :1:1: Premature end of file.
2026-08-07 03:13:01,411 [ERROR] LogOutputStream:75 - [STDERR_REDIRECT] 
2026-08-07 03:13:02,402 [ERROR] LogOutputStream:75 - [STDERR_REDIRECT] [Fatal Error] :1:1: Premature end of file.
2026-08-07 03:13:02,402 [ERROR] LogOutputStream:75 - [STDERR_REDIRECT] 
2026-08-07 03:13:03,400 [ERROR] LogOutputStream:75 - [STDERR_REDIRECT] [Fatal Error] :1:1: Premature end of file.
2026-08-07 03:13:03,400 [ERROR] LogOutputStream:75 - [STDERR_REDIRECT] 
2026-08-07 03:13:04,398 [ERROR] LogOutputStream:75 - [STDERR_REDIRECT] [Fatal Error] :1:1: Premature end of file.
2026-08-07 03:13:04,398 [ERROR] LogOutputStream:75 - [STDERR_REDIRECT] 
2026-08-07 03:13:05,401 [ERROR] LogOutputStream:75 - [STDERR_REDIRECT] [Fatal Error] :1:1: Premature end of file.
2026-08-07 03:13:05,401 [ERROR] LogOutputStream:75 - [STDERR_REDIRECT] 
2026-08-07 03:13:06,396 [ERROR] LogOutputStream:75 - [STDERR_REDIRECT] [Fatal Error] :1:1: Premature end of file.
2026-08-07 03:13:06,396 [ERROR] LogOutputStream:75 - [STDERR_REDIRECT] 
2026-08-07 03:13:07,408 [ERROR] LogOutputStream:75 - [STDERR_REDIRECT] [Fatal Error] :1:1: Premature end of file.
2026-08-07 03:13:07,408 [ERROR] LogOutputStream:75 - [STDERR_REDIRECT] 
2026-08-07 03:13:08,406 [ERROR] LogOutputStream:75 - [STDERR_REDIRECT] [Fatal Error] :1:1: Premature end of file.
2026-08-07 03:13:08,406 [ERROR] LogOutputStream:75 - [STDERR_REDIRECT] 
2026-08-07 03:13:09,410 [ERROR] LogOutputStream:75 - [STDERR_REDIRECT] [Fatal Error] :1:1: Premature end of file.
2026-08-07 03:13:09,410 [ERROR] LogOutputStream:75 - [STDERR_REDIRECT] 
2026-08-07 03:13:10,415 [ERROR] LogOutputStream:75 - [STDERR_REDIRECT] [Fatal Error] :1:1: Premature end of file.
2026-08-07 03:13:10,415 [ERROR] LogOutputStream:75 - [STDERR_REDIRECT] 
2026-08-07 03:13:11,419 [ERROR] LogOutputStream:75 - [STDERR_REDIRECT] [Fatal Error] :1:1: Premature end of file.
2026-08-07 03:13:11,419 [ERROR] LogOutputStream:75 - [STDERR_REDIRECT] 
2026-08-07 03:13:12,391 [ERROR] LogOutputStream:75 - [STDERR_REDIRECT] [Fatal Error] :1:1: Premature end of file.
2026-08-07 03:13:12,391 [ERROR] LogOutputStream:75 - [STDERR_REDIRECT] 
2026-08-07 03:13:13,403 [ERROR] LogOutputStream:75 - [STDERR_REDIRECT] [Fatal Error] :1:1: Premature end of file.
2026-08-07 03:13:13,403 [ERROR] LogOutputStream:75 - [STDERR_REDIRECT] 
2026-08-07 03:13:14,415 [ERROR] LogOutputStream:75 - [STDERR_REDIRECT] [Fatal Error] :1:1: Premature end of file.
2026-08-07 03:13:14,415 [ERROR] LogOutputStream:75 - [STDERR_REDIRECT] 
2026-08-07 03:13:15,409 [ERROR] LogOutputStream:75 - [STDERR_REDIRECT] [Fatal Error] :1:1: Premature end of file.
2026-08-07 03:13:15,409 [ERROR] LogOutputStream:75 - [STDERR_REDIRECT] 
2026-08-07 03:13:16,400 [ERROR] LogOutputStream:75 - [STDERR_REDIRECT] [Fatal Error] :1:1: Premature end of file.
2026-08-07 03:13:16,400 [ERROR] LogOutputStream:75 - [STDERR_REDIRECT] 
2026-08-07 03:13:17,412 [ERROR] LogOutputStream:75 - [STDERR_REDIRECT] [Fatal Error] :1:1: Premature end of file.
2026-08-07 03:13:17,412 [ERROR] LogOutputStream:75 - [STDERR_REDIRECT] 
2026-08-07 03:13:18,407 [ERROR] LogOutputStream:75 - [STDERR_REDIRECT] [Fatal Error] :1:1: Premature end of file.
2026-08-07 03:13:18,407 [ERROR] LogOutputStream:75 - [STDERR_REDIRECT] 
2026-08-07 03:13:19,403 [ERROR] LogOutputStream:75 - [STDERR_REDIRECT] [Fatal Error] :1:1: Premature end of file.
2026-08-07 03:13:19,403 [ERROR] LogOutputStream:75 - [STDERR_REDIRECT] 
2026-08-07 03:13:20,402 [ERROR] LogOutputStream:75 - [STDERR_REDIRECT] [Fatal Error] :1:1: Premature end of file.
2026-08-07 03:13:20,402 [ERROR] LogOutputStream:75 - [STDERR_REDIRECT] 
2026-08-07 03:13:21,404 [ERROR] LogOutputStream:75 - [STDERR_REDIRECT] [Fatal Error] :1:1: Premature end of file.
2026-08-07 03:13:21,404 [ERROR] LogOutputStream:75 - [STDERR_REDIRECT] 
2026-08-07 03:13:22,397 [ERROR] LogOutputStream:75 - [STDERR_REDIRECT] [Fatal Error] :1:1: Premature end of file.
2026-08-07 03:13:22,397 [ERROR] LogOutputStream:75 - [STDERR_REDIRECT] 
2026-08-07 03:13:23,413 [ERROR] LogOutputStream:75 - [STDERR_REDIRECT] [Fatal Error] :1:1: Premature end of file.
2026-08-07 03:13:23,413 [ERROR] LogOutputStream:75 - [STDERR_REDIRECT] 
2026-08-07 03:13:24,399 [ERROR] LogOutputStream:75 - [STDERR_REDIRECT] [Fatal Error] :1:1: Premature end of file.
2026-08-07 03:13:24,399 [ERROR] LogOutputStream:75 - [STDERR_REDIRECT] 
2026-08-07 03:13:25,410 [ERROR] LogOutputStream:75 - [STDERR_REDIRECT] [Fatal Error] :1:1: Premature end of file.
2026-08-07 03:13:25,410 [ERROR] LogOutputStream:75 - [STDERR_REDIRECT] 
2026-08-07 03:13:26,412 [ERROR] LogOutputStream:75 - [STDERR_REDIRECT] [Fatal Error] :1:1: Premature end of file.
2026-08-07 03:13:26,412 [ERROR] LogOutputStream:75 - [STDERR_REDIRECT] 
2026-08-07 03:13:27,394 [ERROR] LogOutputStream:75 - [STDERR_REDIRECT] [Fatal Error] :1:1: Premature end of file.
2026-08-07 03:13:27,394 [ERROR] LogOutputStream:75 - [STDERR_REDIRECT] 
2026-08-07 03:13:28,412 [ERROR] LogOutputStream:75 - [STDERR_REDIRECT] [Fatal Error] :1:1: Premature end of file.
2026-08-07 03:13:28,412 [ERROR] LogOutputStream:75 - [STDERR_REDIRECT] 
2026-08-07 03:13:29,397 [ERROR] LogOutputStream:75 - [STDERR_REDIRECT] [Fatal Error] :1:1: Premature end of file.
2026-08-07 03:13:29,397 [ERROR] LogOutputStream:75 - [STDERR_REDIRECT] 
2026-08-07 03:13:30,416 [ERROR] LogOutputStream:75 - [STDERR_REDIRECT] [Fatal Error] :1:1: Premature end of file.
2026-08-07 03:13:30,416 [ERROR] LogOutputStream:75 - [STDERR_REDIRECT] 
2026-08-07 03:13:31,405 [ERROR] LogOutputStream:75 - [STDERR_REDIRECT] [Fatal Error] :1:1: Premature end of file.
2026-08-07 03:13:31,405 [ERROR] LogOutputStream:75 - [STDERR_REDIRECT] 
2026-08-07 03:13:32,406 [ERROR] LogOutputStream:75 - [STDERR_REDIRECT] [Fatal Error] :1:1: Premature end of file.
2026-08-07 03:13:32,406 [ERROR] LogOutputStream:75 - [STDERR_REDIRECT] 
2026-08-07 03:13:33,413 [ERROR] LogOutputStream:75 - [STDERR_REDIRECT] [Fatal Error] :1:1: Premature end of file.
2026-08-07 03:13:33,413 [ERROR] LogOutputStream:75 - [STDERR_REDIRECT] 
2026-08-07 03:13:34,409 [ERROR] LogOutputStream:75 - [STDERR_REDIRECT] [Fatal Error] :1:1: Premature end of file.
2026-08-07 03:13:34,409 [ERROR] LogOutputStream:75 - [STDERR_REDIRECT] 
2026-08-07 03:13:35,402 [ERROR] LogOutputStream:75 - [STDERR_REDIRECT] [Fatal Error] :1:1: Premature end of file.
2026-08-07 03:13:35,402 [ERROR] LogOutputStream:75 - [STDERR_REDIRECT] 
2026-08-07 03:13:36,410 [ERROR] LogOutputStream:75 - [STDERR_REDIRECT] [Fatal Error] :1:1: Premature end of file.
2026-08-07 03:13:36,410 [ERROR] LogOutputStream:75 - [STDERR_REDIRECT] 
2026-08-07 03:13:37,400 [ERROR] LogOutputStream:75 - [STDERR_REDIRECT] [Fatal Error] :1:1: Premature end of file.
2026-08-07 03:13:37,400 [ERROR] LogOutputStream:75 - [STDERR_REDIRECT] 
2026-08-07 03:13:38,406 [ERROR] LogOutputStream:75 - [STDERR_REDIRECT] [Fatal Error] :1:1: Premature end of file.
2026-08-07 03:13:38,406 [ERROR] LogOutputStream:75 - [STDERR_REDIRECT] 
2026-08-07 03:13:39,412 [ERROR] LogOutputStream:75 - [STDERR_REDIRECT] [Fatal Error] :1:1: Premature end of file.
2026-08-07 03:13:39,413 [ERROR] LogOutputStream:75 - [STDERR_REDIRECT] 
2026-08-07 03:13:40,406 [ERROR] LogOutputStream:75 - [STDERR_REDIRECT] [Fatal Error] :1:1: Premature end of file.
2026-08-07 03:13:40,406 [ERROR] LogOutputStream:75 - [STDERR_REDIRECT] 
2026-08-07 03:13:41,396 [ERROR] LogOutputStream:75 - [STDERR_REDIRECT] [Fatal Error] :1:1: Premature end of file.
2026-08-07 03:13:41,396 [ERROR] LogOutputStream:75 - [STDERR_REDIRECT] 
2026-08-07 03:13:42,403 [ERROR] LogOutputStream:75 - [STDERR_REDIRECT] [Fatal Error] :1:1: Premature end of file.
2026-08-07 03:13:42,403 [ERROR] LogOutputStream:75 - [STDERR_REDIRECT] 
2026-08-07 03:13:43,483 [ERROR] LogOutputStream:75 - [STDERR_REDIRECT] [Fatal Error] :1:1: Premature end of file.
2026-08-07 03:13:43,483 [ERROR] LogOutputStream:75 - [STDERR_REDIRECT] 
2026-08-07 03:13:44,406 [ERROR] LogOutputStream:75 - [STDERR_REDIRECT] [Fatal Error] :1:1: Premature end of file.
2026-08-07 03:13:44,406 [ERROR] LogOutputStream:75 - [STDERR_REDIRECT] 
2026-08-07 03:13:45,397 [ERROR] LogOutputStream:75 - [STDERR_REDIRECT] [Fatal Error] :1:1: Premature end of file.
2026-08-07 03:13:45,397 [ERROR] LogOutputStream:75 - [STDERR_REDIRECT] 
2026-08-07 03:13:46,414 [ERROR] LogOutputStream:75 - [STDERR_REDIRECT] [Fatal Error] :1:1: Premature end of file.
2026-08-07 03:13:46,414 [ERROR] LogOutputStream:75 - [STDERR_REDIRECT] 
2026-08-07 03:13:47,400 [ERROR] LogOutputStream:75 - [STDERR_REDIRECT] [Fatal Error] :1:1: Premature end of file.
2026-08-07 03:13:47,400 [ERROR] LogOutputStream:75 - [STDERR_REDIRECT] 
2026-08-07 03:13:48,415 [ERROR] LogOutputStream:75 - [STDERR_REDIRECT] [Fatal Error] :1:1: Premature end of file.
2026-08-07 03:13:48,415 [ERROR] LogOutputStream:75 - [STDERR_REDIRECT] 
2026-08-07 03:13:49,412 [ERROR] LogOutputStream:75 - [STDERR_REDIRECT] [Fatal Error] :1:1: Premature end of file.
2026-08-07 03:13:49,412 [ERROR] LogOutputStream:75 - [STDERR_REDIRECT] 
2026-08-07 03:13:50,406 [ERROR] LogOutputStream:75 - [STDERR_REDIRECT] [Fatal Error] :1:1: Premature end of file.
2026-08-07 03:13:50,406 [ERROR] LogOutputStream:75 - [STDERR_REDIRECT] 
2026-08-07 03:13:51,405 [ERROR] LogOutputStream:75 - [STDERR_REDIRECT] [Fatal Error] :1:1: Premature end of file.
2026-08-07 03:13:51,405 [ERROR] LogOutputStream:75 - [STDERR_REDIRECT] 
2026-08-07 03:13:52,412 [ERROR] LogOutputStream:75 - [STDERR_REDIRECT] [Fatal Error] :1:1: Premature end of file.
2026-08-07 03:13:52,412 [ERROR] LogOutputStream:75 - [STDERR_REDIRECT] 
2026-08-07 03:13:53,407 [ERROR] LogOutputStream:75 - [STDERR_REDIRECT] [Fatal Error] :1:1: Premature end of file.
2026-08-07 03:13:53,407 [ERROR] LogOutputStream:75 - [STDERR_REDIRECT] 
2026-08-07 03:13:54,402 [ERROR] LogOutputStream:75 - [STDERR_REDIRECT] [Fatal Error] :1:1: Premature end of file.
2026-08-07 03:13:54,402 [ERROR] LogOutputStream:75 - [STDERR_REDIRECT] 
2026-08-07 03:13:55,409 [ERROR] LogOutputStream:75 - [STDERR_REDIRECT] [Fatal Error] :1:1: Premature end of file.
2026-08-07 03:13:55,409 [ERROR] LogOutputStream:75 - [STDERR_REDIRECT] 
2026-08-07 03:13:56,404 [ERROR] LogOutputStream:75 - [STDERR_REDIRECT] [Fatal Error] :1:1: Premature end of file.
2026-08-07 03:13:56,404 [ERROR] LogOutputStream:75 - [STDERR_REDIRECT] 
2026-08-07 03:13:57,410 [ERROR] LogOutputStream:75 - [STDERR_REDIRECT] [Fatal Error] :1:1: Premature end of file.
2026-08-07 03:13:57,410 [ERROR] LogOutputStream:75 - [STDERR_REDIRECT] 
2026-08-07 03:13:58,407 [ERROR] LogOutputStream:75 - [STDERR_REDIRECT] [Fatal Error] :1:1: Premature end of file.
2026-08-07 03:13:58,407 [ERROR] LogOutputStream:75 - [STDERR_REDIRECT] 
2026-08-07 03:13:59,407 [ERROR] LogOutputStream:75 - [STDERR_REDIRECT] [Fatal Error] :1:1: Premature end of file.
2026-08-07 03:13:59,407 [ERROR] LogOutputStream:75 - [STDERR_REDIRECT] 
2026-08-07 03:14:00,407 [ERROR] LogOutputStream:75 - [STDERR_REDIRECT] [Fatal Error] :1:1: Premature end of file.
2026-08-07 03:14:00,407 [ERROR] LogOutputStream:75 - [STDERR_REDIRECT] 
2026-08-07 03:14:01,445 [ERROR] LogOutputStream:75 - [STDERR_REDIRECT] [Fatal Error] :1:1: Premature end of file.
2026-08-07 03:14:01,445 [ERROR] LogOutputStream:75 - [STDERR_REDIRECT] 
2026-08-07 03:14:02,412 [ERROR] LogOutputStream:75 - [STDERR_REDIRECT] [Fatal Error] :1:1: Premature end of file.
2026-08-07 03:14:02,412 [ERROR] LogOutputStream:75 - [STDERR_REDIRECT] 
2026-08-07 03:14:03,411 [ERROR] LogOutputStream:75 - [STDERR_REDIRECT] [Fatal Error] :1:1: Premature end of file.
2026-08-07 03:14:03,411 [ERROR] LogOutputStream:75 - [STDERR_REDIRECT] 
2026-08-07 03:14:04,405 [ERROR] LogOutputStream:75 - [STDERR_REDIRECT] [Fatal Error] :1:1: Premature end of file.
2026-08-07 03:14:04,405 [ERROR] LogOutputStream:75 - [STDERR_REDIRECT] 
2026-08-07 03:14:05,414 [ERROR] LogOutputStream:75 - [STDERR_REDIRECT] [Fatal Error] :1:1: Premature end of file.
2026-08-07 03:14:05,414 [ERROR] LogOutputStream:75 - [STDERR_REDIRECT] 
2026-08-07 03:14:06,402 [ERROR] LogOutputStream:75 - [STDERR_REDIRECT] [Fatal Error] :1:1: Premature end of file.
2026-08-07 03:14:06,402 [ERROR] LogOutputStream:75 - [STDERR_REDIRECT] 
2026-08-07 03:14:07,416 [ERROR] LogOutputStream:75 - [STDERR_REDIRECT] [Fatal Error] :1:1: Premature end of file.
2026-08-07 03:14:07,416 [ERROR] LogOutputStream:75 - [STDERR_REDIRECT] 
2026-08-07 03:14:08,411 [ERROR] LogOutputStream:75 - [STDERR_REDIRECT] [Fatal Error] :1:1: Premature end of file.
2026-08-07 03:14:08,411 [ERROR] LogOutputStream:75 - [STDERR_REDIRECT] 
2026-08-07 03:14:09,402 [ERROR] LogOutputStream:75 - [STDERR_REDIRECT] [Fatal Error] :1:1: Premature end of file.
2026-08-07 03:14:09,402 [ERROR] LogOutputStream:75 - [STDERR_REDIRECT] 
2026-08-07 03:14:10,403 [ERROR] LogOutputStream:75 - [STDERR_REDIRECT] [Fatal Error] :1:1: Premature end of file.
2026-08-07 03:14:10,403 [ERROR] LogOutputStream:75 - [STDERR_REDIRECT] 
2026-08-07 03:14:11,402 [ERROR] LogOutputStream:75 - [STDERR_REDIRECT] [Fatal Error] :1:1: Premature end of file.
2026-08-07 03:14:11,402 [ERROR] LogOutputStream:75 - [STDERR_REDIRECT] 
2026-08-07 03:14:12,410 [ERROR] LogOutputStream:75 - [STDERR_REDIRECT] [Fatal Error] :1:1: Premature end of file.
2026-08-07 03:14:12,410 [ERROR] LogOutputStream:75 - [STDERR_REDIRECT] 
2026-08-07 03:14:13,413 [ERROR] LogOutputStream:75 - [STDERR_REDIRECT] [Fatal Error] :1:1: Premature end of file.
2026-08-07 03:14:13,413 [ERROR] LogOutputStream:75 - [STDERR_REDIRECT] 
2026-08-07 03:14:14,400 [ERROR] LogOutputStream:75 - [STDERR_REDIRECT] [Fatal Error] :1:1: Premature end of file.
2026-08-07 03:14:14,400 [ERROR] LogOutputStream:75 - [STDERR_REDIRECT] 
2026-08-07 03:14:15,403 [ERROR] LogOutputStream:75 - [STDERR_REDIRECT] [Fatal Error] :1:1: Premature end of file.
2026-08-07 03:14:15,403 [ERROR] LogOutputStream:75 - [STDERR_REDIRECT] 
2026-08-07 03:14:16,413 [ERROR] LogOutputStream:75 - [STDERR_REDIRECT] [Fatal Error] :1:1: Premature end of file.
2026-08-07 03:14:16,413 [ERROR] LogOutputStream:75 - [STDERR_REDIRECT] 
2026-08-07 03:14:17,412 [ERROR] LogOutputStream:75 - [STDERR_REDIRECT] [Fatal Error] :1:1: Premature end of file.
2026-08-07 03:14:17,412 [ERROR] LogOutputStream:75 - [STDERR_REDIRECT] 
2026-08-07 03:14:18,402 [ERROR] LogOutputStream:75 - [STDERR_REDIRECT] [Fatal Error] :1:1: Premature end of file.
2026-08-07 03:14:18,402 [ERROR] LogOutputStream:75 - [STDERR_REDIRECT] 
2026-08-07 03:14:19,415 [ERROR] LogOutputStream:75 - [STDERR_REDIRECT] [Fatal Error] :1:1: Premature end of file.
2026-08-07 03:14:19,415 [ERROR] LogOutputStream:75 - [STDERR_REDIRECT] 
2026-08-07 03:14:20,402 [ERROR] LogOutputStream:75 - [STDERR_REDIRECT] [Fatal Error] :1:1: Premature end of file.
2026-08-07 03:14:20,412 [ERROR] LogOutputStream:75 - [STDERR_REDIRECT] 
2026-08-07 03:14:21,411 [ERROR] LogOutputStream:75 - [STDERR_REDIRECT] [Fatal Error] :1:1: Premature end of file.
2026-08-07 03:14:21,411 [ERROR] LogOutputStream:75 - [STDERR_REDIRECT] 
2026-08-07 03:14:22,409 [ERROR] LogOutputStream:75 - [STDERR_REDIRECT] [Fatal Error] :1:1: Premature end of file.
2026-08-07 03:14:22,409 [ERROR] LogOutputStream:75 - [STDERR_REDIRECT] 
2026-08-07 03:14:23,418 [ERROR] LogOutputStream:75 - [STDERR_REDIRECT] [Fatal Error] :1:1: Premature end of file.
2026-08-07 03:14:23,419 [ERROR] LogOutputStream:75 - [STDERR_REDIRECT] 
2026-08-07 03:14:24,406 [ERROR] LogOutputStream:75 - [STDERR_REDIRECT] [Fatal Error] :1:1: Premature end of file.
2026-08-07 03:14:24,406 [ERROR] LogOutputStream:75 - [STDERR_REDIRECT] 
2026-08-07 03:14:25,408 [ERROR] LogOutputStream:75 - [STDERR_REDIRECT] [Fatal Error] :1:1: Premature end of file.
2026-08-07 03:14:25,408 [ERROR] LogOutputStream:75 - [STDERR_REDIRECT] 
2026-08-07 03:14:26,416 [ERROR] LogOutputStream:75 - [STDERR_REDIRECT] [Fatal Error] :1:1: Premature end of file.
2026-08-07 03:14:26,416 [ERROR] LogOutputStream:75 - [STDERR_REDIRECT] 
2026-08-07 03:14:27,459 [ERROR] LogOutputStream:75 - [STDERR_REDIRECT] [Fatal Error] :1:1: Premature end of file.
2026-08-07 03:14:27,459 [ERROR] LogOutputStream:75 - [STDERR_REDIRECT] 
2026-08-07 03:14:28,414 [ERROR] LogOutputStream:75 - [STDERR_REDIRECT] [Fatal Error] :1:1: Premature end of file.
2026-08-07 03:14:28,414 [ERROR] LogOutputStream:75 - [STDERR_REDIRECT] 
2026-08-07 03:14:29,402 [ERROR] LogOutputStream:75 - [STDERR_REDIRECT] [Fatal Error] :1:1: Premature end of file.
2026-08-07 03:14:29,402 [ERROR] LogOutputStream:75 - [STDERR_REDIRECT] 
2026-08-07 03:14:30,417 [ERROR] LogOutputStream:75 - [STDERR_REDIRECT] [Fatal Error] :1:1: Premature end of file.
2026-08-07 03:14:30,417 [ERROR] LogOutputStream:75 - [STDERR_REDIRECT] 
2026-08-07 03:14:31,407 [ERROR] LogOutputStream:75 - [STDERR_REDIRECT] [Fatal Error] :1:1: Premature end of file.
2026-08-07 03:14:31,407 [ERROR] LogOutputStream:75 - [STDERR_REDIRECT] 
2026-08-07 03:14:32,406 [ERROR] LogOutputStream:75 - [STDERR_REDIRECT] [Fatal Error] :1:1: Premature end of file.
2026-08-07 03:14:32,406 [ERROR] LogOutputStream:75 - [STDERR_REDIRECT] 
2026-08-07 03:14:33,402 [ERROR] LogOutputStream:75 - [STDERR_REDIRECT] [Fatal Error] :1:1: Premature end of file.
2026-08-07 03:14:33,402 [ERROR] LogOutputStream:75 - [STDERR_REDIRECT] 
2026-08-07 03:14:34,405 [ERROR] LogOutputStream:75 - [STDERR_REDIRECT] [Fatal Error] :1:1: Premature end of file.
2026-08-07 03:14:34,405 [ERROR] LogOutputStream:75 - [STDERR_REDIRECT] 
2026-08-07 03:14:35,407 [ERROR] LogOutputStream:75 - [STDERR_REDIRECT] [Fatal Error] :1:1: Premature end of file.
2026-08-07 03:14:35,407 [ERROR] LogOutputStream:75 - [STDERR_REDIRECT] 
2026-08-07 03:14:36,404 [ERROR] LogOutputStream:75 - [STDERR_REDIRECT] [Fatal Error] :1:1: Premature end of file.
2026-08-07 03:14:36,404 [ERROR] LogOutputStream:75 - [STDERR_REDIRECT] 
2026-08-07 03:14:37,454 [ERROR] LogOutputStream:75 - [STDERR_REDIRECT] [Fatal Error] :1:1: Premature end of file.
2026-08-07 03:14:37,454 [ERROR] LogOutputStream:75 - [STDERR_REDIRECT] 
2026-08-07 03:14:38,400 [ERROR] LogOutputStream:75 - [STDERR_REDIRECT] [Fatal Error] :1:1: Premature end of file.
2026-08-07 03:14:38,400 [ERROR] LogOutputStream:75 - [STDERR_REDIRECT] 
2026-08-07 03:14:39,413 [ERROR] LogOutputStream:75 - [STDERR_REDIRECT] [Fatal Error] :1:1: Premature end of file.
2026-08-07 03:14:39,413 [ERROR] LogOutputStream:75 - [STDERR_REDIRECT] 
2026-08-07 03:14:40,410 [ERROR] LogOutputStream:75 - [STDERR_REDIRECT] [Fatal Error] :1:1: Premature end of file.
2026-08-07 03:14:40,410 [ERROR] LogOutputStream:75 - [STDERR_REDIRECT] 
2026-08-07 03:14:41,412 [ERROR] LogOutputStream:75 - [STDERR_REDIRECT] [Fatal Error] :1:1: Premature end of file.
2026-08-07 03:14:41,412 [ERROR] LogOutputStream:75 - [STDERR_REDIRECT] 
2026-08-07 03:14:42,406 [ERROR] LogOutputStream:75 - [STDERR_REDIRECT] [Fatal Error] :1:1: Premature end of file.
2026-08-07 03:14:42,407 [ERROR] LogOutputStream:75 - [STDERR_REDIRECT] 
2026-08-07 03:14:43,405 [ERROR] LogOutputStream:75 - [STDERR_REDIRECT] [Fatal Error] :1:1: Premature end of file.
2026-08-07 03:14:43,405 [ERROR] LogOutputStream:75 - [STDERR_REDIRECT] 
2026-08-07 03:14:44,408 [ERROR] LogOutputStream:75 - [STDERR_REDIRECT] [Fatal Error] :1:1: Premature end of file.
2026-08-07 03:14:44,408 [ERROR] LogOutputStream:75 - [STDERR_REDIRECT] 
2026-08-07 03:14:45,399 [ERROR] LogOutputStream:75 - [STDERR_REDIRECT] [Fatal Error] :1:1: Premature end of file.
2026-08-07 03:14:45,399 [ERROR] LogOutputStream:75 - [STDERR_REDIRECT] 
2026-08-07 03:14:46,407 [ERROR] LogOutputStream:75 - [STDERR_REDIRECT] [Fatal Error] :1:1: Premature end of file.
2026-08-07 03:14:46,407 [ERROR] LogOutputStream:75 - [STDERR_REDIRECT] 
2026-08-07 03:14:47,400 [ERROR] LogOutputStream:75 - [STDERR_REDIRECT] [Fatal Error] :1:1: Premature end of file.
2026-08-07 03:14:47,400 [ERROR] LogOutputStream:75 - [STDERR_REDIRECT] 
2026-08-07 03:14:48,418 [ERROR] LogOutputStream:75 - [STDERR_REDIRECT] [Fatal Error] :1:1: Premature end of file.
2026-08-07 03:14:48,418 [ERROR] LogOutputStream:75 - [STDERR_REDIRECT] 
2026-08-07 03:14:49,395 [ERROR] LogOutputStream:75 - [STDERR_REDIRECT] [Fatal Error] :1:1: Premature end of file.
2026-08-07 03:14:49,395 [ERROR] LogOutputStream:75 - [STDERR_REDIRECT] 
2026-08-07 03:14:50,420 [ERROR] LogOutputStream:75 - [STDERR_REDIRECT] [Fatal Error] :1:1: Premature end of file.
2026-08-07 03:14:50,421 [ERROR] LogOutputStream:75 - [STDERR_REDIRECT] 
2026-08-07 03:14:51,407 [ERROR] LogOutputStream:75 - [STDERR_REDIRECT] [Fatal Error] :1:1: Premature end of file.
2026-08-07 03:14:51,407 [ERROR] LogOutputStream:75 - [STDERR_REDIRECT] 
2026-08-07 03:14:52,424 [ERROR] LogOutputStream:75 - [STDERR_REDIRECT] [Fatal Error] :1:1: Premature end of file.
2026-08-07 03:14:52,424 [ERROR] LogOutputStream:75 - [STDERR_REDIRECT] 
2026-08-07 03:14:53,412 [ERROR] LogOutputStream:75 - [STDERR_REDIRECT] [Fatal Error] :1:1: Premature end of file.
2026-08-07 03:14:53,412 [ERROR] LogOutputStream:75 - [STDERR_REDIRECT] 
2026-08-07 03:14:54,410 [ERROR] LogOutputStream:75 - [STDERR_REDIRECT] [Fatal Error] :1:1: Premature end of file.
2026-08-07 03:14:54,410 [ERROR] LogOutputStream:75 - [STDERR_REDIRECT] 
2026-08-07 03:14:55,414 [ERROR] LogOutputStream:75 - [STDERR_REDIRECT] [Fatal Error] :1:1: Premature end of file.
2026-08-07 03:14:55,414 [ERROR] LogOutputStream:75 - [STDERR_REDIRECT] 
2026-08-07 03:14:56,413 [ERROR] LogOutputStream:75 - [STDERR_REDIRECT] [Fatal Error] :1:1: Premature end of file.
2026-08-07 03:14:56,413 [ERROR] LogOutputStream:75 - [STDERR_REDIRECT] 
2026-08-07 03:14:57,408 [ERROR] LogOutputStream:75 - [STDERR_REDIRECT] [Fatal Error] :1:1: Premature end of file.
2026-08-07 03:14:57,408 [ERROR] LogOutputStream:75 - [STDERR_REDIRECT] 
2026-08-07 03:14:58,436 [ERROR] LogOutputStream:75 - [STDERR_REDIRECT] [Fatal Error] :1:1: Premature end of file.
2026-08-07 03:14:58,436 [ERROR] LogOutputStream:75 - [STDERR_REDIRECT] 
2026-08-07 03:14:59,406 [ERROR] LogOutputStream:75 - [STDERR_REDIRECT] [Fatal Error] :1:1: Premature end of file.
2026-08-07 03:14:59,406 [ERROR] LogOutputStream:75 - [STDERR_REDIRECT] 
2026-08-07 03:15:00,405 [ERROR] LogOutputStream:75 - [STDERR_REDIRECT] [Fatal Error] :1:1: Premature end of file.
2026-08-07 03:15:00,405 [ERROR] LogOutputStream:75 - [STDERR_REDIRECT] 
2026-08-07 03:15:01,402 [ERROR] LogOutputStream:75 - [STDERR_REDIRECT] [Fatal Error] :1:1: Premature end of file.
2026-08-07 03:15:01,402 [ERROR] LogOutputStream:75 - [STDERR_REDIRECT] 
2026-08-07 03:15:02,403 [ERROR] LogOutputStream:75 - [STDERR_REDIRECT] [Fatal Error] :1:1: Premature end of file.
2026-08-07 03:15:02,403 [ERROR] LogOutputStream:75 - [STDERR_REDIRECT] 
2026-08-07 03:15:03,413 [ERROR] LogOutputStream:75 - [STDERR_REDIRECT] [Fatal Error] :1:1: Premature end of file.
2026-08-07 03:15:03,413 [ERROR] LogOutputStream:75 - [STDERR_REDIRECT] 
2026-08-07 03:15:04,395 [ERROR] LogOutputStream:75 - [STDERR_REDIRECT] [Fatal Error] :1:1: Premature end of file.
2026-08-07 03:15:04,395 [ERROR] LogOutputStream:75 - [STDERR_REDIRECT] 
2026-08-07 03:15:05,407 [ERROR] LogOutputStream:75 - [STDERR_REDIRECT] [Fatal Error] :1:1: Premature end of file.
2026-08-07 03:15:05,407 [ERROR] LogOutputStream:75 - [STDERR_REDIRECT] 
2026-08-07 03:15:06,406 [ERROR] LogOutputStream:75 - [STDERR_REDIRECT] [Fatal Error] :1:1: Premature end of file.
2026-08-07 03:15:06,406 [ERROR] LogOutputStream:75 - [STDERR_REDIRECT] 
2026-08-07 03:15:07,417 [ERROR] LogOutputStream:75 - [STDERR_REDIRECT] [Fatal Error] :1:1: Premature end of file.
2026-08-07 03:15:07,417 [ERROR] LogOutputStream:75 - [STDERR_REDIRECT] 
2026-08-07 03:15:08,409 [ERROR] LogOutputStream:75 - [STDERR_REDIRECT] [Fatal Error] :1:1: Premature end of file.
2026-08-07 03:15:08,410 [ERROR] LogOutputStream:75 - [STDERR_REDIRECT] 
2026-08-07 03:15:09,407 [ERROR] LogOutputStream:75 - [STDERR_REDIRECT] [Fatal Error] :1:1: Premature end of file.
2026-08-07 03:15:09,407 [ERROR] LogOutputStream:75 - [STDERR_REDIRECT] 
2026-08-07 03:15:10,417 [ERROR] LogOutputStream:75 - [STDERR_REDIRECT] [Fatal Error] :1:1: Premature end of file.
2026-08-07 03:15:10,418 [ERROR] LogOutputStream:75 - [STDERR_REDIRECT] 
2026-08-07 03:15:11,407 [ERROR] LogOutputStream:75 - [STDERR_REDIRECT] [Fatal Error] :1:1: Premature end of file.
2026-08-07 03:15:11,407 [ERROR] LogOutputStream:75 - [STDERR_REDIRECT] 
2026-08-07 03:15:12,424 [ERROR] LogOutputStream:75 - [STDERR_REDIRECT] [Fatal Error] :1:1: Premature end of file.
2026-08-07 03:15:12,424 [ERROR] LogOutputStream:75 - [STDERR_REDIRECT] 
2026-08-07 03:15:13,423 [ERROR] LogOutputStream:75 - [STDERR_REDIRECT] [Fatal Error] :1:1: Premature end of file.
2026-08-07 03:15:13,423 [ERROR] LogOutputStream:75 - [STDERR_REDIRECT] 
2026-08-07 03:15:14,407 [ERROR] LogOutputStream:75 - [STDERR_REDIRECT] [Fatal Error] :1:1: Premature end of file.
2026-08-07 03:15:14,407 [ERROR] LogOutputStream:75 - [STDERR_REDIRECT] 
2026-08-07 03:15:15,406 [ERROR] LogOutputStream:75 - [STDERR_REDIRECT] [Fatal Error] :1:1: Premature end of file.
2026-08-07 03:15:15,406 [ERROR] LogOutputStream:75 - [STDERR_REDIRECT] 
2026-08-07 03:15:16,411 [ERROR] LogOutputStream:75 - [STDERR_REDIRECT] [Fatal Error] :1:1: Premature end of file.
2026-08-07 03:15:16,411 [ERROR] LogOutputStream:75 - [STDERR_REDIRECT] 
2026-08-07 03:15:17,406 [ERROR] LogOutputStream:75 - [STDERR_REDIRECT] [Fatal Error] :1:1: Premature end of file.
2026-08-07 03:15:17,406 [ERROR] LogOutputStream:75 - [STDERR_REDIRECT] 
2026-08-07 03:15:18,400 [ERROR] LogOutputStream:75 - [STDERR_REDIRECT] [Fatal Error] :1:1: Premature end of file.
2026-08-07 03:15:18,400 [ERROR] LogOutputStream:75 - [STDERR_REDIRECT] 
2026-08-07 03:15:19,410 [ERROR] LogOutputStream:75 - [STDERR_REDIRECT] [Fatal Error] :1:1: Premature end of file.
2026-08-07 03:15:19,410 [ERROR] LogOutputStream:75 - [STDERR_REDIRECT] 
2026-08-07 03:15:20,410 [ERROR] LogOutputStream:75 - [STDERR_REDIRECT] [Fatal Error] :1:1: Premature end of file.
2026-08-07 03:15:20,410 [ERROR] LogOutputStream:75 - [STDERR_REDIRECT] 
2026-08-07 03:15:21,402 [ERROR] LogOutputStream:75 - [STDERR_REDIRECT] [Fatal Error] :1:1: Premature end of file.
2026-08-07 03:15:21,402 [ERROR] LogOutputStream:75 - [STDERR_REDIRECT] 
2026-08-07 03:15:22,400 [ERROR] LogOutputStream:75 - [STDERR_REDIRECT] [Fatal Error] :1:1: Premature end of file.
2026-08-07 03:15:22,400 [ERROR] LogOutputStream:75 - [STDERR_REDIRECT] 
2026-08-07 03:15:23,404 [ERROR] LogOutputStream:75 - [STDERR_REDIRECT] [Fatal Error] :1:1: Premature end of file.
2026-08-07 03:15:23,404 [ERROR] LogOutputStream:75 - [STDERR_REDIRECT] 
2026-08-07 03:15:24,407 [ERROR] LogOutputStream:75 - [STDERR_REDIRECT] [Fatal Error] :1:1: Premature end of file.
2026-08-07 03:15:24,407 [ERROR] LogOutputStream:75 - [STDERR_REDIRECT] 
2026-08-07 03:15:25,405 [ERROR] LogOutputStream:75 - [STDERR_REDIRECT] [Fatal Error] :1:1: Premature end of file.
2026-08-07 03:15:25,405 [ERROR] LogOutputStream:75 - [STDERR_REDIRECT] 
2026-08-07 03:15:26,399 [ERROR] LogOutputStream:75 - [STDERR_REDIRECT] [Fatal Error] :1:1: Premature end of file.
2026-08-07 03:15:26,407 [ERROR] LogOutputStream:75 - [STDERR_REDIRECT] 
2026-08-07 03:15:27,419 [ERROR] LogOutputStream:75 - [STDERR_REDIRECT] [Fatal Error] :1:1: Premature end of file.
2026-08-07 03:15:27,419 [ERROR] LogOutputStream:75 - [STDERR_REDIRECT] 
2026-08-07 03:15:28,421 [ERROR] LogOutputStream:75 - [STDERR_REDIRECT] [Fatal Error] :1:1: Premature end of file.
2026-08-07 03:15:28,421 [ERROR] LogOutputStream:75 - [STDERR_REDIRECT] 
2026-08-07 03:15:29,391 [ERROR] LogOutputStream:75 - [STDERR_REDIRECT] [Fatal Error] :1:1: Premature end of file.
2026-08-07 03:15:29,391 [ERROR] LogOutputStream:75 - [STDERR_REDIRECT] 
2026-08-07 03:15:30,424 [ERROR] LogOutputStream:75 - [STDERR_REDIRECT] [Fatal Error] :1:1: Premature end of file.
2026-08-07 03:15:30,426 [ERROR] LogOutputStream:75 - [STDERR_REDIRECT] 
2026-08-07 03:15:31,420 [ERROR] LogOutputStream:75 - [STDERR_REDIRECT] [Fatal Error] :1:1: Premature end of file.
2026-08-07 03:15:31,420 [ERROR] LogOutputStream:75 - [STDERR_REDIRECT] 
2026-08-07 03:15:32,418 [ERROR] LogOutputStream:75 - [STDERR_REDIRECT] [Fatal Error] :1:1: Premature end of file.
2026-08-07 03:15:32,418 [ERROR] LogOutputStream:75 - [STDERR_REDIRECT] 
2026-08-07 03:15:33,409 [ERROR] LogOutputStream:75 - [STDERR_REDIRECT] [Fatal Error] :1:1: Premature end of file.
2026-08-07 03:15:33,409 [ERROR] LogOutputStream:75 - [STDERR_REDIRECT] 
2026-08-07 03:15:34,409 [ERROR] LogOutputStream:75 - [STDERR_REDIRECT] [Fatal Error] :1:1: Premature end of file.
2026-08-07 03:15:34,409 [ERROR] LogOutputStream:75 - [STDERR_REDIRECT] 
2026-08-07 03:15:35,417 [ERROR] LogOutputStream:75 - [STDERR_REDIRECT] [Fatal Error] :1:1: Premature end of file.
2026-08-07 03:15:35,417 [ERROR] LogOutputStream:75 - [STDERR_REDIRECT] 
2026-08-07 03:15:36,402 [ERROR] LogOutputStream:75 - [STDERR_REDIRECT] [Fatal Error] :1:1: Premature end of file.
2026-08-07 03:15:36,402 [ERROR] LogOutputStream:75 - [STDERR_REDIRECT] 
2026-08-07 03:15:37,413 [ERROR] LogOutputStream:75 - [STDERR_REDIRECT] [Fatal Error] :1:1: Premature end of file.
2026-08-07 03:15:37,413 [ERROR] LogOutputStream:75 - [STDERR_REDIRECT] 
2026-08-07 03:15:38,413 [ERROR] LogOutputStream:75 - [STDERR_REDIRECT] [Fatal Error] :1:1: Premature end of file.
2026-08-07 03:15:38,414 [ERROR] LogOutputStream:75 - [STDERR_REDIRECT] 
2026-08-07 03:15:39,413 [ERROR] LogOutputStream:75 - [STDERR_REDIRECT] [Fatal Error] :1:1: Premature end of file.
2026-08-07 03:15:39,413 [ERROR] LogOutputStream:75 - [STDERR_REDIRECT] 
2026-08-07 03:15:40,410 [ERROR] LogOutputStream:75 - [STDERR_REDIRECT] [Fatal Error] :1:1: Premature end of file.
2026-08-07 03:15:40,411 [ERROR] LogOutputStream:75 - [STDERR_REDIRECT] 
2026-08-07 03:15:41,409 [ERROR] LogOutputStream:75 - [STDERR_REDIRECT] [Fatal Error] :1:1: Premature end of file.
2026-08-07 03:15:41,409 [ERROR] LogOutputStream:75 - [STDERR_REDIRECT] 
2026-08-07 03:15:42,411 [ERROR] LogOutputStream:75 - [STDERR_REDIRECT] [Fatal Error] :1:1: Premature end of file.
2026-08-07 03:15:42,411 [ERROR] LogOutputStream:75 - [STDERR_REDIRECT] 
2026-08-07 03:15:43,406 [ERROR] LogOutputStream:75 - [STDERR_REDIRECT] [Fatal Error] :1:1: Premature end of file.
2026-08-07 03:15:43,406 [ERROR] LogOutputStream:75 - [STDERR_REDIRECT] 
2026-08-07 03:15:44,405 [ERROR] LogOutputStream:75 - [STDERR_REDIRECT] [Fatal Error] :1:1: Premature end of file.
2026-08-07 03:15:44,405 [ERROR] LogOutputStream:75 - [STDERR_REDIRECT] 
2026-08-07 03:15:45,421 [ERROR] LogOutputStream:75 - [STDERR_REDIRECT] [Fatal Error] :1:1: Premature end of file.
2026-08-07 03:15:45,421 [ERROR] LogOutputStream:75 - [STDERR_REDIRECT] 
2026-08-07 03:15:46,409 [ERROR] LogOutputStream:75 - [STDERR_REDIRECT] [Fatal Error] :1:1: Premature end of file.
2026-08-07 03:15:46,409 [ERROR] LogOutputStream:75 - [STDERR_REDIRECT] 
2026-08-07 03:15:47,424 [ERROR] LogOutputStream:75 - [STDERR_REDIRECT] [Fatal Error] :1:1: Premature end of file.
2026-08-07 03:15:47,424 [ERROR] LogOutputStream:75 - [STDERR_REDIRECT] 
2026-08-07 03:15:48,425 [ERROR] LogOutputStream:75 - [STDERR_REDIRECT] [Fatal Error] :1:1: Premature end of file.
2026-08-07 03:15:48,425 [ERROR] LogOutputStream:75 - [STDERR_REDIRECT] 
2026-08-07 03:15:49,415 [ERROR] LogOutputStream:75 - [STDERR_REDIRECT] [Fatal Error] :1:1: Premature end of file.
2026-08-07 03:15:49,415 [ERROR] LogOutputStream:75 - [STDERR_REDIRECT] 
2026-08-07 03:15:50,415 [ERROR] LogOutputStream:75 - [STDERR_REDIRECT] [Fatal Error] :1:1: Premature end of file.
2026-08-07 03:15:50,416 [ERROR] LogOutputStream:75 - [STDERR_REDIRECT] 
2026-08-07 03:15:51,416 [ERROR] LogOutputStream:75 - [STDERR_REDIRECT] [Fatal Error] :1:1: Premature end of file.
2026-08-07 03:15:51,417 [ERROR] LogOutputStream:75 - [STDERR_REDIRECT] 
2026-08-07 03:15:52,420 [ERROR] LogOutputStream:75 - [STDERR_REDIRECT] [Fatal Error] :1:1: Premature end of file.
2026-08-07 03:15:52,420 [ERROR] LogOutputStream:75 - [STDERR_REDIRECT] 
2026-08-07 03:15:53,417 [ERROR] LogOutputStream:75 - [STDERR_REDIRECT] [Fatal Error] :1:1: Premature end of file.
2026-08-07 03:15:53,417 [ERROR] LogOutputStream:75 - [STDERR_REDIRECT] 
2026-08-07 03:15:54,415 [ERROR] LogOutputStream:75 - [STDERR_REDIRECT] [Fatal Error] :1:1: Premature end of file.
2026-08-07 03:15:54,415 [ERROR] LogOutputStream:75 - [STDERR_REDIRECT] 
2026-08-07 03:15:55,412 [ERROR] LogOutputStream:75 - [STDERR_REDIRECT] [Fatal Error] :1:1: Premature end of file.
2026-08-07 03:15:55,412 [ERROR] LogOutputStream:75 - [STDERR_REDIRECT] 
2026-08-07 03:15:56,413 [ERROR] LogOutputStream:75 - [STDERR_REDIRECT] [Fatal Error] :1:1: Premature end of file.
2026-08-07 03:15:56,413 [ERROR] LogOutputStream:75 - [STDERR_REDIRECT] 
2026-08-07 03:15:57,412 [ERROR] LogOutputStream:75 - [STDERR_REDIRECT] [Fatal Error] :1:1: Premature end of file.
2026-08-07 03:15:57,412 [ERROR] LogOutputStream:75 - [STDERR_REDIRECT] 
2026-08-07 03:15:58,410 [ERROR] LogOutputStream:75 - [STDERR_REDIRECT] [Fatal Error] :1:1: Premature end of file.
2026-08-07 03:15:58,410 [ERROR] LogOutputStream:75 - [STDERR_REDIRECT] 
2026-08-07 03:15:59,405 [ERROR] LogOutputStream:75 - [STDERR_REDIRECT] [Fatal Error] :1:1: Premature end of file.
2026-08-07 03:15:59,405 [ERROR] LogOutputStream:75 - [STDERR_REDIRECT] 
2026-08-07 03:16:00,415 [ERROR] LogOutputStream:75 - [STDERR_REDIRECT] [Fatal Error] :1:1: Premature end of file.
2026-08-07 03:16:00,415 [ERROR] LogOutputStream:75 - [STDERR_REDIRECT] 
2026-08-07 03:16:01,410 [ERROR] LogOutputStream:75 - [STDERR_REDIRECT] [Fatal Error] :1:1: Premature end of file.
2026-08-07 03:16:01,410 [ERROR] LogOutputStream:75 - [STDERR_REDIRECT] 
2026-08-07 03:16:02,410 [ERROR] LogOutputStream:75 - [STDERR_REDIRECT] [Fatal Error] :1:1: Premature end of file.
2026-08-07 03:16:02,410 [ERROR] LogOutputStream:75 - [STDERR_REDIRECT] 
2026-08-07 03:16:03,407 [ERROR] LogOutputStream:75 - [STDERR_REDIRECT] [Fatal Error] :1:1: Premature end of file.
2026-08-07 03:16:03,407 [ERROR] LogOutputStream:75 - [STDERR_REDIRECT] 
2026-08-07 03:16:04,408 [ERROR] LogOutputStream:75 - [STDERR_REDIRECT] [Fatal Error] :1:1: Premature end of file.
2026-08-07 03:16:04,409 [ERROR] LogOutputStream:75 - [STDERR_REDIRECT] 
2026-08-07 03:16:05,403 [ERROR] LogOutputStream:75 - [STDERR_REDIRECT] [Fatal Error] :1:1: Premature end of file.
2026-08-07 03:16:05,403 [ERROR] LogOutputStream:75 - [STDERR_REDIRECT] 
2026-08-07 03:16:06,422 [ERROR] LogOutputStream:75 - [STDERR_REDIRECT] [Fatal Error] :1:1: Premature end of file.
2026-08-07 03:16:06,422 [ERROR] LogOutputStream:75 - [STDERR_REDIRECT] 
2026-08-07 03:16:07,402 [ERROR] LogOutputStream:75 - [STDERR_REDIRECT] [Fatal Error] :1:1: Premature end of file.
2026-08-07 03:16:07,402 [ERROR] LogOutputStream:75 - [STDERR_REDIRECT] 
2026-08-07 03:16:08,420 [ERROR] LogOutputStream:75 - [STDERR_REDIRECT] [Fatal Error] :1:1: Premature end of file.
2026-08-07 03:16:08,420 [ERROR] LogOutputStream:75 - [STDERR_REDIRECT] 
2026-08-07 03:16:09,406 [ERROR] LogOutputStream:75 - [STDERR_REDIRECT] [Fatal Error] :1:1: Premature end of file.
2026-08-07 03:16:09,406 [ERROR] LogOutputStream:75 - [STDERR_REDIRECT] 
2026-08-07 03:16:10,416 [ERROR] LogOutputStream:75 - [STDERR_REDIRECT] [Fatal Error] :1:1: Premature end of file.
2026-08-07 03:16:10,416 [ERROR] LogOutputStream:75 - [STDERR_REDIRECT] 
2026-08-07 03:16:11,414 [ERROR] LogOutputStream:75 - [STDERR_REDIRECT] [Fatal Error] :1:1: Premature end of file.
2026-08-07 03:16:11,415 [ERROR] LogOutputStream:75 - [STDERR_REDIRECT] 
2026-08-07 03:16:12,416 [ERROR] LogOutputStream:75 - [STDERR_REDIRECT] [Fatal Error] :1:1: Premature end of file.
2026-08-07 03:16:12,416 [ERROR] LogOutputStream:75 - [STDERR_REDIRECT] 
2026-08-07 03:16:13,413 [ERROR] LogOutputStream:75 - [STDERR_REDIRECT] [Fatal Error] :1:1: Premature end of file.
2026-08-07 03:16:13,414 [ERROR] LogOutputStream:75 - [STDERR_REDIRECT] 
2026-08-07 03:16:14,415 [ERROR] LogOutputStream:75 - [STDERR_REDIRECT] [Fatal Error] :1:1: Premature end of file.
2026-08-07 03:16:14,415 [ERROR] LogOutputStream:75 - [STDERR_REDIRECT] 
2026-08-07 03:16:15,415 [ERROR] LogOutputStream:75 - [STDERR_REDIRECT] [Fatal Error] :1:1: Premature end of file.
2026-08-07 03:16:15,415 [ERROR] LogOutputStream:75 - [STDERR_REDIRECT] 
2026-08-07 03:16:16,416 [ERROR] LogOutputStream:75 - [STDERR_REDIRECT] [Fatal Error] :1:1: Premature end of file.
2026-08-07 03:16:16,416 [ERROR] LogOutputStream:75 - [STDERR_REDIRECT] 
2026-08-07 03:16:17,412 [ERROR] LogOutputStream:75 - [STDERR_REDIRECT] [Fatal Error] :1:1: Premature end of file.
2026-08-07 03:16:17,412 [ERROR] LogOutputStream:75 - [STDERR_REDIRECT] 
2026-08-07 03:16:18,407 [ERROR] LogOutputStream:75 - [STDERR_REDIRECT] [Fatal Error] :1:1: Premature end of file.
2026-08-07 03:16:18,407 [ERROR] LogOutputStream:75 - [STDERR_REDIRECT] 
2026-08-07 03:16:19,411 [ERROR] LogOutputStream:75 - [STDERR_REDIRECT] [Fatal Error] :1:1: Premature end of file.
2026-08-07 03:16:19,411 [ERROR] LogOutputStream:75 - [STDERR_REDIRECT] 
2026-08-07 03:16:20,411 [ERROR] LogOutputStream:75 - [STDERR_REDIRECT] [Fatal Error] :1:1: Premature end of file.
2026-08-07 03:16:20,411 [ERROR] LogOutputStream:75 - [STDERR_REDIRECT] 
2026-08-07 03:16:21,407 [ERROR] LogOutputStream:75 - [STDERR_REDIRECT] [Fatal Error] :1:1: Premature end of file.
2026-08-07 03:16:21,407 [ERROR] LogOutputStream:75 - [STDERR_REDIRECT] 
2026-08-07 03:16:22,410 [ERROR] LogOutputStream:75 - [STDERR_REDIRECT] [Fatal Error] :1:1: Premature end of file.
2026-08-07 03:16:22,410 [ERROR] LogOutputStream:75 - [STDERR_REDIRECT] 
2026-08-07 03:16:23,415 [ERROR] LogOutputStream:75 - [STDERR_REDIRECT] [Fatal Error] :1:1: Premature end of file.
2026-08-07 03:16:23,415 [ERROR] LogOutputStream:75 - [STDERR_REDIRECT] 
2026-08-07 03:16:24,406 [ERROR] LogOutputStream:75 - [STDERR_REDIRECT] [Fatal Error] :1:1: Premature end of file.
2026-08-07 03:16:24,406 [ERROR] LogOutputStream:75 - [STDERR_REDIRECT] 
2026-08-07 03:16:25,408 [ERROR] LogOutputStream:75 - [STDERR_REDIRECT] [Fatal Error] :1:1: Premature end of file.
2026-08-07 03:16:25,409 [ERROR] LogOutputStream:75 - [STDERR_REDIRECT] 
2026-08-07 03:16:26,407 [ERROR] LogOutputStream:75 - [STDERR_REDIRECT] [Fatal Error] :1:1: Premature end of file.
2026-08-07 03:16:26,407 [ERROR] LogOutputStream:75 - [STDERR_REDIRECT] 
2026-08-07 03:16:27,403 [ERROR] LogOutputStream:75 - [STDERR_REDIRECT] [Fatal Error] :1:1: Premature end of file.
2026-08-07 03:16:27,404 [ERROR] LogOutputStream:75 - [STDERR_REDIRECT] 
2026-08-07 03:16:28,404 [ERROR] LogOutputStream:75 - [STDERR_REDIRECT] [Fatal Error] :1:1: Premature end of file.
2026-08-07 03:16:28,404 [ERROR] LogOutputStream:75 - [STDERR_REDIRECT] 
2026-08-07 03:16:29,418 [ERROR] LogOutputStream:75 - [STDERR_REDIRECT] [Fatal Error] :1:1: Premature end of file.
2026-08-07 03:16:29,418 [ERROR] LogOutputStream:75 - [STDERR_REDIRECT] 
2026-08-07 03:16:30,418 [ERROR] LogOutputStream:75 - [STDERR_REDIRECT] [Fatal Error] :1:1: Premature end of file.
2026-08-07 03:16:30,418 [ERROR] LogOutputStream:75 - [STDERR_REDIRECT] 
2026-08-07 03:16:31,420 [ERROR] LogOutputStream:75 - [STDERR_REDIRECT] [Fatal Error] :1:1: Premature end of file.
2026-08-07 03:16:31,420 [ERROR] LogOutputStream:75 - [STDERR_REDIRECT] 
2026-08-07 03:16:32,416 [ERROR] LogOutputStream:75 - [STDERR_REDIRECT] [Fatal Error] :1:1: Premature end of file.
2026-08-07 03:16:32,417 [ERROR] LogOutputStream:75 - [STDERR_REDIRECT] 
2026-08-07 03:16:33,411 [ERROR] LogOutputStream:75 - [STDERR_REDIRECT] [Fatal Error] :1:1: Premature end of file.
2026-08-07 03:16:33,411 [ERROR] LogOutputStream:75 - [STDERR_REDIRECT] 
2026-08-07 03:16:34,413 [ERROR] LogOutputStream:75 - [STDERR_REDIRECT] [Fatal Error] :1:1: Premature end of file.
2026-08-07 03:16:34,413 [ERROR] LogOutputStream:75 - [STDERR_REDIRECT] 
2026-08-07 03:16:35,411 [ERROR] LogOutputStream:75 - [STDERR_REDIRECT] [Fatal Error] :1:1: Premature end of file.
2026-08-07 03:16:35,411 [ERROR] LogOutputStream:75 - [STDERR_REDIRECT] 
2026-08-07 03:16:36,414 [ERROR] LogOutputStream:75 - [STDERR_REDIRECT] [Fatal Error] :1:1: Premature end of file.
2026-08-07 03:16:36,414 [ERROR] LogOutputStream:75 - [STDERR_REDIRECT] 
2026-08-07 03:16:37,415 [ERROR] LogOutputStream:75 - [STDERR_REDIRECT] [Fatal Error] :1:1: Premature end of file.
2026-08-07 03:16:37,415 [ERROR] LogOutputStream:75 - [STDERR_REDIRECT] 
2026-08-07 03:16:38,409 [ERROR] LogOutputStream:75 - [STDERR_REDIRECT] [Fatal Error] :1:1: Premature end of file.
2026-08-07 03:16:38,410 [ERROR] LogOutputStream:75 - [STDERR_REDIRECT] 
2026-08-07 03:16:39,406 [ERROR] LogOutputStream:75 - [STDERR_REDIRECT] [Fatal Error] :1:1: Premature end of file.
2026-08-07 03:16:39,406 [ERROR] LogOutputStream:75 - [STDERR_REDIRECT] 
2026-08-07 03:16:40,404 [ERROR] LogOutputStream:75 - [STDERR_REDIRECT] [Fatal Error] :1:1: Premature end of file.
2026-08-07 03:16:40,404 [ERROR] LogOutputStream:75 - [STDERR_REDIRECT] 
2026-08-07 03:16:41,411 [ERROR] LogOutputStream:75 - [STDERR_REDIRECT] [Fatal Error] :1:1: Premature end of file.
2026-08-07 03:16:41,411 [ERROR] LogOutputStream:75 - [STDERR_REDIRECT] 
2026-08-07 03:16:42,408 [ERROR] LogOutputStream:75 - [STDERR_REDIRECT] [Fatal Error] :1:1: Premature end of file.
2026-08-07 03:16:42,408 [ERROR] LogOutputStream:75 - [STDERR_REDIRECT] 
2026-08-07 03:16:43,407 [ERROR] LogOutputStream:75 - [STDERR_REDIRECT] [Fatal Error] :1:1: Premature end of file.
2026-08-07 03:16:43,407 [ERROR] LogOutputStream:75 - [STDERR_REDIRECT] 
2026-08-07 03:16:44,417 [ERROR] LogOutputStream:75 - [STDERR_REDIRECT] [Fatal Error] :1:1: Premature end of file.
2026-08-07 03:16:44,417 [ERROR] LogOutputStream:75 - [STDERR_REDIRECT] 
2026-08-07 03:16:45,408 [ERROR] LogOutputStream:75 - [STDERR_REDIRECT] [Fatal Error] :1:1: Premature end of file.
2026-08-07 03:16:45,408 [ERROR] LogOutputStream:75 - [STDERR_REDIRECT] 
2026-08-07 03:16:46,420 [ERROR] LogOutputStream:75 - [STDERR_REDIRECT] [Fatal Error] :1:1: Premature end of file.
2026-08-07 03:16:46,421 [ERROR] LogOutputStream:75 - [STDERR_REDIRECT] 
2026-08-07 03:16:47,415 [ERROR] LogOutputStream:75 - [STDERR_REDIRECT] [Fatal Error] :1:1: Premature end of file.
2026-08-07 03:16:47,415 [ERROR] LogOutputStream:75 - [STDERR_REDIRECT] 
2026-08-07 03:16:48,408 [ERROR] LogOutputStream:75 - [STDERR_REDIRECT] [Fatal Error] :1:1: Premature end of file.
2026-08-07 03:16:48,408 [ERROR] LogOutputStream:75 - [STDERR_REDIRECT] 
2026-08-07 03:16:49,423 [ERROR] LogOutputStream:75 - [STDERR_REDIRECT] [Fatal Error] :1:1: Premature end of file.
2026-08-07 03:16:49,423 [ERROR] LogOutputStream:75 - [STDERR_REDIRECT] 
2026-08-07 03:16:50,407 [ERROR] LogOutputStream:75 - [STDERR_REDIRECT] [Fatal Error] :1:1: Premature end of file.
2026-08-07 03:16:50,407 [ERROR] LogOutputStream:75 - [STDERR_REDIRECT] 
2026-08-07 03:16:51,407 [ERROR] LogOutputStream:75 - [STDERR_REDIRECT] [Fatal Error] :1:1: Premature end of file.
2026-08-07 03:16:51,407 [ERROR] LogOutputStream:75 - [STDERR_REDIRECT] 
2026-08-07 03:16:52,424 [ERROR] LogOutputStream:75 - [STDERR_REDIRECT] [Fatal Error] :1:1: Premature end of file.
2026-08-07 03:16:52,425 [ERROR] LogOutputStream:75 - [STDERR_REDIRECT] 
2026-08-07 03:16:53,418 [ERROR] LogOutputStream:75 - [STDERR_REDIRECT] [Fatal Error] :1:1: Premature end of file.
2026-08-07 03:16:53,418 [ERROR] LogOutputStream:75 - [STDERR_REDIRECT] 
2026-08-07 03:16:54,405 [ERROR] LogOutputStream:75 - [STDERR_REDIRECT] [Fatal Error] :1:1: Premature end of file.
2026-08-07 03:16:54,405 [ERROR] LogOutputStream:75 - [STDERR_REDIRECT] 
2026-08-07 03:16:55,400 [ERROR] LogOutputStream:75 - [STDERR_REDIRECT] [Fatal Error] :1:1: Premature end of file.
2026-08-07 03:16:55,400 [ERROR] LogOutputStream:75 - [STDERR_REDIRECT] 
2026-08-07 03:16:56,423 [ERROR] LogOutputStream:75 - [STDERR_REDIRECT] [Fatal Error] :1:1: Premature end of file.
2026-08-07 03:16:56,424 [ERROR] LogOutputStream:75 - [STDERR_REDIRECT] 
2026-08-07 03:16:57,433 [ERROR] LogOutputStream:75 - [STDERR_REDIRECT] [Fatal Error] :1:1: Premature end of file.
2026-08-07 03:16:57,433 [ERROR] LogOutputStream:75 - [STDERR_REDIRECT] 
2026-08-07 03:16:58,102 [ERROR] LogOutputStream:75 - [STDERR_REDIRECT] 
2026-08-07 03:16:58,104 [ERROR] LogOutputStream:75 - [STDERR_REDIRECT] 
