2026-08-23 22:48:09,266 [INFO] Activator:176 - 


2026-08-23 22:48:09,270 [INFO] Activator:177 - !SESSION log4j initialized
2026-08-23 22:48:13,709 [INFO] LogOutputStream:77 - [STDOUT_REDIRECT] 
2026-08-23 22:48:14,366 [ERROR] LogOutputStream:75 - [STDERR_REDIRECT] [Fatal Error] :1:1: Fin prématurée du fichier.
2026-08-23 22:48:14,368 [ERROR] LogOutputStream:75 - [STDERR_REDIRECT] 
2026-08-23 22:48:15,123 [INFO] ApplicationProperties:184 - Using Application install path: C:\ST\STM32CubeIDE_1.18.0\STM32CubeIDE\plugins\com.st.stm32cube.common.mx_6.15.0.202507011659
2026-08-23 22:48:15,136 [INFO] DbMcusXml:78 - Set database path to: C:\ST\STM32CubeIDE_1.18.0\STM32CubeIDE\plugins\com.st.stm32cube.common.mx_6.15.0.202507011659\\db\/mcu/
2026-08-23 22:48:15,136 [INFO] ApiDb:274 - Set plugin database path to: C:\ST\STM32CubeIDE_1.18.0\STM32CubeIDE\plugins\com.st.stm32cube.common.mx_6.15.0.202507011659\\db\/plugins/boardmanager/
2026-08-23 22:48:15,136 [WARN] ApiDb:259 - Overriding images path with different value:  => C:\ST\STM32CubeIDE_1.18.0\STM32CubeIDE\plugins\com.st.stm32cube.common.mx_6.15.0.202507011659\\db\/plugins/mcufinder/images/
2026-08-23 22:48:15,141 [INFO] ApiDb:250 - Set database path to: C:\Users\Mowibox\.stmcufinder\plugins\mcufinder//mcu/
2026-08-23 22:48:15,142 [INFO] DbMcusAds:125 - Set database path to: C:\Users\Mowibox\.stmcufinder\plugins\mcufinder//mcu/
2026-08-23 22:48:15,145 [INFO] CrossReferenceDbSqlite:203 - Set database path to: C:\Users\Mowibox\.stmcufinder\plugins\mcufinder//mcu/cs/
2026-08-23 22:48:15,230 [INFO] RulesReader:64 - Compatibility file has been processed (317 Rules)
2026-08-23 22:48:15,289 [INFO] DbMcusXml:78 - Set database path to: C:\ST\STM32CubeIDE_1.18.0\STM32CubeIDE\plugins\com.st.stm32cube.common.mx_6.15.0.202507011659\\db\/mcu/
2026-08-23 22:48:15,289 [INFO] ApiDb:274 - Set plugin database path to: C:\ST\STM32CubeIDE_1.18.0\STM32CubeIDE\plugins\com.st.stm32cube.common.mx_6.15.0.202507011659\\db\/plugins/boardmanager/
2026-08-23 22:48:15,289 [INFO] ApiDb:261 - Set plugin images path to: C:\ST\STM32CubeIDE_1.18.0\STM32CubeIDE\plugins\com.st.stm32cube.common.mx_6.15.0.202507011659\\db\/plugins/mcufinder/images/
2026-08-23 22:48:15,289 [WARN] DbFile:41 - Overriding database path with different value: C:\Users\Mowibox\.stmcufinder\plugins\mcufinder/ => C:\Users\Mowibox\.stmcufinder\plugins\mcufinder
2026-08-23 22:48:15,289 [INFO] ApiDb:250 - Set database path to: C:\Users\Mowibox\.stmcufinder\plugins\mcufinder//mcu/
2026-08-23 22:48:15,289 [WARN] DbFile:41 - Overriding database path with different value: C:\Users\Mowibox\.stmcufinder\plugins\mcufinder/ => C:\Users\Mowibox\.stmcufinder\plugins\mcufinder
2026-08-23 22:48:15,289 [INFO] DbMcusAds:125 - Set database path to: C:\Users\Mowibox\.stmcufinder\plugins\mcufinder//mcu/
2026-08-23 22:48:15,289 [WARN] DbFile:41 - Overriding database path with different value: C:\Users\Mowibox\.stmcufinder\plugins\mcufinder/ => C:\Users\Mowibox\.stmcufinder\plugins\mcufinder
2026-08-23 22:48:15,289 [WARN] DbFile:41 - Overriding database path with different value: C:\Users\Mowibox\.stmcufinder\plugins\mcufinder/ => C:\Users\Mowibox\.stmcufinder\plugins\mcufinder
2026-08-23 22:48:15,289 [INFO] CrossReferenceDbSqlite:203 - Set database path to: C:\Users\Mowibox\.stmcufinder\plugins\mcufinder//mcu/cs/
2026-08-23 22:48:15,334 [ERROR] LogOutputStream:75 - [STDERR_REDIRECT] [Fatal Error] :1:1: Premature end of file.
2026-08-23 22:48:15,334 [ERROR] LogOutputStream:75 - [STDERR_REDIRECT] 
2026-08-23 22:48:15,354 [INFO] MainPanel:274 - HeapMemory: 268435456
2026-08-23 22:48:15,430 [INFO] DbMcusXml:78 - Set database path to: C:\ST\STM32CubeIDE_1.18.0\STM32CubeIDE\plugins\com.st.stm32cube.common.mx_6.15.0.202507011659\\db\/mcu/
2026-08-23 22:48:15,431 [INFO] ApiDb:274 - Set plugin database path to: C:\ST\STM32CubeIDE_1.18.0\STM32CubeIDE\plugins\com.st.stm32cube.common.mx_6.15.0.202507011659\\db\/plugins/boardmanager/
2026-08-23 22:48:15,431 [INFO] ApiDb:261 - Set plugin images path to: C:\ST\STM32CubeIDE_1.18.0\STM32CubeIDE\plugins\com.st.stm32cube.common.mx_6.15.0.202507011659\\db\/plugins/mcufinder/images/
2026-08-23 22:48:15,431 [WARN] DbFile:41 - Overriding database path with different value: C:\Users\Mowibox\.stmcufinder\plugins\mcufinder/ => C:\Users\Mowibox\.stmcufinder\plugins\mcufinder
2026-08-23 22:48:15,431 [INFO] ApiDb:250 - Set database path to: C:\Users\Mowibox\.stmcufinder\plugins\mcufinder//mcu/
2026-08-23 22:48:15,431 [WARN] DbFile:41 - Overriding database path with different value: C:\Users\Mowibox\.stmcufinder\plugins\mcufinder/ => C:\Users\Mowibox\.stmcufinder\plugins\mcufinder
2026-08-23 22:48:15,431 [INFO] DbMcusAds:125 - Set database path to: C:\Users\Mowibox\.stmcufinder\plugins\mcufinder//mcu/
2026-08-23 22:48:15,431 [WARN] DbFile:41 - Overriding database path with different value: C:\Users\Mowibox\.stmcufinder\plugins\mcufinder/ => C:\Users\Mowibox\.stmcufinder\plugins\mcufinder
2026-08-23 22:48:15,431 [WARN] DbFile:41 - Overriding database path with different value: C:\Users\Mowibox\.stmcufinder\plugins\mcufinder/ => C:\Users\Mowibox\.stmcufinder\plugins\mcufinder
2026-08-23 22:48:15,431 [INFO] CrossReferenceDbSqlite:203 - Set database path to: C:\Users\Mowibox\.stmcufinder\plugins\mcufinder//mcu/cs/
2026-08-23 22:48:15,450 [INFO] ApplicationProperties:184 - Using Application install path: C:\ST\STM32CubeIDE_1.18.0\STM32CubeIDE\plugins\com.st.stm32cube.common.mx_6.15.0.202507011659
2026-08-23 22:48:15,451 [INFO] PluginManage:196 - Search for loadable plugins [exclusion list=, ]
2026-08-23 22:48:15,451 [INFO] PluginManage:310 - Check plugin analytics
2026-08-23 22:48:15,612 [INFO] AnalyticsPlugin:253 - Accepted Software Licenses: 
2026-08-23 22:48:15,612 [INFO] AnalyticsPlugin:255 - Accepted CMSIS Pack Licenses: 
2026-08-23 22:48:15,612 [INFO] AnalyticsPlugin:257 - Accepted Firmware Licenses: 
2026-08-23 22:48:15,616 [INFO] PluginManage:359 - Loaded plugin analytics (category:tool,tabindex:-1)
2026-08-23 22:48:15,616 [INFO] PluginManage:310 - Check plugin cadmodel
2026-08-23 22:48:15,622 [INFO] CADModel:105 - Init CAD model plugin
2026-08-23 22:48:15,622 [INFO] PluginManage:359 - Loaded plugin cadmodel (category:power,tabindex:5)
2026-08-23 22:48:15,623 [INFO] PluginManage:310 - Check plugin clock
2026-08-23 22:48:15,632 [INFO] PluginManage:359 - Loaded plugin clock (category:base,tabindex:2)
2026-08-23 22:48:15,633 [INFO] PluginManage:310 - Check plugin ddr
2026-08-23 22:48:15,635 [INFO] PluginManage:359 - Loaded plugin ddr (category:tool,tabindex:6)
2026-08-23 22:48:15,635 [INFO] PluginManage:310 - Check plugin filemanager
2026-08-23 22:48:15,739 [INFO] PluginManage:359 - Loaded plugin filemanager (category:base,tabindex:10)
2026-08-23 22:48:15,739 [INFO] PluginManage:310 - Check plugin ipmanager
2026-08-23 22:48:15,745 [INFO] PluginManage:359 - Loaded plugin ipmanager (category:base,tabindex:5)
2026-08-23 22:48:15,745 [INFO] PluginManage:310 - Check plugin lpbam
2026-08-23 22:48:15,753 [INFO] PluginManage:359 - Loaded plugin lpbam (category:base,tabindex:0)
2026-08-23 22:48:15,753 [INFO] PluginManage:310 - Check plugin memorymap
2026-08-23 22:48:15,764 [INFO] PluginManage:359 - Loaded plugin memorymap (category:base,tabindex:4)
2026-08-23 22:48:15,765 [INFO] PluginManage:310 - Check plugin pinoutandconfiguration
2026-08-23 22:48:15,773 [INFO] PluginManage:359 - Loaded plugin pinoutandconfiguration (category:base,tabindex:1)
2026-08-23 22:48:15,773 [INFO] PluginManage:310 - Check plugin pinoutconfig
2026-08-23 22:48:15,854 [WARN] SupportedApi:132 - Cannot load RTOS API schema: s4s-elt-must-match.1: The content of 'definitions' must match (annotation?, (simpleType | complexType)?, (unique | key | keyref)*)). A problem was found starting at: attribute.
2026-08-23 22:48:15,964 [INFO] PluginManage:359 - Loaded plugin pinoutconfig (category:base,tabindex:0)
2026-08-23 22:48:15,964 [INFO] PluginManage:310 - Check plugin power
2026-08-23 22:48:15,971 [INFO] PluginManage:359 - Loaded plugin power (category:power,tabindex:4)
2026-08-23 22:48:15,971 [INFO] PluginManage:310 - Check plugin projectmanager
2026-08-23 22:48:15,984 [INFO] PluginManage:359 - Loaded plugin projectmanager (category:projectmanager,tabindex:4)
2026-08-23 22:48:15,984 [INFO] PluginManage:310 - Check plugin rif
2026-08-23 22:48:15,994 [INFO] PluginManage:359 - Loaded plugin rif (category:base,tabindex:3)
2026-08-23 22:48:15,994 [INFO] PluginManage:310 - Check plugin thirdparty
2026-08-23 22:48:16,107 [WARN] IntegrityCheckThread:84 - waiting for thirdparty lock release [integrity check]
2026-08-23 22:48:16,107 [INFO] IntegrityCheckThread:86 - entering critical section [integrity check]
2026-08-23 22:48:16,107 [INFO] PluginManage:359 - Loaded plugin thirdparty (category:base,tabindex:-1)
2026-08-23 22:48:16,108 [INFO] ThirdPartyUpdaterWithRetryManager:70 - Updater plugin not ready yet. [1/15]
2026-08-23 22:48:16,108 [INFO] PluginManage:310 - Check plugin tools
2026-08-23 22:48:16,110 [INFO] PluginManage:359 - Loaded plugin tools (category:base,tabindex:7)
2026-08-23 22:48:16,110 [INFO] PluginManage:310 - Check plugin tutovideos
2026-08-23 22:48:16,264 [INFO] PluginManage:359 - Loaded plugin tutovideos (category:base,tabindex:-1)
2026-08-23 22:48:16,264 [INFO] PluginManage:310 - Check plugin updater
2026-08-23 22:48:16,282 [INFO] PluginManage:359 - Loaded plugin updater (category:base,tabindex:12)
2026-08-23 22:48:16,282 [INFO] PluginManage:310 - Check plugin userauth
2026-08-23 22:48:16,285 [INFO] UserAuth:118 - Init User Auth plugin
2026-08-23 22:48:16,286 [INFO] PluginManage:359 - Loaded plugin userauth (category:base,tabindex:14)
2026-08-23 22:48:16,286 [INFO] PluginManage:283 - PluginManage : Loaded plugins [18]
2026-08-23 22:48:16,335 [ERROR] LogOutputStream:75 - [STDERR_REDIRECT] [Fatal Error] :1:1: Premature end of file.
2026-08-23 22:48:16,335 [ERROR] LogOutputStream:75 - [STDERR_REDIRECT] 
2026-08-23 22:48:16,446 [INFO] PinOutPanel:1589 - setPackage(No Configuration,No Configuration)
2026-08-23 22:48:16,516 [INFO] CADModel:165 - CPN selected for project level
2026-08-23 22:48:16,517 [INFO] CADModel:114 - Register for checkConnection events
2026-08-23 22:48:16,532 [INFO] IPUIPlugin:80 - create IPUIPlugin
2026-08-23 22:48:16,533 [INFO] PluginManager:220 - loadIPPluginJar : add adc
2026-08-23 22:48:16,535 [INFO] IPUIPlugin:80 - create IPUIPlugin
2026-08-23 22:48:16,535 [INFO] PluginManager:220 - loadIPPluginJar : add aes
2026-08-23 22:48:16,538 [INFO] IPUIPlugin:80 - create IPUIPlugin
2026-08-23 22:48:16,538 [INFO] PluginManager:220 - loadIPPluginJar : add can
2026-08-23 22:48:16,539 [INFO] IPUIPlugin:80 - create IPUIPlugin
2026-08-23 22:48:16,539 [INFO] PluginManager:220 - loadIPPluginJar : add comp
2026-08-23 22:48:16,541 [INFO] IPUIPlugin:80 - create IPUIPlugin
2026-08-23 22:48:16,541 [INFO] PluginManager:220 - loadIPPluginJar : add cryp
2026-08-23 22:48:16,544 [INFO] IPUIPlugin:80 - create IPUIPlugin
2026-08-23 22:48:16,544 [INFO] PluginManager:220 - loadIPPluginJar : add ddr_ctrl_phy
2026-08-23 22:48:16,547 [INFO] IPUIPlugin:80 - create IPUIPlugin
2026-08-23 22:48:16,547 [INFO] PluginManager:220 - loadIPPluginJar : add dfsdm
2026-08-23 22:48:16,551 [INFO] IPUIPlugin:80 - create IPUIPlugin
2026-08-23 22:48:16,552 [INFO] PluginManager:220 - loadIPPluginJar : add dma
2026-08-23 22:48:16,554 [INFO] IPUIPlugin:80 - create IPUIPlugin
2026-08-23 22:48:16,554 [INFO] PluginManager:220 - loadIPPluginJar : add dma3
2026-08-23 22:48:16,557 [INFO] IPUIPlugin:80 - create IPUIPlugin
2026-08-23 22:48:16,557 [INFO] PluginManager:220 - loadIPPluginJar : add extmemmanager
2026-08-23 22:48:16,559 [INFO] IPUIPlugin:80 - create IPUIPlugin
2026-08-23 22:48:16,559 [INFO] PluginManager:220 - loadIPPluginJar : add fatfs
2026-08-23 22:48:16,563 [INFO] IPUIPlugin:80 - create IPUIPlugin
2026-08-23 22:48:16,563 [INFO] PluginManager:220 - loadIPPluginJar : add fmc
2026-08-23 22:48:16,568 [INFO] IPUIPlugin:80 - create IPUIPlugin
2026-08-23 22:48:16,568 [INFO] PluginManager:220 - loadIPPluginJar : add freertos
2026-08-23 22:48:16,570 [INFO] IPUIPlugin:80 - create IPUIPlugin
2026-08-23 22:48:16,570 [INFO] PluginManager:220 - loadIPPluginJar : add genericplugin
2026-08-23 22:48:16,572 [INFO] IPUIPlugin:80 - create IPUIPlugin
2026-08-23 22:48:16,572 [INFO] PluginManager:220 - loadIPPluginJar : add gfxmmu
2026-08-23 22:48:16,577 [INFO] IPUIPlugin:80 - create IPUIPlugin
2026-08-23 22:48:16,578 [INFO] PluginManager:220 - loadIPPluginJar : add gic
2026-08-23 22:48:16,581 [INFO] IPUIPlugin:80 - create IPUIPlugin
2026-08-23 22:48:16,581 [INFO] PluginManager:220 - loadIPPluginJar : add gpio
2026-08-23 22:48:16,584 [INFO] IPUIPlugin:80 - create IPUIPlugin
2026-08-23 22:48:16,584 [INFO] PluginManager:220 - loadIPPluginJar : add gtzc
2026-08-23 22:48:16,586 [INFO] IPUIPlugin:80 - create IPUIPlugin
2026-08-23 22:48:16,586 [INFO] PluginManager:220 - loadIPPluginJar : add hash
2026-08-23 22:48:16,589 [INFO] IPUIPlugin:80 - create IPUIPlugin
2026-08-23 22:48:16,589 [INFO] PluginManager:220 - loadIPPluginJar : add i2c
2026-08-23 22:48:16,591 [INFO] IPUIPlugin:80 - create IPUIPlugin
2026-08-23 22:48:16,591 [INFO] PluginManager:220 - loadIPPluginJar : add i2s
2026-08-23 22:48:16,595 [INFO] IPUIPlugin:80 - create IPUIPlugin
2026-08-23 22:48:16,595 [INFO] PluginManager:220 - loadIPPluginJar : add i3c
2026-08-23 22:48:16,598 [INFO] IPUIPlugin:80 - create IPUIPlugin
2026-08-23 22:48:16,598 [INFO] PluginManager:220 - loadIPPluginJar : add ipddr
2026-08-23 22:48:16,604 [INFO] IPUIPlugin:80 - create IPUIPlugin
2026-08-23 22:48:16,604 [INFO] PluginManager:220 - loadIPPluginJar : add linkedlist
2026-08-23 22:48:16,608 [INFO] IPUIPlugin:80 - create IPUIPlugin
2026-08-23 22:48:16,608 [INFO] PluginManager:220 - loadIPPluginJar : add lorawan
2026-08-23 22:48:16,611 [INFO] IPUIPlugin:80 - create IPUIPlugin
2026-08-23 22:48:16,612 [INFO] PluginManager:220 - loadIPPluginJar : add ltdc
2026-08-23 22:48:16,617 [INFO] IPUIPlugin:80 - create IPUIPlugin
2026-08-23 22:48:16,617 [INFO] PluginManager:220 - loadIPPluginJar : add mdma
2026-08-23 22:48:16,621 [INFO] IPUIPlugin:80 - create IPUIPlugin
2026-08-23 22:48:16,621 [INFO] PluginManager:220 - loadIPPluginJar : add nvic
2026-08-23 22:48:16,624 [INFO] IPUIPlugin:80 - create IPUIPlugin
2026-08-23 22:48:16,624 [INFO] PluginManager:220 - loadIPPluginJar : add opamp
2026-08-23 22:48:16,627 [INFO] IPUIPlugin:80 - create IPUIPlugin
2026-08-23 22:48:16,627 [INFO] PluginManager:220 - loadIPPluginJar : add openamp
2026-08-23 22:48:16,630 [INFO] IPUIPlugin:80 - create IPUIPlugin
2026-08-23 22:48:16,630 [INFO] PluginManager:220 - loadIPPluginJar : add pdm2pcm
2026-08-23 22:48:16,636 [INFO] IPUIPlugin:80 - create IPUIPlugin
2026-08-23 22:48:16,638 [INFO] PluginManager:220 - loadIPPluginJar : add plateformsettings
2026-08-23 22:48:16,640 [INFO] IPUIPlugin:80 - create IPUIPlugin
2026-08-23 22:48:16,640 [INFO] PluginManager:220 - loadIPPluginJar : add quadspi
2026-08-23 22:48:16,642 [INFO] IPUIPlugin:80 - create IPUIPlugin
2026-08-23 22:48:16,643 [INFO] PluginManager:220 - loadIPPluginJar : add radio
2026-08-23 22:48:16,647 [INFO] IPUIPlugin:80 - create IPUIPlugin
2026-08-23 22:48:16,647 [INFO] PluginManager:220 - loadIPPluginJar : add resmgrutility
2026-08-23 22:48:16,650 [INFO] IPUIPlugin:80 - create IPUIPlugin
2026-08-23 22:48:16,650 [INFO] PluginManager:220 - loadIPPluginJar : add sai
2026-08-23 22:48:16,652 [INFO] IPUIPlugin:80 - create IPUIPlugin
2026-08-23 22:48:16,653 [INFO] PluginManager:220 - loadIPPluginJar : add spi
2026-08-23 22:48:16,658 [INFO] IPUIPlugin:80 - create IPUIPlugin
2026-08-23 22:48:16,658 [INFO] PluginManager:220 - loadIPPluginJar : add stm32_wpan
2026-08-23 22:48:16,660 [INFO] IPUIPlugin:80 - create IPUIPlugin
2026-08-23 22:48:16,661 [INFO] PluginManager:220 - loadIPPluginJar : add tim
2026-08-23 22:48:16,663 [INFO] IPUIPlugin:80 - create IPUIPlugin
2026-08-23 22:48:16,664 [INFO] PluginManager:220 - loadIPPluginJar : add touchsensing
2026-08-23 22:48:16,665 [INFO] IPUIPlugin:80 - create IPUIPlugin
2026-08-23 22:48:16,665 [INFO] PluginManager:220 - loadIPPluginJar : add tracer_emb
2026-08-23 22:48:16,667 [INFO] IPUIPlugin:80 - create IPUIPlugin
2026-08-23 22:48:16,667 [INFO] PluginManager:220 - loadIPPluginJar : add ts
2026-08-23 22:48:16,668 [INFO] IPUIPlugin:80 - create IPUIPlugin
2026-08-23 22:48:16,668 [INFO] PluginManager:220 - loadIPPluginJar : add tsc
2026-08-23 22:48:16,669 [INFO] IPUIPlugin:80 - create IPUIPlugin
2026-08-23 22:48:16,669 [INFO] PluginManager:220 - loadIPPluginJar : add ucpd
2026-08-23 22:48:16,671 [INFO] IPUIPlugin:80 - create IPUIPlugin
2026-08-23 22:48:16,671 [INFO] PluginManager:220 - loadIPPluginJar : add usart
2026-08-23 22:48:16,674 [INFO] IPUIPlugin:80 - create IPUIPlugin
2026-08-23 22:48:16,674 [INFO] PluginManager:220 - loadIPPluginJar : add usbx
2026-08-23 22:48:16,784 [FATAL] Updater:351 - Updater called before beeing initialized
2026-08-23 22:48:16,805 [INFO] RulesReader:64 - Compatibility file has been processed (317 Rules)
2026-08-23 22:48:16,811 [INFO] RulesReader:64 - Compatibility file has been processed (317 Rules)
2026-08-23 22:48:16,821 [INFO] CADModel:165 - CPN selected for project level
2026-08-23 22:48:16,821 [INFO] CADModel:114 - Register for checkConnection events
2026-08-23 22:48:16,821 [FATAL] Updater:351 - Updater called before beeing initialized
2026-08-23 22:48:16,821 [ERROR] CADModel:125 - Updater not yet initialized, retry later 
2026-08-23 22:48:16,958 [FATAL] Updater:351 - Updater called before beeing initialized
2026-08-23 22:48:16,961 [INFO] CADModel:165 - CPN selected for project level
2026-08-23 22:48:16,961 [INFO] CADModel:114 - Register for checkConnection events
2026-08-23 22:48:16,961 [FATAL] Updater:351 - Updater called before beeing initialized
2026-08-23 22:48:16,961 [ERROR] CADModel:125 - Updater not yet initialized, retry later 
2026-08-23 22:48:16,981 [FATAL] Updater:351 - Updater called before beeing initialized
2026-08-23 22:48:17,077 [FATAL] Updater:351 - Updater called before beeing initialized
2026-08-23 22:48:17,083 [INFO] DbMcusAds:53 - JSON generation date=Wed Jul 15 11:44:54 CEST 2026 (1784108694085)
2026-08-23 22:48:17,083 [FATAL] Updater:351 - Updater called before beeing initialized
2026-08-23 22:48:17,115 [WARN] DetailPanel:346 - Failed to get advertising image, set to default
2026-08-23 22:48:17,176 [FATAL] Updater:351 - Updater called before beeing initialized
2026-08-23 22:48:17,177 [FATAL] Updater:351 - Updater called before beeing initialized
2026-08-23 22:48:17,177 [FATAL] Updater:351 - Updater called before beeing initialized
2026-08-23 22:48:17,177 [WARN] DetailPanel:346 - Failed to get advertising image, set to default
2026-08-23 22:48:17,178 [FATAL] Updater:351 - Updater called before beeing initialized
2026-08-23 22:48:17,211 [ERROR] Updater:1198 - MainUpdater not yet initialized. External WinMGr cannot be set.
2026-08-23 22:48:17,213 [INFO] Updater:1134 - Updater Version found : 6.15.0
2026-08-23 22:48:17,225 [INFO] ApplicationProperties:184 - Using Application install path: C:\ST\STM32CubeIDE_1.18.0\STM32CubeIDE\plugins\com.st.stm32cube.common.mx_6.15.0.202507011659
2026-08-23 22:48:17,329 [ERROR] LogOutputStream:75 - [STDERR_REDIRECT] [Fatal Error] :1:1: Premature end of file.
2026-08-23 22:48:17,329 [ERROR] LogOutputStream:75 - [STDERR_REDIRECT] 
2026-08-23 22:48:18,330 [ERROR] LogOutputStream:75 - [STDERR_REDIRECT] [Fatal Error] :1:1: Premature end of file.
2026-08-23 22:48:18,330 [ERROR] LogOutputStream:75 - [STDERR_REDIRECT] 
2026-08-23 22:48:18,801 [ERROR] LogOutputStream:75 - [STDERR_REDIRECT] Aug 23, 2026 10:48:18 PM java.util.prefs.WindowsPreferences <init>
2026-08-23 22:48:18,802 [ERROR] LogOutputStream:75 - [STDERR_REDIRECT] WARNING: Could not open/create prefs root node Software\JavaSoft\Prefs at root 0xffffffff80000002. Windows RegCreateKeyEx(...) returned error code 5.
2026-08-23 22:48:18,802 [ERROR] LogOutputStream:75 - [STDERR_REDIRECT] 
2026-08-23 22:48:19,068 [INFO] MainUpdater:2872 - connection check result : 10
2026-08-23 22:48:19,068 [INFO] MainUpdater:289 - Updater Check For Update Now.
2026-08-23 22:48:19,068 [INFO] MicroXplorer:498 - Change Database Version : DB.6.0.150
2026-08-23 22:48:19,076 [INFO] McuFinderGlobals:63 - Set McuFinder mode to 2 (CubeIDE integrated)
2026-08-23 22:48:19,077 [INFO] UserAuth:487 - Internet connection configuration mode: 1
2026-08-23 22:48:19,098 [INFO] JxBrowserEngine:152 - Initiate JxBrowser Engine with user profile folder
2026-08-23 22:48:19,109 [WARN] MainUpdater:1193 - Updater busy. Cannot search thirdparties
2026-08-23 22:48:19,109 [INFO] ThirdPartyUpdaterWithRetryManager:96 - Updater plugin is busy. [1/15]
2026-08-23 22:48:19,236 [INFO] CheckServerUpdateThread:120 - End of CheckServer Thread
2026-08-23 22:48:19,440 [ERROR] LogOutputStream:75 - [STDERR_REDIRECT] [Fatal Error] :1:1: Premature end of file.
2026-08-23 22:48:19,441 [ERROR] LogOutputStream:75 - [STDERR_REDIRECT] 
2026-08-23 22:48:19,956 [INFO] WebApp:169 - Instantiating new browser for Auth
2026-08-23 22:48:20,337 [ERROR] LogOutputStream:75 - [STDERR_REDIRECT] [Fatal Error] :1:1: Premature end of file.
2026-08-23 22:48:20,338 [ERROR] LogOutputStream:75 - [STDERR_REDIRECT] 
2026-08-23 22:48:20,554 [INFO] WebApp:463 - Apply proxy settings
2026-08-23 22:48:20,555 [INFO] WebApp:548 - Chromium requires no authentication
2026-08-23 22:48:20,567 [INFO] WebApp:491 - Direct internet connection detected
2026-08-23 22:48:20,594 [INFO] WebApp:900 - Register for checkConnection events
2026-08-23 22:48:20,594 [INFO] WebApp:463 - Apply proxy settings
2026-08-23 22:48:20,594 [INFO] WebApp:548 - Chromium requires no authentication
2026-08-23 22:48:20,594 [INFO] WebApp:491 - Direct internet connection detected
2026-08-23 22:48:20,728 [INFO] WebApp:225 - Starting web application
2026-08-23 22:48:20,728 [INFO] WebApp:593 - Web application path used C:\ST\STM32CubeIDE_1.18.0\STM32CubeIDE\plugins\com.st.stm32cube.common.mx_6.15.0.202507011659\db\plugins\mcufinder\reactClient1\index.html
2026-08-23 22:48:20,797 [INFO] UserAuth:487 - Internet connection configuration mode: 1
2026-08-23 22:48:21,332 [ERROR] LogOutputStream:75 - [STDERR_REDIRECT] [Fatal Error] :1:1: Premature end of file.
2026-08-23 22:48:21,332 [ERROR] LogOutputStream:75 - [STDERR_REDIRECT] 
2026-08-23 22:48:21,438 [INFO] WebApp:191 - Connection restablished
2026-08-23 22:48:22,346 [ERROR] LogOutputStream:75 - [STDERR_REDIRECT] [Fatal Error] :1:1: Premature end of file.
2026-08-23 22:48:22,347 [ERROR] LogOutputStream:75 - [STDERR_REDIRECT] 
2026-08-23 22:48:22,435 [WARN] PackLoader:240 - Cannot read IP mode file for STMicroelectronics.X-CUBE-AZRTOS-H7.3.5.0
2026-08-23 22:48:22,450 [WARN] PackLoader:240 - Cannot read IP mode file for STMicroelectronics.FP-SNS-MOTENVWB1.1.4.0
2026-08-23 22:48:22,456 [WARN] PackLoader:240 - Cannot read IP mode file for STMicroelectronics.FP-ATR-ASTRA1.2.0.3
2026-08-23 22:48:22,460 [WARN] PackLoader:240 - Cannot read IP mode file for STMicroelectronics.FP-ATR-ASTRA1.2.0.2
2026-08-23 22:48:22,471 [ERROR] Engine:466 - C:\Users\Mowibox\.stm32cubemx\thirdparties\pdsc\STMicroelectronics.X-CUBE-SMBUS.2.1.1.pdsc: PDSC version is not supported
2026-08-23 22:48:22,476 [WARN] PackLoader:240 - Cannot read IP mode file for STMicroelectronics.X-CUBE-SMBUS.2.1.0
2026-08-23 22:48:22,487 [WARN] PackLoader:240 - Cannot read IP mode file for STMicroelectronics.X-CUBE-WB05N.1.1.0
2026-08-23 22:48:22,502 [WARN] PackLoader:240 - Cannot read IP mode file for STMicroelectronics.X-CUBE-AZRTOS-F7.1.1.0
2026-08-23 22:48:22,516 [WARN] PackLoader:240 - Cannot read IP mode file for STMicroelectronics.X-CUBE-FREERTOS.1.6.0
2026-08-23 22:48:22,520 [WARN] PackLoader:240 - Cannot read IP mode file for STMicroelectronics.FP-SNS-MOTENV1.5.1.0
2026-08-23 22:48:22,548 [WARN] PackLoader:240 - Cannot read IP mode file for STMicroelectronics.X-CUBE-AZRTOS-H7RS.1.3.0
2026-08-23 22:48:22,557 [WARN] PackLoader:240 - Cannot read IP mode file for STMicroelectronics.FP-SNS-FLIGHT1.5.0.2
2026-08-23 22:48:22,579 [WARN] PackLoader:240 - Cannot read IP mode file for Infineon.AIROC-Wi-Fi-Bluetooth-STM32.1.7.0
2026-08-23 22:48:22,607 [WARN] PackLoader:240 - Cannot read IP mode file for STMicroelectronics.X-CUBE-AZRTOS-H7.3.4.0
2026-08-23 22:48:22,618 [WARN] PackLoader:240 - Cannot read IP mode file for STMicroelectronics.X-CUBE-DISPLAY.3.0.0
2026-08-23 22:48:22,630 [WARN] PackLoader:240 - Cannot read IP mode file for STMicroelectronics.X-CUBE-GNSS1.7.1.1
2026-08-23 22:48:22,637 [WARN] PackLoader:240 - Cannot read IP mode file for STMicroelectronics.FP-SNS-MOTENVWB1.1.5.0
2026-08-23 22:48:22,643 [WARN] PackLoader:240 - Cannot read IP mode file for STMicroelectronics.X-CUBE-NFC10.1.0.0
2026-08-23 22:48:22,654 [WARN] PackLoader:240 - Cannot read IP mode file for STMicroelectronics.X-CUBE-BLEMGR.4.0.0
2026-08-23 22:48:22,659 [WARN] PackLoader:240 - Cannot read IP mode file for STMicroelectronics.X-CUBE-ST60.1.1.0
2026-08-23 22:48:22,663 [WARN] PackLoader:240 - Cannot read IP mode file for emotas.I-CUBE-CANOPEN.1.3.0
2026-08-23 22:48:22,666 [ERROR] Engine:466 - C:\Users\Mowibox\.stm32cubemx\thirdparties\pdsc\STMicroelectronics.X-CUBE-WBA.1.1.0.pdsc: PDSC version is not supported
2026-08-23 22:48:22,670 [WARN] PackLoader:240 - Cannot read IP mode file for STMicroelectronics.X-CUBE-GNSS1.7.1.0
2026-08-23 22:48:22,675 [WARN] ConditionMgr:438 - getConditionDescription Invalid condition id : Cortex-A Device cause : null
2026-08-23 22:48:22,688 [WARN] ConditionMgr:1044 - genDependencies : Invalid condition id : Cortex-A Device cause : null
2026-08-23 22:48:22,688 [WARN] ConditionMgr:1044 - genDependencies : Invalid condition id : Cortex-A Device cause : null
2026-08-23 22:48:22,688 [WARN] ConditionMgr:1044 - genDependencies : Invalid condition id : Cortex-A Device cause : null
2026-08-23 22:48:22,692 [WARN] PackLoader:240 - Cannot read IP mode file for STMicroelectronics.X-CUBE-AI.10.0.0
2026-08-23 22:48:22,698 [WARN] PackLoader:240 - Cannot read IP mode file for STMicroelectronics.FP-SNS-STBOX1.2.1.0
2026-08-23 22:48:22,702 [WARN] PackLoader:240 - Cannot read IP mode file for STMicroelectronics.FP-SNS-SMARTAG2.1.2.0
2026-08-23 22:48:22,706 [WARN] PackLoader:240 - Cannot read IP mode file for STMicroelectronics.FP-SNS-FLIGHT1.5.1.0
2026-08-23 22:48:22,733 [WARN] PackLoader:240 - Cannot read IP mode file for STMicroelectronics.X-CUBE-MEMS1.11.1.0
2026-08-23 22:48:22,878 [INFO] LogOutputStream:77 - [STDOUT_REDIRECT] 1 : Invalid condition id : UX_CORESTACK_Condition cause : null
2026-08-23 22:48:22,879 [INFO] LogOutputStream:77 - [STDOUT_REDIRECT] 1 : Invalid condition id : UX_CORESTACK_Condition cause : null
2026-08-23 22:48:22,880 [INFO] LogOutputStream:77 - [STDOUT_REDIRECT] 1 : Invalid condition id : UX_CORESTACK_Condition cause : null
2026-08-23 22:48:22,880 [INFO] LogOutputStream:77 - [STDOUT_REDIRECT] 1 : Invalid condition id : UX_CORESTACK_Condition cause : null
2026-08-23 22:48:22,881 [INFO] LogOutputStream:77 - [STDOUT_REDIRECT] 1 : Invalid condition id : UX_CORESTACK_Condition cause : null
2026-08-23 22:48:22,882 [WARN] PackLoader:240 - Cannot read IP mode file for STMicroelectronics.X-CUBE-AZRTOS-WL.2.0.0
2026-08-23 22:48:22,886 [WARN] PackLoader:240 - Cannot read IP mode file for STMicroelectronics.FP-SNS-MOTENV1.5.0.0
2026-08-23 22:48:22,902 [WARN] PackLoader:240 - Cannot read IP mode file for STMicroelectronics.X-CUBE-AZRTOS-H7RS.1.2.0
2026-08-23 22:48:22,911 [WARN] PackLoader:240 - Cannot read IP mode file for WES.I-CUBE-Cesium.1.3.0
2026-08-23 22:48:22,917 [WARN] PackLoader:240 - Cannot read IP mode file for STMicroelectronics.X-CUBE-BLE2.3.3.0
2026-08-23 22:48:22,936 [WARN] PackLoader:240 - Cannot read IP mode file for STMicroelectronics.X-CUBE-NFC9.1.0.0
2026-08-23 22:48:22,941 [WARN] PackLoader:240 - Cannot read IP mode file for STMicroelectronics.X-CUBE-BLE1.7.1.0
2026-08-23 22:48:22,945 [WARN] PackLoader:240 - Cannot read IP mode file for wolfSSL.I-CUBE-wolfMQTT.1.19.2
2026-08-23 22:48:22,948 [WARN] PackLoader:240 - Cannot read IP mode file for STMicroelectronics.X-CUBE-FREERTOS.1.4.0
2026-08-23 22:48:22,955 [WARN] PackLoader:240 - Cannot read IP mode file for STMicroelectronics.X-CUBE-EEPRMA1.5.2.0
2026-08-23 22:48:22,962 [WARN] PackLoader:240 - Cannot read IP mode file for STMicroelectronics.X-CUBE-ST67W61.1.1.0
2026-08-23 22:48:22,968 [WARN] PackLoader:240 - Cannot read IP mode file for STMicroelectronics.FP-SNS-STAIOTCFT.1.1.0
2026-08-23 22:48:22,990 [WARN] PackLoader:240 - Cannot read IP mode file for STMicroelectronics.X-CUBE-MEMS1.12.0.0
2026-08-23 22:48:23,038 [WARN] PackLoader:240 - Cannot read IP mode file for STMicroelectronics.X-CUBE-AZRTOS-G0.1.1.0
2026-08-23 22:48:23,042 [WARN] PackLoader:240 - Cannot read IP mode file for STMicroelectronics.X-CUBE-SAFEA1.1.2.2
2026-08-23 22:48:23,045 [WARN] PackLoader:240 - Cannot read IP mode file for STMicroelectronics.X-CUBE-NFC4.3.0.0
2026-08-23 22:48:23,050 [WARN] PackLoader:240 - Cannot read IP mode file for EmbeddedOffice.I-CUBE-FS-RTOS.1.0.1
2026-08-23 22:48:23,054 [WARN] PackLoader:240 - Cannot read IP mode file for STMicroelectronics.X-CUBE-WB05N.2.0.0
2026-08-23 22:48:23,059 [WARN] PackLoader:240 - Cannot read IP mode file for wolfSSL.I-CUBE-wolfTPM.3.8.0
2026-08-23 22:48:23,067 [WARN] PackLoader:240 - Cannot read IP mode file for STMicroelectronics.X-CUBE-TCPP.4.2.0
2026-08-23 22:48:23,072 [WARN] PackLoader:240 - Cannot read IP mode file for RealThread.X-CUBE-RT-Thread_Nano.4.1.1
2026-08-23 22:48:23,075 [WARN] PackLoader:240 - Cannot read IP mode file for STMicroelectronics.FP-ATR-SIGFOX1.3.2.0
2026-08-23 22:48:23,078 [WARN] PackLoader:240 - Cannot read IP mode file for STMicroelectronics.X-CUBE-EEPRMA1.5.1.0
2026-08-23 22:48:23,081 [WARN] PackLoader:240 - Cannot read IP mode file for STMicroelectronics.X-CUBE-FREERTOS.1.5.0
2026-08-23 22:48:23,084 [WARN] PackLoader:240 - Cannot read IP mode file for wolfSSL.I-CUBE-wolfSSL.5.7.6
2026-08-23 22:48:23,089 [WARN] PackLoader:240 - Cannot read IP mode file for ITTIA_DB.I-CUBE-ITTIADB.8.9.0
2026-08-23 22:48:23,096 [WARN] PackLoader:240 - Cannot read IP mode file for STMicroelectronics.X-CUBE-NFC6.3.2.0
2026-08-23 22:48:23,100 [WARN] PackLoader:240 - Cannot read IP mode file for STMicroelectronics.X-CUBE-AI.10.2.1
2026-08-23 22:48:23,104 [WARN] PackLoader:240 - Cannot read IP mode file for STMicroelectronics.X-CUBE-AI.10.2.0
2026-08-23 22:48:23,125 [WARN] PackLoader:240 - Cannot read IP mode file for STMicroelectronics.X-CUBE-MEMS1.12.1.0
2026-08-23 22:48:23,172 [WARN] PackLoader:240 - Cannot read IP mode file for SEGGER.I-CUBE-embOS.1.3.1
2026-08-23 22:48:23,200 [WARN] PackLoader:240 - Cannot read IP mode file for STMicroelectronics.X-CUBE-ALGOBUILD.1.4.0
2026-08-23 22:48:23,241 [WARN] PackLoader:240 - Cannot read IP mode file for STMicroelectronics.X-CUBE-MEMS1.11.3.0
2026-08-23 22:48:23,355 [WARN] PackLoader:240 - Cannot read IP mode file for STMicroelectronics.X-CUBE-NFC13.1.0.0
2026-08-23 22:48:23,363 [WARN] PackLoader:240 - Cannot read IP mode file for STMicroelectronics.X-CUBE-PM33A1.1.0.0
2026-08-23 22:48:23,370 [ERROR] LogOutputStream:75 - [STDERR_REDIRECT] [Fatal Error] :1:1: Premature end of file.
2026-08-23 22:48:23,371 [ERROR] LogOutputStream:75 - [STDERR_REDIRECT] 
2026-08-23 22:48:23,375 [WARN] PackLoader:240 - Cannot read IP mode file for STMicroelectronics.X-CUBE-AZRTOS-F4.1.1.0
2026-08-23 22:48:23,383 [WARN] PackLoader:240 - Cannot read IP mode file for STMicroelectronics.X-CUBE-ISPU.2.1.0
2026-08-23 22:48:23,392 [WARN] PackLoader:240 - Cannot read IP mode file for STMicroelectronics.X-CUBE-IPS.3.2.0
2026-08-23 22:48:23,397 [WARN] PackLoader:240 - Cannot read IP mode file for STMicroelectronics.eDS-WB_DPC_TT-BIDIR.2.1.1
2026-08-23 22:48:23,402 [WARN] PackLoader:240 - Cannot read IP mode file for STMicroelectronics.X-CUBE-NFC12.1.0.0
2026-08-23 22:48:23,412 [WARN] PackLoader:240 - Cannot read IP mode file for STMicroelectronics.X-CUBE-AZRTOS-L5.2.0.0
2026-08-23 22:48:23,417 [WARN] PackLoader:240 - Cannot read IP mode file for STMicroelectronics.X-CUBE-NFC6.3.1.0
2026-08-23 22:48:23,422 [WARN] PackLoader:240 - Cannot read IP mode file for STMicroelectronics.X-CUBE-ALGOBUILD.1.5.0
2026-08-23 22:48:23,426 [WARN] PackLoader:240 - Cannot read IP mode file for STMicroelectronics.X-CUBE-DPower.1.2.0
2026-08-23 22:48:23,428 [WARN] PackLoader:240 - Cannot read IP mode file for STMicroelectronics.eDS-WB_DPC_VIENNA.1.2.0
2026-08-23 22:48:23,448 [WARN] PackLoader:240 - Cannot read IP mode file for STMicroelectronics.X-CUBE-MEMS1.13.0.0
2026-08-23 22:48:23,478 [WARN] PackLoader:240 - Cannot read IP mode file for STMicroelectronics.eDS-WB_DPC_3PH2L-BIDIR.1.1.1
2026-08-23 22:48:23,480 [ERROR] Engine:466 - C:\Users\Mowibox\.stm32cubemx\thirdparties\pdsc\STMicroelectronics.X-CUBE-ST67W61.1.3.0.pdsc: PDSC version is not supported
2026-08-23 22:48:23,485 [WARN] PackLoader:240 - Cannot read IP mode file for STMicroelectronics.X-CUBE-FREERTOS.1.3.1
2026-08-23 22:48:23,489 [WARN] PackLoader:240 - Cannot read IP mode file for STMicroelectronics.X-CUBE-FREERTOS.1.3.0
2026-08-23 22:48:23,493 [WARN] PackLoader:240 - Cannot read IP mode file for STMicroelectronics.X-CUBE-NFC7.1.0.1
2026-08-23 22:48:23,498 [WARN] PackLoader:240 - Cannot read IP mode file for STMicroelectronics.X-CUBE-TOUCHGFX.4.26.0
2026-08-23 22:48:23,501 [WARN] PackLoader:240 - Cannot read IP mode file for STMicroelectronics.X-CUBE-TOUCHGFX.4.26.1
2026-08-23 22:48:23,504 [WARN] PackLoader:240 - Cannot read IP mode file for STMicroelectronics.FP-SNS-STAIOTCFT.1.0.0
2026-08-23 22:48:23,509 [WARN] PackLoader:240 - Cannot read IP mode file for STMicroelectronics.X-CUBE-DPower.1.3.0
2026-08-23 22:48:23,516 [WARN] ConditionMgr:438 - getConditionDescription Invalid condition id : LAN8742 Phy interface Condition cause : null
2026-08-23 22:48:23,516 [WARN] PackLoader:240 - Cannot read IP mode file for STMicroelectronics.X-CUBE-AZRTOS-L4.2.0.0
2026-08-23 22:48:23,517 [WARN] ConditionMgr:1044 - genDependencies : Invalid condition id : LAN8742 Phy interface Condition cause : null
2026-08-23 22:48:23,517 [WARN] ConditionMgr:1044 - genDependencies : Invalid condition id : LAN8742 Phy interface Condition cause : null
2026-08-23 22:48:23,517 [WARN] ConditionMgr:1044 - genDependencies : Invalid condition id : LAN8742 Phy interface Condition cause : null
2026-08-23 22:48:23,522 [WARN] PackLoader:240 - Cannot read IP mode file for STMicroelectronics.X-CUBE-SFXS2LP1.4.0.0
2026-08-23 22:48:23,525 [WARN] PackLoader:240 - Cannot read IP mode file for STMicroelectronics.X-CUBE-WB05N.2.1.0
2026-08-23 22:48:23,528 [WARN] PackLoader:240 - Cannot read IP mode file for STMicroelectronics.X-CUBE-ST67W61.1.2.0
2026-08-23 22:48:23,536 [WARN] PackLoader:240 - Cannot read IP mode file for STMicroelectronics.X-CUBE-AZRTOS-H7.3.3.0
2026-08-23 22:48:23,550 [WARN] PackLoader:240 - Cannot read IP mode file for STMicroelectronics.X-CUBE-BLEMGR.4.1.0
2026-08-23 22:48:23,558 [WARN] ConditionMgr:438 - getConditionDescription Invalid condition id : UX DEVICE CLASS RTOS Condition cause : null
2026-08-23 22:48:23,558 [WARN] ConditionMgr:438 - getConditionDescription Invalid condition id : UX DEVICE CLASS RTOS Condition cause : null
2026-08-23 22:48:23,559 [WARN] PackLoader:240 - Cannot read IP mode file for STMicroelectronics.X-CUBE-AZRTOS-WB.2.0.0
2026-08-23 22:48:23,559 [WARN] ConditionMgr:1044 - genDependencies : Invalid condition id : UX DEVICE CLASS RTOS Condition cause : null
2026-08-23 22:48:23,559 [WARN] ConditionMgr:1044 - genDependencies : Invalid condition id : UX DEVICE CLASS RTOS Condition cause : null
2026-08-23 22:48:23,560 [WARN] ConditionMgr:1044 - genDependencies : Invalid condition id : UX DEVICE CLASS RTOS Condition cause : null
2026-08-23 22:48:23,560 [WARN] ConditionMgr:1044 - genDependencies : Invalid condition id : UX DEVICE CLASS RTOS Condition cause : null
2026-08-23 22:48:23,560 [WARN] ConditionMgr:1044 - genDependencies : Invalid condition id : UX DEVICE CLASS RTOS Condition cause : null
2026-08-23 22:48:23,564 [WARN] PackLoader:240 - Cannot read IP mode file for STMicroelectronics.X-CUBE-GNSS1.7.0.1
2026-08-23 22:48:23,572 [WARN] PackLoader:240 - Cannot read IP mode file for STMicroelectronics.X-CUBE-TOUCHGFX.4.25.0
2026-08-23 22:48:23,576 [WARN] PackLoader:240 - Cannot read IP mode file for STMicroelectronics.FP-SNS-STBOX1.2.0.0
2026-08-23 22:48:23,580 [WARN] PackLoader:240 - Cannot read IP mode file for STMicroelectronics.X-CUBE-STSE01.2.0.0
2026-08-23 22:48:23,586 [WARN] PackLoader:240 - Cannot read IP mode file for STMicroelectronics.X-CUBE-SUBG2.5.0.0
2026-08-23 22:48:23,596 [WARN] PackLoader:240 - Cannot read IP mode file for STMicroelectronics.X-CUBE-AZRTOS-H7RS.1.1.0
2026-08-23 22:48:23,601 [WARN] PackLoader:240 - Cannot read IP mode file for Cesanta.I-CUBE-Mongoose.7.13.0
2026-08-23 22:48:23,608 [WARN] PackLoader:240 - Cannot read IP mode file for STMicroelectronics.X-CUBE-AZRTOS-G4.2.0.0
2026-08-23 22:48:23,612 [WARN] PackLoader:240 - Cannot read IP mode file for wolfSSL.I-CUBE-wolfSSH.1.4.20
2026-08-23 22:48:23,614 [WARN] PackLoader:240 - Cannot read IP mode file for STMicroelectronics.X-CUBE-NFC7.2.0.0
2026-08-23 22:48:23,618 [WARN] PackLoader:240 - Cannot read IP mode file for STMicroelectronics.X-CUBE-IPS.3.1.0
2026-08-23 22:48:23,623 [ERROR] Engine:466 - C:\Users\Mowibox\.stm32cubemx\thirdparties\pdsc\STMicroelectronics.X-CUBE-BLEMGR.4.2.0.pdsc: PDSC version is not supported
2026-08-23 22:48:23,625 [WARN] PackLoader:240 - Cannot read IP mode file for STMicroelectronics.X-CUBE-ALS.1.0.2
2026-08-23 22:48:23,627 [WARN] PackLoader:240 - Cannot read IP mode file for STMicroelectronics.X-CUBE-TOUCHGFX.4.24.2
2026-08-23 22:48:23,630 [WARN] PackLoader:240 - Cannot read IP mode file for STMicroelectronics.X-CUBE-STSE01.1.0.0
2026-08-23 22:48:23,634 [WARN] PackLoader:240 - Cannot read IP mode file for portGmbH.I-Cube-SoM-uGOAL.1.1.0
2026-08-23 22:48:23,641 [WARN] PackLoader:240 - Cannot read IP mode file for STMicroelectronics.X-CUBE-AZRTOS-H7RS.1.0.0
2026-08-23 22:48:23,648 [WARN] PackLoader:240 - Cannot read IP mode file for STMicroelectronics.X-CUBE-TOF1.3.4.2
2026-08-23 22:48:23,657 [WARN] PackLoader:240 - Cannot read IP mode file for STMicroelectronics.X-CUBE-TOF1.3.4.3
2026-08-23 22:48:23,665 [INFO] ThirdParty:978 - Integrity check success = true
2026-08-23 22:48:23,666 [INFO] IntegrityCheckThread:100 - exiting critical section [integrity check]
2026-08-23 22:48:23,666 [INFO] IntegrityCheckThread:103 - End integrity checks thread
2026-08-23 22:48:24,330 [ERROR] LogOutputStream:75 - [STDERR_REDIRECT] [Fatal Error] :1:1: Premature end of file.
2026-08-23 22:48:24,330 [ERROR] LogOutputStream:75 - [STDERR_REDIRECT] 
2026-08-23 22:48:25,335 [ERROR] LogOutputStream:75 - [STDERR_REDIRECT] [Fatal Error] :1:1: Premature end of file.
2026-08-23 22:48:25,336 [ERROR] LogOutputStream:75 - [STDERR_REDIRECT] 
2026-08-23 22:48:26,336 [ERROR] LogOutputStream:75 - [STDERR_REDIRECT] [Fatal Error] :1:1: Premature end of file.
2026-08-23 22:48:26,336 [ERROR] LogOutputStream:75 - [STDERR_REDIRECT] 
2026-08-23 22:48:27,335 [ERROR] LogOutputStream:75 - [STDERR_REDIRECT] [Fatal Error] :1:1: Premature end of file.
2026-08-23 22:48:27,336 [ERROR] LogOutputStream:75 - [STDERR_REDIRECT] 
2026-08-23 22:48:28,339 [ERROR] LogOutputStream:75 - [STDERR_REDIRECT] [Fatal Error] :1:1: Premature end of file.
2026-08-23 22:48:28,340 [ERROR] LogOutputStream:75 - [STDERR_REDIRECT] 
2026-08-23 22:48:29,339 [ERROR] LogOutputStream:75 - [STDERR_REDIRECT] [Fatal Error] :1:1: Premature end of file.
2026-08-23 22:48:29,339 [ERROR] LogOutputStream:75 - [STDERR_REDIRECT] 
2026-08-23 22:48:30,341 [ERROR] LogOutputStream:75 - [STDERR_REDIRECT] [Fatal Error] :1:1: Premature end of file.
2026-08-23 22:48:30,342 [ERROR] LogOutputStream:75 - [STDERR_REDIRECT] 
2026-08-23 22:48:31,345 [ERROR] LogOutputStream:75 - [STDERR_REDIRECT] [Fatal Error] :1:1: Premature end of file.
2026-08-23 22:48:31,346 [ERROR] LogOutputStream:75 - [STDERR_REDIRECT] 
2026-08-23 22:48:32,339 [ERROR] LogOutputStream:75 - [STDERR_REDIRECT] [Fatal Error] :1:1: Premature end of file.
2026-08-23 22:48:32,339 [ERROR] LogOutputStream:75 - [STDERR_REDIRECT] 
2026-08-23 22:48:33,339 [ERROR] LogOutputStream:75 - [STDERR_REDIRECT] [Fatal Error] :1:1: Premature end of file.
2026-08-23 22:48:33,339 [ERROR] LogOutputStream:75 - [STDERR_REDIRECT] 
2026-08-23 22:48:34,344 [ERROR] LogOutputStream:75 - [STDERR_REDIRECT] [Fatal Error] :1:1: Premature end of file.
2026-08-23 22:48:34,345 [ERROR] LogOutputStream:75 - [STDERR_REDIRECT] 
2026-08-23 22:48:35,338 [ERROR] LogOutputStream:75 - [STDERR_REDIRECT] [Fatal Error] :1:1: Premature end of file.
2026-08-23 22:48:35,338 [ERROR] LogOutputStream:75 - [STDERR_REDIRECT] 
2026-08-23 22:48:36,347 [ERROR] LogOutputStream:75 - [STDERR_REDIRECT] [Fatal Error] :1:1: Premature end of file.
2026-08-23 22:48:36,347 [ERROR] LogOutputStream:75 - [STDERR_REDIRECT] 
2026-08-23 22:48:37,338 [ERROR] LogOutputStream:75 - [STDERR_REDIRECT] [Fatal Error] :1:1: Premature end of file.
2026-08-23 22:48:37,338 [ERROR] LogOutputStream:75 - [STDERR_REDIRECT] 
2026-08-23 22:48:38,331 [ERROR] LogOutputStream:75 - [STDERR_REDIRECT] [Fatal Error] :1:1: Premature end of file.
2026-08-23 22:48:38,331 [ERROR] LogOutputStream:75 - [STDERR_REDIRECT] 
2026-08-23 22:48:39,346 [ERROR] LogOutputStream:75 - [STDERR_REDIRECT] [Fatal Error] :1:1: Premature end of file.
2026-08-23 22:48:39,347 [ERROR] LogOutputStream:75 - [STDERR_REDIRECT] 
2026-08-23 22:48:40,342 [ERROR] LogOutputStream:75 - [STDERR_REDIRECT] [Fatal Error] :1:1: Premature end of file.
2026-08-23 22:48:40,342 [ERROR] LogOutputStream:75 - [STDERR_REDIRECT] 
2026-08-23 22:48:41,343 [ERROR] LogOutputStream:75 - [STDERR_REDIRECT] [Fatal Error] :1:1: Premature end of file.
2026-08-23 22:48:41,343 [ERROR] LogOutputStream:75 - [STDERR_REDIRECT] 
2026-08-23 22:48:42,341 [ERROR] LogOutputStream:75 - [STDERR_REDIRECT] [Fatal Error] :1:1: Premature end of file.
2026-08-23 22:48:42,341 [ERROR] LogOutputStream:75 - [STDERR_REDIRECT] 
2026-08-23 22:48:43,334 [ERROR] LogOutputStream:75 - [STDERR_REDIRECT] [Fatal Error] :1:1: Premature end of file.
2026-08-23 22:48:43,334 [ERROR] LogOutputStream:75 - [STDERR_REDIRECT] 
2026-08-23 22:48:44,345 [ERROR] LogOutputStream:75 - [STDERR_REDIRECT] [Fatal Error] :1:1: Premature end of file.
2026-08-23 22:48:44,345 [ERROR] LogOutputStream:75 - [STDERR_REDIRECT] 
2026-08-23 22:48:45,335 [ERROR] LogOutputStream:75 - [STDERR_REDIRECT] [Fatal Error] :1:1: Premature end of file.
2026-08-23 22:48:45,335 [ERROR] LogOutputStream:75 - [STDERR_REDIRECT] 
2026-08-23 22:48:46,331 [ERROR] LogOutputStream:75 - [STDERR_REDIRECT] [Fatal Error] :1:1: Premature end of file.
2026-08-23 22:48:46,331 [ERROR] LogOutputStream:75 - [STDERR_REDIRECT] 
2026-08-23 22:48:47,330 [ERROR] LogOutputStream:75 - [STDERR_REDIRECT] [Fatal Error] :1:1: Premature end of file.
2026-08-23 22:48:47,330 [ERROR] LogOutputStream:75 - [STDERR_REDIRECT] 
2026-08-23 22:48:48,340 [ERROR] LogOutputStream:75 - [STDERR_REDIRECT] [Fatal Error] :1:1: Premature end of file.
2026-08-23 22:48:48,340 [ERROR] LogOutputStream:75 - [STDERR_REDIRECT] 
2026-08-23 22:48:49,347 [ERROR] LogOutputStream:75 - [STDERR_REDIRECT] [Fatal Error] :1:1: Premature end of file.
2026-08-23 22:48:49,347 [ERROR] LogOutputStream:75 - [STDERR_REDIRECT] 
2026-08-23 22:48:50,346 [ERROR] LogOutputStream:75 - [STDERR_REDIRECT] [Fatal Error] :1:1: Premature end of file.
2026-08-23 22:48:50,347 [ERROR] LogOutputStream:75 - [STDERR_REDIRECT] 
2026-08-23 22:48:51,334 [ERROR] LogOutputStream:75 - [STDERR_REDIRECT] [Fatal Error] :1:1: Premature end of file.
2026-08-23 22:48:51,335 [ERROR] LogOutputStream:75 - [STDERR_REDIRECT] 
2026-08-23 22:48:52,335 [ERROR] LogOutputStream:75 - [STDERR_REDIRECT] [Fatal Error] :1:1: Premature end of file.
2026-08-23 22:48:52,335 [ERROR] LogOutputStream:75 - [STDERR_REDIRECT] 
2026-08-23 22:48:53,334 [ERROR] LogOutputStream:75 - [STDERR_REDIRECT] [Fatal Error] :1:1: Premature end of file.
2026-08-23 22:48:53,335 [ERROR] LogOutputStream:75 - [STDERR_REDIRECT] 
2026-08-23 22:48:54,368 [ERROR] LogOutputStream:75 - [STDERR_REDIRECT] [Fatal Error] :1:1: Premature end of file.
2026-08-23 22:48:54,368 [ERROR] LogOutputStream:75 - [STDERR_REDIRECT] 
2026-08-23 22:48:55,353 [ERROR] LogOutputStream:75 - [STDERR_REDIRECT] [Fatal Error] :1:1: Premature end of file.
2026-08-23 22:48:55,353 [ERROR] LogOutputStream:75 - [STDERR_REDIRECT] 
2026-08-23 22:48:56,335 [ERROR] LogOutputStream:75 - [STDERR_REDIRECT] [Fatal Error] :1:1: Premature end of file.
2026-08-23 22:48:56,335 [ERROR] LogOutputStream:75 - [STDERR_REDIRECT] 
2026-08-23 22:48:57,334 [ERROR] LogOutputStream:75 - [STDERR_REDIRECT] [Fatal Error] :1:1: Premature end of file.
2026-08-23 22:48:57,334 [ERROR] LogOutputStream:75 - [STDERR_REDIRECT] 
2026-08-23 22:48:58,333 [ERROR] LogOutputStream:75 - [STDERR_REDIRECT] [Fatal Error] :1:1: Premature end of file.
2026-08-23 22:48:58,333 [ERROR] LogOutputStream:75 - [STDERR_REDIRECT] 
2026-08-23 22:48:59,333 [ERROR] LogOutputStream:75 - [STDERR_REDIRECT] [Fatal Error] :1:1: Premature end of file.
2026-08-23 22:48:59,333 [ERROR] LogOutputStream:75 - [STDERR_REDIRECT] 
2026-08-23 22:49:00,333 [ERROR] LogOutputStream:75 - [STDERR_REDIRECT] [Fatal Error] :1:1: Premature end of file.
2026-08-23 22:49:00,333 [ERROR] LogOutputStream:75 - [STDERR_REDIRECT] 
2026-08-23 22:49:01,334 [ERROR] LogOutputStream:75 - [STDERR_REDIRECT] [Fatal Error] :1:1: Premature end of file.
2026-08-23 22:49:01,334 [ERROR] LogOutputStream:75 - [STDERR_REDIRECT] 
2026-08-23 22:49:02,330 [ERROR] LogOutputStream:75 - [STDERR_REDIRECT] [Fatal Error] :1:1: Premature end of file.
2026-08-23 22:49:02,331 [ERROR] LogOutputStream:75 - [STDERR_REDIRECT] 
2026-08-23 22:49:03,361 [ERROR] LogOutputStream:75 - [STDERR_REDIRECT] [Fatal Error] :1:1: Premature end of file.
2026-08-23 22:49:03,362 [ERROR] LogOutputStream:75 - [STDERR_REDIRECT] 
2026-08-23 22:49:04,340 [ERROR] LogOutputStream:75 - [STDERR_REDIRECT] [Fatal Error] :1:1: Premature end of file.
2026-08-23 22:49:04,340 [ERROR] LogOutputStream:75 - [STDERR_REDIRECT] 
2026-08-23 22:49:05,350 [ERROR] LogOutputStream:75 - [STDERR_REDIRECT] [Fatal Error] :1:1: Premature end of file.
2026-08-23 22:49:05,350 [ERROR] LogOutputStream:75 - [STDERR_REDIRECT] 
2026-08-23 22:49:06,341 [ERROR] LogOutputStream:75 - [STDERR_REDIRECT] [Fatal Error] :1:1: Premature end of file.
2026-08-23 22:49:06,341 [ERROR] LogOutputStream:75 - [STDERR_REDIRECT] 
2026-08-23 22:49:07,343 [ERROR] LogOutputStream:75 - [STDERR_REDIRECT] [Fatal Error] :1:1: Premature end of file.
2026-08-23 22:49:07,343 [ERROR] LogOutputStream:75 - [STDERR_REDIRECT] 
2026-08-23 22:49:08,347 [ERROR] LogOutputStream:75 - [STDERR_REDIRECT] [Fatal Error] :1:1: Premature end of file.
2026-08-23 22:49:08,347 [ERROR] LogOutputStream:75 - [STDERR_REDIRECT] 
2026-08-23 22:49:09,348 [ERROR] LogOutputStream:75 - [STDERR_REDIRECT] [Fatal Error] :1:1: Premature end of file.
2026-08-23 22:49:09,348 [ERROR] LogOutputStream:75 - [STDERR_REDIRECT] 
2026-08-23 22:49:10,342 [ERROR] LogOutputStream:75 - [STDERR_REDIRECT] [Fatal Error] :1:1: Premature end of file.
2026-08-23 22:49:10,342 [ERROR] LogOutputStream:75 - [STDERR_REDIRECT] 
2026-08-23 22:49:11,345 [ERROR] LogOutputStream:75 - [STDERR_REDIRECT] [Fatal Error] :1:1: Premature end of file.
2026-08-23 22:49:11,345 [ERROR] LogOutputStream:75 - [STDERR_REDIRECT] 
2026-08-23 22:49:12,343 [ERROR] LogOutputStream:75 - [STDERR_REDIRECT] [Fatal Error] :1:1: Premature end of file.
2026-08-23 22:49:12,344 [ERROR] LogOutputStream:75 - [STDERR_REDIRECT] 
2026-08-23 22:49:13,342 [ERROR] LogOutputStream:75 - [STDERR_REDIRECT] [Fatal Error] :1:1: Premature end of file.
2026-08-23 22:49:13,342 [ERROR] LogOutputStream:75 - [STDERR_REDIRECT] 
2026-08-23 22:49:14,336 [ERROR] LogOutputStream:75 - [STDERR_REDIRECT] [Fatal Error] :1:1: Premature end of file.
2026-08-23 22:49:14,336 [ERROR] LogOutputStream:75 - [STDERR_REDIRECT] 
2026-08-23 22:49:15,333 [ERROR] LogOutputStream:75 - [STDERR_REDIRECT] [Fatal Error] :1:1: Premature end of file.
2026-08-23 22:49:15,333 [ERROR] LogOutputStream:75 - [STDERR_REDIRECT] 
2026-08-23 22:49:16,332 [ERROR] LogOutputStream:75 - [STDERR_REDIRECT] [Fatal Error] :1:1: Premature end of file.
2026-08-23 22:49:16,332 [ERROR] LogOutputStream:75 - [STDERR_REDIRECT] 
2026-08-23 22:49:17,346 [ERROR] LogOutputStream:75 - [STDERR_REDIRECT] [Fatal Error] :1:1: Premature end of file.
2026-08-23 22:49:17,351 [ERROR] LogOutputStream:75 - [STDERR_REDIRECT] 
2026-08-23 22:49:18,351 [ERROR] LogOutputStream:75 - [STDERR_REDIRECT] [Fatal Error] :1:1: Premature end of file.
2026-08-23 22:49:18,352 [ERROR] LogOutputStream:75 - [STDERR_REDIRECT] 
2026-08-23 22:49:19,343 [ERROR] LogOutputStream:75 - [STDERR_REDIRECT] [Fatal Error] :1:1: Premature end of file.
2026-08-23 22:49:19,344 [ERROR] LogOutputStream:75 - [STDERR_REDIRECT] 
2026-08-23 22:49:20,345 [ERROR] LogOutputStream:75 - [STDERR_REDIRECT] [Fatal Error] :1:1: Premature end of file.
2026-08-23 22:49:20,345 [ERROR] LogOutputStream:75 - [STDERR_REDIRECT] 
2026-08-23 22:49:21,345 [ERROR] LogOutputStream:75 - [STDERR_REDIRECT] [Fatal Error] :1:1: Premature end of file.
2026-08-23 22:49:21,345 [ERROR] LogOutputStream:75 - [STDERR_REDIRECT] 
2026-08-23 22:49:22,346 [ERROR] LogOutputStream:75 - [STDERR_REDIRECT] [Fatal Error] :1:1: Premature end of file.
2026-08-23 22:49:22,346 [ERROR] LogOutputStream:75 - [STDERR_REDIRECT] 
2026-08-23 22:49:23,349 [ERROR] LogOutputStream:75 - [STDERR_REDIRECT] [Fatal Error] :1:1: Premature end of file.
2026-08-23 22:49:23,349 [ERROR] LogOutputStream:75 - [STDERR_REDIRECT] 
2026-08-23 22:49:24,349 [ERROR] LogOutputStream:75 - [STDERR_REDIRECT] [Fatal Error] :1:1: Premature end of file.
2026-08-23 22:49:24,349 [ERROR] LogOutputStream:75 - [STDERR_REDIRECT] 
2026-08-23 22:49:25,346 [ERROR] LogOutputStream:75 - [STDERR_REDIRECT] [Fatal Error] :1:1: Premature end of file.
2026-08-23 22:49:25,346 [ERROR] LogOutputStream:75 - [STDERR_REDIRECT] 
2026-08-23 22:49:26,349 [ERROR] LogOutputStream:75 - [STDERR_REDIRECT] [Fatal Error] :1:1: Premature end of file.
2026-08-23 22:49:26,350 [ERROR] LogOutputStream:75 - [STDERR_REDIRECT] 
2026-08-23 22:49:27,346 [ERROR] LogOutputStream:75 - [STDERR_REDIRECT] [Fatal Error] :1:1: Premature end of file.
2026-08-23 22:49:27,347 [ERROR] LogOutputStream:75 - [STDERR_REDIRECT] 
2026-08-23 22:49:28,347 [ERROR] LogOutputStream:75 - [STDERR_REDIRECT] [Fatal Error] :1:1: Premature end of file.
2026-08-23 22:49:28,347 [ERROR] LogOutputStream:75 - [STDERR_REDIRECT] 
2026-08-23 22:49:29,338 [ERROR] LogOutputStream:75 - [STDERR_REDIRECT] [Fatal Error] :1:1: Premature end of file.
2026-08-23 22:49:29,338 [ERROR] LogOutputStream:75 - [STDERR_REDIRECT] 
2026-08-23 22:49:30,341 [ERROR] LogOutputStream:75 - [STDERR_REDIRECT] [Fatal Error] :1:1: Premature end of file.
2026-08-23 22:49:30,341 [ERROR] LogOutputStream:75 - [STDERR_REDIRECT] 
2026-08-23 22:49:31,344 [ERROR] LogOutputStream:75 - [STDERR_REDIRECT] [Fatal Error] :1:1: Premature end of file.
2026-08-23 22:49:31,344 [ERROR] LogOutputStream:75 - [STDERR_REDIRECT] 
2026-08-23 22:49:32,344 [ERROR] LogOutputStream:75 - [STDERR_REDIRECT] [Fatal Error] :1:1: Premature end of file.
2026-08-23 22:49:32,344 [ERROR] LogOutputStream:75 - [STDERR_REDIRECT] 
2026-08-23 22:49:33,346 [ERROR] LogOutputStream:75 - [STDERR_REDIRECT] [Fatal Error] :1:1: Premature end of file.
2026-08-23 22:49:33,346 [ERROR] LogOutputStream:75 - [STDERR_REDIRECT] 
2026-08-23 22:49:34,335 [ERROR] LogOutputStream:75 - [STDERR_REDIRECT] [Fatal Error] :1:1: Premature end of file.
2026-08-23 22:49:34,335 [ERROR] LogOutputStream:75 - [STDERR_REDIRECT] 
2026-08-23 22:49:35,331 [ERROR] LogOutputStream:75 - [STDERR_REDIRECT] [Fatal Error] :1:1: Premature end of file.
2026-08-23 22:49:35,331 [ERROR] LogOutputStream:75 - [STDERR_REDIRECT] 
2026-08-23 22:49:36,335 [ERROR] LogOutputStream:75 - [STDERR_REDIRECT] [Fatal Error] :1:1: Premature end of file.
2026-08-23 22:49:36,336 [ERROR] LogOutputStream:75 - [STDERR_REDIRECT] 
2026-08-23 22:49:37,329 [ERROR] LogOutputStream:75 - [STDERR_REDIRECT] [Fatal Error] :1:1: Premature end of file.
2026-08-23 22:49:37,342 [ERROR] LogOutputStream:75 - [STDERR_REDIRECT] 
2026-08-23 22:49:38,350 [ERROR] LogOutputStream:75 - [STDERR_REDIRECT] [Fatal Error] :1:1: Premature end of file.
2026-08-23 22:49:38,350 [ERROR] LogOutputStream:75 - [STDERR_REDIRECT] 
2026-08-23 22:49:39,327 [ERROR] LogOutputStream:75 - [STDERR_REDIRECT] [Fatal Error] :1:1: Premature end of file.
2026-08-23 22:49:39,327 [ERROR] LogOutputStream:75 - [STDERR_REDIRECT] 
2026-08-23 22:49:40,353 [ERROR] LogOutputStream:75 - [STDERR_REDIRECT] [Fatal Error] :1:1: Premature end of file.
2026-08-23 22:49:40,353 [ERROR] LogOutputStream:75 - [STDERR_REDIRECT] 
2026-08-23 22:49:41,355 [ERROR] LogOutputStream:75 - [STDERR_REDIRECT] [Fatal Error] :1:1: Premature end of file.
2026-08-23 22:49:41,355 [ERROR] LogOutputStream:75 - [STDERR_REDIRECT] 
2026-08-23 22:49:42,347 [ERROR] LogOutputStream:75 - [STDERR_REDIRECT] [Fatal Error] :1:1: Premature end of file.
2026-08-23 22:49:42,347 [ERROR] LogOutputStream:75 - [STDERR_REDIRECT] 
2026-08-23 22:49:43,330 [ERROR] LogOutputStream:75 - [STDERR_REDIRECT] [Fatal Error] :1:1: Premature end of file.
2026-08-23 22:49:43,330 [ERROR] LogOutputStream:75 - [STDERR_REDIRECT] 
2026-08-23 22:49:44,339 [ERROR] LogOutputStream:75 - [STDERR_REDIRECT] [Fatal Error] :1:1: Premature end of file.
2026-08-23 22:49:44,340 [ERROR] LogOutputStream:75 - [STDERR_REDIRECT] 
2026-08-23 22:49:45,330 [ERROR] LogOutputStream:75 - [STDERR_REDIRECT] [Fatal Error] :1:1: Premature end of file.
2026-08-23 22:49:45,331 [ERROR] LogOutputStream:75 - [STDERR_REDIRECT] 
2026-08-23 22:49:46,331 [ERROR] LogOutputStream:75 - [STDERR_REDIRECT] [Fatal Error] :1:1: Premature end of file.
2026-08-23 22:49:46,331 [ERROR] LogOutputStream:75 - [STDERR_REDIRECT] 
2026-08-23 22:49:47,336 [ERROR] LogOutputStream:75 - [STDERR_REDIRECT] [Fatal Error] :1:1: Premature end of file.
2026-08-23 22:49:47,336 [ERROR] LogOutputStream:75 - [STDERR_REDIRECT] 
2026-08-23 22:49:48,329 [ERROR] LogOutputStream:75 - [STDERR_REDIRECT] [Fatal Error] :1:1: Premature end of file.
2026-08-23 22:49:48,329 [ERROR] LogOutputStream:75 - [STDERR_REDIRECT] 
2026-08-23 22:49:49,330 [ERROR] LogOutputStream:75 - [STDERR_REDIRECT] [Fatal Error] :1:1: Premature end of file.
2026-08-23 22:49:49,331 [ERROR] LogOutputStream:75 - [STDERR_REDIRECT] 
2026-08-23 22:49:50,333 [ERROR] LogOutputStream:75 - [STDERR_REDIRECT] [Fatal Error] :1:1: Premature end of file.
2026-08-23 22:49:50,334 [ERROR] LogOutputStream:75 - [STDERR_REDIRECT] 
2026-08-23 22:49:51,333 [ERROR] LogOutputStream:75 - [STDERR_REDIRECT] [Fatal Error] :1:1: Premature end of file.
2026-08-23 22:49:51,333 [ERROR] LogOutputStream:75 - [STDERR_REDIRECT] 
2026-08-23 22:49:52,336 [ERROR] LogOutputStream:75 - [STDERR_REDIRECT] [Fatal Error] :1:1: Premature end of file.
2026-08-23 22:49:52,336 [ERROR] LogOutputStream:75 - [STDERR_REDIRECT] 
2026-08-23 22:49:53,336 [ERROR] LogOutputStream:75 - [STDERR_REDIRECT] [Fatal Error] :1:1: Premature end of file.
2026-08-23 22:49:53,336 [ERROR] LogOutputStream:75 - [STDERR_REDIRECT] 
2026-08-23 22:49:54,334 [ERROR] LogOutputStream:75 - [STDERR_REDIRECT] [Fatal Error] :1:1: Premature end of file.
2026-08-23 22:49:54,334 [ERROR] LogOutputStream:75 - [STDERR_REDIRECT] 
2026-08-23 22:49:55,334 [ERROR] LogOutputStream:75 - [STDERR_REDIRECT] [Fatal Error] :1:1: Premature end of file.
2026-08-23 22:49:55,335 [ERROR] LogOutputStream:75 - [STDERR_REDIRECT] 
2026-08-23 22:49:56,335 [ERROR] LogOutputStream:75 - [STDERR_REDIRECT] [Fatal Error] :1:1: Premature end of file.
2026-08-23 22:49:56,336 [ERROR] LogOutputStream:75 - [STDERR_REDIRECT] 
2026-08-23 22:49:57,335 [ERROR] LogOutputStream:75 - [STDERR_REDIRECT] [Fatal Error] :1:1: Premature end of file.
2026-08-23 22:49:57,335 [ERROR] LogOutputStream:75 - [STDERR_REDIRECT] 
2026-08-23 22:49:58,331 [ERROR] LogOutputStream:75 - [STDERR_REDIRECT] [Fatal Error] :1:1: Premature end of file.
2026-08-23 22:49:58,331 [ERROR] LogOutputStream:75 - [STDERR_REDIRECT] 
2026-08-23 22:49:59,331 [ERROR] LogOutputStream:75 - [STDERR_REDIRECT] [Fatal Error] :1:1: Premature end of file.
2026-08-23 22:49:59,331 [ERROR] LogOutputStream:75 - [STDERR_REDIRECT] 
2026-08-23 22:50:00,332 [ERROR] LogOutputStream:75 - [STDERR_REDIRECT] [Fatal Error] :1:1: Premature end of file.
2026-08-23 22:50:00,332 [ERROR] LogOutputStream:75 - [STDERR_REDIRECT] 
2026-08-23 22:50:01,329 [ERROR] LogOutputStream:75 - [STDERR_REDIRECT] [Fatal Error] :1:1: Premature end of file.
2026-08-23 22:50:01,329 [ERROR] LogOutputStream:75 - [STDERR_REDIRECT] 
2026-08-23 22:50:02,330 [ERROR] LogOutputStream:75 - [STDERR_REDIRECT] [Fatal Error] :1:1: Premature end of file.
2026-08-23 22:50:02,330 [ERROR] LogOutputStream:75 - [STDERR_REDIRECT] 
2026-08-23 22:50:03,331 [ERROR] LogOutputStream:75 - [STDERR_REDIRECT] [Fatal Error] :1:1: Premature end of file.
2026-08-23 22:50:03,331 [ERROR] LogOutputStream:75 - [STDERR_REDIRECT] 
2026-08-23 22:50:04,330 [ERROR] LogOutputStream:75 - [STDERR_REDIRECT] [Fatal Error] :1:1: Premature end of file.
2026-08-23 22:50:04,330 [ERROR] LogOutputStream:75 - [STDERR_REDIRECT] 
2026-08-23 22:50:05,333 [ERROR] LogOutputStream:75 - [STDERR_REDIRECT] [Fatal Error] :1:1: Premature end of file.
2026-08-23 22:50:05,333 [ERROR] LogOutputStream:75 - [STDERR_REDIRECT] 
2026-08-23 22:50:06,333 [ERROR] LogOutputStream:75 - [STDERR_REDIRECT] [Fatal Error] :1:1: Premature end of file.
2026-08-23 22:50:06,333 [ERROR] LogOutputStream:75 - [STDERR_REDIRECT] 
2026-08-23 22:50:07,333 [ERROR] LogOutputStream:75 - [STDERR_REDIRECT] [Fatal Error] :1:1: Premature end of file.
2026-08-23 22:50:07,334 [ERROR] LogOutputStream:75 - [STDERR_REDIRECT] 
2026-08-23 22:50:08,339 [ERROR] LogOutputStream:75 - [STDERR_REDIRECT] [Fatal Error] :1:1: Premature end of file.
2026-08-23 22:50:08,339 [ERROR] LogOutputStream:75 - [STDERR_REDIRECT] 
2026-08-23 22:50:09,333 [ERROR] LogOutputStream:75 - [STDERR_REDIRECT] [Fatal Error] :1:1: Premature end of file.
2026-08-23 22:50:09,334 [ERROR] LogOutputStream:75 - [STDERR_REDIRECT] 
2026-08-23 22:50:10,335 [ERROR] LogOutputStream:75 - [STDERR_REDIRECT] [Fatal Error] :1:1: Premature end of file.
2026-08-23 22:50:10,335 [ERROR] LogOutputStream:75 - [STDERR_REDIRECT] 
2026-08-23 22:50:11,331 [ERROR] LogOutputStream:75 - [STDERR_REDIRECT] [Fatal Error] :1:1: Premature end of file.
2026-08-23 22:50:11,332 [ERROR] LogOutputStream:75 - [STDERR_REDIRECT] 
2026-08-23 22:50:12,331 [ERROR] LogOutputStream:75 - [STDERR_REDIRECT] [Fatal Error] :1:1: Premature end of file.
2026-08-23 22:50:12,331 [ERROR] LogOutputStream:75 - [STDERR_REDIRECT] 
2026-08-23 22:50:13,334 [ERROR] LogOutputStream:75 - [STDERR_REDIRECT] [Fatal Error] :1:1: Premature end of file.
2026-08-23 22:50:13,334 [ERROR] LogOutputStream:75 - [STDERR_REDIRECT] 
2026-08-23 22:50:14,335 [ERROR] LogOutputStream:75 - [STDERR_REDIRECT] [Fatal Error] :1:1: Premature end of file.
2026-08-23 22:50:14,335 [ERROR] LogOutputStream:75 - [STDERR_REDIRECT] 
2026-08-23 22:50:15,332 [ERROR] LogOutputStream:75 - [STDERR_REDIRECT] [Fatal Error] :1:1: Premature end of file.
2026-08-23 22:50:15,332 [ERROR] LogOutputStream:75 - [STDERR_REDIRECT] 
2026-08-23 22:50:16,336 [ERROR] LogOutputStream:75 - [STDERR_REDIRECT] [Fatal Error] :1:1: Premature end of file.
2026-08-23 22:50:16,337 [ERROR] LogOutputStream:75 - [STDERR_REDIRECT] 
2026-08-23 22:50:17,334 [ERROR] LogOutputStream:75 - [STDERR_REDIRECT] [Fatal Error] :1:1: Premature end of file.
2026-08-23 22:50:17,334 [ERROR] LogOutputStream:75 - [STDERR_REDIRECT] 
2026-08-23 22:50:18,335 [ERROR] LogOutputStream:75 - [STDERR_REDIRECT] [Fatal Error] :1:1: Premature end of file.
2026-08-23 22:50:18,335 [ERROR] LogOutputStream:75 - [STDERR_REDIRECT] 
2026-08-23 22:50:19,332 [ERROR] LogOutputStream:75 - [STDERR_REDIRECT] [Fatal Error] :1:1: Premature end of file.
2026-08-23 22:50:19,332 [ERROR] LogOutputStream:75 - [STDERR_REDIRECT] 
2026-08-23 22:50:20,332 [ERROR] LogOutputStream:75 - [STDERR_REDIRECT] [Fatal Error] :1:1: Premature end of file.
2026-08-23 22:50:20,332 [ERROR] LogOutputStream:75 - [STDERR_REDIRECT] 
2026-08-23 22:50:21,331 [ERROR] LogOutputStream:75 - [STDERR_REDIRECT] [Fatal Error] :1:1: Premature end of file.
2026-08-23 22:50:21,332 [ERROR] LogOutputStream:75 - [STDERR_REDIRECT] 
2026-08-23 22:50:22,331 [ERROR] LogOutputStream:75 - [STDERR_REDIRECT] [Fatal Error] :1:1: Premature end of file.
2026-08-23 22:50:22,332 [ERROR] LogOutputStream:75 - [STDERR_REDIRECT] 
2026-08-23 22:50:23,331 [ERROR] LogOutputStream:75 - [STDERR_REDIRECT] [Fatal Error] :1:1: Premature end of file.
2026-08-23 22:50:23,331 [ERROR] LogOutputStream:75 - [STDERR_REDIRECT] 
2026-08-23 22:50:24,332 [ERROR] LogOutputStream:75 - [STDERR_REDIRECT] [Fatal Error] :1:1: Premature end of file.
2026-08-23 22:50:24,332 [ERROR] LogOutputStream:75 - [STDERR_REDIRECT] 
2026-08-23 22:50:25,334 [ERROR] LogOutputStream:75 - [STDERR_REDIRECT] [Fatal Error] :1:1: Premature end of file.
2026-08-23 22:50:25,334 [ERROR] LogOutputStream:75 - [STDERR_REDIRECT] 
2026-08-23 22:50:26,333 [ERROR] LogOutputStream:75 - [STDERR_REDIRECT] [Fatal Error] :1:1: Premature end of file.
2026-08-23 22:50:26,333 [ERROR] LogOutputStream:75 - [STDERR_REDIRECT] 
2026-08-23 22:50:27,331 [ERROR] LogOutputStream:75 - [STDERR_REDIRECT] [Fatal Error] :1:1: Premature end of file.
2026-08-23 22:50:27,331 [ERROR] LogOutputStream:75 - [STDERR_REDIRECT] 
2026-08-23 22:50:28,330 [ERROR] LogOutputStream:75 - [STDERR_REDIRECT] [Fatal Error] :1:1: Premature end of file.
2026-08-23 22:50:28,330 [ERROR] LogOutputStream:75 - [STDERR_REDIRECT] 
2026-08-23 22:50:29,333 [ERROR] LogOutputStream:75 - [STDERR_REDIRECT] [Fatal Error] :1:1: Premature end of file.
2026-08-23 22:50:29,333 [ERROR] LogOutputStream:75 - [STDERR_REDIRECT] 
2026-08-23 22:50:30,329 [ERROR] LogOutputStream:75 - [STDERR_REDIRECT] [Fatal Error] :1:1: Premature end of file.
2026-08-23 22:50:30,329 [ERROR] LogOutputStream:75 - [STDERR_REDIRECT] 
2026-08-23 22:50:31,339 [ERROR] LogOutputStream:75 - [STDERR_REDIRECT] [Fatal Error] :1:1: Premature end of file.
2026-08-23 22:50:31,339 [ERROR] LogOutputStream:75 - [STDERR_REDIRECT] 
2026-08-23 22:50:32,337 [ERROR] LogOutputStream:75 - [STDERR_REDIRECT] [Fatal Error] :1:1: Premature end of file.
2026-08-23 22:50:32,337 [ERROR] LogOutputStream:75 - [STDERR_REDIRECT] 
2026-08-23 22:50:33,335 [ERROR] LogOutputStream:75 - [STDERR_REDIRECT] [Fatal Error] :1:1: Premature end of file.
2026-08-23 22:50:33,335 [ERROR] LogOutputStream:75 - [STDERR_REDIRECT] 
2026-08-23 22:50:34,342 [ERROR] LogOutputStream:75 - [STDERR_REDIRECT] [Fatal Error] :1:1: Premature end of file.
2026-08-23 22:50:34,342 [ERROR] LogOutputStream:75 - [STDERR_REDIRECT] 
2026-08-23 22:50:35,343 [ERROR] LogOutputStream:75 - [STDERR_REDIRECT] [Fatal Error] :1:1: Premature end of file.
2026-08-23 22:50:35,343 [ERROR] LogOutputStream:75 - [STDERR_REDIRECT] 
2026-08-23 22:50:36,336 [ERROR] LogOutputStream:75 - [STDERR_REDIRECT] [Fatal Error] :1:1: Premature end of file.
2026-08-23 22:50:36,336 [ERROR] LogOutputStream:75 - [STDERR_REDIRECT] 
2026-08-23 22:50:37,341 [ERROR] LogOutputStream:75 - [STDERR_REDIRECT] [Fatal Error] :1:1: Premature end of file.
2026-08-23 22:50:37,341 [ERROR] LogOutputStream:75 - [STDERR_REDIRECT] 
2026-08-23 22:50:38,340 [ERROR] LogOutputStream:75 - [STDERR_REDIRECT] [Fatal Error] :1:1: Premature end of file.
2026-08-23 22:50:38,340 [ERROR] LogOutputStream:75 - [STDERR_REDIRECT] 
2026-08-23 22:50:39,340 [ERROR] LogOutputStream:75 - [STDERR_REDIRECT] [Fatal Error] :1:1: Premature end of file.
2026-08-23 22:50:39,340 [ERROR] LogOutputStream:75 - [STDERR_REDIRECT] 
2026-08-23 22:50:40,342 [ERROR] LogOutputStream:75 - [STDERR_REDIRECT] [Fatal Error] :1:1: Premature end of file.
2026-08-23 22:50:40,342 [ERROR] LogOutputStream:75 - [STDERR_REDIRECT] 
2026-08-23 22:50:41,336 [ERROR] LogOutputStream:75 - [STDERR_REDIRECT] [Fatal Error] :1:1: Premature end of file.
2026-08-23 22:50:41,336 [ERROR] LogOutputStream:75 - [STDERR_REDIRECT] 
2026-08-23 22:50:42,349 [ERROR] LogOutputStream:75 - [STDERR_REDIRECT] [Fatal Error] :1:1: Premature end of file.
2026-08-23 22:50:42,350 [ERROR] LogOutputStream:75 - [STDERR_REDIRECT] 
2026-08-23 22:50:43,348 [ERROR] LogOutputStream:75 - [STDERR_REDIRECT] [Fatal Error] :1:1: Premature end of file.
2026-08-23 22:50:43,348 [ERROR] LogOutputStream:75 - [STDERR_REDIRECT] 
2026-08-23 22:50:44,346 [ERROR] LogOutputStream:75 - [STDERR_REDIRECT] [Fatal Error] :1:1: Premature end of file.
2026-08-23 22:50:44,347 [ERROR] LogOutputStream:75 - [STDERR_REDIRECT] 
2026-08-23 22:50:45,351 [ERROR] LogOutputStream:75 - [STDERR_REDIRECT] [Fatal Error] :1:1: Premature end of file.
2026-08-23 22:50:45,351 [ERROR] LogOutputStream:75 - [STDERR_REDIRECT] 
2026-08-23 22:50:46,343 [ERROR] LogOutputStream:75 - [STDERR_REDIRECT] [Fatal Error] :1:1: Premature end of file.
2026-08-23 22:50:46,343 [ERROR] LogOutputStream:75 - [STDERR_REDIRECT] 
2026-08-23 22:50:47,343 [ERROR] LogOutputStream:75 - [STDERR_REDIRECT] [Fatal Error] :1:1: Premature end of file.
2026-08-23 22:50:47,344 [ERROR] LogOutputStream:75 - [STDERR_REDIRECT] 
2026-08-23 22:50:48,340 [ERROR] LogOutputStream:75 - [STDERR_REDIRECT] [Fatal Error] :1:1: Premature end of file.
2026-08-23 22:50:48,340 [ERROR] LogOutputStream:75 - [STDERR_REDIRECT] 
2026-08-23 22:50:49,348 [ERROR] LogOutputStream:75 - [STDERR_REDIRECT] [Fatal Error] :1:1: Premature end of file.
2026-08-23 22:50:49,349 [ERROR] LogOutputStream:75 - [STDERR_REDIRECT] 
2026-08-23 22:50:50,344 [ERROR] LogOutputStream:75 - [STDERR_REDIRECT] [Fatal Error] :1:1: Premature end of file.
2026-08-23 22:50:50,344 [ERROR] LogOutputStream:75 - [STDERR_REDIRECT] 
2026-08-23 22:50:51,375 [ERROR] LogOutputStream:75 - [STDERR_REDIRECT] [Fatal Error] :1:1: Premature end of file.
2026-08-23 22:50:51,375 [ERROR] LogOutputStream:75 - [STDERR_REDIRECT] 
2026-08-23 22:50:52,337 [ERROR] LogOutputStream:75 - [STDERR_REDIRECT] [Fatal Error] :1:1: Premature end of file.
2026-08-23 22:50:52,337 [ERROR] LogOutputStream:75 - [STDERR_REDIRECT] 
2026-08-23 22:50:53,344 [ERROR] LogOutputStream:75 - [STDERR_REDIRECT] [Fatal Error] :1:1: Premature end of file.
2026-08-23 22:50:53,344 [ERROR] LogOutputStream:75 - [STDERR_REDIRECT] 
2026-08-23 22:50:54,339 [ERROR] LogOutputStream:75 - [STDERR_REDIRECT] [Fatal Error] :1:1: Premature end of file.
2026-08-23 22:50:54,339 [ERROR] LogOutputStream:75 - [STDERR_REDIRECT] 
2026-08-23 22:50:55,339 [ERROR] LogOutputStream:75 - [STDERR_REDIRECT] [Fatal Error] :1:1: Premature end of file.
2026-08-23 22:50:55,340 [ERROR] LogOutputStream:75 - [STDERR_REDIRECT] 
2026-08-23 22:50:56,337 [ERROR] LogOutputStream:75 - [STDERR_REDIRECT] [Fatal Error] :1:1: Premature end of file.
2026-08-23 22:50:56,337 [ERROR] LogOutputStream:75 - [STDERR_REDIRECT] 
2026-08-23 22:50:57,337 [ERROR] LogOutputStream:75 - [STDERR_REDIRECT] [Fatal Error] :1:1: Premature end of file.
2026-08-23 22:50:57,337 [ERROR] LogOutputStream:75 - [STDERR_REDIRECT] 
2026-08-23 22:50:58,336 [ERROR] LogOutputStream:75 - [STDERR_REDIRECT] [Fatal Error] :1:1: Premature end of file.
2026-08-23 22:50:58,336 [ERROR] LogOutputStream:75 - [STDERR_REDIRECT] 
2026-08-23 22:50:59,336 [ERROR] LogOutputStream:75 - [STDERR_REDIRECT] [Fatal Error] :1:1: Premature end of file.
2026-08-23 22:50:59,336 [ERROR] LogOutputStream:75 - [STDERR_REDIRECT] 
2026-08-23 22:51:00,332 [ERROR] LogOutputStream:75 - [STDERR_REDIRECT] [Fatal Error] :1:1: Premature end of file.
2026-08-23 22:51:00,333 [ERROR] LogOutputStream:75 - [STDERR_REDIRECT] 
2026-08-23 22:51:01,339 [ERROR] LogOutputStream:75 - [STDERR_REDIRECT] [Fatal Error] :1:1: Premature end of file.
2026-08-23 22:51:01,339 [ERROR] LogOutputStream:75 - [STDERR_REDIRECT] 
2026-08-23 22:51:02,333 [ERROR] LogOutputStream:75 - [STDERR_REDIRECT] [Fatal Error] :1:1: Premature end of file.
2026-08-23 22:51:02,333 [ERROR] LogOutputStream:75 - [STDERR_REDIRECT] 
2026-08-23 22:51:03,333 [ERROR] LogOutputStream:75 - [STDERR_REDIRECT] [Fatal Error] :1:1: Premature end of file.
2026-08-23 22:51:03,333 [ERROR] LogOutputStream:75 - [STDERR_REDIRECT] 
2026-08-23 22:51:04,340 [ERROR] LogOutputStream:75 - [STDERR_REDIRECT] [Fatal Error] :1:1: Premature end of file.
2026-08-23 22:51:04,340 [ERROR] LogOutputStream:75 - [STDERR_REDIRECT] 
2026-08-23 22:51:05,331 [ERROR] LogOutputStream:75 - [STDERR_REDIRECT] [Fatal Error] :1:1: Premature end of file.
2026-08-23 22:51:05,332 [ERROR] LogOutputStream:75 - [STDERR_REDIRECT] 
2026-08-23 22:51:06,333 [ERROR] LogOutputStream:75 - [STDERR_REDIRECT] [Fatal Error] :1:1: Premature end of file.
2026-08-23 22:51:06,333 [ERROR] LogOutputStream:75 - [STDERR_REDIRECT] 
2026-08-23 22:51:07,331 [ERROR] LogOutputStream:75 - [STDERR_REDIRECT] [Fatal Error] :1:1: Premature end of file.
2026-08-23 22:51:07,331 [ERROR] LogOutputStream:75 - [STDERR_REDIRECT] 
2026-08-23 22:51:08,331 [ERROR] LogOutputStream:75 - [STDERR_REDIRECT] [Fatal Error] :1:1: Premature end of file.
2026-08-23 22:51:08,331 [ERROR] LogOutputStream:75 - [STDERR_REDIRECT] 
2026-08-23 22:51:09,338 [ERROR] LogOutputStream:75 - [STDERR_REDIRECT] [Fatal Error] :1:1: Premature end of file.
2026-08-23 22:51:09,338 [ERROR] LogOutputStream:75 - [STDERR_REDIRECT] 
2026-08-23 22:51:10,345 [ERROR] LogOutputStream:75 - [STDERR_REDIRECT] [Fatal Error] :1:1: Premature end of file.
2026-08-23 22:51:10,345 [ERROR] LogOutputStream:75 - [STDERR_REDIRECT] 
2026-08-23 22:51:11,343 [ERROR] LogOutputStream:75 - [STDERR_REDIRECT] [Fatal Error] :1:1: Premature end of file.
2026-08-23 22:51:11,343 [ERROR] LogOutputStream:75 - [STDERR_REDIRECT] 
2026-08-23 22:51:12,346 [ERROR] LogOutputStream:75 - [STDERR_REDIRECT] [Fatal Error] :1:1: Premature end of file.
2026-08-23 22:51:12,346 [ERROR] LogOutputStream:75 - [STDERR_REDIRECT] 
2026-08-23 22:51:13,339 [ERROR] LogOutputStream:75 - [STDERR_REDIRECT] [Fatal Error] :1:1: Premature end of file.
2026-08-23 22:51:13,339 [ERROR] LogOutputStream:75 - [STDERR_REDIRECT] 
2026-08-23 22:51:14,341 [ERROR] LogOutputStream:75 - [STDERR_REDIRECT] [Fatal Error] :1:1: Premature end of file.
2026-08-23 22:51:14,341 [ERROR] LogOutputStream:75 - [STDERR_REDIRECT] 
2026-08-23 22:51:15,339 [ERROR] LogOutputStream:75 - [STDERR_REDIRECT] [Fatal Error] :1:1: Premature end of file.
2026-08-23 22:51:15,339 [ERROR] LogOutputStream:75 - [STDERR_REDIRECT] 
2026-08-23 22:51:16,328 [ERROR] LogOutputStream:75 - [STDERR_REDIRECT] [Fatal Error] :1:1: Premature end of file.
2026-08-23 22:51:16,328 [ERROR] LogOutputStream:75 - [STDERR_REDIRECT] 
2026-08-23 22:51:17,341 [ERROR] LogOutputStream:75 - [STDERR_REDIRECT] [Fatal Error] :1:1: Premature end of file.
2026-08-23 22:51:17,341 [ERROR] LogOutputStream:75 - [STDERR_REDIRECT] 
2026-08-23 22:51:18,334 [ERROR] LogOutputStream:75 - [STDERR_REDIRECT] [Fatal Error] :1:1: Premature end of file.
2026-08-23 22:51:18,335 [ERROR] LogOutputStream:75 - [STDERR_REDIRECT] 
2026-08-23 22:51:19,342 [ERROR] LogOutputStream:75 - [STDERR_REDIRECT] [Fatal Error] :1:1: Premature end of file.
2026-08-23 22:51:19,342 [ERROR] LogOutputStream:75 - [STDERR_REDIRECT] 
2026-08-23 22:51:20,337 [ERROR] LogOutputStream:75 - [STDERR_REDIRECT] [Fatal Error] :1:1: Premature end of file.
2026-08-23 22:51:20,338 [ERROR] LogOutputStream:75 - [STDERR_REDIRECT] 
2026-08-23 22:51:21,337 [ERROR] LogOutputStream:75 - [STDERR_REDIRECT] [Fatal Error] :1:1: Premature end of file.
2026-08-23 22:51:21,337 [ERROR] LogOutputStream:75 - [STDERR_REDIRECT] 
2026-08-23 22:51:22,354 [ERROR] LogOutputStream:75 - [STDERR_REDIRECT] [Fatal Error] :1:1: Premature end of file.
2026-08-23 22:51:22,354 [ERROR] LogOutputStream:75 - [STDERR_REDIRECT] 
2026-08-23 22:51:23,346 [ERROR] LogOutputStream:75 - [STDERR_REDIRECT] [Fatal Error] :1:1: Premature end of file.
2026-08-23 22:51:23,347 [ERROR] LogOutputStream:75 - [STDERR_REDIRECT] 
2026-08-23 22:51:24,351 [ERROR] LogOutputStream:75 - [STDERR_REDIRECT] [Fatal Error] :1:1: Premature end of file.
2026-08-23 22:51:24,351 [ERROR] LogOutputStream:75 - [STDERR_REDIRECT] 
2026-08-23 22:51:25,347 [ERROR] LogOutputStream:75 - [STDERR_REDIRECT] [Fatal Error] :1:1: Premature end of file.
2026-08-23 22:51:25,347 [ERROR] LogOutputStream:75 - [STDERR_REDIRECT] 
2026-08-23 22:51:26,351 [ERROR] LogOutputStream:75 - [STDERR_REDIRECT] [Fatal Error] :1:1: Premature end of file.
2026-08-23 22:51:26,351 [ERROR] LogOutputStream:75 - [STDERR_REDIRECT] 
2026-08-23 22:51:27,351 [ERROR] LogOutputStream:75 - [STDERR_REDIRECT] [Fatal Error] :1:1: Premature end of file.
2026-08-23 22:51:27,352 [ERROR] LogOutputStream:75 - [STDERR_REDIRECT] 
2026-08-23 22:51:28,349 [ERROR] LogOutputStream:75 - [STDERR_REDIRECT] [Fatal Error] :1:1: Premature end of file.
2026-08-23 22:51:28,349 [ERROR] LogOutputStream:75 - [STDERR_REDIRECT] 
2026-08-23 22:51:29,348 [ERROR] LogOutputStream:75 - [STDERR_REDIRECT] [Fatal Error] :1:1: Premature end of file.
2026-08-23 22:51:29,349 [ERROR] LogOutputStream:75 - [STDERR_REDIRECT] 
2026-08-23 22:51:30,343 [ERROR] LogOutputStream:75 - [STDERR_REDIRECT] [Fatal Error] :1:1: Premature end of file.
2026-08-23 22:51:30,344 [ERROR] LogOutputStream:75 - [STDERR_REDIRECT] 
2026-08-23 22:51:31,346 [ERROR] LogOutputStream:75 - [STDERR_REDIRECT] [Fatal Error] :1:1: Premature end of file.
2026-08-23 22:51:31,346 [ERROR] LogOutputStream:75 - [STDERR_REDIRECT] 
2026-08-23 22:51:32,342 [ERROR] LogOutputStream:75 - [STDERR_REDIRECT] [Fatal Error] :1:1: Premature end of file.
2026-08-23 22:51:32,342 [ERROR] LogOutputStream:75 - [STDERR_REDIRECT] 
2026-08-23 22:51:33,340 [ERROR] LogOutputStream:75 - [STDERR_REDIRECT] [Fatal Error] :1:1: Premature end of file.
2026-08-23 22:51:33,340 [ERROR] LogOutputStream:75 - [STDERR_REDIRECT] 
2026-08-23 22:51:34,342 [ERROR] LogOutputStream:75 - [STDERR_REDIRECT] [Fatal Error] :1:1: Premature end of file.
2026-08-23 22:51:34,342 [ERROR] LogOutputStream:75 - [STDERR_REDIRECT] 
2026-08-23 22:51:35,336 [ERROR] LogOutputStream:75 - [STDERR_REDIRECT] [Fatal Error] :1:1: Premature end of file.
2026-08-23 22:51:35,336 [ERROR] LogOutputStream:75 - [STDERR_REDIRECT] 
2026-08-23 22:51:36,338 [ERROR] LogOutputStream:75 - [STDERR_REDIRECT] [Fatal Error] :1:1: Premature end of file.
2026-08-23 22:51:36,338 [ERROR] LogOutputStream:75 - [STDERR_REDIRECT] 
2026-08-23 22:51:37,339 [ERROR] LogOutputStream:75 - [STDERR_REDIRECT] [Fatal Error] :1:1: Premature end of file.
2026-08-23 22:51:37,340 [ERROR] LogOutputStream:75 - [STDERR_REDIRECT] 
2026-08-23 22:51:38,338 [ERROR] LogOutputStream:75 - [STDERR_REDIRECT] [Fatal Error] :1:1: Premature end of file.
2026-08-23 22:51:38,339 [ERROR] LogOutputStream:75 - [STDERR_REDIRECT] 
2026-08-23 22:51:39,348 [ERROR] LogOutputStream:75 - [STDERR_REDIRECT] [Fatal Error] :1:1: Premature end of file.
2026-08-23 22:51:39,348 [ERROR] LogOutputStream:75 - [STDERR_REDIRECT] 
2026-08-23 22:51:40,333 [ERROR] LogOutputStream:75 - [STDERR_REDIRECT] [Fatal Error] :1:1: Premature end of file.
2026-08-23 22:51:40,333 [ERROR] LogOutputStream:75 - [STDERR_REDIRECT] 
2026-08-23 22:51:41,333 [ERROR] LogOutputStream:75 - [STDERR_REDIRECT] [Fatal Error] :1:1: Premature end of file.
2026-08-23 22:51:41,335 [ERROR] LogOutputStream:75 - [STDERR_REDIRECT] 
2026-08-23 22:51:42,333 [ERROR] LogOutputStream:75 - [STDERR_REDIRECT] [Fatal Error] :1:1: Premature end of file.
2026-08-23 22:51:42,333 [ERROR] LogOutputStream:75 - [STDERR_REDIRECT] 
2026-08-23 22:51:43,332 [ERROR] LogOutputStream:75 - [STDERR_REDIRECT] [Fatal Error] :1:1: Premature end of file.
2026-08-23 22:51:43,332 [ERROR] LogOutputStream:75 - [STDERR_REDIRECT] 
2026-08-23 22:51:44,340 [ERROR] LogOutputStream:75 - [STDERR_REDIRECT] [Fatal Error] :1:1: Premature end of file.
2026-08-23 22:51:44,340 [ERROR] LogOutputStream:75 - [STDERR_REDIRECT] 
2026-08-23 22:51:45,352 [ERROR] LogOutputStream:75 - [STDERR_REDIRECT] [Fatal Error] :1:1: Premature end of file.
2026-08-23 22:51:45,352 [ERROR] LogOutputStream:75 - [STDERR_REDIRECT] 
2026-08-23 22:51:46,342 [ERROR] LogOutputStream:75 - [STDERR_REDIRECT] [Fatal Error] :1:1: Premature end of file.
2026-08-23 22:51:46,343 [ERROR] LogOutputStream:75 - [STDERR_REDIRECT] 
2026-08-23 22:51:47,344 [ERROR] LogOutputStream:75 - [STDERR_REDIRECT] [Fatal Error] :1:1: Premature end of file.
2026-08-23 22:51:47,344 [ERROR] LogOutputStream:75 - [STDERR_REDIRECT] 
2026-08-23 22:51:48,347 [ERROR] LogOutputStream:75 - [STDERR_REDIRECT] [Fatal Error] :1:1: Premature end of file.
2026-08-23 22:51:48,347 [ERROR] LogOutputStream:75 - [STDERR_REDIRECT] 
2026-08-23 22:51:49,343 [ERROR] LogOutputStream:75 - [STDERR_REDIRECT] [Fatal Error] :1:1: Premature end of file.
2026-08-23 22:51:49,343 [ERROR] LogOutputStream:75 - [STDERR_REDIRECT] 
2026-08-23 22:51:50,345 [ERROR] LogOutputStream:75 - [STDERR_REDIRECT] [Fatal Error] :1:1: Premature end of file.
2026-08-23 22:51:50,345 [ERROR] LogOutputStream:75 - [STDERR_REDIRECT] 
2026-08-23 22:51:51,339 [ERROR] LogOutputStream:75 - [STDERR_REDIRECT] [Fatal Error] :1:1: Premature end of file.
2026-08-23 22:51:51,339 [ERROR] LogOutputStream:75 - [STDERR_REDIRECT] 
2026-08-23 22:51:52,338 [ERROR] LogOutputStream:75 - [STDERR_REDIRECT] [Fatal Error] :1:1: Premature end of file.
2026-08-23 22:51:52,338 [ERROR] LogOutputStream:75 - [STDERR_REDIRECT] 
2026-08-23 22:51:53,334 [ERROR] LogOutputStream:75 - [STDERR_REDIRECT] [Fatal Error] :1:1: Premature end of file.
2026-08-23 22:51:53,334 [ERROR] LogOutputStream:75 - [STDERR_REDIRECT] 
2026-08-23 22:51:54,336 [ERROR] LogOutputStream:75 - [STDERR_REDIRECT] [Fatal Error] :1:1: Premature end of file.
2026-08-23 22:51:54,336 [ERROR] LogOutputStream:75 - [STDERR_REDIRECT] 
2026-08-23 22:51:55,342 [ERROR] LogOutputStream:75 - [STDERR_REDIRECT] [Fatal Error] :1:1: Premature end of file.
2026-08-23 22:51:55,342 [ERROR] LogOutputStream:75 - [STDERR_REDIRECT] 
2026-08-23 22:51:56,335 [ERROR] LogOutputStream:75 - [STDERR_REDIRECT] [Fatal Error] :1:1: Premature end of file.
2026-08-23 22:51:56,335 [ERROR] LogOutputStream:75 - [STDERR_REDIRECT] 
2026-08-23 22:51:57,327 [ERROR] LogOutputStream:75 - [STDERR_REDIRECT] [Fatal Error] :1:1: Premature end of file.
2026-08-23 22:51:57,327 [ERROR] LogOutputStream:75 - [STDERR_REDIRECT] 
2026-08-23 22:51:58,342 [ERROR] LogOutputStream:75 - [STDERR_REDIRECT] [Fatal Error] :1:1: Premature end of file.
2026-08-23 22:51:58,342 [ERROR] LogOutputStream:75 - [STDERR_REDIRECT] 
2026-08-23 22:51:59,337 [ERROR] LogOutputStream:75 - [STDERR_REDIRECT] [Fatal Error] :1:1: Premature end of file.
2026-08-23 22:51:59,337 [ERROR] LogOutputStream:75 - [STDERR_REDIRECT] 
2026-08-23 22:52:00,339 [ERROR] LogOutputStream:75 - [STDERR_REDIRECT] [Fatal Error] :1:1: Premature end of file.
2026-08-23 22:52:00,339 [ERROR] LogOutputStream:75 - [STDERR_REDIRECT] 
2026-08-23 22:52:01,342 [ERROR] LogOutputStream:75 - [STDERR_REDIRECT] [Fatal Error] :1:1: Premature end of file.
2026-08-23 22:52:01,342 [ERROR] LogOutputStream:75 - [STDERR_REDIRECT] 
2026-08-23 22:52:02,355 [ERROR] LogOutputStream:75 - [STDERR_REDIRECT] [Fatal Error] :1:1: Premature end of file.
2026-08-23 22:52:02,355 [ERROR] LogOutputStream:75 - [STDERR_REDIRECT] 
2026-08-23 22:52:03,335 [ERROR] LogOutputStream:75 - [STDERR_REDIRECT] [Fatal Error] :1:1: Premature end of file.
2026-08-23 22:52:03,335 [ERROR] LogOutputStream:75 - [STDERR_REDIRECT] 
2026-08-23 22:52:04,327 [ERROR] LogOutputStream:75 - [STDERR_REDIRECT] [Fatal Error] :1:1: Premature end of file.
2026-08-23 22:52:04,327 [ERROR] LogOutputStream:75 - [STDERR_REDIRECT] 
2026-08-23 22:52:05,350 [ERROR] LogOutputStream:75 - [STDERR_REDIRECT] [Fatal Error] :1:1: Premature end of file.
2026-08-23 22:52:05,350 [ERROR] LogOutputStream:75 - [STDERR_REDIRECT] 
2026-08-23 22:52:06,336 [ERROR] LogOutputStream:75 - [STDERR_REDIRECT] [Fatal Error] :1:1: Premature end of file.
2026-08-23 22:52:06,336 [ERROR] LogOutputStream:75 - [STDERR_REDIRECT] 
2026-08-23 22:52:07,347 [ERROR] LogOutputStream:75 - [STDERR_REDIRECT] [Fatal Error] :1:1: Premature end of file.
2026-08-23 22:52:07,347 [ERROR] LogOutputStream:75 - [STDERR_REDIRECT] 
2026-08-23 22:52:08,346 [ERROR] LogOutputStream:75 - [STDERR_REDIRECT] [Fatal Error] :1:1: Premature end of file.
2026-08-23 22:52:08,346 [ERROR] LogOutputStream:75 - [STDERR_REDIRECT] 
2026-08-23 22:52:09,342 [ERROR] LogOutputStream:75 - [STDERR_REDIRECT] [Fatal Error] :1:1: Premature end of file.
2026-08-23 22:52:09,342 [ERROR] LogOutputStream:75 - [STDERR_REDIRECT] 
2026-08-23 22:52:10,348 [ERROR] LogOutputStream:75 - [STDERR_REDIRECT] [Fatal Error] :1:1: Premature end of file.
2026-08-23 22:52:10,348 [ERROR] LogOutputStream:75 - [STDERR_REDIRECT] 
2026-08-23 22:52:11,343 [ERROR] LogOutputStream:75 - [STDERR_REDIRECT] [Fatal Error] :1:1: Premature end of file.
2026-08-23 22:52:11,343 [ERROR] LogOutputStream:75 - [STDERR_REDIRECT] 
2026-08-23 22:52:12,339 [ERROR] LogOutputStream:75 - [STDERR_REDIRECT] [Fatal Error] :1:1: Premature end of file.
2026-08-23 22:52:12,339 [ERROR] LogOutputStream:75 - [STDERR_REDIRECT] 
2026-08-23 22:52:13,339 [ERROR] LogOutputStream:75 - [STDERR_REDIRECT] [Fatal Error] :1:1: Premature end of file.
2026-08-23 22:52:13,339 [ERROR] LogOutputStream:75 - [STDERR_REDIRECT] 
2026-08-23 22:52:14,343 [ERROR] LogOutputStream:75 - [STDERR_REDIRECT] [Fatal Error] :1:1: Premature end of file.
2026-08-23 22:52:14,343 [ERROR] LogOutputStream:75 - [STDERR_REDIRECT] 
2026-08-23 22:52:15,341 [ERROR] LogOutputStream:75 - [STDERR_REDIRECT] [Fatal Error] :1:1: Premature end of file.
2026-08-23 22:52:15,341 [ERROR] LogOutputStream:75 - [STDERR_REDIRECT] 
2026-08-23 22:52:16,343 [ERROR] LogOutputStream:75 - [STDERR_REDIRECT] [Fatal Error] :1:1: Premature end of file.
2026-08-23 22:52:16,343 [ERROR] LogOutputStream:75 - [STDERR_REDIRECT] 
2026-08-23 22:52:17,340 [ERROR] LogOutputStream:75 - [STDERR_REDIRECT] [Fatal Error] :1:1: Premature end of file.
2026-08-23 22:52:17,341 [ERROR] LogOutputStream:75 - [STDERR_REDIRECT] 
2026-08-23 22:52:18,330 [ERROR] LogOutputStream:75 - [STDERR_REDIRECT] [Fatal Error] :1:1: Premature end of file.
2026-08-23 22:52:18,330 [ERROR] LogOutputStream:75 - [STDERR_REDIRECT] 
2026-08-23 22:52:19,340 [ERROR] LogOutputStream:75 - [STDERR_REDIRECT] [Fatal Error] :1:1: Premature end of file.
2026-08-23 22:52:19,340 [ERROR] LogOutputStream:75 - [STDERR_REDIRECT] 
2026-08-23 22:52:20,336 [ERROR] LogOutputStream:75 - [STDERR_REDIRECT] [Fatal Error] :1:1: Premature end of file.
2026-08-23 22:52:20,337 [ERROR] LogOutputStream:75 - [STDERR_REDIRECT] 
2026-08-23 22:52:21,349 [ERROR] LogOutputStream:75 - [STDERR_REDIRECT] [Fatal Error] :1:1: Premature end of file.
2026-08-23 22:52:21,349 [ERROR] LogOutputStream:75 - [STDERR_REDIRECT] 
2026-08-23 22:52:22,349 [ERROR] LogOutputStream:75 - [STDERR_REDIRECT] [Fatal Error] :1:1: Premature end of file.
2026-08-23 22:52:22,350 [ERROR] LogOutputStream:75 - [STDERR_REDIRECT] 
2026-08-23 22:52:23,352 [ERROR] LogOutputStream:75 - [STDERR_REDIRECT] [Fatal Error] :1:1: Premature end of file.
2026-08-23 22:52:23,352 [ERROR] LogOutputStream:75 - [STDERR_REDIRECT] 
2026-08-23 22:52:24,351 [ERROR] LogOutputStream:75 - [STDERR_REDIRECT] [Fatal Error] :1:1: Premature end of file.
2026-08-23 22:52:24,351 [ERROR] LogOutputStream:75 - [STDERR_REDIRECT] 
2026-08-23 22:52:25,349 [ERROR] LogOutputStream:75 - [STDERR_REDIRECT] [Fatal Error] :1:1: Premature end of file.
2026-08-23 22:52:25,350 [ERROR] LogOutputStream:75 - [STDERR_REDIRECT] 
2026-08-23 22:52:26,342 [ERROR] LogOutputStream:75 - [STDERR_REDIRECT] [Fatal Error] :1:1: Premature end of file.
2026-08-23 22:52:26,343 [ERROR] LogOutputStream:75 - [STDERR_REDIRECT] 
2026-08-23 22:52:27,345 [ERROR] LogOutputStream:75 - [STDERR_REDIRECT] [Fatal Error] :1:1: Premature end of file.
2026-08-23 22:52:27,345 [ERROR] LogOutputStream:75 - [STDERR_REDIRECT] 
2026-08-23 22:52:28,332 [ERROR] LogOutputStream:75 - [STDERR_REDIRECT] [Fatal Error] :1:1: Premature end of file.
2026-08-23 22:52:28,332 [ERROR] LogOutputStream:75 - [STDERR_REDIRECT] 
2026-08-23 22:52:29,330 [ERROR] LogOutputStream:75 - [STDERR_REDIRECT] [Fatal Error] :1:1: Premature end of file.
2026-08-23 22:52:29,330 [ERROR] LogOutputStream:75 - [STDERR_REDIRECT] 
2026-08-23 22:52:30,331 [ERROR] LogOutputStream:75 - [STDERR_REDIRECT] [Fatal Error] :1:1: Premature end of file.
2026-08-23 22:52:30,331 [ERROR] LogOutputStream:75 - [STDERR_REDIRECT] 
2026-08-23 22:52:31,337 [ERROR] LogOutputStream:75 - [STDERR_REDIRECT] [Fatal Error] :1:1: Premature end of file.
2026-08-23 22:52:31,337 [ERROR] LogOutputStream:75 - [STDERR_REDIRECT] 
2026-08-23 22:52:32,331 [ERROR] LogOutputStream:75 - [STDERR_REDIRECT] [Fatal Error] :1:1: Premature end of file.
2026-08-23 22:52:32,331 [ERROR] LogOutputStream:75 - [STDERR_REDIRECT] 
2026-08-23 22:52:33,332 [ERROR] LogOutputStream:75 - [STDERR_REDIRECT] [Fatal Error] :1:1: Premature end of file.
2026-08-23 22:52:33,333 [ERROR] LogOutputStream:75 - [STDERR_REDIRECT] 
2026-08-23 22:52:34,334 [ERROR] LogOutputStream:75 - [STDERR_REDIRECT] [Fatal Error] :1:1: Premature end of file.
2026-08-23 22:52:34,334 [ERROR] LogOutputStream:75 - [STDERR_REDIRECT] 
2026-08-23 22:52:35,333 [ERROR] LogOutputStream:75 - [STDERR_REDIRECT] [Fatal Error] :1:1: Premature end of file.
2026-08-23 22:52:35,334 [ERROR] LogOutputStream:75 - [STDERR_REDIRECT] 
2026-08-23 22:52:36,332 [ERROR] LogOutputStream:75 - [STDERR_REDIRECT] [Fatal Error] :1:1: Premature end of file.
2026-08-23 22:52:36,332 [ERROR] LogOutputStream:75 - [STDERR_REDIRECT] 
2026-08-23 22:52:37,337 [ERROR] LogOutputStream:75 - [STDERR_REDIRECT] [Fatal Error] :1:1: Premature end of file.
2026-08-23 22:52:37,337 [ERROR] LogOutputStream:75 - [STDERR_REDIRECT] 
2026-08-23 22:52:38,343 [ERROR] LogOutputStream:75 - [STDERR_REDIRECT] [Fatal Error] :1:1: Premature end of file.
2026-08-23 22:52:38,343 [ERROR] LogOutputStream:75 - [STDERR_REDIRECT] 
2026-08-23 22:52:39,340 [ERROR] LogOutputStream:75 - [STDERR_REDIRECT] [Fatal Error] :1:1: Premature end of file.
2026-08-23 22:52:39,340 [ERROR] LogOutputStream:75 - [STDERR_REDIRECT] 
2026-08-23 22:52:40,338 [ERROR] LogOutputStream:75 - [STDERR_REDIRECT] [Fatal Error] :1:1: Premature end of file.
2026-08-23 22:52:40,338 [ERROR] LogOutputStream:75 - [STDERR_REDIRECT] 
2026-08-23 22:52:41,337 [ERROR] LogOutputStream:75 - [STDERR_REDIRECT] [Fatal Error] :1:1: Premature end of file.
2026-08-23 22:52:41,337 [ERROR] LogOutputStream:75 - [STDERR_REDIRECT] 
2026-08-23 22:52:42,335 [ERROR] LogOutputStream:75 - [STDERR_REDIRECT] [Fatal Error] :1:1: Premature end of file.
2026-08-23 22:52:42,335 [ERROR] LogOutputStream:75 - [STDERR_REDIRECT] 
2026-08-23 22:52:43,352 [ERROR] LogOutputStream:75 - [STDERR_REDIRECT] [Fatal Error] :1:1: Premature end of file.
2026-08-23 22:52:43,352 [ERROR] LogOutputStream:75 - [STDERR_REDIRECT] 
2026-08-23 22:52:44,351 [ERROR] LogOutputStream:75 - [STDERR_REDIRECT] [Fatal Error] :1:1: Premature end of file.
2026-08-23 22:52:44,351 [ERROR] LogOutputStream:75 - [STDERR_REDIRECT] 
2026-08-23 22:52:45,350 [ERROR] LogOutputStream:75 - [STDERR_REDIRECT] [Fatal Error] :1:1: Premature end of file.
2026-08-23 22:52:45,350 [ERROR] LogOutputStream:75 - [STDERR_REDIRECT] 
2026-08-23 22:52:46,330 [ERROR] LogOutputStream:75 - [STDERR_REDIRECT] [Fatal Error] :1:1: Premature end of file.
2026-08-23 22:52:46,330 [ERROR] LogOutputStream:75 - [STDERR_REDIRECT] 
2026-08-23 22:52:47,337 [ERROR] LogOutputStream:75 - [STDERR_REDIRECT] [Fatal Error] :1:1: Premature end of file.
2026-08-23 22:52:47,337 [ERROR] LogOutputStream:75 - [STDERR_REDIRECT] 
2026-08-23 22:52:48,331 [ERROR] LogOutputStream:75 - [STDERR_REDIRECT] [Fatal Error] :1:1: Premature end of file.
2026-08-23 22:52:48,331 [ERROR] LogOutputStream:75 - [STDERR_REDIRECT] 
2026-08-23 22:52:49,354 [ERROR] LogOutputStream:75 - [STDERR_REDIRECT] [Fatal Error] :1:1: Premature end of file.
2026-08-23 22:52:49,354 [ERROR] LogOutputStream:75 - [STDERR_REDIRECT] 
2026-08-23 22:52:50,337 [ERROR] LogOutputStream:75 - [STDERR_REDIRECT] [Fatal Error] :1:1: Premature end of file.
2026-08-23 22:52:50,337 [ERROR] LogOutputStream:75 - [STDERR_REDIRECT] 
2026-08-23 22:52:51,328 [ERROR] LogOutputStream:75 - [STDERR_REDIRECT] [Fatal Error] :1:1: Premature end of file.
2026-08-23 22:52:51,328 [ERROR] LogOutputStream:75 - [STDERR_REDIRECT] 
2026-08-23 22:52:52,345 [ERROR] LogOutputStream:75 - [STDERR_REDIRECT] [Fatal Error] :1:1: Premature end of file.
2026-08-23 22:52:52,345 [ERROR] LogOutputStream:75 - [STDERR_REDIRECT] 
2026-08-23 22:52:53,343 [ERROR] LogOutputStream:75 - [STDERR_REDIRECT] [Fatal Error] :1:1: Premature end of file.
2026-08-23 22:52:53,343 [ERROR] LogOutputStream:75 - [STDERR_REDIRECT] 
2026-08-23 22:52:54,357 [ERROR] LogOutputStream:75 - [STDERR_REDIRECT] [Fatal Error] :1:1: Premature end of file.
2026-08-23 22:52:54,357 [ERROR] LogOutputStream:75 - [STDERR_REDIRECT] 
2026-08-23 22:52:55,337 [ERROR] LogOutputStream:75 - [STDERR_REDIRECT] [Fatal Error] :1:1: Premature end of file.
2026-08-23 22:52:55,337 [ERROR] LogOutputStream:75 - [STDERR_REDIRECT] 
2026-08-23 22:52:56,329 [ERROR] LogOutputStream:75 - [STDERR_REDIRECT] [Fatal Error] :1:1: Premature end of file.
2026-08-23 22:52:56,329 [ERROR] LogOutputStream:75 - [STDERR_REDIRECT] 
2026-08-23 22:52:57,330 [ERROR] LogOutputStream:75 - [STDERR_REDIRECT] [Fatal Error] :1:1: Premature end of file.
2026-08-23 22:52:57,330 [ERROR] LogOutputStream:75 - [STDERR_REDIRECT] 
2026-08-23 22:52:58,345 [ERROR] LogOutputStream:75 - [STDERR_REDIRECT] [Fatal Error] :1:1: Premature end of file.
2026-08-23 22:52:58,345 [ERROR] LogOutputStream:75 - [STDERR_REDIRECT] 
2026-08-23 22:52:59,326 [ERROR] LogOutputStream:75 - [STDERR_REDIRECT] [Fatal Error] :1:1: Premature end of file.
2026-08-23 22:52:59,326 [ERROR] LogOutputStream:75 - [STDERR_REDIRECT] 
2026-08-23 22:53:00,348 [ERROR] LogOutputStream:75 - [STDERR_REDIRECT] [Fatal Error] :1:1: Premature end of file.
2026-08-23 22:53:00,348 [ERROR] LogOutputStream:75 - [STDERR_REDIRECT] 
2026-08-23 22:53:01,364 [ERROR] LogOutputStream:75 - [STDERR_REDIRECT] [Fatal Error] :1:1: Premature end of file.
2026-08-23 22:53:01,364 [ERROR] LogOutputStream:75 - [STDERR_REDIRECT] 
2026-08-23 22:53:02,384 [ERROR] LogOutputStream:75 - [STDERR_REDIRECT] [Fatal Error] :1:1: Premature end of file.
2026-08-23 22:53:02,384 [ERROR] LogOutputStream:75 - [STDERR_REDIRECT] 
2026-08-23 22:53:03,446 [ERROR] LogOutputStream:75 - [STDERR_REDIRECT] [Fatal Error] :1:1: Premature end of file.
2026-08-23 22:53:03,446 [ERROR] LogOutputStream:75 - [STDERR_REDIRECT] 
2026-08-23 22:53:04,358 [ERROR] LogOutputStream:75 - [STDERR_REDIRECT] [Fatal Error] :1:1: Premature end of file.
2026-08-23 22:53:04,358 [ERROR] LogOutputStream:75 - [STDERR_REDIRECT] 
2026-08-23 22:53:05,347 [ERROR] LogOutputStream:75 - [STDERR_REDIRECT] [Fatal Error] :1:1: Premature end of file.
2026-08-23 22:53:05,347 [ERROR] LogOutputStream:75 - [STDERR_REDIRECT] 
2026-08-23 22:53:06,333 [ERROR] LogOutputStream:75 - [STDERR_REDIRECT] [Fatal Error] :1:1: Premature end of file.
2026-08-23 22:53:06,334 [ERROR] LogOutputStream:75 - [STDERR_REDIRECT] 
2026-08-23 22:53:07,332 [ERROR] LogOutputStream:75 - [STDERR_REDIRECT] [Fatal Error] :1:1: Premature end of file.
2026-08-23 22:53:07,332 [ERROR] LogOutputStream:75 - [STDERR_REDIRECT] 
2026-08-23 22:53:08,331 [ERROR] LogOutputStream:75 - [STDERR_REDIRECT] [Fatal Error] :1:1: Premature end of file.
2026-08-23 22:53:08,331 [ERROR] LogOutputStream:75 - [STDERR_REDIRECT] 
2026-08-23 22:53:09,332 [ERROR] LogOutputStream:75 - [STDERR_REDIRECT] [Fatal Error] :1:1: Premature end of file.
2026-08-23 22:53:09,332 [ERROR] LogOutputStream:75 - [STDERR_REDIRECT] 
2026-08-23 22:53:10,331 [ERROR] LogOutputStream:75 - [STDERR_REDIRECT] [Fatal Error] :1:1: Premature end of file.
2026-08-23 22:53:10,331 [ERROR] LogOutputStream:75 - [STDERR_REDIRECT] 
2026-08-23 22:53:11,330 [ERROR] LogOutputStream:75 - [STDERR_REDIRECT] [Fatal Error] :1:1: Premature end of file.
2026-08-23 22:53:11,330 [ERROR] LogOutputStream:75 - [STDERR_REDIRECT] 
2026-08-23 22:53:12,366 [ERROR] LogOutputStream:75 - [STDERR_REDIRECT] [Fatal Error] :1:1: Premature end of file.
2026-08-23 22:53:12,366 [ERROR] LogOutputStream:75 - [STDERR_REDIRECT] 
2026-08-23 22:53:13,333 [ERROR] LogOutputStream:75 - [STDERR_REDIRECT] [Fatal Error] :1:1: Premature end of file.
2026-08-23 22:53:13,333 [ERROR] LogOutputStream:75 - [STDERR_REDIRECT] 
2026-08-23 22:53:14,333 [ERROR] LogOutputStream:75 - [STDERR_REDIRECT] [Fatal Error] :1:1: Premature end of file.
2026-08-23 22:53:14,333 [ERROR] LogOutputStream:75 - [STDERR_REDIRECT] 
2026-08-23 22:53:15,331 [ERROR] LogOutputStream:75 - [STDERR_REDIRECT] [Fatal Error] :1:1: Premature end of file.
2026-08-23 22:53:15,331 [ERROR] LogOutputStream:75 - [STDERR_REDIRECT] 
2026-08-23 22:53:16,336 [ERROR] LogOutputStream:75 - [STDERR_REDIRECT] [Fatal Error] :1:1: Premature end of file.
2026-08-23 22:53:16,336 [ERROR] LogOutputStream:75 - [STDERR_REDIRECT] 
2026-08-23 22:53:17,346 [ERROR] LogOutputStream:75 - [STDERR_REDIRECT] [Fatal Error] :1:1: Premature end of file.
2026-08-23 22:53:17,347 [ERROR] LogOutputStream:75 - [STDERR_REDIRECT] 
2026-08-23 22:53:18,331 [ERROR] LogOutputStream:75 - [STDERR_REDIRECT] [Fatal Error] :1:1: Premature end of file.
2026-08-23 22:53:18,331 [ERROR] LogOutputStream:75 - [STDERR_REDIRECT] 
2026-08-23 22:53:19,345 [ERROR] LogOutputStream:75 - [STDERR_REDIRECT] [Fatal Error] :1:1: Premature end of file.
2026-08-23 22:53:19,345 [ERROR] LogOutputStream:75 - [STDERR_REDIRECT] 
2026-08-23 22:53:20,341 [ERROR] LogOutputStream:75 - [STDERR_REDIRECT] [Fatal Error] :1:1: Premature end of file.
2026-08-23 22:53:20,341 [ERROR] LogOutputStream:75 - [STDERR_REDIRECT] 
2026-08-23 22:53:21,344 [ERROR] LogOutputStream:75 - [STDERR_REDIRECT] [Fatal Error] :1:1: Premature end of file.
2026-08-23 22:53:21,344 [ERROR] LogOutputStream:75 - [STDERR_REDIRECT] 
2026-08-23 22:53:22,353 [ERROR] LogOutputStream:75 - [STDERR_REDIRECT] [Fatal Error] :1:1: Premature end of file.
2026-08-23 22:53:22,353 [ERROR] LogOutputStream:75 - [STDERR_REDIRECT] 
2026-08-23 22:53:23,354 [ERROR] LogOutputStream:75 - [STDERR_REDIRECT] [Fatal Error] :1:1: Premature end of file.
2026-08-23 22:53:23,354 [ERROR] LogOutputStream:75 - [STDERR_REDIRECT] 
2026-08-23 22:53:24,358 [ERROR] LogOutputStream:75 - [STDERR_REDIRECT] [Fatal Error] :1:1: Premature end of file.
2026-08-23 22:53:24,358 [ERROR] LogOutputStream:75 - [STDERR_REDIRECT] 
2026-08-23 22:53:25,359 [ERROR] LogOutputStream:75 - [STDERR_REDIRECT] [Fatal Error] :1:1: Premature end of file.
2026-08-23 22:53:25,360 [ERROR] LogOutputStream:75 - [STDERR_REDIRECT] 
2026-08-23 22:53:26,353 [ERROR] LogOutputStream:75 - [STDERR_REDIRECT] [Fatal Error] :1:1: Premature end of file.
2026-08-23 22:53:26,354 [ERROR] LogOutputStream:75 - [STDERR_REDIRECT] 
2026-08-23 22:53:27,359 [ERROR] LogOutputStream:75 - [STDERR_REDIRECT] [Fatal Error] :1:1: Premature end of file.
2026-08-23 22:53:27,359 [ERROR] LogOutputStream:75 - [STDERR_REDIRECT] 
2026-08-23 22:53:28,351 [ERROR] LogOutputStream:75 - [STDERR_REDIRECT] [Fatal Error] :1:1: Premature end of file.
2026-08-23 22:53:28,351 [ERROR] LogOutputStream:75 - [STDERR_REDIRECT] 
2026-08-23 22:53:29,342 [ERROR] LogOutputStream:75 - [STDERR_REDIRECT] [Fatal Error] :1:1: Premature end of file.
2026-08-23 22:53:29,342 [ERROR] LogOutputStream:75 - [STDERR_REDIRECT] 
2026-08-23 22:53:30,351 [ERROR] LogOutputStream:75 - [STDERR_REDIRECT] [Fatal Error] :1:1: Premature end of file.
2026-08-23 22:53:30,352 [ERROR] LogOutputStream:75 - [STDERR_REDIRECT] 
2026-08-23 22:53:31,343 [ERROR] LogOutputStream:75 - [STDERR_REDIRECT] [Fatal Error] :1:1: Premature end of file.
2026-08-23 22:53:31,343 [ERROR] LogOutputStream:75 - [STDERR_REDIRECT] 
2026-08-23 22:53:32,431 [ERROR] LogOutputStream:75 - [STDERR_REDIRECT] [Fatal Error] :1:1: Premature end of file.
2026-08-23 22:53:32,431 [ERROR] LogOutputStream:75 - [STDERR_REDIRECT] 
2026-08-23 22:53:33,399 [ERROR] LogOutputStream:75 - [STDERR_REDIRECT] [Fatal Error] :1:1: Premature end of file.
2026-08-23 22:53:33,399 [ERROR] LogOutputStream:75 - [STDERR_REDIRECT] 
2026-08-23 22:53:34,475 [ERROR] LogOutputStream:75 - [STDERR_REDIRECT] [Fatal Error] :1:1: Premature end of file.
2026-08-23 22:53:34,475 [ERROR] LogOutputStream:75 - [STDERR_REDIRECT] 
2026-08-23 22:53:35,360 [ERROR] LogOutputStream:75 - [STDERR_REDIRECT] [Fatal Error] :1:1: Premature end of file.
2026-08-23 22:53:35,360 [ERROR] LogOutputStream:75 - [STDERR_REDIRECT] 
2026-08-23 22:53:36,136 [INFO] WebApp:194 - Connection lost
2026-08-23 22:53:36,314 [INFO] WebApp:191 - Connection restablished
2026-08-23 22:53:36,367 [ERROR] LogOutputStream:75 - [STDERR_REDIRECT] [Fatal Error] :1:1: Premature end of file.
2026-08-23 22:53:36,367 [ERROR] LogOutputStream:75 - [STDERR_REDIRECT] 
2026-08-23 22:53:37,371 [ERROR] LogOutputStream:75 - [STDERR_REDIRECT] [Fatal Error] :1:1: Premature end of file.
2026-08-23 22:53:37,371 [ERROR] LogOutputStream:75 - [STDERR_REDIRECT] 
2026-08-23 22:53:38,364 [ERROR] LogOutputStream:75 - [STDERR_REDIRECT] [Fatal Error] :1:1: Premature end of file.
2026-08-23 22:53:38,364 [ERROR] LogOutputStream:75 - [STDERR_REDIRECT] 
2026-08-23 22:53:38,407 [INFO] WebApp:194 - Connection lost
2026-08-23 22:53:38,517 [INFO] WebApp:191 - Connection restablished
2026-08-23 22:53:39,345 [ERROR] LogOutputStream:75 - [STDERR_REDIRECT] [Fatal Error] :1:1: Premature end of file.
2026-08-23 22:53:39,345 [ERROR] LogOutputStream:75 - [STDERR_REDIRECT] 
2026-08-23 22:53:40,371 [ERROR] LogOutputStream:75 - [STDERR_REDIRECT] [Fatal Error] :1:1: Premature end of file.
2026-08-23 22:53:40,373 [ERROR] LogOutputStream:75 - [STDERR_REDIRECT] 
2026-08-23 22:53:41,342 [ERROR] LogOutputStream:75 - [STDERR_REDIRECT] [Fatal Error] :1:1: Premature end of file.
2026-08-23 22:53:41,342 [ERROR] LogOutputStream:75 - [STDERR_REDIRECT] 
2026-08-23 22:53:42,340 [ERROR] LogOutputStream:75 - [STDERR_REDIRECT] [Fatal Error] :1:1: Premature end of file.
2026-08-23 22:53:42,340 [ERROR] LogOutputStream:75 - [STDERR_REDIRECT] 
2026-08-23 22:53:43,348 [ERROR] LogOutputStream:75 - [STDERR_REDIRECT] [Fatal Error] :1:1: Premature end of file.
2026-08-23 22:53:43,348 [ERROR] LogOutputStream:75 - [STDERR_REDIRECT] 
2026-08-23 22:53:44,339 [ERROR] LogOutputStream:75 - [STDERR_REDIRECT] [Fatal Error] :1:1: Premature end of file.
2026-08-23 22:53:44,339 [ERROR] LogOutputStream:75 - [STDERR_REDIRECT] 
2026-08-23 22:53:45,341 [ERROR] LogOutputStream:75 - [STDERR_REDIRECT] [Fatal Error] :1:1: Premature end of file.
2026-08-23 22:53:45,341 [ERROR] LogOutputStream:75 - [STDERR_REDIRECT] 
2026-08-23 22:53:46,370 [ERROR] LogOutputStream:75 - [STDERR_REDIRECT] [Fatal Error] :1:1: Premature end of file.
2026-08-23 22:53:46,370 [ERROR] LogOutputStream:75 - [STDERR_REDIRECT] 
2026-08-23 22:53:47,348 [ERROR] LogOutputStream:75 - [STDERR_REDIRECT] [Fatal Error] :1:1: Premature end of file.
2026-08-23 22:53:47,348 [ERROR] LogOutputStream:75 - [STDERR_REDIRECT] 
2026-08-23 22:53:48,341 [ERROR] LogOutputStream:75 - [STDERR_REDIRECT] [Fatal Error] :1:1: Premature end of file.
2026-08-23 22:53:48,341 [ERROR] LogOutputStream:75 - [STDERR_REDIRECT] 
2026-08-23 22:53:49,350 [ERROR] LogOutputStream:75 - [STDERR_REDIRECT] [Fatal Error] :1:1: Premature end of file.
2026-08-23 22:53:49,350 [ERROR] LogOutputStream:75 - [STDERR_REDIRECT] 
2026-08-23 22:53:50,353 [ERROR] LogOutputStream:75 - [STDERR_REDIRECT] [Fatal Error] :1:1: Premature end of file.
2026-08-23 22:53:50,355 [ERROR] LogOutputStream:75 - [STDERR_REDIRECT] 
2026-08-23 22:53:51,342 [ERROR] LogOutputStream:75 - [STDERR_REDIRECT] [Fatal Error] :1:1: Premature end of file.
2026-08-23 22:53:51,342 [ERROR] LogOutputStream:75 - [STDERR_REDIRECT] 
2026-08-23 22:53:52,347 [ERROR] LogOutputStream:75 - [STDERR_REDIRECT] [Fatal Error] :1:1: Premature end of file.
2026-08-23 22:53:52,347 [ERROR] LogOutputStream:75 - [STDERR_REDIRECT] 
2026-08-23 22:53:53,351 [ERROR] LogOutputStream:75 - [STDERR_REDIRECT] [Fatal Error] :1:1: Premature end of file.
2026-08-23 22:53:53,351 [ERROR] LogOutputStream:75 - [STDERR_REDIRECT] 
2026-08-23 22:53:54,331 [ERROR] LogOutputStream:75 - [STDERR_REDIRECT] [Fatal Error] :1:1: Premature end of file.
2026-08-23 22:53:54,331 [ERROR] LogOutputStream:75 - [STDERR_REDIRECT] 
2026-08-23 22:53:55,337 [ERROR] LogOutputStream:75 - [STDERR_REDIRECT] [Fatal Error] :1:1: Premature end of file.
2026-08-23 22:53:55,337 [ERROR] LogOutputStream:75 - [STDERR_REDIRECT] 
2026-08-23 22:53:56,402 [ERROR] LogOutputStream:75 - [STDERR_REDIRECT] [Fatal Error] :1:1: Premature end of file.
2026-08-23 22:53:56,402 [ERROR] LogOutputStream:75 - [STDERR_REDIRECT] 
2026-08-23 22:53:57,336 [ERROR] LogOutputStream:75 - [STDERR_REDIRECT] [Fatal Error] :1:1: Premature end of file.
2026-08-23 22:53:57,336 [ERROR] LogOutputStream:75 - [STDERR_REDIRECT] 
2026-08-23 22:53:58,337 [ERROR] LogOutputStream:75 - [STDERR_REDIRECT] [Fatal Error] :1:1: Premature end of file.
2026-08-23 22:53:58,337 [ERROR] LogOutputStream:75 - [STDERR_REDIRECT] 
2026-08-23 22:53:59,406 [ERROR] LogOutputStream:75 - [STDERR_REDIRECT] [Fatal Error] :1:1: Premature end of file.
2026-08-23 22:53:59,406 [ERROR] LogOutputStream:75 - [STDERR_REDIRECT] 
2026-08-23 22:54:00,395 [ERROR] LogOutputStream:75 - [STDERR_REDIRECT] [Fatal Error] :1:1: Premature end of file.
2026-08-23 22:54:00,395 [ERROR] LogOutputStream:75 - [STDERR_REDIRECT] 
2026-08-23 22:54:01,340 [ERROR] LogOutputStream:75 - [STDERR_REDIRECT] [Fatal Error] :1:1: Premature end of file.
2026-08-23 22:54:01,340 [ERROR] LogOutputStream:75 - [STDERR_REDIRECT] 
2026-08-23 22:54:02,366 [ERROR] LogOutputStream:75 - [STDERR_REDIRECT] [Fatal Error] :1:1: Premature end of file.
2026-08-23 22:54:02,366 [ERROR] LogOutputStream:75 - [STDERR_REDIRECT] 
2026-08-23 22:54:03,356 [ERROR] LogOutputStream:75 - [STDERR_REDIRECT] [Fatal Error] :1:1: Premature end of file.
2026-08-23 22:54:03,357 [ERROR] LogOutputStream:75 - [STDERR_REDIRECT] 
2026-08-23 22:54:04,346 [ERROR] LogOutputStream:75 - [STDERR_REDIRECT] [Fatal Error] :1:1: Premature end of file.
2026-08-23 22:54:04,347 [ERROR] LogOutputStream:75 - [STDERR_REDIRECT] 
2026-08-23 22:54:05,342 [ERROR] LogOutputStream:75 - [STDERR_REDIRECT] [Fatal Error] :1:1: Premature end of file.
2026-08-23 22:54:05,342 [ERROR] LogOutputStream:75 - [STDERR_REDIRECT] 
2026-08-23 22:54:06,332 [ERROR] LogOutputStream:75 - [STDERR_REDIRECT] [Fatal Error] :1:1: Premature end of file.
2026-08-23 22:54:06,332 [ERROR] LogOutputStream:75 - [STDERR_REDIRECT] 
2026-08-23 22:54:07,335 [ERROR] LogOutputStream:75 - [STDERR_REDIRECT] [Fatal Error] :1:1: Premature end of file.
2026-08-23 22:54:07,335 [ERROR] LogOutputStream:75 - [STDERR_REDIRECT] 
2026-08-23 22:54:08,325 [ERROR] LogOutputStream:75 - [STDERR_REDIRECT] [Fatal Error] :1:1: Premature end of file.
2026-08-23 22:54:08,325 [ERROR] LogOutputStream:75 - [STDERR_REDIRECT] 
2026-08-23 22:54:09,328 [ERROR] LogOutputStream:75 - [STDERR_REDIRECT] [Fatal Error] :1:1: Premature end of file.
2026-08-23 22:54:09,328 [ERROR] LogOutputStream:75 - [STDERR_REDIRECT] 
2026-08-23 22:54:10,349 [ERROR] LogOutputStream:75 - [STDERR_REDIRECT] [Fatal Error] :1:1: Premature end of file.
2026-08-23 22:54:10,349 [ERROR] LogOutputStream:75 - [STDERR_REDIRECT] 
2026-08-23 22:54:11,340 [ERROR] LogOutputStream:75 - [STDERR_REDIRECT] [Fatal Error] :1:1: Premature end of file.
2026-08-23 22:54:11,340 [ERROR] LogOutputStream:75 - [STDERR_REDIRECT] 
2026-08-23 22:54:12,331 [ERROR] LogOutputStream:75 - [STDERR_REDIRECT] [Fatal Error] :1:1: Premature end of file.
2026-08-23 22:54:12,331 [ERROR] LogOutputStream:75 - [STDERR_REDIRECT] 
2026-08-23 22:54:13,335 [ERROR] LogOutputStream:75 - [STDERR_REDIRECT] [Fatal Error] :1:1: Premature end of file.
2026-08-23 22:54:13,335 [ERROR] LogOutputStream:75 - [STDERR_REDIRECT] 
2026-08-23 22:54:14,348 [ERROR] LogOutputStream:75 - [STDERR_REDIRECT] [Fatal Error] :1:1: Premature end of file.
2026-08-23 22:54:14,348 [ERROR] LogOutputStream:75 - [STDERR_REDIRECT] 
2026-08-23 22:54:15,331 [ERROR] LogOutputStream:75 - [STDERR_REDIRECT] [Fatal Error] :1:1: Premature end of file.
2026-08-23 22:54:15,331 [ERROR] LogOutputStream:75 - [STDERR_REDIRECT] 
2026-08-23 22:54:16,346 [ERROR] LogOutputStream:75 - [STDERR_REDIRECT] [Fatal Error] :1:1: Premature end of file.
2026-08-23 22:54:16,346 [ERROR] LogOutputStream:75 - [STDERR_REDIRECT] 
2026-08-23 22:54:17,335 [ERROR] LogOutputStream:75 - [STDERR_REDIRECT] [Fatal Error] :1:1: Premature end of file.
2026-08-23 22:54:17,335 [ERROR] LogOutputStream:75 - [STDERR_REDIRECT] 
2026-08-23 22:54:18,324 [ERROR] LogOutputStream:75 - [STDERR_REDIRECT] [Fatal Error] :1:1: Premature end of file.
2026-08-23 22:54:18,324 [ERROR] LogOutputStream:75 - [STDERR_REDIRECT] 
2026-08-23 22:54:19,340 [ERROR] LogOutputStream:75 - [STDERR_REDIRECT] [Fatal Error] :1:1: Premature end of file.
2026-08-23 22:54:19,340 [ERROR] LogOutputStream:75 - [STDERR_REDIRECT] 
2026-08-23 22:54:20,347 [ERROR] LogOutputStream:75 - [STDERR_REDIRECT] [Fatal Error] :1:1: Premature end of file.
2026-08-23 22:54:20,347 [ERROR] LogOutputStream:75 - [STDERR_REDIRECT] 
2026-08-23 22:54:21,347 [ERROR] LogOutputStream:75 - [STDERR_REDIRECT] [Fatal Error] :1:1: Premature end of file.
2026-08-23 22:54:21,347 [ERROR] LogOutputStream:75 - [STDERR_REDIRECT] 
2026-08-23 22:54:22,339 [ERROR] LogOutputStream:75 - [STDERR_REDIRECT] [Fatal Error] :1:1: Premature end of file.
2026-08-23 22:54:22,339 [ERROR] LogOutputStream:75 - [STDERR_REDIRECT] 
2026-08-23 22:54:23,349 [ERROR] LogOutputStream:75 - [STDERR_REDIRECT] [Fatal Error] :1:1: Premature end of file.
2026-08-23 22:54:23,350 [ERROR] LogOutputStream:75 - [STDERR_REDIRECT] 
2026-08-23 22:54:24,351 [ERROR] LogOutputStream:75 - [STDERR_REDIRECT] [Fatal Error] :1:1: Premature end of file.
2026-08-23 22:54:24,351 [ERROR] LogOutputStream:75 - [STDERR_REDIRECT] 
2026-08-23 22:54:25,363 [ERROR] LogOutputStream:75 - [STDERR_REDIRECT] [Fatal Error] :1:1: Premature end of file.
2026-08-23 22:54:25,363 [ERROR] LogOutputStream:75 - [STDERR_REDIRECT] 
2026-08-23 22:54:26,344 [ERROR] LogOutputStream:75 - [STDERR_REDIRECT] [Fatal Error] :1:1: Premature end of file.
2026-08-23 22:54:26,346 [ERROR] LogOutputStream:75 - [STDERR_REDIRECT] 
2026-08-23 22:54:27,349 [ERROR] LogOutputStream:75 - [STDERR_REDIRECT] [Fatal Error] :1:1: Premature end of file.
2026-08-23 22:54:27,349 [ERROR] LogOutputStream:75 - [STDERR_REDIRECT] 
2026-08-23 22:54:28,347 [ERROR] LogOutputStream:75 - [STDERR_REDIRECT] [Fatal Error] :1:1: Premature end of file.
2026-08-23 22:54:28,347 [ERROR] LogOutputStream:75 - [STDERR_REDIRECT] 
2026-08-23 22:54:29,336 [ERROR] LogOutputStream:75 - [STDERR_REDIRECT] [Fatal Error] :1:1: Premature end of file.
2026-08-23 22:54:29,336 [ERROR] LogOutputStream:75 - [STDERR_REDIRECT] 
2026-08-23 22:54:30,338 [ERROR] LogOutputStream:75 - [STDERR_REDIRECT] [Fatal Error] :1:1: Premature end of file.
2026-08-23 22:54:30,338 [ERROR] LogOutputStream:75 - [STDERR_REDIRECT] 
2026-08-23 22:54:31,348 [ERROR] LogOutputStream:75 - [STDERR_REDIRECT] [Fatal Error] :1:1: Premature end of file.
2026-08-23 22:54:31,348 [ERROR] LogOutputStream:75 - [STDERR_REDIRECT] 
2026-08-23 22:54:32,324 [ERROR] LogOutputStream:75 - [STDERR_REDIRECT] [Fatal Error] :1:1: Premature end of file.
2026-08-23 22:54:32,324 [ERROR] LogOutputStream:75 - [STDERR_REDIRECT] 
2026-08-23 22:54:33,329 [ERROR] LogOutputStream:75 - [STDERR_REDIRECT] [Fatal Error] :1:1: Premature end of file.
2026-08-23 22:54:33,329 [ERROR] LogOutputStream:75 - [STDERR_REDIRECT] 
2026-08-23 22:54:34,329 [ERROR] LogOutputStream:75 - [STDERR_REDIRECT] [Fatal Error] :1:1: Premature end of file.
2026-08-23 22:54:34,329 [ERROR] LogOutputStream:75 - [STDERR_REDIRECT] 
2026-08-23 22:54:35,332 [ERROR] LogOutputStream:75 - [STDERR_REDIRECT] [Fatal Error] :1:1: Premature end of file.
2026-08-23 22:54:35,332 [ERROR] LogOutputStream:75 - [STDERR_REDIRECT] 
2026-08-23 22:54:36,335 [ERROR] LogOutputStream:75 - [STDERR_REDIRECT] [Fatal Error] :1:1: Premature end of file.
2026-08-23 22:54:36,335 [ERROR] LogOutputStream:75 - [STDERR_REDIRECT] 
2026-08-23 22:54:37,344 [ERROR] LogOutputStream:75 - [STDERR_REDIRECT] [Fatal Error] :1:1: Premature end of file.
2026-08-23 22:54:37,344 [ERROR] LogOutputStream:75 - [STDERR_REDIRECT] 
2026-08-23 22:54:38,345 [ERROR] LogOutputStream:75 - [STDERR_REDIRECT] [Fatal Error] :1:1: Premature end of file.
2026-08-23 22:54:38,345 [ERROR] LogOutputStream:75 - [STDERR_REDIRECT] 
2026-08-23 22:54:39,338 [ERROR] LogOutputStream:75 - [STDERR_REDIRECT] [Fatal Error] :1:1: Premature end of file.
2026-08-23 22:54:39,338 [ERROR] LogOutputStream:75 - [STDERR_REDIRECT] 
2026-08-23 22:54:40,331 [ERROR] LogOutputStream:75 - [STDERR_REDIRECT] [Fatal Error] :1:1: Premature end of file.
2026-08-23 22:54:40,331 [ERROR] LogOutputStream:75 - [STDERR_REDIRECT] 
2026-08-23 22:54:41,335 [ERROR] LogOutputStream:75 - [STDERR_REDIRECT] [Fatal Error] :1:1: Premature end of file.
2026-08-23 22:54:41,335 [ERROR] LogOutputStream:75 - [STDERR_REDIRECT] 
2026-08-23 22:54:42,334 [ERROR] LogOutputStream:75 - [STDERR_REDIRECT] [Fatal Error] :1:1: Premature end of file.
2026-08-23 22:54:42,334 [ERROR] LogOutputStream:75 - [STDERR_REDIRECT] 
2026-08-23 22:54:43,349 [ERROR] LogOutputStream:75 - [STDERR_REDIRECT] [Fatal Error] :1:1: Premature end of file.
2026-08-23 22:54:43,349 [ERROR] LogOutputStream:75 - [STDERR_REDIRECT] 
2026-08-23 22:54:44,340 [ERROR] LogOutputStream:75 - [STDERR_REDIRECT] [Fatal Error] :1:1: Premature end of file.
2026-08-23 22:54:44,340 [ERROR] LogOutputStream:75 - [STDERR_REDIRECT] 
2026-08-23 22:54:45,339 [ERROR] LogOutputStream:75 - [STDERR_REDIRECT] [Fatal Error] :1:1: Premature end of file.
2026-08-23 22:54:45,339 [ERROR] LogOutputStream:75 - [STDERR_REDIRECT] 
2026-08-23 22:54:46,322 [ERROR] LogOutputStream:75 - [STDERR_REDIRECT] [Fatal Error] :1:1: Premature end of file.
2026-08-23 22:54:46,322 [ERROR] LogOutputStream:75 - [STDERR_REDIRECT] 
2026-08-23 22:54:47,338 [ERROR] LogOutputStream:75 - [STDERR_REDIRECT] [Fatal Error] :1:1: Premature end of file.
2026-08-23 22:54:47,338 [ERROR] LogOutputStream:75 - [STDERR_REDIRECT] 
2026-08-23 22:54:48,339 [ERROR] LogOutputStream:75 - [STDERR_REDIRECT] [Fatal Error] :1:1: Premature end of file.
2026-08-23 22:54:48,339 [ERROR] LogOutputStream:75 - [STDERR_REDIRECT] 
2026-08-23 22:54:49,339 [ERROR] LogOutputStream:75 - [STDERR_REDIRECT] [Fatal Error] :1:1: Premature end of file.
2026-08-23 22:54:49,339 [ERROR] LogOutputStream:75 - [STDERR_REDIRECT] 
2026-08-23 22:54:50,335 [ERROR] LogOutputStream:75 - [STDERR_REDIRECT] [Fatal Error] :1:1: Premature end of file.
2026-08-23 22:54:50,335 [ERROR] LogOutputStream:75 - [STDERR_REDIRECT] 
2026-08-23 22:54:51,344 [ERROR] LogOutputStream:75 - [STDERR_REDIRECT] [Fatal Error] :1:1: Premature end of file.
2026-08-23 22:54:51,344 [ERROR] LogOutputStream:75 - [STDERR_REDIRECT] 
2026-08-23 22:54:52,343 [ERROR] LogOutputStream:75 - [STDERR_REDIRECT] [Fatal Error] :1:1: Premature end of file.
2026-08-23 22:54:52,344 [ERROR] LogOutputStream:75 - [STDERR_REDIRECT] 
2026-08-23 22:54:53,350 [ERROR] LogOutputStream:75 - [STDERR_REDIRECT] [Fatal Error] :1:1: Premature end of file.
2026-08-23 22:54:53,350 [ERROR] LogOutputStream:75 - [STDERR_REDIRECT] 
2026-08-23 22:54:54,345 [ERROR] LogOutputStream:75 - [STDERR_REDIRECT] [Fatal Error] :1:1: Premature end of file.
2026-08-23 22:54:54,345 [ERROR] LogOutputStream:75 - [STDERR_REDIRECT] 
2026-08-23 22:54:55,332 [ERROR] LogOutputStream:75 - [STDERR_REDIRECT] [Fatal Error] :1:1: Premature end of file.
2026-08-23 22:54:55,332 [ERROR] LogOutputStream:75 - [STDERR_REDIRECT] 
2026-08-23 22:54:56,337 [ERROR] LogOutputStream:75 - [STDERR_REDIRECT] [Fatal Error] :1:1: Premature end of file.
2026-08-23 22:54:56,337 [ERROR] LogOutputStream:75 - [STDERR_REDIRECT] 
2026-08-23 22:54:57,336 [ERROR] LogOutputStream:75 - [STDERR_REDIRECT] [Fatal Error] :1:1: Premature end of file.
2026-08-23 22:54:57,336 [ERROR] LogOutputStream:75 - [STDERR_REDIRECT] 
2026-08-23 22:54:58,340 [ERROR] LogOutputStream:75 - [STDERR_REDIRECT] [Fatal Error] :1:1: Premature end of file.
2026-08-23 22:54:58,340 [ERROR] LogOutputStream:75 - [STDERR_REDIRECT] 
2026-08-23 22:54:59,345 [ERROR] LogOutputStream:75 - [STDERR_REDIRECT] [Fatal Error] :1:1: Premature end of file.
2026-08-23 22:54:59,345 [ERROR] LogOutputStream:75 - [STDERR_REDIRECT] 
2026-08-23 22:55:00,343 [ERROR] LogOutputStream:75 - [STDERR_REDIRECT] [Fatal Error] :1:1: Premature end of file.
2026-08-23 22:55:00,343 [ERROR] LogOutputStream:75 - [STDERR_REDIRECT] 
2026-08-23 22:55:01,348 [ERROR] LogOutputStream:75 - [STDERR_REDIRECT] [Fatal Error] :1:1: Premature end of file.
2026-08-23 22:55:01,348 [ERROR] LogOutputStream:75 - [STDERR_REDIRECT] 
2026-08-23 22:55:02,338 [ERROR] LogOutputStream:75 - [STDERR_REDIRECT] [Fatal Error] :1:1: Premature end of file.
2026-08-23 22:55:02,338 [ERROR] LogOutputStream:75 - [STDERR_REDIRECT] 
2026-08-23 22:55:03,345 [ERROR] LogOutputStream:75 - [STDERR_REDIRECT] [Fatal Error] :1:1: Premature end of file.
2026-08-23 22:55:03,345 [ERROR] LogOutputStream:75 - [STDERR_REDIRECT] 
2026-08-23 22:55:04,348 [ERROR] LogOutputStream:75 - [STDERR_REDIRECT] [Fatal Error] :1:1: Premature end of file.
2026-08-23 22:55:04,348 [ERROR] LogOutputStream:75 - [STDERR_REDIRECT] 
2026-08-23 22:55:05,337 [ERROR] LogOutputStream:75 - [STDERR_REDIRECT] [Fatal Error] :1:1: Premature end of file.
2026-08-23 22:55:05,344 [ERROR] LogOutputStream:75 - [STDERR_REDIRECT] 
2026-08-23 22:55:06,343 [ERROR] LogOutputStream:75 - [STDERR_REDIRECT] [Fatal Error] :1:1: Premature end of file.
2026-08-23 22:55:06,343 [ERROR] LogOutputStream:75 - [STDERR_REDIRECT] 
2026-08-23 22:55:07,348 [ERROR] LogOutputStream:75 - [STDERR_REDIRECT] [Fatal Error] :1:1: Premature end of file.
2026-08-23 22:55:07,348 [ERROR] LogOutputStream:75 - [STDERR_REDIRECT] 
2026-08-23 22:55:08,339 [ERROR] LogOutputStream:75 - [STDERR_REDIRECT] [Fatal Error] :1:1: Premature end of file.
2026-08-23 22:55:08,339 [ERROR] LogOutputStream:75 - [STDERR_REDIRECT] 
2026-08-23 22:55:09,346 [ERROR] LogOutputStream:75 - [STDERR_REDIRECT] [Fatal Error] :1:1: Premature end of file.
2026-08-23 22:55:09,346 [ERROR] LogOutputStream:75 - [STDERR_REDIRECT] 
2026-08-23 22:55:10,327 [ERROR] LogOutputStream:75 - [STDERR_REDIRECT] [Fatal Error] :1:1: Premature end of file.
2026-08-23 22:55:10,327 [ERROR] LogOutputStream:75 - [STDERR_REDIRECT] 
2026-08-23 22:55:11,334 [ERROR] LogOutputStream:75 - [STDERR_REDIRECT] [Fatal Error] :1:1: Premature end of file.
2026-08-23 22:55:11,334 [ERROR] LogOutputStream:75 - [STDERR_REDIRECT] 
2026-08-23 22:55:12,346 [ERROR] LogOutputStream:75 - [STDERR_REDIRECT] [Fatal Error] :1:1: Premature end of file.
2026-08-23 22:55:12,350 [ERROR] LogOutputStream:75 - [STDERR_REDIRECT] 
2026-08-23 22:55:13,343 [ERROR] LogOutputStream:75 - [STDERR_REDIRECT] [Fatal Error] :1:1: Premature end of file.
2026-08-23 22:55:13,343 [ERROR] LogOutputStream:75 - [STDERR_REDIRECT] 
2026-08-23 22:55:14,344 [ERROR] LogOutputStream:75 - [STDERR_REDIRECT] [Fatal Error] :1:1: Premature end of file.
2026-08-23 22:55:14,344 [ERROR] LogOutputStream:75 - [STDERR_REDIRECT] 
2026-08-23 22:55:15,350 [ERROR] LogOutputStream:75 - [STDERR_REDIRECT] [Fatal Error] :1:1: Premature end of file.
2026-08-23 22:55:15,350 [ERROR] LogOutputStream:75 - [STDERR_REDIRECT] 
2026-08-23 22:55:16,340 [ERROR] LogOutputStream:75 - [STDERR_REDIRECT] [Fatal Error] :1:1: Premature end of file.
2026-08-23 22:55:16,340 [ERROR] LogOutputStream:75 - [STDERR_REDIRECT] 
2026-08-23 22:55:17,329 [ERROR] LogOutputStream:75 - [STDERR_REDIRECT] [Fatal Error] :1:1: Premature end of file.
2026-08-23 22:55:17,329 [ERROR] LogOutputStream:75 - [STDERR_REDIRECT] 
2026-08-23 22:55:18,338 [ERROR] LogOutputStream:75 - [STDERR_REDIRECT] [Fatal Error] :1:1: Premature end of file.
2026-08-23 22:55:18,338 [ERROR] LogOutputStream:75 - [STDERR_REDIRECT] 
2026-08-23 22:55:19,327 [ERROR] LogOutputStream:75 - [STDERR_REDIRECT] [Fatal Error] :1:1: Premature end of file.
2026-08-23 22:55:19,327 [ERROR] LogOutputStream:75 - [STDERR_REDIRECT] 
2026-08-23 22:55:20,327 [ERROR] LogOutputStream:75 - [STDERR_REDIRECT] [Fatal Error] :1:1: Premature end of file.
2026-08-23 22:55:20,327 [ERROR] LogOutputStream:75 - [STDERR_REDIRECT] 
2026-08-23 22:55:21,326 [ERROR] LogOutputStream:75 - [STDERR_REDIRECT] [Fatal Error] :1:1: Premature end of file.
2026-08-23 22:55:21,326 [ERROR] LogOutputStream:75 - [STDERR_REDIRECT] 
2026-08-23 22:55:22,342 [ERROR] LogOutputStream:75 - [STDERR_REDIRECT] [Fatal Error] :1:1: Premature end of file.
2026-08-23 22:55:22,342 [ERROR] LogOutputStream:75 - [STDERR_REDIRECT] 
2026-08-23 22:55:23,351 [ERROR] LogOutputStream:75 - [STDERR_REDIRECT] [Fatal Error] :1:1: Premature end of file.
2026-08-23 22:55:23,351 [ERROR] LogOutputStream:75 - [STDERR_REDIRECT] 
2026-08-23 22:55:24,357 [ERROR] LogOutputStream:75 - [STDERR_REDIRECT] [Fatal Error] :1:1: Premature end of file.
2026-08-23 22:55:24,357 [ERROR] LogOutputStream:75 - [STDERR_REDIRECT] 
2026-08-23 22:55:25,339 [ERROR] LogOutputStream:75 - [STDERR_REDIRECT] [Fatal Error] :1:1: Premature end of file.
2026-08-23 22:55:25,339 [ERROR] LogOutputStream:75 - [STDERR_REDIRECT] 
2026-08-23 22:55:26,339 [ERROR] LogOutputStream:75 - [STDERR_REDIRECT] [Fatal Error] :1:1: Premature end of file.
2026-08-23 22:55:26,339 [ERROR] LogOutputStream:75 - [STDERR_REDIRECT] 
2026-08-23 22:55:27,338 [ERROR] LogOutputStream:75 - [STDERR_REDIRECT] [Fatal Error] :1:1: Premature end of file.
2026-08-23 22:55:27,338 [ERROR] LogOutputStream:75 - [STDERR_REDIRECT] 
2026-08-23 22:55:28,337 [ERROR] LogOutputStream:75 - [STDERR_REDIRECT] [Fatal Error] :1:1: Premature end of file.
2026-08-23 22:55:28,337 [ERROR] LogOutputStream:75 - [STDERR_REDIRECT] 
2026-08-23 22:55:29,336 [ERROR] LogOutputStream:75 - [STDERR_REDIRECT] [Fatal Error] :1:1: Premature end of file.
2026-08-23 22:55:29,336 [ERROR] LogOutputStream:75 - [STDERR_REDIRECT] 
2026-08-23 22:55:30,347 [ERROR] LogOutputStream:75 - [STDERR_REDIRECT] [Fatal Error] :1:1: Premature end of file.
2026-08-23 22:55:30,347 [ERROR] LogOutputStream:75 - [STDERR_REDIRECT] 
2026-08-23 22:55:31,338 [ERROR] LogOutputStream:75 - [STDERR_REDIRECT] [Fatal Error] :1:1: Premature end of file.
2026-08-23 22:55:31,338 [ERROR] LogOutputStream:75 - [STDERR_REDIRECT] 
2026-08-23 22:55:32,334 [ERROR] LogOutputStream:75 - [STDERR_REDIRECT] [Fatal Error] :1:1: Premature end of file.
2026-08-23 22:55:32,334 [ERROR] LogOutputStream:75 - [STDERR_REDIRECT] 
2026-08-23 22:55:33,367 [ERROR] LogOutputStream:75 - [STDERR_REDIRECT] [Fatal Error] :1:1: Premature end of file.
2026-08-23 22:55:33,370 [ERROR] LogOutputStream:75 - [STDERR_REDIRECT] 
2026-08-23 22:55:34,332 [ERROR] LogOutputStream:75 - [STDERR_REDIRECT] [Fatal Error] :1:1: Premature end of file.
2026-08-23 22:55:34,332 [ERROR] LogOutputStream:75 - [STDERR_REDIRECT] 
2026-08-23 22:55:35,342 [ERROR] LogOutputStream:75 - [STDERR_REDIRECT] [Fatal Error] :1:1: Premature end of file.
2026-08-23 22:55:35,342 [ERROR] LogOutputStream:75 - [STDERR_REDIRECT] 
2026-08-23 22:55:36,330 [ERROR] LogOutputStream:75 - [STDERR_REDIRECT] [Fatal Error] :1:1: Premature end of file.
2026-08-23 22:55:36,330 [ERROR] LogOutputStream:75 - [STDERR_REDIRECT] 
2026-08-23 22:55:37,341 [ERROR] LogOutputStream:75 - [STDERR_REDIRECT] [Fatal Error] :1:1: Premature end of file.
2026-08-23 22:55:37,341 [ERROR] LogOutputStream:75 - [STDERR_REDIRECT] 
2026-08-23 22:55:38,329 [ERROR] LogOutputStream:75 - [STDERR_REDIRECT] [Fatal Error] :1:1: Premature end of file.
2026-08-23 22:55:38,329 [ERROR] LogOutputStream:75 - [STDERR_REDIRECT] 
2026-08-23 22:55:39,328 [ERROR] LogOutputStream:75 - [STDERR_REDIRECT] [Fatal Error] :1:1: Premature end of file.
2026-08-23 22:55:39,328 [ERROR] LogOutputStream:75 - [STDERR_REDIRECT] 
2026-08-23 22:55:40,327 [ERROR] LogOutputStream:75 - [STDERR_REDIRECT] [Fatal Error] :1:1: Premature end of file.
2026-08-23 22:55:40,327 [ERROR] LogOutputStream:75 - [STDERR_REDIRECT] 
2026-08-23 22:55:41,338 [ERROR] LogOutputStream:75 - [STDERR_REDIRECT] [Fatal Error] :1:1: Premature end of file.
2026-08-23 22:55:41,338 [ERROR] LogOutputStream:75 - [STDERR_REDIRECT] 
2026-08-23 22:55:42,355 [ERROR] LogOutputStream:75 - [STDERR_REDIRECT] [Fatal Error] :1:1: Premature end of file.
2026-08-23 22:55:42,355 [ERROR] LogOutputStream:75 - [STDERR_REDIRECT] 
2026-08-23 22:55:43,352 [ERROR] LogOutputStream:75 - [STDERR_REDIRECT] [Fatal Error] :1:1: Premature end of file.
2026-08-23 22:55:43,352 [ERROR] LogOutputStream:75 - [STDERR_REDIRECT] 
2026-08-23 22:55:44,338 [ERROR] LogOutputStream:75 - [STDERR_REDIRECT] [Fatal Error] :1:1: Premature end of file.
2026-08-23 22:55:44,338 [ERROR] LogOutputStream:75 - [STDERR_REDIRECT] 
2026-08-23 22:55:45,351 [ERROR] LogOutputStream:75 - [STDERR_REDIRECT] [Fatal Error] :1:1: Premature end of file.
2026-08-23 22:55:45,351 [ERROR] LogOutputStream:75 - [STDERR_REDIRECT] 
2026-08-23 22:55:46,350 [ERROR] LogOutputStream:75 - [STDERR_REDIRECT] [Fatal Error] :1:1: Premature end of file.
2026-08-23 22:55:46,350 [ERROR] LogOutputStream:75 - [STDERR_REDIRECT] 
2026-08-23 22:55:47,338 [ERROR] LogOutputStream:75 - [STDERR_REDIRECT] [Fatal Error] :1:1: Premature end of file.
2026-08-23 22:55:47,338 [ERROR] LogOutputStream:75 - [STDERR_REDIRECT] 
2026-08-23 22:55:48,337 [ERROR] LogOutputStream:75 - [STDERR_REDIRECT] [Fatal Error] :1:1: Premature end of file.
2026-08-23 22:55:48,349 [ERROR] LogOutputStream:75 - [STDERR_REDIRECT] 
2026-08-23 22:55:49,349 [ERROR] LogOutputStream:75 - [STDERR_REDIRECT] [Fatal Error] :1:1: Premature end of file.
2026-08-23 22:55:49,349 [ERROR] LogOutputStream:75 - [STDERR_REDIRECT] 
2026-08-23 22:55:50,347 [ERROR] LogOutputStream:75 - [STDERR_REDIRECT] [Fatal Error] :1:1: Premature end of file.
2026-08-23 22:55:50,347 [ERROR] LogOutputStream:75 - [STDERR_REDIRECT] 
2026-08-23 22:55:51,344 [ERROR] LogOutputStream:75 - [STDERR_REDIRECT] [Fatal Error] :1:1: Premature end of file.
2026-08-23 22:55:51,344 [ERROR] LogOutputStream:75 - [STDERR_REDIRECT] 
2026-08-23 22:55:52,345 [ERROR] LogOutputStream:75 - [STDERR_REDIRECT] [Fatal Error] :1:1: Premature end of file.
2026-08-23 22:55:52,345 [ERROR] LogOutputStream:75 - [STDERR_REDIRECT] 
2026-08-23 22:55:53,343 [ERROR] LogOutputStream:75 - [STDERR_REDIRECT] [Fatal Error] :1:1: Premature end of file.
2026-08-23 22:55:53,343 [ERROR] LogOutputStream:75 - [STDERR_REDIRECT] 
2026-08-23 22:55:54,332 [ERROR] LogOutputStream:75 - [STDERR_REDIRECT] [Fatal Error] :1:1: Premature end of file.
2026-08-23 22:55:54,332 [ERROR] LogOutputStream:75 - [STDERR_REDIRECT] 
2026-08-23 22:55:55,367 [ERROR] LogOutputStream:75 - [STDERR_REDIRECT] [Fatal Error] :1:1: Premature end of file.
2026-08-23 22:55:55,367 [ERROR] LogOutputStream:75 - [STDERR_REDIRECT] 
2026-08-23 22:55:56,334 [ERROR] LogOutputStream:75 - [STDERR_REDIRECT] [Fatal Error] :1:1: Premature end of file.
2026-08-23 22:55:56,334 [ERROR] LogOutputStream:75 - [STDERR_REDIRECT] 
2026-08-23 22:55:57,329 [ERROR] LogOutputStream:75 - [STDERR_REDIRECT] [Fatal Error] :1:1: Premature end of file.
2026-08-23 22:55:57,329 [ERROR] LogOutputStream:75 - [STDERR_REDIRECT] 
2026-08-23 22:55:58,332 [ERROR] LogOutputStream:75 - [STDERR_REDIRECT] [Fatal Error] :1:1: Premature end of file.
2026-08-23 22:55:58,332 [ERROR] LogOutputStream:75 - [STDERR_REDIRECT] 
2026-08-23 22:55:59,347 [ERROR] LogOutputStream:75 - [STDERR_REDIRECT] [Fatal Error] :1:1: Premature end of file.
2026-08-23 22:55:59,347 [ERROR] LogOutputStream:75 - [STDERR_REDIRECT] 
2026-08-23 22:56:00,334 [ERROR] LogOutputStream:75 - [STDERR_REDIRECT] [Fatal Error] :1:1: Premature end of file.
2026-08-23 22:56:00,343 [ERROR] LogOutputStream:75 - [STDERR_REDIRECT] 
2026-08-23 22:56:01,339 [ERROR] LogOutputStream:75 - [STDERR_REDIRECT] [Fatal Error] :1:1: Premature end of file.
2026-08-23 22:56:01,339 [ERROR] LogOutputStream:75 - [STDERR_REDIRECT] 
2026-08-23 22:56:02,335 [ERROR] LogOutputStream:75 - [STDERR_REDIRECT] [Fatal Error] :1:1: Premature end of file.
2026-08-23 22:56:02,335 [ERROR] LogOutputStream:75 - [STDERR_REDIRECT] 
2026-08-23 22:56:03,349 [ERROR] LogOutputStream:75 - [STDERR_REDIRECT] [Fatal Error] :1:1: Premature end of file.
2026-08-23 22:56:03,349 [ERROR] LogOutputStream:75 - [STDERR_REDIRECT] 
2026-08-23 22:56:04,340 [ERROR] LogOutputStream:75 - [STDERR_REDIRECT] [Fatal Error] :1:1: Premature end of file.
2026-08-23 22:56:04,340 [ERROR] LogOutputStream:75 - [STDERR_REDIRECT] 
2026-08-23 22:56:05,338 [ERROR] LogOutputStream:75 - [STDERR_REDIRECT] [Fatal Error] :1:1: Premature end of file.
2026-08-23 22:56:05,338 [ERROR] LogOutputStream:75 - [STDERR_REDIRECT] 
2026-08-23 22:56:06,338 [ERROR] LogOutputStream:75 - [STDERR_REDIRECT] [Fatal Error] :1:1: Premature end of file.
2026-08-23 22:56:06,338 [ERROR] LogOutputStream:75 - [STDERR_REDIRECT] 
2026-08-23 22:56:07,359 [ERROR] LogOutputStream:75 - [STDERR_REDIRECT] [Fatal Error] :1:1: Premature end of file.
2026-08-23 22:56:07,359 [ERROR] LogOutputStream:75 - [STDERR_REDIRECT] 
2026-08-23 22:56:08,352 [ERROR] LogOutputStream:75 - [STDERR_REDIRECT] [Fatal Error] :1:1: Premature end of file.
2026-08-23 22:56:08,352 [ERROR] LogOutputStream:75 - [STDERR_REDIRECT] 
2026-08-23 22:56:09,346 [ERROR] LogOutputStream:75 - [STDERR_REDIRECT] [Fatal Error] :1:1: Premature end of file.
2026-08-23 22:56:09,346 [ERROR] LogOutputStream:75 - [STDERR_REDIRECT] 
2026-08-23 22:56:10,345 [ERROR] LogOutputStream:75 - [STDERR_REDIRECT] [Fatal Error] :1:1: Premature end of file.
2026-08-23 22:56:10,345 [ERROR] LogOutputStream:75 - [STDERR_REDIRECT] 
2026-08-23 22:56:11,349 [ERROR] LogOutputStream:75 - [STDERR_REDIRECT] [Fatal Error] :1:1: Premature end of file.
2026-08-23 22:56:11,349 [ERROR] LogOutputStream:75 - [STDERR_REDIRECT] 
2026-08-23 22:56:12,345 [ERROR] LogOutputStream:75 - [STDERR_REDIRECT] [Fatal Error] :1:1: Premature end of file.
2026-08-23 22:56:12,345 [ERROR] LogOutputStream:75 - [STDERR_REDIRECT] 
2026-08-23 22:56:13,347 [ERROR] LogOutputStream:75 - [STDERR_REDIRECT] [Fatal Error] :1:1: Premature end of file.
2026-08-23 22:56:13,348 [ERROR] LogOutputStream:75 - [STDERR_REDIRECT] 
2026-08-23 22:56:14,334 [ERROR] LogOutputStream:75 - [STDERR_REDIRECT] [Fatal Error] :1:1: Premature end of file.
2026-08-23 22:56:14,335 [ERROR] LogOutputStream:75 - [STDERR_REDIRECT] 
2026-08-23 22:56:15,334 [ERROR] LogOutputStream:75 - [STDERR_REDIRECT] [Fatal Error] :1:1: Premature end of file.
2026-08-23 22:56:15,334 [ERROR] LogOutputStream:75 - [STDERR_REDIRECT] 
2026-08-23 22:56:16,337 [ERROR] LogOutputStream:75 - [STDERR_REDIRECT] [Fatal Error] :1:1: Premature end of file.
2026-08-23 22:56:16,337 [ERROR] LogOutputStream:75 - [STDERR_REDIRECT] 
2026-08-23 22:56:17,336 [ERROR] LogOutputStream:75 - [STDERR_REDIRECT] [Fatal Error] :1:1: Premature end of file.
2026-08-23 22:56:17,336 [ERROR] LogOutputStream:75 - [STDERR_REDIRECT] 
2026-08-23 22:56:18,336 [ERROR] LogOutputStream:75 - [STDERR_REDIRECT] [Fatal Error] :1:1: Premature end of file.
2026-08-23 22:56:18,337 [ERROR] LogOutputStream:75 - [STDERR_REDIRECT] 
2026-08-23 22:56:19,339 [ERROR] LogOutputStream:75 - [STDERR_REDIRECT] [Fatal Error] :1:1: Premature end of file.
2026-08-23 22:56:19,339 [ERROR] LogOutputStream:75 - [STDERR_REDIRECT] 
2026-08-23 22:56:20,338 [ERROR] LogOutputStream:75 - [STDERR_REDIRECT] [Fatal Error] :1:1: Premature end of file.
2026-08-23 22:56:20,338 [ERROR] LogOutputStream:75 - [STDERR_REDIRECT] 
2026-08-23 22:56:21,352 [ERROR] LogOutputStream:75 - [STDERR_REDIRECT] [Fatal Error] :1:1: Premature end of file.
2026-08-23 22:56:21,352 [ERROR] LogOutputStream:75 - [STDERR_REDIRECT] 
2026-08-23 22:56:22,335 [ERROR] LogOutputStream:75 - [STDERR_REDIRECT] [Fatal Error] :1:1: Premature end of file.
2026-08-23 22:56:22,335 [ERROR] LogOutputStream:75 - [STDERR_REDIRECT] 
2026-08-23 22:56:23,337 [ERROR] LogOutputStream:75 - [STDERR_REDIRECT] [Fatal Error] :1:1: Premature end of file.
2026-08-23 22:56:23,337 [ERROR] LogOutputStream:75 - [STDERR_REDIRECT] 
2026-08-23 22:56:24,333 [ERROR] LogOutputStream:75 - [STDERR_REDIRECT] [Fatal Error] :1:1: Premature end of file.
2026-08-23 22:56:24,334 [ERROR] LogOutputStream:75 - [STDERR_REDIRECT] 
2026-08-23 22:56:25,348 [ERROR] LogOutputStream:75 - [STDERR_REDIRECT] [Fatal Error] :1:1: Premature end of file.
2026-08-23 22:56:25,348 [ERROR] LogOutputStream:75 - [STDERR_REDIRECT] 
2026-08-23 22:56:26,349 [ERROR] LogOutputStream:75 - [STDERR_REDIRECT] [Fatal Error] :1:1: Premature end of file.
2026-08-23 22:56:26,349 [ERROR] LogOutputStream:75 - [STDERR_REDIRECT] 
2026-08-23 22:56:27,349 [ERROR] LogOutputStream:75 - [STDERR_REDIRECT] [Fatal Error] :1:1: Premature end of file.
2026-08-23 22:56:27,349 [ERROR] LogOutputStream:75 - [STDERR_REDIRECT] 
2026-08-23 22:56:28,350 [ERROR] LogOutputStream:75 - [STDERR_REDIRECT] [Fatal Error] :1:1: Premature end of file.
2026-08-23 22:56:28,350 [ERROR] LogOutputStream:75 - [STDERR_REDIRECT] 
2026-08-23 22:56:29,343 [ERROR] LogOutputStream:75 - [STDERR_REDIRECT] [Fatal Error] :1:1: Premature end of file.
2026-08-23 22:56:29,343 [ERROR] LogOutputStream:75 - [STDERR_REDIRECT] 
2026-08-23 22:56:30,346 [ERROR] LogOutputStream:75 - [STDERR_REDIRECT] [Fatal Error] :1:1: Premature end of file.
2026-08-23 22:56:30,346 [ERROR] LogOutputStream:75 - [STDERR_REDIRECT] 
2026-08-23 22:56:31,341 [ERROR] LogOutputStream:75 - [STDERR_REDIRECT] [Fatal Error] :1:1: Premature end of file.
2026-08-23 22:56:31,341 [ERROR] LogOutputStream:75 - [STDERR_REDIRECT] 
2026-08-23 22:56:32,342 [ERROR] LogOutputStream:75 - [STDERR_REDIRECT] [Fatal Error] :1:1: Premature end of file.
2026-08-23 22:56:32,342 [ERROR] LogOutputStream:75 - [STDERR_REDIRECT] 
2026-08-23 22:56:33,342 [ERROR] LogOutputStream:75 - [STDERR_REDIRECT] [Fatal Error] :1:1: Premature end of file.
2026-08-23 22:56:33,342 [ERROR] LogOutputStream:75 - [STDERR_REDIRECT] 
2026-08-23 22:56:34,345 [ERROR] LogOutputStream:75 - [STDERR_REDIRECT] [Fatal Error] :1:1: Premature end of file.
2026-08-23 22:56:34,345 [ERROR] LogOutputStream:75 - [STDERR_REDIRECT] 
2026-08-23 22:56:35,339 [ERROR] LogOutputStream:75 - [STDERR_REDIRECT] [Fatal Error] :1:1: Premature end of file.
2026-08-23 22:56:35,340 [ERROR] LogOutputStream:75 - [STDERR_REDIRECT] 
2026-08-23 22:56:36,342 [ERROR] LogOutputStream:75 - [STDERR_REDIRECT] [Fatal Error] :1:1: Premature end of file.
2026-08-23 22:56:36,342 [ERROR] LogOutputStream:75 - [STDERR_REDIRECT] 
2026-08-23 22:56:37,338 [ERROR] LogOutputStream:75 - [STDERR_REDIRECT] [Fatal Error] :1:1: Premature end of file.
2026-08-23 22:56:37,338 [ERROR] LogOutputStream:75 - [STDERR_REDIRECT] 
2026-08-23 22:56:38,340 [ERROR] LogOutputStream:75 - [STDERR_REDIRECT] [Fatal Error] :1:1: Premature end of file.
2026-08-23 22:56:38,340 [ERROR] LogOutputStream:75 - [STDERR_REDIRECT] 
2026-08-23 22:56:39,337 [ERROR] LogOutputStream:75 - [STDERR_REDIRECT] [Fatal Error] :1:1: Premature end of file.
2026-08-23 22:56:39,337 [ERROR] LogOutputStream:75 - [STDERR_REDIRECT] 
2026-08-23 22:56:40,352 [ERROR] LogOutputStream:75 - [STDERR_REDIRECT] [Fatal Error] :1:1: Premature end of file.
2026-08-23 22:56:40,353 [ERROR] LogOutputStream:75 - [STDERR_REDIRECT] 
2026-08-23 22:56:41,337 [ERROR] LogOutputStream:75 - [STDERR_REDIRECT] [Fatal Error] :1:1: Premature end of file.
2026-08-23 22:56:41,338 [ERROR] LogOutputStream:75 - [STDERR_REDIRECT] 
2026-08-23 22:56:42,352 [ERROR] LogOutputStream:75 - [STDERR_REDIRECT] [Fatal Error] :1:1: Premature end of file.
2026-08-23 22:56:42,352 [ERROR] LogOutputStream:75 - [STDERR_REDIRECT] 
2026-08-23 22:56:43,348 [ERROR] LogOutputStream:75 - [STDERR_REDIRECT] [Fatal Error] :1:1: Premature end of file.
2026-08-23 22:56:43,348 [ERROR] LogOutputStream:75 - [STDERR_REDIRECT] 
2026-08-23 22:56:44,352 [ERROR] LogOutputStream:75 - [STDERR_REDIRECT] [Fatal Error] :1:1: Premature end of file.
2026-08-23 22:56:44,352 [ERROR] LogOutputStream:75 - [STDERR_REDIRECT] 
2026-08-23 22:56:45,356 [ERROR] LogOutputStream:75 - [STDERR_REDIRECT] [Fatal Error] :1:1: Premature end of file.
2026-08-23 22:56:45,356 [ERROR] LogOutputStream:75 - [STDERR_REDIRECT] 
2026-08-23 22:56:46,358 [ERROR] LogOutputStream:75 - [STDERR_REDIRECT] [Fatal Error] :1:1: Premature end of file.
2026-08-23 22:56:46,358 [ERROR] LogOutputStream:75 - [STDERR_REDIRECT] 
2026-08-23 22:56:47,348 [ERROR] LogOutputStream:75 - [STDERR_REDIRECT] [Fatal Error] :1:1: Premature end of file.
2026-08-23 22:56:47,349 [ERROR] LogOutputStream:75 - [STDERR_REDIRECT] 
2026-08-23 22:56:48,344 [ERROR] LogOutputStream:75 - [STDERR_REDIRECT] [Fatal Error] :1:1: Premature end of file.
2026-08-23 22:56:48,344 [ERROR] LogOutputStream:75 - [STDERR_REDIRECT] 
2026-08-23 22:56:49,346 [ERROR] LogOutputStream:75 - [STDERR_REDIRECT] [Fatal Error] :1:1: Premature end of file.
2026-08-23 22:56:49,346 [ERROR] LogOutputStream:75 - [STDERR_REDIRECT] 
2026-08-23 22:56:50,346 [ERROR] LogOutputStream:75 - [STDERR_REDIRECT] [Fatal Error] :1:1: Premature end of file.
2026-08-23 22:56:50,346 [ERROR] LogOutputStream:75 - [STDERR_REDIRECT] 
2026-08-23 22:56:51,343 [ERROR] LogOutputStream:75 - [STDERR_REDIRECT] [Fatal Error] :1:1: Premature end of file.
2026-08-23 22:56:51,344 [ERROR] LogOutputStream:75 - [STDERR_REDIRECT] 
2026-08-23 22:56:52,345 [ERROR] LogOutputStream:75 - [STDERR_REDIRECT] [Fatal Error] :1:1: Premature end of file.
2026-08-23 22:56:52,345 [ERROR] LogOutputStream:75 - [STDERR_REDIRECT] 
2026-08-23 22:56:53,342 [ERROR] LogOutputStream:75 - [STDERR_REDIRECT] [Fatal Error] :1:1: Premature end of file.
2026-08-23 22:56:53,343 [ERROR] LogOutputStream:75 - [STDERR_REDIRECT] 
2026-08-23 22:56:54,347 [ERROR] LogOutputStream:75 - [STDERR_REDIRECT] [Fatal Error] :1:1: Premature end of file.
2026-08-23 22:56:54,347 [ERROR] LogOutputStream:75 - [STDERR_REDIRECT] 
2026-08-23 22:56:55,342 [ERROR] LogOutputStream:75 - [STDERR_REDIRECT] [Fatal Error] :1:1: Premature end of file.
2026-08-23 22:56:55,342 [ERROR] LogOutputStream:75 - [STDERR_REDIRECT] 
2026-08-23 22:56:56,342 [ERROR] LogOutputStream:75 - [STDERR_REDIRECT] [Fatal Error] :1:1: Premature end of file.
2026-08-23 22:56:56,342 [ERROR] LogOutputStream:75 - [STDERR_REDIRECT] 
2026-08-23 22:56:57,343 [ERROR] LogOutputStream:75 - [STDERR_REDIRECT] [Fatal Error] :1:1: Premature end of file.
2026-08-23 22:56:57,343 [ERROR] LogOutputStream:75 - [STDERR_REDIRECT] 
2026-08-23 22:56:58,334 [ERROR] LogOutputStream:75 - [STDERR_REDIRECT] [Fatal Error] :1:1: Premature end of file.
2026-08-23 22:56:58,334 [ERROR] LogOutputStream:75 - [STDERR_REDIRECT] 
2026-08-23 22:56:59,335 [ERROR] LogOutputStream:75 - [STDERR_REDIRECT] [Fatal Error] :1:1: Premature end of file.
2026-08-23 22:56:59,335 [ERROR] LogOutputStream:75 - [STDERR_REDIRECT] 
2026-08-23 22:57:00,333 [ERROR] LogOutputStream:75 - [STDERR_REDIRECT] [Fatal Error] :1:1: Premature end of file.
2026-08-23 22:57:00,333 [ERROR] LogOutputStream:75 - [STDERR_REDIRECT] 
2026-08-23 22:57:01,339 [ERROR] LogOutputStream:75 - [STDERR_REDIRECT] [Fatal Error] :1:1: Premature end of file.
2026-08-23 22:57:01,339 [ERROR] LogOutputStream:75 - [STDERR_REDIRECT] 
2026-08-23 22:57:02,342 [ERROR] LogOutputStream:75 - [STDERR_REDIRECT] [Fatal Error] :1:1: Premature end of file.
2026-08-23 22:57:02,342 [ERROR] LogOutputStream:75 - [STDERR_REDIRECT] 
2026-08-23 22:57:03,336 [ERROR] LogOutputStream:75 - [STDERR_REDIRECT] [Fatal Error] :1:1: Premature end of file.
2026-08-23 22:57:03,336 [ERROR] LogOutputStream:75 - [STDERR_REDIRECT] 
2026-08-23 22:57:04,356 [ERROR] LogOutputStream:75 - [STDERR_REDIRECT] [Fatal Error] :1:1: Premature end of file.
2026-08-23 22:57:04,356 [ERROR] LogOutputStream:75 - [STDERR_REDIRECT] 
2026-08-23 22:57:05,340 [ERROR] LogOutputStream:75 - [STDERR_REDIRECT] [Fatal Error] :1:1: Premature end of file.
2026-08-23 22:57:05,340 [ERROR] LogOutputStream:75 - [STDERR_REDIRECT] 
2026-08-23 22:57:06,343 [ERROR] LogOutputStream:75 - [STDERR_REDIRECT] [Fatal Error] :1:1: Premature end of file.
2026-08-23 22:57:06,343 [ERROR] LogOutputStream:75 - [STDERR_REDIRECT] 
2026-08-23 22:57:07,356 [ERROR] LogOutputStream:75 - [STDERR_REDIRECT] [Fatal Error] :1:1: Premature end of file.
2026-08-23 22:57:07,356 [ERROR] LogOutputStream:75 - [STDERR_REDIRECT] 
2026-08-23 22:57:08,342 [ERROR] LogOutputStream:75 - [STDERR_REDIRECT] [Fatal Error] :1:1: Premature end of file.
2026-08-23 22:57:08,342 [ERROR] LogOutputStream:75 - [STDERR_REDIRECT] 
2026-08-23 22:57:09,345 [ERROR] LogOutputStream:75 - [STDERR_REDIRECT] [Fatal Error] :1:1: Premature end of file.
2026-08-23 22:57:09,345 [ERROR] LogOutputStream:75 - [STDERR_REDIRECT] 
2026-08-23 22:57:10,336 [ERROR] LogOutputStream:75 - [STDERR_REDIRECT] [Fatal Error] :1:1: Premature end of file.
2026-08-23 22:57:10,352 [ERROR] LogOutputStream:75 - [STDERR_REDIRECT] 
2026-08-23 22:57:11,346 [ERROR] LogOutputStream:75 - [STDERR_REDIRECT] [Fatal Error] :1:1: Premature end of file.
2026-08-23 22:57:11,347 [ERROR] LogOutputStream:75 - [STDERR_REDIRECT] 
2026-08-23 22:57:12,341 [ERROR] LogOutputStream:75 - [STDERR_REDIRECT] [Fatal Error] :1:1: Premature end of file.
2026-08-23 22:57:12,341 [ERROR] LogOutputStream:75 - [STDERR_REDIRECT] 
2026-08-23 22:57:13,345 [ERROR] LogOutputStream:75 - [STDERR_REDIRECT] [Fatal Error] :1:1: Premature end of file.
2026-08-23 22:57:13,345 [ERROR] LogOutputStream:75 - [STDERR_REDIRECT] 
2026-08-23 22:57:14,340 [ERROR] LogOutputStream:75 - [STDERR_REDIRECT] [Fatal Error] :1:1: Premature end of file.
2026-08-23 22:57:14,340 [ERROR] LogOutputStream:75 - [STDERR_REDIRECT] 
2026-08-23 22:57:15,342 [ERROR] LogOutputStream:75 - [STDERR_REDIRECT] [Fatal Error] :1:1: Premature end of file.
2026-08-23 22:57:15,342 [ERROR] LogOutputStream:75 - [STDERR_REDIRECT] 
2026-08-23 22:57:16,342 [ERROR] LogOutputStream:75 - [STDERR_REDIRECT] [Fatal Error] :1:1: Premature end of file.
2026-08-23 22:57:16,342 [ERROR] LogOutputStream:75 - [STDERR_REDIRECT] 
2026-08-23 22:57:17,354 [ERROR] LogOutputStream:75 - [STDERR_REDIRECT] [Fatal Error] :1:1: Premature end of file.
2026-08-23 22:57:17,354 [ERROR] LogOutputStream:75 - [STDERR_REDIRECT] 
2026-08-23 22:57:18,344 [ERROR] LogOutputStream:75 - [STDERR_REDIRECT] [Fatal Error] :1:1: Premature end of file.
2026-08-23 22:57:18,344 [ERROR] LogOutputStream:75 - [STDERR_REDIRECT] 
2026-08-23 22:57:19,337 [ERROR] LogOutputStream:75 - [STDERR_REDIRECT] [Fatal Error] :1:1: Premature end of file.
2026-08-23 22:57:19,337 [ERROR] LogOutputStream:75 - [STDERR_REDIRECT] 
2026-08-23 22:57:20,334 [ERROR] LogOutputStream:75 - [STDERR_REDIRECT] [Fatal Error] :1:1: Premature end of file.
2026-08-23 22:57:20,334 [ERROR] LogOutputStream:75 - [STDERR_REDIRECT] 
2026-08-23 22:57:21,333 [ERROR] LogOutputStream:75 - [STDERR_REDIRECT] [Fatal Error] :1:1: Premature end of file.
2026-08-23 22:57:21,333 [ERROR] LogOutputStream:75 - [STDERR_REDIRECT] 
2026-08-23 22:57:22,348 [ERROR] LogOutputStream:75 - [STDERR_REDIRECT] [Fatal Error] :1:1: Premature end of file.
2026-08-23 22:57:22,348 [ERROR] LogOutputStream:75 - [STDERR_REDIRECT] 
2026-08-23 22:57:23,335 [ERROR] LogOutputStream:75 - [STDERR_REDIRECT] [Fatal Error] :1:1: Premature end of file.
2026-08-23 22:57:23,335 [ERROR] LogOutputStream:75 - [STDERR_REDIRECT] 
2026-08-23 22:57:24,364 [ERROR] LogOutputStream:75 - [STDERR_REDIRECT] [Fatal Error] :1:1: Premature end of file.
2026-08-23 22:57:24,364 [ERROR] LogOutputStream:75 - [STDERR_REDIRECT] 
2026-08-23 22:57:25,351 [ERROR] LogOutputStream:75 - [STDERR_REDIRECT] [Fatal Error] :1:1: Premature end of file.
2026-08-23 22:57:25,351 [ERROR] LogOutputStream:75 - [STDERR_REDIRECT] 
2026-08-23 22:57:26,350 [ERROR] LogOutputStream:75 - [STDERR_REDIRECT] [Fatal Error] :1:1: Premature end of file.
2026-08-23 22:57:26,350 [ERROR] LogOutputStream:75 - [STDERR_REDIRECT] 
2026-08-23 22:57:27,349 [ERROR] LogOutputStream:75 - [STDERR_REDIRECT] [Fatal Error] :1:1: Premature end of file.
2026-08-23 22:57:27,349 [ERROR] LogOutputStream:75 - [STDERR_REDIRECT] 
2026-08-23 22:57:28,345 [ERROR] LogOutputStream:75 - [STDERR_REDIRECT] [Fatal Error] :1:1: Premature end of file.
2026-08-23 22:57:28,345 [ERROR] LogOutputStream:75 - [STDERR_REDIRECT] 
2026-08-23 22:57:29,342 [ERROR] LogOutputStream:75 - [STDERR_REDIRECT] [Fatal Error] :1:1: Premature end of file.
2026-08-23 22:57:29,342 [ERROR] LogOutputStream:75 - [STDERR_REDIRECT] 
2026-08-23 22:57:30,348 [ERROR] LogOutputStream:75 - [STDERR_REDIRECT] [Fatal Error] :1:1: Premature end of file.
2026-08-23 22:57:30,348 [ERROR] LogOutputStream:75 - [STDERR_REDIRECT] 
2026-08-23 22:57:31,342 [ERROR] LogOutputStream:75 - [STDERR_REDIRECT] [Fatal Error] :1:1: Premature end of file.
2026-08-23 22:57:31,342 [ERROR] LogOutputStream:75 - [STDERR_REDIRECT] 
2026-08-23 22:57:32,356 [ERROR] LogOutputStream:75 - [STDERR_REDIRECT] [Fatal Error] :1:1: Premature end of file.
2026-08-23 22:57:32,356 [ERROR] LogOutputStream:75 - [STDERR_REDIRECT] 
2026-08-23 22:57:33,344 [ERROR] LogOutputStream:75 - [STDERR_REDIRECT] [Fatal Error] :1:1: Premature end of file.
2026-08-23 22:57:33,345 [ERROR] LogOutputStream:75 - [STDERR_REDIRECT] 
2026-08-23 22:57:34,341 [ERROR] LogOutputStream:75 - [STDERR_REDIRECT] [Fatal Error] :1:1: Premature end of file.
2026-08-23 22:57:34,341 [ERROR] LogOutputStream:75 - [STDERR_REDIRECT] 
2026-08-23 22:57:35,336 [ERROR] LogOutputStream:75 - [STDERR_REDIRECT] [Fatal Error] :1:1: Premature end of file.
2026-08-23 22:57:35,338 [ERROR] LogOutputStream:75 - [STDERR_REDIRECT] 
2026-08-23 22:57:36,341 [ERROR] LogOutputStream:75 - [STDERR_REDIRECT] [Fatal Error] :1:1: Premature end of file.
2026-08-23 22:57:36,341 [ERROR] LogOutputStream:75 - [STDERR_REDIRECT] 
2026-08-23 22:57:37,334 [ERROR] LogOutputStream:75 - [STDERR_REDIRECT] [Fatal Error] :1:1: Premature end of file.
2026-08-23 22:57:37,334 [ERROR] LogOutputStream:75 - [STDERR_REDIRECT] 
2026-08-23 22:57:38,339 [ERROR] LogOutputStream:75 - [STDERR_REDIRECT] [Fatal Error] :1:1: Premature end of file.
2026-08-23 22:57:38,339 [ERROR] LogOutputStream:75 - [STDERR_REDIRECT] 
2026-08-23 22:57:39,336 [ERROR] LogOutputStream:75 - [STDERR_REDIRECT] [Fatal Error] :1:1: Premature end of file.
2026-08-23 22:57:39,336 [ERROR] LogOutputStream:75 - [STDERR_REDIRECT] 
2026-08-23 22:57:40,349 [ERROR] LogOutputStream:75 - [STDERR_REDIRECT] [Fatal Error] :1:1: Premature end of file.
2026-08-23 22:57:40,349 [ERROR] LogOutputStream:75 - [STDERR_REDIRECT] 
2026-08-23 22:57:41,344 [ERROR] LogOutputStream:75 - [STDERR_REDIRECT] [Fatal Error] :1:1: Premature end of file.
2026-08-23 22:57:41,344 [ERROR] LogOutputStream:75 - [STDERR_REDIRECT] 
2026-08-23 22:57:42,341 [ERROR] LogOutputStream:75 - [STDERR_REDIRECT] [Fatal Error] :1:1: Premature end of file.
2026-08-23 22:57:42,341 [ERROR] LogOutputStream:75 - [STDERR_REDIRECT] 
2026-08-23 22:57:43,336 [ERROR] LogOutputStream:75 - [STDERR_REDIRECT] [Fatal Error] :1:1: Premature end of file.
2026-08-23 22:57:43,337 [ERROR] LogOutputStream:75 - [STDERR_REDIRECT] 
2026-08-23 22:57:44,353 [ERROR] LogOutputStream:75 - [STDERR_REDIRECT] [Fatal Error] :1:1: Premature end of file.
2026-08-23 22:57:44,353 [ERROR] LogOutputStream:75 - [STDERR_REDIRECT] 
2026-08-23 22:57:45,340 [ERROR] LogOutputStream:75 - [STDERR_REDIRECT] [Fatal Error] :1:1: Premature end of file.
2026-08-23 22:57:45,340 [ERROR] LogOutputStream:75 - [STDERR_REDIRECT] 
2026-08-23 22:57:46,352 [ERROR] LogOutputStream:75 - [STDERR_REDIRECT] [Fatal Error] :1:1: Premature end of file.
2026-08-23 22:57:46,352 [ERROR] LogOutputStream:75 - [STDERR_REDIRECT] 
2026-08-23 22:57:47,352 [ERROR] LogOutputStream:75 - [STDERR_REDIRECT] [Fatal Error] :1:1: Premature end of file.
2026-08-23 22:57:47,352 [ERROR] LogOutputStream:75 - [STDERR_REDIRECT] 
2026-08-23 22:57:48,349 [ERROR] LogOutputStream:75 - [STDERR_REDIRECT] [Fatal Error] :1:1: Premature end of file.
2026-08-23 22:57:48,349 [ERROR] LogOutputStream:75 - [STDERR_REDIRECT] 
2026-08-23 22:57:49,343 [ERROR] LogOutputStream:75 - [STDERR_REDIRECT] [Fatal Error] :1:1: Premature end of file.
2026-08-23 22:57:49,343 [ERROR] LogOutputStream:75 - [STDERR_REDIRECT] 
2026-08-23 22:57:50,336 [ERROR] LogOutputStream:75 - [STDERR_REDIRECT] [Fatal Error] :1:1: Premature end of file.
2026-08-23 22:57:50,336 [ERROR] LogOutputStream:75 - [STDERR_REDIRECT] 
2026-08-23 22:57:51,335 [ERROR] LogOutputStream:75 - [STDERR_REDIRECT] [Fatal Error] :1:1: Premature end of file.
2026-08-23 22:57:51,335 [ERROR] LogOutputStream:75 - [STDERR_REDIRECT] 
2026-08-23 22:57:52,336 [ERROR] LogOutputStream:75 - [STDERR_REDIRECT] [Fatal Error] :1:1: Premature end of file.
2026-08-23 22:57:52,336 [ERROR] LogOutputStream:75 - [STDERR_REDIRECT] 
2026-08-23 22:57:53,348 [ERROR] LogOutputStream:75 - [STDERR_REDIRECT] [Fatal Error] :1:1: Premature end of file.
2026-08-23 22:57:53,348 [ERROR] LogOutputStream:75 - [STDERR_REDIRECT] 
2026-08-23 22:57:54,346 [ERROR] LogOutputStream:75 - [STDERR_REDIRECT] [Fatal Error] :1:1: Premature end of file.
2026-08-23 22:57:54,346 [ERROR] LogOutputStream:75 - [STDERR_REDIRECT] 
2026-08-23 22:57:55,345 [ERROR] LogOutputStream:75 - [STDERR_REDIRECT] [Fatal Error] :1:1: Premature end of file.
2026-08-23 22:57:55,345 [ERROR] LogOutputStream:75 - [STDERR_REDIRECT] 
2026-08-23 22:57:56,342 [ERROR] LogOutputStream:75 - [STDERR_REDIRECT] [Fatal Error] :1:1: Premature end of file.
2026-08-23 22:57:56,342 [ERROR] LogOutputStream:75 - [STDERR_REDIRECT] 
2026-08-23 22:57:57,339 [ERROR] LogOutputStream:75 - [STDERR_REDIRECT] [Fatal Error] :1:1: Premature end of file.
2026-08-23 22:57:57,339 [ERROR] LogOutputStream:75 - [STDERR_REDIRECT] 
2026-08-23 22:57:58,336 [ERROR] LogOutputStream:75 - [STDERR_REDIRECT] [Fatal Error] :1:1: Premature end of file.
2026-08-23 22:57:58,336 [ERROR] LogOutputStream:75 - [STDERR_REDIRECT] 
2026-08-23 22:57:59,340 [ERROR] LogOutputStream:75 - [STDERR_REDIRECT] [Fatal Error] :1:1: Premature end of file.
2026-08-23 22:57:59,340 [ERROR] LogOutputStream:75 - [STDERR_REDIRECT] 
2026-08-23 22:58:00,346 [ERROR] LogOutputStream:75 - [STDERR_REDIRECT] [Fatal Error] :1:1: Premature end of file.
2026-08-23 22:58:00,347 [ERROR] LogOutputStream:75 - [STDERR_REDIRECT] 
2026-08-23 22:58:01,341 [ERROR] LogOutputStream:75 - [STDERR_REDIRECT] [Fatal Error] :1:1: Premature end of file.
2026-08-23 22:58:01,341 [ERROR] LogOutputStream:75 - [STDERR_REDIRECT] 
2026-08-23 22:58:02,337 [ERROR] LogOutputStream:75 - [STDERR_REDIRECT] [Fatal Error] :1:1: Premature end of file.
2026-08-23 22:58:02,337 [ERROR] LogOutputStream:75 - [STDERR_REDIRECT] 
2026-08-23 22:58:03,339 [ERROR] LogOutputStream:75 - [STDERR_REDIRECT] [Fatal Error] :1:1: Premature end of file.
2026-08-23 22:58:03,340 [ERROR] LogOutputStream:75 - [STDERR_REDIRECT] 
2026-08-23 22:58:04,338 [ERROR] LogOutputStream:75 - [STDERR_REDIRECT] [Fatal Error] :1:1: Premature end of file.
2026-08-23 22:58:04,340 [ERROR] LogOutputStream:75 - [STDERR_REDIRECT] 
2026-08-23 22:58:05,337 [ERROR] LogOutputStream:75 - [STDERR_REDIRECT] [Fatal Error] :1:1: Premature end of file.
2026-08-23 22:58:05,337 [ERROR] LogOutputStream:75 - [STDERR_REDIRECT] 
2026-08-23 22:58:06,351 [ERROR] LogOutputStream:75 - [STDERR_REDIRECT] [Fatal Error] :1:1: Premature end of file.
2026-08-23 22:58:06,351 [ERROR] LogOutputStream:75 - [STDERR_REDIRECT] 
2026-08-23 22:58:07,350 [ERROR] LogOutputStream:75 - [STDERR_REDIRECT] [Fatal Error] :1:1: Premature end of file.
2026-08-23 22:58:07,350 [ERROR] LogOutputStream:75 - [STDERR_REDIRECT] 
2026-08-23 22:58:08,349 [ERROR] LogOutputStream:75 - [STDERR_REDIRECT] [Fatal Error] :1:1: Premature end of file.
2026-08-23 22:58:08,349 [ERROR] LogOutputStream:75 - [STDERR_REDIRECT] 
2026-08-23 22:58:09,353 [ERROR] LogOutputStream:75 - [STDERR_REDIRECT] [Fatal Error] :1:1: Premature end of file.
2026-08-23 22:58:09,353 [ERROR] LogOutputStream:75 - [STDERR_REDIRECT] 
2026-08-23 22:58:10,344 [ERROR] LogOutputStream:75 - [STDERR_REDIRECT] [Fatal Error] :1:1: Premature end of file.
2026-08-23 22:58:10,344 [ERROR] LogOutputStream:75 - [STDERR_REDIRECT] 
2026-08-23 22:58:11,337 [ERROR] LogOutputStream:75 - [STDERR_REDIRECT] [Fatal Error] :1:1: Premature end of file.
2026-08-23 22:58:11,338 [ERROR] LogOutputStream:75 - [STDERR_REDIRECT] 
2026-08-23 22:58:12,353 [ERROR] LogOutputStream:75 - [STDERR_REDIRECT] [Fatal Error] :1:1: Premature end of file.
2026-08-23 22:58:12,353 [ERROR] LogOutputStream:75 - [STDERR_REDIRECT] 
2026-08-23 22:58:13,344 [ERROR] LogOutputStream:75 - [STDERR_REDIRECT] [Fatal Error] :1:1: Premature end of file.
2026-08-23 22:58:13,344 [ERROR] LogOutputStream:75 - [STDERR_REDIRECT] 
2026-08-23 22:58:14,346 [ERROR] LogOutputStream:75 - [STDERR_REDIRECT] [Fatal Error] :1:1: Premature end of file.
2026-08-23 22:58:14,346 [ERROR] LogOutputStream:75 - [STDERR_REDIRECT] 
2026-08-23 22:58:15,345 [ERROR] LogOutputStream:75 - [STDERR_REDIRECT] [Fatal Error] :1:1: Premature end of file.
2026-08-23 22:58:15,348 [ERROR] LogOutputStream:75 - [STDERR_REDIRECT] 
2026-08-23 22:58:16,341 [ERROR] LogOutputStream:75 - [STDERR_REDIRECT] [Fatal Error] :1:1: Premature end of file.
2026-08-23 22:58:16,341 [ERROR] LogOutputStream:75 - [STDERR_REDIRECT] 
2026-08-23 22:58:17,341 [ERROR] LogOutputStream:75 - [STDERR_REDIRECT] [Fatal Error] :1:1: Premature end of file.
2026-08-23 22:58:17,341 [ERROR] LogOutputStream:75 - [STDERR_REDIRECT] 
2026-08-23 22:58:18,338 [ERROR] LogOutputStream:75 - [STDERR_REDIRECT] [Fatal Error] :1:1: Premature end of file.
2026-08-23 22:58:18,338 [ERROR] LogOutputStream:75 - [STDERR_REDIRECT] 
2026-08-23 22:58:19,344 [ERROR] LogOutputStream:75 - [STDERR_REDIRECT] [Fatal Error] :1:1: Premature end of file.
2026-08-23 22:58:19,345 [ERROR] LogOutputStream:75 - [STDERR_REDIRECT] 
2026-08-23 22:58:20,341 [ERROR] LogOutputStream:75 - [STDERR_REDIRECT] [Fatal Error] :1:1: Premature end of file.
2026-08-23 22:58:20,341 [ERROR] LogOutputStream:75 - [STDERR_REDIRECT] 
2026-08-23 22:58:21,352 [ERROR] LogOutputStream:75 - [STDERR_REDIRECT] [Fatal Error] :1:1: Premature end of file.
2026-08-23 22:58:21,352 [ERROR] LogOutputStream:75 - [STDERR_REDIRECT] 
2026-08-23 22:58:22,348 [ERROR] LogOutputStream:75 - [STDERR_REDIRECT] [Fatal Error] :1:1: Premature end of file.
2026-08-23 22:58:22,348 [ERROR] LogOutputStream:75 - [STDERR_REDIRECT] 
2026-08-23 22:58:23,323 [ERROR] LogOutputStream:75 - [STDERR_REDIRECT] [Fatal Error] :1:1: Premature end of file.
2026-08-23 22:58:23,323 [ERROR] LogOutputStream:75 - [STDERR_REDIRECT] 
2026-08-23 22:58:24,349 [ERROR] LogOutputStream:75 - [STDERR_REDIRECT] [Fatal Error] :1:1: Premature end of file.
2026-08-23 22:58:24,349 [ERROR] LogOutputStream:75 - [STDERR_REDIRECT] 
2026-08-23 22:58:25,338 [ERROR] LogOutputStream:75 - [STDERR_REDIRECT] [Fatal Error] :1:1: Premature end of file.
2026-08-23 22:58:25,338 [ERROR] LogOutputStream:75 - [STDERR_REDIRECT] 
2026-08-23 22:58:26,335 [ERROR] LogOutputStream:75 - [STDERR_REDIRECT] [Fatal Error] :1:1: Premature end of file.
2026-08-23 22:58:26,335 [ERROR] LogOutputStream:75 - [STDERR_REDIRECT] 
2026-08-23 22:58:27,372 [ERROR] LogOutputStream:75 - [STDERR_REDIRECT] [Fatal Error] :1:1: Premature end of file.
2026-08-23 22:58:27,372 [ERROR] LogOutputStream:75 - [STDERR_REDIRECT] 
2026-08-23 22:58:28,351 [ERROR] LogOutputStream:75 - [STDERR_REDIRECT] [Fatal Error] :1:1: Premature end of file.
2026-08-23 22:58:28,351 [ERROR] LogOutputStream:75 - [STDERR_REDIRECT] 
2026-08-23 22:58:29,346 [ERROR] LogOutputStream:75 - [STDERR_REDIRECT] [Fatal Error] :1:1: Premature end of file.
2026-08-23 22:58:29,346 [ERROR] LogOutputStream:75 - [STDERR_REDIRECT] 
2026-08-23 22:58:30,350 [ERROR] LogOutputStream:75 - [STDERR_REDIRECT] [Fatal Error] :1:1: Premature end of file.
2026-08-23 22:58:30,350 [ERROR] LogOutputStream:75 - [STDERR_REDIRECT] 
2026-08-23 22:58:31,339 [ERROR] LogOutputStream:75 - [STDERR_REDIRECT] [Fatal Error] :1:1: Premature end of file.
2026-08-23 22:58:31,339 [ERROR] LogOutputStream:75 - [STDERR_REDIRECT] 
2026-08-23 22:58:32,343 [ERROR] LogOutputStream:75 - [STDERR_REDIRECT] [Fatal Error] :1:1: Premature end of file.
2026-08-23 22:58:32,343 [ERROR] LogOutputStream:75 - [STDERR_REDIRECT] 
2026-08-23 22:58:33,345 [ERROR] LogOutputStream:75 - [STDERR_REDIRECT] [Fatal Error] :1:1: Premature end of file.
2026-08-23 22:58:33,346 [ERROR] LogOutputStream:75 - [STDERR_REDIRECT] 
2026-08-23 22:58:34,345 [ERROR] LogOutputStream:75 - [STDERR_REDIRECT] [Fatal Error] :1:1: Premature end of file.
2026-08-23 22:58:34,345 [ERROR] LogOutputStream:75 - [STDERR_REDIRECT] 
2026-08-23 22:58:35,340 [ERROR] LogOutputStream:75 - [STDERR_REDIRECT] [Fatal Error] :1:1: Premature end of file.
2026-08-23 22:58:35,341 [ERROR] LogOutputStream:75 - [STDERR_REDIRECT] 
2026-08-23 22:58:36,348 [ERROR] LogOutputStream:75 - [STDERR_REDIRECT] [Fatal Error] :1:1: Premature end of file.
2026-08-23 22:58:36,348 [ERROR] LogOutputStream:75 - [STDERR_REDIRECT] 
2026-08-23 22:58:37,338 [ERROR] LogOutputStream:75 - [STDERR_REDIRECT] [Fatal Error] :1:1: Premature end of file.
2026-08-23 22:58:37,338 [ERROR] LogOutputStream:75 - [STDERR_REDIRECT] 
2026-08-23 22:58:38,351 [ERROR] LogOutputStream:75 - [STDERR_REDIRECT] [Fatal Error] :1:1: Premature end of file.
2026-08-23 22:58:38,351 [ERROR] LogOutputStream:75 - [STDERR_REDIRECT] 
2026-08-23 22:58:39,350 [ERROR] LogOutputStream:75 - [STDERR_REDIRECT] [Fatal Error] :1:1: Premature end of file.
2026-08-23 22:58:39,350 [ERROR] LogOutputStream:75 - [STDERR_REDIRECT] 
2026-08-23 22:58:40,337 [ERROR] LogOutputStream:75 - [STDERR_REDIRECT] [Fatal Error] :1:1: Premature end of file.
2026-08-23 22:58:40,337 [ERROR] LogOutputStream:75 - [STDERR_REDIRECT] 
2026-08-23 22:58:41,333 [ERROR] LogOutputStream:75 - [STDERR_REDIRECT] [Fatal Error] :1:1: Premature end of file.
2026-08-23 22:58:41,333 [ERROR] LogOutputStream:75 - [STDERR_REDIRECT] 
2026-08-23 22:58:42,338 [ERROR] LogOutputStream:75 - [STDERR_REDIRECT] [Fatal Error] :1:1: Premature end of file.
2026-08-23 22:58:42,340 [ERROR] LogOutputStream:75 - [STDERR_REDIRECT] 
2026-08-23 22:58:43,340 [ERROR] LogOutputStream:75 - [STDERR_REDIRECT] [Fatal Error] :1:1: Premature end of file.
2026-08-23 22:58:43,340 [ERROR] LogOutputStream:75 - [STDERR_REDIRECT] 
2026-08-23 22:58:44,349 [ERROR] LogOutputStream:75 - [STDERR_REDIRECT] [Fatal Error] :1:1: Premature end of file.
2026-08-23 22:58:44,349 [ERROR] LogOutputStream:75 - [STDERR_REDIRECT] 
2026-08-23 22:58:45,336 [ERROR] LogOutputStream:75 - [STDERR_REDIRECT] [Fatal Error] :1:1: Premature end of file.
2026-08-23 22:58:45,337 [ERROR] LogOutputStream:75 - [STDERR_REDIRECT] 
2026-08-23 22:58:46,353 [ERROR] LogOutputStream:75 - [STDERR_REDIRECT] [Fatal Error] :1:1: Premature end of file.
2026-08-23 22:58:46,353 [ERROR] LogOutputStream:75 - [STDERR_REDIRECT] 
2026-08-23 22:58:47,352 [ERROR] LogOutputStream:75 - [STDERR_REDIRECT] [Fatal Error] :1:1: Premature end of file.
2026-08-23 22:58:47,352 [ERROR] LogOutputStream:75 - [STDERR_REDIRECT] 
2026-08-23 22:58:48,350 [ERROR] LogOutputStream:75 - [STDERR_REDIRECT] [Fatal Error] :1:1: Premature end of file.
2026-08-23 22:58:48,350 [ERROR] LogOutputStream:75 - [STDERR_REDIRECT] 
2026-08-23 22:58:49,332 [ERROR] LogOutputStream:75 - [STDERR_REDIRECT] [Fatal Error] :1:1: Premature end of file.
2026-08-23 22:58:49,332 [ERROR] LogOutputStream:75 - [STDERR_REDIRECT] 
2026-08-23 22:58:50,337 [ERROR] LogOutputStream:75 - [STDERR_REDIRECT] [Fatal Error] :1:1: Premature end of file.
2026-08-23 22:58:50,337 [ERROR] LogOutputStream:75 - [STDERR_REDIRECT] 
2026-08-23 22:58:51,381 [ERROR] LogOutputStream:75 - [STDERR_REDIRECT] [Fatal Error] :1:1: Premature end of file.
2026-08-23 22:58:51,381 [ERROR] LogOutputStream:75 - [STDERR_REDIRECT] 
2026-08-23 22:58:52,350 [ERROR] LogOutputStream:75 - [STDERR_REDIRECT] [Fatal Error] :1:1: Premature end of file.
2026-08-23 22:58:52,350 [ERROR] LogOutputStream:75 - [STDERR_REDIRECT] 
2026-08-23 22:58:53,335 [ERROR] LogOutputStream:75 - [STDERR_REDIRECT] [Fatal Error] :1:1: Premature end of file.
2026-08-23 22:58:53,335 [ERROR] LogOutputStream:75 - [STDERR_REDIRECT] 
2026-08-23 22:58:54,350 [ERROR] LogOutputStream:75 - [STDERR_REDIRECT] [Fatal Error] :1:1: Premature end of file.
2026-08-23 22:58:54,350 [ERROR] LogOutputStream:75 - [STDERR_REDIRECT] 
2026-08-23 22:58:55,341 [ERROR] LogOutputStream:75 - [STDERR_REDIRECT] [Fatal Error] :1:1: Premature end of file.
2026-08-23 22:58:55,341 [ERROR] LogOutputStream:75 - [STDERR_REDIRECT] 
2026-08-23 22:58:56,344 [ERROR] LogOutputStream:75 - [STDERR_REDIRECT] [Fatal Error] :1:1: Premature end of file.
2026-08-23 22:58:56,344 [ERROR] LogOutputStream:75 - [STDERR_REDIRECT] 
2026-08-23 22:58:57,353 [ERROR] LogOutputStream:75 - [STDERR_REDIRECT] [Fatal Error] :1:1: Premature end of file.
2026-08-23 22:58:57,354 [ERROR] LogOutputStream:75 - [STDERR_REDIRECT] 
2026-08-23 22:58:58,340 [ERROR] LogOutputStream:75 - [STDERR_REDIRECT] [Fatal Error] :1:1: Premature end of file.
2026-08-23 22:58:58,340 [ERROR] LogOutputStream:75 - [STDERR_REDIRECT] 
2026-08-23 22:58:59,335 [ERROR] LogOutputStream:75 - [STDERR_REDIRECT] [Fatal Error] :1:1: Premature end of file.
2026-08-23 22:58:59,335 [ERROR] LogOutputStream:75 - [STDERR_REDIRECT] 
2026-08-23 22:59:00,341 [ERROR] LogOutputStream:75 - [STDERR_REDIRECT] [Fatal Error] :1:1: Premature end of file.
2026-08-23 22:59:00,341 [ERROR] LogOutputStream:75 - [STDERR_REDIRECT] 
2026-08-23 22:59:01,341 [ERROR] LogOutputStream:75 - [STDERR_REDIRECT] [Fatal Error] :1:1: Premature end of file.
2026-08-23 22:59:01,341 [ERROR] LogOutputStream:75 - [STDERR_REDIRECT] 
2026-08-23 22:59:02,337 [ERROR] LogOutputStream:75 - [STDERR_REDIRECT] [Fatal Error] :1:1: Premature end of file.
2026-08-23 22:59:02,337 [ERROR] LogOutputStream:75 - [STDERR_REDIRECT] 
2026-08-23 22:59:03,340 [ERROR] LogOutputStream:75 - [STDERR_REDIRECT] [Fatal Error] :1:1: Premature end of file.
2026-08-23 22:59:03,340 [ERROR] LogOutputStream:75 - [STDERR_REDIRECT] 
2026-08-23 22:59:04,328 [ERROR] LogOutputStream:75 - [STDERR_REDIRECT] [Fatal Error] :1:1: Premature end of file.
2026-08-23 22:59:04,340 [ERROR] LogOutputStream:75 - [STDERR_REDIRECT] 
2026-08-23 22:59:05,335 [ERROR] LogOutputStream:75 - [STDERR_REDIRECT] [Fatal Error] :1:1: Premature end of file.
2026-08-23 22:59:05,335 [ERROR] LogOutputStream:75 - [STDERR_REDIRECT] 
2026-08-23 22:59:06,336 [ERROR] LogOutputStream:75 - [STDERR_REDIRECT] [Fatal Error] :1:1: Premature end of file.
2026-08-23 22:59:06,336 [ERROR] LogOutputStream:75 - [STDERR_REDIRECT] 
2026-08-23 22:59:07,357 [ERROR] LogOutputStream:75 - [STDERR_REDIRECT] [Fatal Error] :1:1: Premature end of file.
2026-08-23 22:59:07,358 [ERROR] LogOutputStream:75 - [STDERR_REDIRECT] 
2026-08-23 22:59:08,349 [ERROR] LogOutputStream:75 - [STDERR_REDIRECT] [Fatal Error] :1:1: Premature end of file.
2026-08-23 22:59:08,350 [ERROR] LogOutputStream:75 - [STDERR_REDIRECT] 
2026-08-23 22:59:09,357 [ERROR] LogOutputStream:75 - [STDERR_REDIRECT] [Fatal Error] :1:1: Premature end of file.
2026-08-23 22:59:09,357 [ERROR] LogOutputStream:75 - [STDERR_REDIRECT] 
2026-08-23 22:59:10,348 [ERROR] LogOutputStream:75 - [STDERR_REDIRECT] [Fatal Error] :1:1: Premature end of file.
2026-08-23 22:59:10,348 [ERROR] LogOutputStream:75 - [STDERR_REDIRECT] 
2026-08-23 22:59:11,343 [ERROR] LogOutputStream:75 - [STDERR_REDIRECT] [Fatal Error] :1:1: Premature end of file.
2026-08-23 22:59:11,343 [ERROR] LogOutputStream:75 - [STDERR_REDIRECT] 
2026-08-23 22:59:12,345 [ERROR] LogOutputStream:75 - [STDERR_REDIRECT] [Fatal Error] :1:1: Premature end of file.
2026-08-23 22:59:12,345 [ERROR] LogOutputStream:75 - [STDERR_REDIRECT] 
2026-08-23 22:59:13,342 [ERROR] LogOutputStream:75 - [STDERR_REDIRECT] [Fatal Error] :1:1: Premature end of file.
2026-08-23 22:59:13,342 [ERROR] LogOutputStream:75 - [STDERR_REDIRECT] 
2026-08-23 22:59:14,353 [ERROR] LogOutputStream:75 - [STDERR_REDIRECT] [Fatal Error] :1:1: Premature end of file.
2026-08-23 22:59:14,353 [ERROR] LogOutputStream:75 - [STDERR_REDIRECT] 
2026-08-23 22:59:15,344 [ERROR] LogOutputStream:75 - [STDERR_REDIRECT] [Fatal Error] :1:1: Premature end of file.
2026-08-23 22:59:15,344 [ERROR] LogOutputStream:75 - [STDERR_REDIRECT] 
2026-08-23 22:59:16,342 [ERROR] LogOutputStream:75 - [STDERR_REDIRECT] [Fatal Error] :1:1: Premature end of file.
2026-08-23 22:59:16,342 [ERROR] LogOutputStream:75 - [STDERR_REDIRECT] 
2026-08-23 22:59:17,342 [ERROR] LogOutputStream:75 - [STDERR_REDIRECT] [Fatal Error] :1:1: Premature end of file.
2026-08-23 22:59:17,342 [ERROR] LogOutputStream:75 - [STDERR_REDIRECT] 
2026-08-23 22:59:18,340 [ERROR] LogOutputStream:75 - [STDERR_REDIRECT] [Fatal Error] :1:1: Premature end of file.
2026-08-23 22:59:18,340 [ERROR] LogOutputStream:75 - [STDERR_REDIRECT] 
2026-08-23 22:59:19,336 [ERROR] LogOutputStream:75 - [STDERR_REDIRECT] [Fatal Error] :1:1: Premature end of file.
2026-08-23 22:59:19,336 [ERROR] LogOutputStream:75 - [STDERR_REDIRECT] 
2026-08-23 22:59:20,334 [ERROR] LogOutputStream:75 - [STDERR_REDIRECT] [Fatal Error] :1:1: Premature end of file.
2026-08-23 22:59:20,335 [ERROR] LogOutputStream:75 - [STDERR_REDIRECT] 
2026-08-23 22:59:21,340 [ERROR] LogOutputStream:75 - [STDERR_REDIRECT] [Fatal Error] :1:1: Premature end of file.
2026-08-23 22:59:21,340 [ERROR] LogOutputStream:75 - [STDERR_REDIRECT] 
2026-08-23 22:59:22,340 [ERROR] LogOutputStream:75 - [STDERR_REDIRECT] [Fatal Error] :1:1: Premature end of file.
2026-08-23 22:59:22,341 [ERROR] LogOutputStream:75 - [STDERR_REDIRECT] 
2026-08-23 22:59:23,350 [ERROR] LogOutputStream:75 - [STDERR_REDIRECT] [Fatal Error] :1:1: Premature end of file.
2026-08-23 22:59:23,350 [ERROR] LogOutputStream:75 - [STDERR_REDIRECT] 
2026-08-23 22:59:24,349 [ERROR] LogOutputStream:75 - [STDERR_REDIRECT] [Fatal Error] :1:1: Premature end of file.
2026-08-23 22:59:24,349 [ERROR] LogOutputStream:75 - [STDERR_REDIRECT] 
2026-08-23 22:59:25,342 [ERROR] LogOutputStream:75 - [STDERR_REDIRECT] [Fatal Error] :1:1: Premature end of file.
2026-08-23 22:59:25,342 [ERROR] LogOutputStream:75 - [STDERR_REDIRECT] 
2026-08-23 22:59:26,335 [ERROR] LogOutputStream:75 - [STDERR_REDIRECT] [Fatal Error] :1:1: Premature end of file.
2026-08-23 22:59:26,335 [ERROR] LogOutputStream:75 - [STDERR_REDIRECT] 
2026-08-23 22:59:27,357 [ERROR] LogOutputStream:75 - [STDERR_REDIRECT] [Fatal Error] :1:1: Premature end of file.
2026-08-23 22:59:27,357 [ERROR] LogOutputStream:75 - [STDERR_REDIRECT] 
2026-08-23 22:59:28,339 [ERROR] LogOutputStream:75 - [STDERR_REDIRECT] [Fatal Error] :1:1: Premature end of file.
2026-08-23 22:59:28,339 [ERROR] LogOutputStream:75 - [STDERR_REDIRECT] 
2026-08-23 22:59:29,335 [ERROR] LogOutputStream:75 - [STDERR_REDIRECT] [Fatal Error] :1:1: Premature end of file.
2026-08-23 22:59:29,335 [ERROR] LogOutputStream:75 - [STDERR_REDIRECT] 
2026-08-23 22:59:30,335 [ERROR] LogOutputStream:75 - [STDERR_REDIRECT] [Fatal Error] :1:1: Premature end of file.
2026-08-23 22:59:30,335 [ERROR] LogOutputStream:75 - [STDERR_REDIRECT] 
2026-08-23 22:59:31,339 [ERROR] LogOutputStream:75 - [STDERR_REDIRECT] [Fatal Error] :1:1: Premature end of file.
2026-08-23 22:59:31,339 [ERROR] LogOutputStream:75 - [STDERR_REDIRECT] 
2026-08-23 22:59:32,356 [ERROR] LogOutputStream:75 - [STDERR_REDIRECT] [Fatal Error] :1:1: Premature end of file.
2026-08-23 22:59:32,356 [ERROR] LogOutputStream:75 - [STDERR_REDIRECT] 
2026-08-23 22:59:33,352 [ERROR] LogOutputStream:75 - [STDERR_REDIRECT] [Fatal Error] :1:1: Premature end of file.
2026-08-23 22:59:33,352 [ERROR] LogOutputStream:75 - [STDERR_REDIRECT] 
2026-08-23 22:59:34,340 [ERROR] LogOutputStream:75 - [STDERR_REDIRECT] [Fatal Error] :1:1: Premature end of file.
2026-08-23 22:59:34,340 [ERROR] LogOutputStream:75 - [STDERR_REDIRECT] 
2026-08-23 22:59:35,347 [ERROR] LogOutputStream:75 - [STDERR_REDIRECT] [Fatal Error] :1:1: Premature end of file.
2026-08-23 22:59:35,347 [ERROR] LogOutputStream:75 - [STDERR_REDIRECT] 
2026-08-23 22:59:36,333 [ERROR] LogOutputStream:75 - [STDERR_REDIRECT] [Fatal Error] :1:1: Premature end of file.
2026-08-23 22:59:36,333 [ERROR] LogOutputStream:75 - [STDERR_REDIRECT] 
2026-08-23 22:59:37,332 [ERROR] LogOutputStream:75 - [STDERR_REDIRECT] [Fatal Error] :1:1: Premature end of file.
2026-08-23 22:59:37,332 [ERROR] LogOutputStream:75 - [STDERR_REDIRECT] 
2026-08-23 22:59:38,324 [ERROR] LogOutputStream:75 - [STDERR_REDIRECT] [Fatal Error] :1:1: Premature end of file.
2026-08-23 22:59:38,324 [ERROR] LogOutputStream:75 - [STDERR_REDIRECT] 
2026-08-23 22:59:39,338 [ERROR] LogOutputStream:75 - [STDERR_REDIRECT] [Fatal Error] :1:1: Premature end of file.
2026-08-23 22:59:39,338 [ERROR] LogOutputStream:75 - [STDERR_REDIRECT] 
2026-08-23 22:59:40,339 [ERROR] LogOutputStream:75 - [STDERR_REDIRECT] [Fatal Error] :1:1: Premature end of file.
2026-08-23 22:59:40,339 [ERROR] LogOutputStream:75 - [STDERR_REDIRECT] 
2026-08-23 22:59:41,337 [ERROR] LogOutputStream:75 - [STDERR_REDIRECT] [Fatal Error] :1:1: Premature end of file.
2026-08-23 22:59:41,337 [ERROR] LogOutputStream:75 - [STDERR_REDIRECT] 
2026-08-23 22:59:42,345 [ERROR] LogOutputStream:75 - [STDERR_REDIRECT] [Fatal Error] :1:1: Premature end of file.
2026-08-23 22:59:42,345 [ERROR] LogOutputStream:75 - [STDERR_REDIRECT] 
2026-08-23 22:59:43,336 [ERROR] LogOutputStream:75 - [STDERR_REDIRECT] [Fatal Error] :1:1: Premature end of file.
2026-08-23 22:59:43,336 [ERROR] LogOutputStream:75 - [STDERR_REDIRECT] 
2026-08-23 22:59:44,348 [ERROR] LogOutputStream:75 - [STDERR_REDIRECT] [Fatal Error] :1:1: Premature end of file.
2026-08-23 22:59:44,348 [ERROR] LogOutputStream:75 - [STDERR_REDIRECT] 
2026-08-23 22:59:45,328 [ERROR] LogOutputStream:75 - [STDERR_REDIRECT] [Fatal Error] :1:1: Premature end of file.
2026-08-23 22:59:45,341 [ERROR] LogOutputStream:75 - [STDERR_REDIRECT] 
2026-08-23 22:59:46,343 [ERROR] LogOutputStream:75 - [STDERR_REDIRECT] [Fatal Error] :1:1: Premature end of file.
2026-08-23 22:59:46,343 [ERROR] LogOutputStream:75 - [STDERR_REDIRECT] 
2026-08-23 22:59:47,349 [ERROR] LogOutputStream:75 - [STDERR_REDIRECT] [Fatal Error] :1:1: Premature end of file.
2026-08-23 22:59:47,349 [ERROR] LogOutputStream:75 - [STDERR_REDIRECT] 
2026-08-23 22:59:48,339 [ERROR] LogOutputStream:75 - [STDERR_REDIRECT] [Fatal Error] :1:1: Premature end of file.
2026-08-23 22:59:48,339 [ERROR] LogOutputStream:75 - [STDERR_REDIRECT] 
2026-08-23 22:59:49,329 [ERROR] LogOutputStream:75 - [STDERR_REDIRECT] [Fatal Error] :1:1: Premature end of file.
2026-08-23 22:59:49,329 [ERROR] LogOutputStream:75 - [STDERR_REDIRECT] 
2026-08-23 22:59:50,336 [ERROR] LogOutputStream:75 - [STDERR_REDIRECT] [Fatal Error] :1:1: Premature end of file.
2026-08-23 22:59:50,336 [ERROR] LogOutputStream:75 - [STDERR_REDIRECT] 
2026-08-23 22:59:51,347 [ERROR] LogOutputStream:75 - [STDERR_REDIRECT] [Fatal Error] :1:1: Premature end of file.
2026-08-23 22:59:51,348 [ERROR] LogOutputStream:75 - [STDERR_REDIRECT] 
2026-08-23 22:59:52,352 [ERROR] LogOutputStream:75 - [STDERR_REDIRECT] [Fatal Error] :1:1: Premature end of file.
2026-08-23 22:59:52,353 [ERROR] LogOutputStream:75 - [STDERR_REDIRECT] 
2026-08-23 22:59:53,339 [ERROR] LogOutputStream:75 - [STDERR_REDIRECT] [Fatal Error] :1:1: Premature end of file.
2026-08-23 22:59:53,340 [ERROR] LogOutputStream:75 - [STDERR_REDIRECT] 
2026-08-23 22:59:54,336 [ERROR] LogOutputStream:75 - [STDERR_REDIRECT] [Fatal Error] :1:1: Premature end of file.
2026-08-23 22:59:54,336 [ERROR] LogOutputStream:75 - [STDERR_REDIRECT] 
2026-08-23 22:59:55,337 [ERROR] LogOutputStream:75 - [STDERR_REDIRECT] [Fatal Error] :1:1: Premature end of file.
2026-08-23 22:59:55,337 [ERROR] LogOutputStream:75 - [STDERR_REDIRECT] 
2026-08-23 22:59:56,343 [ERROR] LogOutputStream:75 - [STDERR_REDIRECT] [Fatal Error] :1:1: Premature end of file.
2026-08-23 22:59:56,343 [ERROR] LogOutputStream:75 - [STDERR_REDIRECT] 
2026-08-23 22:59:57,341 [ERROR] LogOutputStream:75 - [STDERR_REDIRECT] [Fatal Error] :1:1: Premature end of file.
2026-08-23 22:59:57,341 [ERROR] LogOutputStream:75 - [STDERR_REDIRECT] 
2026-08-23 22:59:58,340 [ERROR] LogOutputStream:75 - [STDERR_REDIRECT] [Fatal Error] :1:1: Premature end of file.
2026-08-23 22:59:58,340 [ERROR] LogOutputStream:75 - [STDERR_REDIRECT] 
2026-08-23 22:59:59,343 [ERROR] LogOutputStream:75 - [STDERR_REDIRECT] [Fatal Error] :1:1: Premature end of file.
2026-08-23 22:59:59,343 [ERROR] LogOutputStream:75 - [STDERR_REDIRECT] 
2026-08-23 23:00:00,338 [ERROR] LogOutputStream:75 - [STDERR_REDIRECT] [Fatal Error] :1:1: Premature end of file.
2026-08-23 23:00:00,338 [ERROR] LogOutputStream:75 - [STDERR_REDIRECT] 
2026-08-23 23:00:01,346 [ERROR] LogOutputStream:75 - [STDERR_REDIRECT] [Fatal Error] :1:1: Premature end of file.
2026-08-23 23:00:01,346 [ERROR] LogOutputStream:75 - [STDERR_REDIRECT] 
2026-08-23 23:00:02,350 [ERROR] LogOutputStream:75 - [STDERR_REDIRECT] [Fatal Error] :1:1: Premature end of file.
2026-08-23 23:00:02,350 [ERROR] LogOutputStream:75 - [STDERR_REDIRECT] 
2026-08-23 23:00:03,335 [ERROR] LogOutputStream:75 - [STDERR_REDIRECT] [Fatal Error] :1:1: Premature end of file.
2026-08-23 23:00:03,336 [ERROR] LogOutputStream:75 - [STDERR_REDIRECT] 
2026-08-23 23:00:04,342 [ERROR] LogOutputStream:75 - [STDERR_REDIRECT] [Fatal Error] :1:1: Premature end of file.
2026-08-23 23:00:04,342 [ERROR] LogOutputStream:75 - [STDERR_REDIRECT] 
2026-08-23 23:00:05,346 [ERROR] LogOutputStream:75 - [STDERR_REDIRECT] [Fatal Error] :1:1: Premature end of file.
2026-08-23 23:00:05,346 [ERROR] LogOutputStream:75 - [STDERR_REDIRECT] 
2026-08-23 23:00:06,348 [ERROR] LogOutputStream:75 - [STDERR_REDIRECT] [Fatal Error] :1:1: Premature end of file.
2026-08-23 23:00:06,348 [ERROR] LogOutputStream:75 - [STDERR_REDIRECT] 
2026-08-23 23:00:07,352 [ERROR] LogOutputStream:75 - [STDERR_REDIRECT] [Fatal Error] :1:1: Premature end of file.
2026-08-23 23:00:07,352 [ERROR] LogOutputStream:75 - [STDERR_REDIRECT] 
2026-08-23 23:00:08,353 [ERROR] LogOutputStream:75 - [STDERR_REDIRECT] [Fatal Error] :1:1: Premature end of file.
2026-08-23 23:00:08,353 [ERROR] LogOutputStream:75 - [STDERR_REDIRECT] 
2026-08-23 23:00:09,349 [ERROR] LogOutputStream:75 - [STDERR_REDIRECT] [Fatal Error] :1:1: Premature end of file.
2026-08-23 23:00:09,350 [ERROR] LogOutputStream:75 - [STDERR_REDIRECT] 
2026-08-23 23:00:10,344 [ERROR] LogOutputStream:75 - [STDERR_REDIRECT] [Fatal Error] :1:1: Premature end of file.
2026-08-23 23:00:10,344 [ERROR] LogOutputStream:75 - [STDERR_REDIRECT] 
2026-08-23 23:00:11,345 [ERROR] LogOutputStream:75 - [STDERR_REDIRECT] [Fatal Error] :1:1: Premature end of file.
2026-08-23 23:00:11,345 [ERROR] LogOutputStream:75 - [STDERR_REDIRECT] 
2026-08-23 23:00:12,343 [ERROR] LogOutputStream:75 - [STDERR_REDIRECT] [Fatal Error] :1:1: Premature end of file.
2026-08-23 23:00:12,344 [ERROR] LogOutputStream:75 - [STDERR_REDIRECT] 
2026-08-23 23:00:13,363 [ERROR] LogOutputStream:75 - [STDERR_REDIRECT] [Fatal Error] :1:1: Premature end of file.
2026-08-23 23:00:13,364 [ERROR] LogOutputStream:75 - [STDERR_REDIRECT] 
2026-08-23 23:00:14,347 [ERROR] LogOutputStream:75 - [STDERR_REDIRECT] [Fatal Error] :1:1: Premature end of file.
2026-08-23 23:00:14,347 [ERROR] LogOutputStream:75 - [STDERR_REDIRECT] 
2026-08-23 23:00:15,362 [ERROR] LogOutputStream:75 - [STDERR_REDIRECT] [Fatal Error] :1:1: Premature end of file.
2026-08-23 23:00:15,363 [ERROR] LogOutputStream:75 - [STDERR_REDIRECT] 
2026-08-23 23:00:16,340 [ERROR] LogOutputStream:75 - [STDERR_REDIRECT] [Fatal Error] :1:1: Premature end of file.
2026-08-23 23:00:16,340 [ERROR] LogOutputStream:75 - [STDERR_REDIRECT] 
2026-08-23 23:00:17,345 [ERROR] LogOutputStream:75 - [STDERR_REDIRECT] [Fatal Error] :1:1: Premature end of file.
2026-08-23 23:00:17,345 [ERROR] LogOutputStream:75 - [STDERR_REDIRECT] 
2026-08-23 23:00:18,327 [ERROR] LogOutputStream:75 - [STDERR_REDIRECT] [Fatal Error] :1:1: Premature end of file.
2026-08-23 23:00:18,327 [ERROR] LogOutputStream:75 - [STDERR_REDIRECT] 
2026-08-23 23:00:19,330 [ERROR] LogOutputStream:75 - [STDERR_REDIRECT] [Fatal Error] :1:1: Premature end of file.
2026-08-23 23:00:19,330 [ERROR] LogOutputStream:75 - [STDERR_REDIRECT] 
2026-08-23 23:00:20,346 [ERROR] LogOutputStream:75 - [STDERR_REDIRECT] [Fatal Error] :1:1: Premature end of file.
2026-08-23 23:00:20,346 [ERROR] LogOutputStream:75 - [STDERR_REDIRECT] 
2026-08-23 23:00:21,333 [ERROR] LogOutputStream:75 - [STDERR_REDIRECT] [Fatal Error] :1:1: Premature end of file.
2026-08-23 23:00:21,341 [ERROR] LogOutputStream:75 - [STDERR_REDIRECT] 
2026-08-23 23:00:22,338 [ERROR] LogOutputStream:75 - [STDERR_REDIRECT] [Fatal Error] :1:1: Premature end of file.
2026-08-23 23:00:22,338 [ERROR] LogOutputStream:75 - [STDERR_REDIRECT] 
2026-08-23 23:00:23,333 [ERROR] LogOutputStream:75 - [STDERR_REDIRECT] [Fatal Error] :1:1: Premature end of file.
2026-08-23 23:00:23,333 [ERROR] LogOutputStream:75 - [STDERR_REDIRECT] 
2026-08-23 23:00:24,344 [ERROR] LogOutputStream:75 - [STDERR_REDIRECT] [Fatal Error] :1:1: Premature end of file.
2026-08-23 23:00:24,344 [ERROR] LogOutputStream:75 - [STDERR_REDIRECT] 
2026-08-23 23:00:25,339 [ERROR] LogOutputStream:75 - [STDERR_REDIRECT] [Fatal Error] :1:1: Premature end of file.
2026-08-23 23:00:25,339 [ERROR] LogOutputStream:75 - [STDERR_REDIRECT] 
2026-08-23 23:00:26,342 [ERROR] LogOutputStream:75 - [STDERR_REDIRECT] [Fatal Error] :1:1: Premature end of file.
2026-08-23 23:00:26,342 [ERROR] LogOutputStream:75 - [STDERR_REDIRECT] 
2026-08-23 23:00:27,337 [ERROR] LogOutputStream:75 - [STDERR_REDIRECT] [Fatal Error] :1:1: Premature end of file.
2026-08-23 23:00:27,338 [ERROR] LogOutputStream:75 - [STDERR_REDIRECT] 
2026-08-23 23:00:28,354 [ERROR] LogOutputStream:75 - [STDERR_REDIRECT] [Fatal Error] :1:1: Premature end of file.
2026-08-23 23:00:28,355 [ERROR] LogOutputStream:75 - [STDERR_REDIRECT] 
2026-08-23 23:00:29,344 [ERROR] LogOutputStream:75 - [STDERR_REDIRECT] [Fatal Error] :1:1: Premature end of file.
2026-08-23 23:00:29,344 [ERROR] LogOutputStream:75 - [STDERR_REDIRECT] 
2026-08-23 23:00:30,346 [ERROR] LogOutputStream:75 - [STDERR_REDIRECT] [Fatal Error] :1:1: Premature end of file.
2026-08-23 23:00:30,346 [ERROR] LogOutputStream:75 - [STDERR_REDIRECT] 
2026-08-23 23:00:31,351 [ERROR] LogOutputStream:75 - [STDERR_REDIRECT] [Fatal Error] :1:1: Premature end of file.
2026-08-23 23:00:31,351 [ERROR] LogOutputStream:75 - [STDERR_REDIRECT] 
2026-08-23 23:00:32,336 [ERROR] LogOutputStream:75 - [STDERR_REDIRECT] [Fatal Error] :1:1: Premature end of file.
2026-08-23 23:00:32,336 [ERROR] LogOutputStream:75 - [STDERR_REDIRECT] 
2026-08-23 23:00:33,325 [ERROR] LogOutputStream:75 - [STDERR_REDIRECT] [Fatal Error] :1:1: Premature end of file.
2026-08-23 23:00:33,325 [ERROR] LogOutputStream:75 - [STDERR_REDIRECT] 
2026-08-23 23:00:34,330 [ERROR] LogOutputStream:75 - [STDERR_REDIRECT] [Fatal Error] :1:1: Premature end of file.
2026-08-23 23:00:34,330 [ERROR] LogOutputStream:75 - [STDERR_REDIRECT] 
2026-08-23 23:00:35,348 [ERROR] LogOutputStream:75 - [STDERR_REDIRECT] [Fatal Error] :1:1: Premature end of file.
2026-08-23 23:00:35,348 [ERROR] LogOutputStream:75 - [STDERR_REDIRECT] 
2026-08-23 23:00:36,348 [ERROR] LogOutputStream:75 - [STDERR_REDIRECT] [Fatal Error] :1:1: Premature end of file.
2026-08-23 23:00:36,348 [ERROR] LogOutputStream:75 - [STDERR_REDIRECT] 
2026-08-23 23:00:37,333 [ERROR] LogOutputStream:75 - [STDERR_REDIRECT] [Fatal Error] :1:1: Premature end of file.
2026-08-23 23:00:37,333 [ERROR] LogOutputStream:75 - [STDERR_REDIRECT] 
2026-08-23 23:00:38,341 [ERROR] LogOutputStream:75 - [STDERR_REDIRECT] [Fatal Error] :1:1: Premature end of file.
2026-08-23 23:00:38,341 [ERROR] LogOutputStream:75 - [STDERR_REDIRECT] 
2026-08-23 23:00:39,331 [ERROR] LogOutputStream:75 - [STDERR_REDIRECT] [Fatal Error] :1:1: Premature end of file.
2026-08-23 23:00:39,331 [ERROR] LogOutputStream:75 - [STDERR_REDIRECT] 
2026-08-23 23:00:40,337 [ERROR] LogOutputStream:75 - [STDERR_REDIRECT] [Fatal Error] :1:1: Premature end of file.
2026-08-23 23:00:40,337 [ERROR] LogOutputStream:75 - [STDERR_REDIRECT] 
2026-08-23 23:00:41,339 [ERROR] LogOutputStream:75 - [STDERR_REDIRECT] [Fatal Error] :1:1: Premature end of file.
2026-08-23 23:00:41,339 [ERROR] LogOutputStream:75 - [STDERR_REDIRECT] 
2026-08-23 23:00:42,337 [ERROR] LogOutputStream:75 - [STDERR_REDIRECT] [Fatal Error] :1:1: Premature end of file.
2026-08-23 23:00:42,337 [ERROR] LogOutputStream:75 - [STDERR_REDIRECT] 
2026-08-23 23:00:43,338 [ERROR] LogOutputStream:75 - [STDERR_REDIRECT] [Fatal Error] :1:1: Premature end of file.
2026-08-23 23:00:43,338 [ERROR] LogOutputStream:75 - [STDERR_REDIRECT] 
2026-08-23 23:00:44,336 [ERROR] LogOutputStream:75 - [STDERR_REDIRECT] [Fatal Error] :1:1: Premature end of file.
2026-08-23 23:00:44,337 [ERROR] LogOutputStream:75 - [STDERR_REDIRECT] 
2026-08-23 23:00:45,335 [ERROR] LogOutputStream:75 - [STDERR_REDIRECT] [Fatal Error] :1:1: Premature end of file.
2026-08-23 23:00:45,335 [ERROR] LogOutputStream:75 - [STDERR_REDIRECT] 
2026-08-23 23:00:46,336 [ERROR] LogOutputStream:75 - [STDERR_REDIRECT] [Fatal Error] :1:1: Premature end of file.
2026-08-23 23:00:46,336 [ERROR] LogOutputStream:75 - [STDERR_REDIRECT] 
2026-08-23 23:00:47,337 [ERROR] LogOutputStream:75 - [STDERR_REDIRECT] [Fatal Error] :1:1: Premature end of file.
2026-08-23 23:00:47,337 [ERROR] LogOutputStream:75 - [STDERR_REDIRECT] 
2026-08-23 23:00:48,352 [ERROR] LogOutputStream:75 - [STDERR_REDIRECT] [Fatal Error] :1:1: Premature end of file.
2026-08-23 23:00:48,352 [ERROR] LogOutputStream:75 - [STDERR_REDIRECT] 
2026-08-23 23:00:49,349 [ERROR] LogOutputStream:75 - [STDERR_REDIRECT] [Fatal Error] :1:1: Premature end of file.
2026-08-23 23:00:49,349 [ERROR] LogOutputStream:75 - [STDERR_REDIRECT] 
2026-08-23 23:00:50,348 [ERROR] LogOutputStream:75 - [STDERR_REDIRECT] [Fatal Error] :1:1: Premature end of file.
2026-08-23 23:00:50,348 [ERROR] LogOutputStream:75 - [STDERR_REDIRECT] 
2026-08-23 23:00:51,350 [ERROR] LogOutputStream:75 - [STDERR_REDIRECT] [Fatal Error] :1:1: Premature end of file.
2026-08-23 23:00:51,350 [ERROR] LogOutputStream:75 - [STDERR_REDIRECT] 
2026-08-23 23:00:52,346 [ERROR] LogOutputStream:75 - [STDERR_REDIRECT] [Fatal Error] :1:1: Premature end of file.
2026-08-23 23:00:52,346 [ERROR] LogOutputStream:75 - [STDERR_REDIRECT] 
2026-08-23 23:00:53,348 [ERROR] LogOutputStream:75 - [STDERR_REDIRECT] [Fatal Error] :1:1: Premature end of file.
2026-08-23 23:00:53,348 [ERROR] LogOutputStream:75 - [STDERR_REDIRECT] 
2026-08-23 23:00:54,345 [ERROR] LogOutputStream:75 - [STDERR_REDIRECT] [Fatal Error] :1:1: Premature end of file.
2026-08-23 23:00:54,345 [ERROR] LogOutputStream:75 - [STDERR_REDIRECT] 
2026-08-23 23:00:55,339 [ERROR] LogOutputStream:75 - [STDERR_REDIRECT] [Fatal Error] :1:1: Premature end of file.
2026-08-23 23:00:55,339 [ERROR] LogOutputStream:75 - [STDERR_REDIRECT] 
2026-08-23 23:00:56,348 [ERROR] LogOutputStream:75 - [STDERR_REDIRECT] [Fatal Error] :1:1: Premature end of file.
2026-08-23 23:00:56,349 [ERROR] LogOutputStream:75 - [STDERR_REDIRECT] 
2026-08-23 23:00:57,344 [ERROR] LogOutputStream:75 - [STDERR_REDIRECT] [Fatal Error] :1:1: Premature end of file.
2026-08-23 23:00:57,344 [ERROR] LogOutputStream:75 - [STDERR_REDIRECT] 
2026-08-23 23:00:58,338 [ERROR] LogOutputStream:75 - [STDERR_REDIRECT] [Fatal Error] :1:1: Premature end of file.
2026-08-23 23:00:58,338 [ERROR] LogOutputStream:75 - [STDERR_REDIRECT] 
2026-08-23 23:00:59,337 [ERROR] LogOutputStream:75 - [STDERR_REDIRECT] [Fatal Error] :1:1: Premature end of file.
2026-08-23 23:00:59,337 [ERROR] LogOutputStream:75 - [STDERR_REDIRECT] 
2026-08-23 23:01:00,349 [ERROR] LogOutputStream:75 - [STDERR_REDIRECT] [Fatal Error] :1:1: Premature end of file.
2026-08-23 23:01:00,349 [ERROR] LogOutputStream:75 - [STDERR_REDIRECT] 
2026-08-23 23:01:01,333 [ERROR] LogOutputStream:75 - [STDERR_REDIRECT] [Fatal Error] :1:1: Premature end of file.
2026-08-23 23:01:01,333 [ERROR] LogOutputStream:75 - [STDERR_REDIRECT] 
2026-08-23 23:01:02,340 [ERROR] LogOutputStream:75 - [STDERR_REDIRECT] [Fatal Error] :1:1: Premature end of file.
2026-08-23 23:01:02,341 [ERROR] LogOutputStream:75 - [STDERR_REDIRECT] 
2026-08-23 23:01:03,347 [ERROR] LogOutputStream:75 - [STDERR_REDIRECT] [Fatal Error] :1:1: Premature end of file.
2026-08-23 23:01:03,347 [ERROR] LogOutputStream:75 - [STDERR_REDIRECT] 
2026-08-23 23:01:04,345 [ERROR] LogOutputStream:75 - [STDERR_REDIRECT] [Fatal Error] :1:1: Premature end of file.
2026-08-23 23:01:04,345 [ERROR] LogOutputStream:75 - [STDERR_REDIRECT] 
2026-08-23 23:01:05,341 [ERROR] LogOutputStream:75 - [STDERR_REDIRECT] [Fatal Error] :1:1: Premature end of file.
2026-08-23 23:01:05,343 [ERROR] LogOutputStream:75 - [STDERR_REDIRECT] 
2026-08-23 23:01:06,353 [ERROR] LogOutputStream:75 - [STDERR_REDIRECT] [Fatal Error] :1:1: Premature end of file.
2026-08-23 23:01:06,353 [ERROR] LogOutputStream:75 - [STDERR_REDIRECT] 
2026-08-23 23:01:07,334 [ERROR] LogOutputStream:75 - [STDERR_REDIRECT] [Fatal Error] :1:1: Premature end of file.
2026-08-23 23:01:07,334 [ERROR] LogOutputStream:75 - [STDERR_REDIRECT] 
2026-08-23 23:01:08,350 [ERROR] LogOutputStream:75 - [STDERR_REDIRECT] [Fatal Error] :1:1: Premature end of file.
2026-08-23 23:01:08,350 [ERROR] LogOutputStream:75 - [STDERR_REDIRECT] 
2026-08-23 23:01:09,339 [ERROR] LogOutputStream:75 - [STDERR_REDIRECT] [Fatal Error] :1:1: Premature end of file.
2026-08-23 23:01:09,339 [ERROR] LogOutputStream:75 - [STDERR_REDIRECT] 
2026-08-23 23:01:10,349 [ERROR] LogOutputStream:75 - [STDERR_REDIRECT] [Fatal Error] :1:1: Premature end of file.
2026-08-23 23:01:10,349 [ERROR] LogOutputStream:75 - [STDERR_REDIRECT] 
2026-08-23 23:01:11,351 [ERROR] LogOutputStream:75 - [STDERR_REDIRECT] [Fatal Error] :1:1: Premature end of file.
2026-08-23 23:01:11,351 [ERROR] LogOutputStream:75 - [STDERR_REDIRECT] 
2026-08-23 23:01:12,338 [ERROR] LogOutputStream:75 - [STDERR_REDIRECT] [Fatal Error] :1:1: Premature end of file.
2026-08-23 23:01:12,338 [ERROR] LogOutputStream:75 - [STDERR_REDIRECT] 
2026-08-23 23:01:13,346 [ERROR] LogOutputStream:75 - [STDERR_REDIRECT] [Fatal Error] :1:1: Premature end of file.
2026-08-23 23:01:13,346 [ERROR] LogOutputStream:75 - [STDERR_REDIRECT] 
2026-08-23 23:01:14,346 [ERROR] LogOutputStream:75 - [STDERR_REDIRECT] [Fatal Error] :1:1: Premature end of file.
2026-08-23 23:01:14,346 [ERROR] LogOutputStream:75 - [STDERR_REDIRECT] 
2026-08-23 23:01:15,341 [ERROR] LogOutputStream:75 - [STDERR_REDIRECT] [Fatal Error] :1:1: Premature end of file.
2026-08-23 23:01:15,341 [ERROR] LogOutputStream:75 - [STDERR_REDIRECT] 
2026-08-23 23:01:16,345 [ERROR] LogOutputStream:75 - [STDERR_REDIRECT] [Fatal Error] :1:1: Premature end of file.
2026-08-23 23:01:16,345 [ERROR] LogOutputStream:75 - [STDERR_REDIRECT] 
2026-08-23 23:01:17,344 [ERROR] LogOutputStream:75 - [STDERR_REDIRECT] [Fatal Error] :1:1: Premature end of file.
2026-08-23 23:01:17,344 [ERROR] LogOutputStream:75 - [STDERR_REDIRECT] 
2026-08-23 23:01:18,341 [ERROR] LogOutputStream:75 - [STDERR_REDIRECT] [Fatal Error] :1:1: Premature end of file.
2026-08-23 23:01:18,341 [ERROR] LogOutputStream:75 - [STDERR_REDIRECT] 
2026-08-23 23:01:19,341 [ERROR] LogOutputStream:75 - [STDERR_REDIRECT] [Fatal Error] :1:1: Premature end of file.
2026-08-23 23:01:19,341 [ERROR] LogOutputStream:75 - [STDERR_REDIRECT] 
2026-08-23 23:01:20,340 [ERROR] LogOutputStream:75 - [STDERR_REDIRECT] [Fatal Error] :1:1: Premature end of file.
2026-08-23 23:01:20,340 [ERROR] LogOutputStream:75 - [STDERR_REDIRECT] 
2026-08-23 23:01:21,340 [ERROR] LogOutputStream:75 - [STDERR_REDIRECT] [Fatal Error] :1:1: Premature end of file.
2026-08-23 23:01:21,340 [ERROR] LogOutputStream:75 - [STDERR_REDIRECT] 
2026-08-23 23:01:22,339 [ERROR] LogOutputStream:75 - [STDERR_REDIRECT] [Fatal Error] :1:1: Premature end of file.
2026-08-23 23:01:22,339 [ERROR] LogOutputStream:75 - [STDERR_REDIRECT] 
2026-08-23 23:01:23,339 [ERROR] LogOutputStream:75 - [STDERR_REDIRECT] [Fatal Error] :1:1: Premature end of file.
2026-08-23 23:01:23,339 [ERROR] LogOutputStream:75 - [STDERR_REDIRECT] 
2026-08-23 23:01:24,339 [ERROR] LogOutputStream:75 - [STDERR_REDIRECT] [Fatal Error] :1:1: Premature end of file.
2026-08-23 23:01:24,339 [ERROR] LogOutputStream:75 - [STDERR_REDIRECT] 
2026-08-23 23:01:25,325 [ERROR] LogOutputStream:75 - [STDERR_REDIRECT] [Fatal Error] :1:1: Premature end of file.
2026-08-23 23:01:25,325 [ERROR] LogOutputStream:75 - [STDERR_REDIRECT] 
2026-08-23 23:01:26,325 [ERROR] LogOutputStream:75 - [STDERR_REDIRECT] [Fatal Error] :1:1: Premature end of file.
2026-08-23 23:01:26,325 [ERROR] LogOutputStream:75 - [STDERR_REDIRECT] 
2026-08-23 23:01:27,351 [ERROR] LogOutputStream:75 - [STDERR_REDIRECT] [Fatal Error] :1:1: Premature end of file.
2026-08-23 23:01:27,352 [ERROR] LogOutputStream:75 - [STDERR_REDIRECT] 
2026-08-23 23:01:28,350 [ERROR] LogOutputStream:75 - [STDERR_REDIRECT] [Fatal Error] :1:1: Premature end of file.
2026-08-23 23:01:28,350 [ERROR] LogOutputStream:75 - [STDERR_REDIRECT] 
2026-08-23 23:01:29,348 [ERROR] LogOutputStream:75 - [STDERR_REDIRECT] [Fatal Error] :1:1: Premature end of file.
2026-08-23 23:01:29,348 [ERROR] LogOutputStream:75 - [STDERR_REDIRECT] 
2026-08-23 23:01:30,350 [ERROR] LogOutputStream:75 - [STDERR_REDIRECT] [Fatal Error] :1:1: Premature end of file.
2026-08-23 23:01:30,350 [ERROR] LogOutputStream:75 - [STDERR_REDIRECT] 
2026-08-23 23:01:31,349 [ERROR] LogOutputStream:75 - [STDERR_REDIRECT] [Fatal Error] :1:1: Premature end of file.
2026-08-23 23:01:31,349 [ERROR] LogOutputStream:75 - [STDERR_REDIRECT] 
2026-08-23 23:01:32,365 [ERROR] LogOutputStream:75 - [STDERR_REDIRECT] [Fatal Error] :1:1: Premature end of file.
2026-08-23 23:01:32,365 [ERROR] LogOutputStream:75 - [STDERR_REDIRECT] 
2026-08-23 23:01:33,353 [ERROR] LogOutputStream:75 - [STDERR_REDIRECT] [Fatal Error] :1:1: Premature end of file.
2026-08-23 23:01:33,353 [ERROR] LogOutputStream:75 - [STDERR_REDIRECT] 
2026-08-23 23:01:34,344 [ERROR] LogOutputStream:75 - [STDERR_REDIRECT] [Fatal Error] :1:1: Premature end of file.
2026-08-23 23:01:34,344 [ERROR] LogOutputStream:75 - [STDERR_REDIRECT] 
2026-08-23 23:01:35,348 [ERROR] LogOutputStream:75 - [STDERR_REDIRECT] [Fatal Error] :1:1: Premature end of file.
2026-08-23 23:01:35,348 [ERROR] LogOutputStream:75 - [STDERR_REDIRECT] 
2026-08-23 23:01:36,345 [ERROR] LogOutputStream:75 - [STDERR_REDIRECT] [Fatal Error] :1:1: Premature end of file.
2026-08-23 23:01:36,346 [ERROR] LogOutputStream:75 - [STDERR_REDIRECT] 
2026-08-23 23:01:37,344 [ERROR] LogOutputStream:75 - [STDERR_REDIRECT] [Fatal Error] :1:1: Premature end of file.
2026-08-23 23:01:37,344 [ERROR] LogOutputStream:75 - [STDERR_REDIRECT] 
2026-08-23 23:01:38,340 [ERROR] LogOutputStream:75 - [STDERR_REDIRECT] [Fatal Error] :1:1: Premature end of file.
2026-08-23 23:01:38,340 [ERROR] LogOutputStream:75 - [STDERR_REDIRECT] 
2026-08-23 23:01:39,342 [ERROR] LogOutputStream:75 - [STDERR_REDIRECT] [Fatal Error] :1:1: Premature end of file.
2026-08-23 23:01:39,342 [ERROR] LogOutputStream:75 - [STDERR_REDIRECT] 
2026-08-23 23:01:40,334 [ERROR] LogOutputStream:75 - [STDERR_REDIRECT] [Fatal Error] :1:1: Premature end of file.
2026-08-23 23:01:40,334 [ERROR] LogOutputStream:75 - [STDERR_REDIRECT] 
2026-08-23 23:01:41,330 [ERROR] LogOutputStream:75 - [STDERR_REDIRECT] [Fatal Error] :1:1: Premature end of file.
2026-08-23 23:01:41,330 [ERROR] LogOutputStream:75 - [STDERR_REDIRECT] 
2026-08-23 23:01:42,343 [ERROR] LogOutputStream:75 - [STDERR_REDIRECT] [Fatal Error] :1:1: Premature end of file.
2026-08-23 23:01:42,343 [ERROR] LogOutputStream:75 - [STDERR_REDIRECT] 
2026-08-23 23:01:43,335 [ERROR] LogOutputStream:75 - [STDERR_REDIRECT] [Fatal Error] :1:1: Premature end of file.
2026-08-23 23:01:43,335 [ERROR] LogOutputStream:75 - [STDERR_REDIRECT] 
2026-08-23 23:01:44,351 [ERROR] LogOutputStream:75 - [STDERR_REDIRECT] [Fatal Error] :1:1: Premature end of file.
2026-08-23 23:01:44,351 [ERROR] LogOutputStream:75 - [STDERR_REDIRECT] 
2026-08-23 23:01:45,338 [ERROR] LogOutputStream:75 - [STDERR_REDIRECT] [Fatal Error] :1:1: Premature end of file.
2026-08-23 23:01:45,338 [ERROR] LogOutputStream:75 - [STDERR_REDIRECT] 
2026-08-23 23:01:46,354 [ERROR] LogOutputStream:75 - [STDERR_REDIRECT] [Fatal Error] :1:1: Premature end of file.
2026-08-23 23:01:46,354 [ERROR] LogOutputStream:75 - [STDERR_REDIRECT] 
2026-08-23 23:01:47,356 [ERROR] LogOutputStream:75 - [STDERR_REDIRECT] [Fatal Error] :1:1: Premature end of file.
2026-08-23 23:01:47,357 [ERROR] LogOutputStream:75 - [STDERR_REDIRECT] 
2026-08-23 23:01:48,353 [ERROR] LogOutputStream:75 - [STDERR_REDIRECT] [Fatal Error] :1:1: Premature end of file.
2026-08-23 23:01:48,353 [ERROR] LogOutputStream:75 - [STDERR_REDIRECT] 
2026-08-23 23:01:49,341 [ERROR] LogOutputStream:75 - [STDERR_REDIRECT] [Fatal Error] :1:1: Premature end of file.
2026-08-23 23:01:49,341 [ERROR] LogOutputStream:75 - [STDERR_REDIRECT] 
2026-08-23 23:01:50,340 [ERROR] LogOutputStream:75 - [STDERR_REDIRECT] [Fatal Error] :1:1: Premature end of file.
2026-08-23 23:01:50,340 [ERROR] LogOutputStream:75 - [STDERR_REDIRECT] 
2026-08-23 23:01:51,349 [ERROR] LogOutputStream:75 - [STDERR_REDIRECT] [Fatal Error] :1:1: Premature end of file.
2026-08-23 23:01:51,349 [ERROR] LogOutputStream:75 - [STDERR_REDIRECT] 
2026-08-23 23:01:52,348 [ERROR] LogOutputStream:75 - [STDERR_REDIRECT] [Fatal Error] :1:1: Premature end of file.
2026-08-23 23:01:52,348 [ERROR] LogOutputStream:75 - [STDERR_REDIRECT] 
2026-08-23 23:01:53,347 [ERROR] LogOutputStream:75 - [STDERR_REDIRECT] [Fatal Error] :1:1: Premature end of file.
2026-08-23 23:01:53,347 [ERROR] LogOutputStream:75 - [STDERR_REDIRECT] 
2026-08-23 23:01:54,343 [ERROR] LogOutputStream:75 - [STDERR_REDIRECT] [Fatal Error] :1:1: Premature end of file.
2026-08-23 23:01:54,343 [ERROR] LogOutputStream:75 - [STDERR_REDIRECT] 
2026-08-23 23:01:55,350 [ERROR] LogOutputStream:75 - [STDERR_REDIRECT] [Fatal Error] :1:1: Premature end of file.
2026-08-23 23:01:55,350 [ERROR] LogOutputStream:75 - [STDERR_REDIRECT] 
2026-08-23 23:01:56,335 [ERROR] LogOutputStream:75 - [STDERR_REDIRECT] [Fatal Error] :1:1: Premature end of file.
2026-08-23 23:01:56,335 [ERROR] LogOutputStream:75 - [STDERR_REDIRECT] 
2026-08-23 23:01:57,335 [ERROR] LogOutputStream:75 - [STDERR_REDIRECT] [Fatal Error] :1:1: Premature end of file.
2026-08-23 23:01:57,335 [ERROR] LogOutputStream:75 - [STDERR_REDIRECT] 
2026-08-23 23:01:58,339 [ERROR] LogOutputStream:75 - [STDERR_REDIRECT] [Fatal Error] :1:1: Premature end of file.
2026-08-23 23:01:58,339 [ERROR] LogOutputStream:75 - [STDERR_REDIRECT] 
2026-08-23 23:01:59,342 [ERROR] LogOutputStream:75 - [STDERR_REDIRECT] [Fatal Error] :1:1: Premature end of file.
2026-08-23 23:01:59,342 [ERROR] LogOutputStream:75 - [STDERR_REDIRECT] 
2026-08-23 23:02:00,348 [ERROR] LogOutputStream:75 - [STDERR_REDIRECT] [Fatal Error] :1:1: Premature end of file.
2026-08-23 23:02:00,348 [ERROR] LogOutputStream:75 - [STDERR_REDIRECT] 
2026-08-23 23:02:01,341 [ERROR] LogOutputStream:75 - [STDERR_REDIRECT] [Fatal Error] :1:1: Premature end of file.
2026-08-23 23:02:01,341 [ERROR] LogOutputStream:75 - [STDERR_REDIRECT] 
2026-08-23 23:02:02,337 [ERROR] LogOutputStream:75 - [STDERR_REDIRECT] [Fatal Error] :1:1: Premature end of file.
2026-08-23 23:02:02,337 [ERROR] LogOutputStream:75 - [STDERR_REDIRECT] 
2026-08-23 23:02:03,338 [ERROR] LogOutputStream:75 - [STDERR_REDIRECT] [Fatal Error] :1:1: Premature end of file.
2026-08-23 23:02:03,338 [ERROR] LogOutputStream:75 - [STDERR_REDIRECT] 
2026-08-23 23:02:04,337 [ERROR] LogOutputStream:75 - [STDERR_REDIRECT] [Fatal Error] :1:1: Premature end of file.
2026-08-23 23:02:04,337 [ERROR] LogOutputStream:75 - [STDERR_REDIRECT] 
2026-08-23 23:02:05,332 [ERROR] LogOutputStream:75 - [STDERR_REDIRECT] [Fatal Error] :1:1: Premature end of file.
2026-08-23 23:02:05,342 [ERROR] LogOutputStream:75 - [STDERR_REDIRECT] 
2026-08-23 23:02:06,325 [ERROR] LogOutputStream:75 - [STDERR_REDIRECT] [Fatal Error] :1:1: Premature end of file.
2026-08-23 23:02:06,325 [ERROR] LogOutputStream:75 - [STDERR_REDIRECT] 
2026-08-23 23:02:07,331 [ERROR] LogOutputStream:75 - [STDERR_REDIRECT] [Fatal Error] :1:1: Premature end of file.
2026-08-23 23:02:07,331 [ERROR] LogOutputStream:75 - [STDERR_REDIRECT] 
2026-08-23 23:02:08,341 [ERROR] LogOutputStream:75 - [STDERR_REDIRECT] [Fatal Error] :1:1: Premature end of file.
2026-08-23 23:02:08,341 [ERROR] LogOutputStream:75 - [STDERR_REDIRECT] 
2026-08-23 23:02:09,351 [ERROR] LogOutputStream:75 - [STDERR_REDIRECT] [Fatal Error] :1:1: Premature end of file.
2026-08-23 23:02:09,351 [ERROR] LogOutputStream:75 - [STDERR_REDIRECT] 
2026-08-23 23:02:10,339 [ERROR] LogOutputStream:75 - [STDERR_REDIRECT] [Fatal Error] :1:1: Premature end of file.
2026-08-23 23:02:10,339 [ERROR] LogOutputStream:75 - [STDERR_REDIRECT] 
2026-08-23 23:02:11,334 [ERROR] LogOutputStream:75 - [STDERR_REDIRECT] [Fatal Error] :1:1: Premature end of file.
2026-08-23 23:02:11,335 [ERROR] LogOutputStream:75 - [STDERR_REDIRECT] 
2026-08-23 23:02:12,344 [ERROR] LogOutputStream:75 - [STDERR_REDIRECT] [Fatal Error] :1:1: Premature end of file.
2026-08-23 23:02:12,344 [ERROR] LogOutputStream:75 - [STDERR_REDIRECT] 
2026-08-23 23:02:13,346 [ERROR] LogOutputStream:75 - [STDERR_REDIRECT] [Fatal Error] :1:1: Premature end of file.
2026-08-23 23:02:13,346 [ERROR] LogOutputStream:75 - [STDERR_REDIRECT] 
2026-08-23 23:02:14,344 [ERROR] LogOutputStream:75 - [STDERR_REDIRECT] [Fatal Error] :1:1: Premature end of file.
2026-08-23 23:02:14,344 [ERROR] LogOutputStream:75 - [STDERR_REDIRECT] 
2026-08-23 23:02:15,342 [ERROR] LogOutputStream:75 - [STDERR_REDIRECT] [Fatal Error] :1:1: Premature end of file.
2026-08-23 23:02:15,342 [ERROR] LogOutputStream:75 - [STDERR_REDIRECT] 
2026-08-23 23:02:16,340 [ERROR] LogOutputStream:75 - [STDERR_REDIRECT] [Fatal Error] :1:1: Premature end of file.
2026-08-23 23:02:16,340 [ERROR] LogOutputStream:75 - [STDERR_REDIRECT] 
2026-08-23 23:02:17,367 [ERROR] LogOutputStream:75 - [STDERR_REDIRECT] [Fatal Error] :1:1: Premature end of file.
2026-08-23 23:02:17,367 [ERROR] LogOutputStream:75 - [STDERR_REDIRECT] 
2026-08-23 23:02:18,341 [ERROR] LogOutputStream:75 - [STDERR_REDIRECT] [Fatal Error] :1:1: Premature end of file.
2026-08-23 23:02:18,341 [ERROR] LogOutputStream:75 - [STDERR_REDIRECT] 
2026-08-23 23:02:19,340 [ERROR] LogOutputStream:75 - [STDERR_REDIRECT] [Fatal Error] :1:1: Premature end of file.
2026-08-23 23:02:19,340 [ERROR] LogOutputStream:75 - [STDERR_REDIRECT] 
2026-08-23 23:02:20,339 [ERROR] LogOutputStream:75 - [STDERR_REDIRECT] [Fatal Error] :1:1: Premature end of file.
2026-08-23 23:02:20,339 [ERROR] LogOutputStream:75 - [STDERR_REDIRECT] 
2026-08-23 23:02:21,348 [ERROR] LogOutputStream:75 - [STDERR_REDIRECT] [Fatal Error] :1:1: Premature end of file.
2026-08-23 23:02:21,348 [ERROR] LogOutputStream:75 - [STDERR_REDIRECT] 
2026-08-23 23:02:22,336 [ERROR] LogOutputStream:75 - [STDERR_REDIRECT] [Fatal Error] :1:1: Premature end of file.
2026-08-23 23:02:22,336 [ERROR] LogOutputStream:75 - [STDERR_REDIRECT] 
2026-08-23 23:02:23,343 [ERROR] LogOutputStream:75 - [STDERR_REDIRECT] [Fatal Error] :1:1: Premature end of file.
2026-08-23 23:02:23,343 [ERROR] LogOutputStream:75 - [STDERR_REDIRECT] 
2026-08-23 23:02:24,349 [ERROR] LogOutputStream:75 - [STDERR_REDIRECT] [Fatal Error] :1:1: Premature end of file.
2026-08-23 23:02:24,349 [ERROR] LogOutputStream:75 - [STDERR_REDIRECT] 
2026-08-23 23:02:25,326 [ERROR] LogOutputStream:75 - [STDERR_REDIRECT] [Fatal Error] :1:1: Premature end of file.
2026-08-23 23:02:25,326 [ERROR] LogOutputStream:75 - [STDERR_REDIRECT] 
2026-08-23 23:02:26,328 [ERROR] LogOutputStream:75 - [STDERR_REDIRECT] [Fatal Error] :1:1: Premature end of file.
2026-08-23 23:02:26,328 [ERROR] LogOutputStream:75 - [STDERR_REDIRECT] 
2026-08-23 23:02:27,352 [ERROR] LogOutputStream:75 - [STDERR_REDIRECT] [Fatal Error] :1:1: Premature end of file.
2026-08-23 23:02:27,352 [ERROR] LogOutputStream:75 - [STDERR_REDIRECT] 
2026-08-23 23:02:28,332 [ERROR] LogOutputStream:75 - [STDERR_REDIRECT] [Fatal Error] :1:1: Premature end of file.
2026-08-23 23:02:28,332 [ERROR] LogOutputStream:75 - [STDERR_REDIRECT] 
2026-08-23 23:02:29,362 [ERROR] LogOutputStream:75 - [STDERR_REDIRECT] [Fatal Error] :1:1: Premature end of file.
2026-08-23 23:02:29,362 [ERROR] LogOutputStream:75 - [STDERR_REDIRECT] 
2026-08-23 23:02:30,346 [ERROR] LogOutputStream:75 - [STDERR_REDIRECT] [Fatal Error] :1:1: Premature end of file.
2026-08-23 23:02:30,347 [ERROR] LogOutputStream:75 - [STDERR_REDIRECT] 
2026-08-23 23:02:31,335 [ERROR] LogOutputStream:75 - [STDERR_REDIRECT] [Fatal Error] :1:1: Premature end of file.
2026-08-23 23:02:31,335 [ERROR] LogOutputStream:75 - [STDERR_REDIRECT] 
2026-08-23 23:02:32,349 [ERROR] LogOutputStream:75 - [STDERR_REDIRECT] [Fatal Error] :1:1: Premature end of file.
2026-08-23 23:02:32,349 [ERROR] LogOutputStream:75 - [STDERR_REDIRECT] 
2026-08-23 23:02:33,348 [ERROR] LogOutputStream:75 - [STDERR_REDIRECT] [Fatal Error] :1:1: Premature end of file.
2026-08-23 23:02:33,348 [ERROR] LogOutputStream:75 - [STDERR_REDIRECT] 
2026-08-23 23:02:34,341 [ERROR] LogOutputStream:75 - [STDERR_REDIRECT] [Fatal Error] :1:1: Premature end of file.
2026-08-23 23:02:34,341 [ERROR] LogOutputStream:75 - [STDERR_REDIRECT] 
2026-08-23 23:02:35,343 [ERROR] LogOutputStream:75 - [STDERR_REDIRECT] [Fatal Error] :1:1: Premature end of file.
2026-08-23 23:02:35,344 [ERROR] LogOutputStream:75 - [STDERR_REDIRECT] 
2026-08-23 23:02:36,340 [ERROR] LogOutputStream:75 - [STDERR_REDIRECT] [Fatal Error] :1:1: Premature end of file.
2026-08-23 23:02:36,340 [ERROR] LogOutputStream:75 - [STDERR_REDIRECT] 
2026-08-23 23:02:37,346 [ERROR] LogOutputStream:75 - [STDERR_REDIRECT] [Fatal Error] :1:1: Premature end of file.
2026-08-23 23:02:37,346 [ERROR] LogOutputStream:75 - [STDERR_REDIRECT] 
2026-08-23 23:02:38,348 [ERROR] LogOutputStream:75 - [STDERR_REDIRECT] [Fatal Error] :1:1: Premature end of file.
2026-08-23 23:02:38,348 [ERROR] LogOutputStream:75 - [STDERR_REDIRECT] 
2026-08-23 23:02:39,339 [ERROR] LogOutputStream:75 - [STDERR_REDIRECT] [Fatal Error] :1:1: Premature end of file.
2026-08-23 23:02:39,339 [ERROR] LogOutputStream:75 - [STDERR_REDIRECT] 
2026-08-23 23:02:40,363 [ERROR] LogOutputStream:75 - [STDERR_REDIRECT] [Fatal Error] :1:1: Premature end of file.
2026-08-23 23:02:40,363 [ERROR] LogOutputStream:75 - [STDERR_REDIRECT] 
2026-08-23 23:02:41,326 [ERROR] LogOutputStream:75 - [STDERR_REDIRECT] [Fatal Error] :1:1: Premature end of file.
2026-08-23 23:02:41,326 [ERROR] LogOutputStream:75 - [STDERR_REDIRECT] 
2026-08-23 23:02:42,340 [ERROR] LogOutputStream:75 - [STDERR_REDIRECT] [Fatal Error] :1:1: Premature end of file.
2026-08-23 23:02:42,340 [ERROR] LogOutputStream:75 - [STDERR_REDIRECT] 
2026-08-23 23:02:43,328 [ERROR] LogOutputStream:75 - [STDERR_REDIRECT] [Fatal Error] :1:1: Premature end of file.
2026-08-23 23:02:43,328 [ERROR] LogOutputStream:75 - [STDERR_REDIRECT] 
2026-08-23 23:02:44,353 [ERROR] LogOutputStream:75 - [STDERR_REDIRECT] [Fatal Error] :1:1: Premature end of file.
2026-08-23 23:02:44,355 [ERROR] LogOutputStream:75 - [STDERR_REDIRECT] 
2026-08-23 23:02:45,350 [ERROR] LogOutputStream:75 - [STDERR_REDIRECT] [Fatal Error] :1:1: Premature end of file.
2026-08-23 23:02:45,350 [ERROR] LogOutputStream:75 - [STDERR_REDIRECT] 
2026-08-23 23:02:46,350 [ERROR] LogOutputStream:75 - [STDERR_REDIRECT] [Fatal Error] :1:1: Premature end of file.
2026-08-23 23:02:46,350 [ERROR] LogOutputStream:75 - [STDERR_REDIRECT] 
2026-08-23 23:02:47,336 [ERROR] LogOutputStream:75 - [STDERR_REDIRECT] [Fatal Error] :1:1: Premature end of file.
2026-08-23 23:02:47,336 [ERROR] LogOutputStream:75 - [STDERR_REDIRECT] 
2026-08-23 23:02:48,340 [ERROR] LogOutputStream:75 - [STDERR_REDIRECT] [Fatal Error] :1:1: Premature end of file.
2026-08-23 23:02:48,340 [ERROR] LogOutputStream:75 - [STDERR_REDIRECT] 
2026-08-23 23:02:49,325 [ERROR] LogOutputStream:75 - [STDERR_REDIRECT] [Fatal Error] :1:1: Premature end of file.
2026-08-23 23:02:49,325 [ERROR] LogOutputStream:75 - [STDERR_REDIRECT] 
2026-08-23 23:02:50,339 [ERROR] LogOutputStream:75 - [STDERR_REDIRECT] [Fatal Error] :1:1: Premature end of file.
2026-08-23 23:02:50,339 [ERROR] LogOutputStream:75 - [STDERR_REDIRECT] 
2026-08-23 23:02:51,348 [ERROR] LogOutputStream:75 - [STDERR_REDIRECT] [Fatal Error] :1:1: Premature end of file.
2026-08-23 23:02:51,348 [ERROR] LogOutputStream:75 - [STDERR_REDIRECT] 
2026-08-23 23:02:52,340 [ERROR] LogOutputStream:75 - [STDERR_REDIRECT] [Fatal Error] :1:1: Premature end of file.
2026-08-23 23:02:52,340 [ERROR] LogOutputStream:75 - [STDERR_REDIRECT] 
2026-08-23 23:02:53,337 [ERROR] LogOutputStream:75 - [STDERR_REDIRECT] [Fatal Error] :1:1: Premature end of file.
2026-08-23 23:02:53,337 [ERROR] LogOutputStream:75 - [STDERR_REDIRECT] 
2026-08-23 23:02:54,349 [ERROR] LogOutputStream:75 - [STDERR_REDIRECT] [Fatal Error] :1:1: Premature end of file.
2026-08-23 23:02:54,349 [ERROR] LogOutputStream:75 - [STDERR_REDIRECT] 
2026-08-23 23:02:55,348 [ERROR] LogOutputStream:75 - [STDERR_REDIRECT] [Fatal Error] :1:1: Premature end of file.
2026-08-23 23:02:55,348 [ERROR] LogOutputStream:75 - [STDERR_REDIRECT] 
2026-08-23 23:02:56,326 [ERROR] LogOutputStream:75 - [STDERR_REDIRECT] [Fatal Error] :1:1: Premature end of file.
2026-08-23 23:02:56,326 [ERROR] LogOutputStream:75 - [STDERR_REDIRECT] 
2026-08-23 23:02:57,340 [ERROR] LogOutputStream:75 - [STDERR_REDIRECT] [Fatal Error] :1:1: Premature end of file.
2026-08-23 23:02:57,340 [ERROR] LogOutputStream:75 - [STDERR_REDIRECT] 
2026-08-23 23:02:58,327 [ERROR] LogOutputStream:75 - [STDERR_REDIRECT] [Fatal Error] :1:1: Premature end of file.
2026-08-23 23:02:58,327 [ERROR] LogOutputStream:75 - [STDERR_REDIRECT] 
2026-08-23 23:02:59,332 [ERROR] LogOutputStream:75 - [STDERR_REDIRECT] [Fatal Error] :1:1: Premature end of file.
2026-08-23 23:02:59,332 [ERROR] LogOutputStream:75 - [STDERR_REDIRECT] 
2026-08-23 23:03:00,365 [ERROR] LogOutputStream:75 - [STDERR_REDIRECT] [Fatal Error] :1:1: Premature end of file.
2026-08-23 23:03:00,365 [ERROR] LogOutputStream:75 - [STDERR_REDIRECT] 
2026-08-23 23:03:01,344 [ERROR] LogOutputStream:75 - [STDERR_REDIRECT] [Fatal Error] :1:1: Premature end of file.
2026-08-23 23:03:01,344 [ERROR] LogOutputStream:75 - [STDERR_REDIRECT] 
2026-08-23 23:03:02,339 [ERROR] LogOutputStream:75 - [STDERR_REDIRECT] [Fatal Error] :1:1: Premature end of file.
2026-08-23 23:03:02,339 [ERROR] LogOutputStream:75 - [STDERR_REDIRECT] 
2026-08-23 23:03:03,342 [ERROR] LogOutputStream:75 - [STDERR_REDIRECT] [Fatal Error] :1:1: Premature end of file.
2026-08-23 23:03:03,342 [ERROR] LogOutputStream:75 - [STDERR_REDIRECT] 
2026-08-23 23:03:04,338 [ERROR] LogOutputStream:75 - [STDERR_REDIRECT] [Fatal Error] :1:1: Premature end of file.
2026-08-23 23:03:04,338 [ERROR] LogOutputStream:75 - [STDERR_REDIRECT] 
2026-08-23 23:03:05,344 [ERROR] LogOutputStream:75 - [STDERR_REDIRECT] [Fatal Error] :1:1: Premature end of file.
2026-08-23 23:03:05,344 [ERROR] LogOutputStream:75 - [STDERR_REDIRECT] 
2026-08-23 23:03:06,356 [ERROR] LogOutputStream:75 - [STDERR_REDIRECT] [Fatal Error] :1:1: Premature end of file.
2026-08-23 23:03:06,356 [ERROR] LogOutputStream:75 - [STDERR_REDIRECT] 
2026-08-23 23:03:07,344 [ERROR] LogOutputStream:75 - [STDERR_REDIRECT] [Fatal Error] :1:1: Premature end of file.
2026-08-23 23:03:07,344 [ERROR] LogOutputStream:75 - [STDERR_REDIRECT] 
2026-08-23 23:03:08,354 [ERROR] LogOutputStream:75 - [STDERR_REDIRECT] [Fatal Error] :1:1: Premature end of file.
2026-08-23 23:03:08,354 [ERROR] LogOutputStream:75 - [STDERR_REDIRECT] 
2026-08-23 23:03:09,347 [ERROR] LogOutputStream:75 - [STDERR_REDIRECT] [Fatal Error] :1:1: Premature end of file.
2026-08-23 23:03:09,347 [ERROR] LogOutputStream:75 - [STDERR_REDIRECT] 
2026-08-23 23:03:10,345 [ERROR] LogOutputStream:75 - [STDERR_REDIRECT] [Fatal Error] :1:1: Premature end of file.
2026-08-23 23:03:10,346 [ERROR] LogOutputStream:75 - [STDERR_REDIRECT] 
2026-08-23 23:03:11,347 [ERROR] LogOutputStream:75 - [STDERR_REDIRECT] [Fatal Error] :1:1: Premature end of file.
2026-08-23 23:03:11,347 [ERROR] LogOutputStream:75 - [STDERR_REDIRECT] 
2026-08-23 23:03:12,354 [ERROR] LogOutputStream:75 - [STDERR_REDIRECT] [Fatal Error] :1:1: Premature end of file.
2026-08-23 23:03:12,356 [ERROR] LogOutputStream:75 - [STDERR_REDIRECT] 
2026-08-23 23:03:13,354 [ERROR] LogOutputStream:75 - [STDERR_REDIRECT] [Fatal Error] :1:1: Premature end of file.
2026-08-23 23:03:13,354 [ERROR] LogOutputStream:75 - [STDERR_REDIRECT] 
2026-08-23 23:03:14,352 [ERROR] LogOutputStream:75 - [STDERR_REDIRECT] [Fatal Error] :1:1: Premature end of file.
2026-08-23 23:03:14,352 [ERROR] LogOutputStream:75 - [STDERR_REDIRECT] 
2026-08-23 23:03:15,335 [ERROR] LogOutputStream:75 - [STDERR_REDIRECT] [Fatal Error] :1:1: Premature end of file.
2026-08-23 23:03:15,335 [ERROR] LogOutputStream:75 - [STDERR_REDIRECT] 
2026-08-23 23:03:16,326 [ERROR] LogOutputStream:75 - [STDERR_REDIRECT] [Fatal Error] :1:1: Premature end of file.
2026-08-23 23:03:16,326 [ERROR] LogOutputStream:75 - [STDERR_REDIRECT] 
2026-08-23 23:03:17,337 [ERROR] LogOutputStream:75 - [STDERR_REDIRECT] [Fatal Error] :1:1: Premature end of file.
2026-08-23 23:03:17,337 [ERROR] LogOutputStream:75 - [STDERR_REDIRECT] 
2026-08-23 23:03:18,346 [ERROR] LogOutputStream:75 - [STDERR_REDIRECT] [Fatal Error] :1:1: Premature end of file.
2026-08-23 23:03:18,346 [ERROR] LogOutputStream:75 - [STDERR_REDIRECT] 
2026-08-23 23:03:19,353 [ERROR] LogOutputStream:75 - [STDERR_REDIRECT] [Fatal Error] :1:1: Premature end of file.
2026-08-23 23:03:19,353 [ERROR] LogOutputStream:75 - [STDERR_REDIRECT] 
2026-08-23 23:03:20,337 [ERROR] LogOutputStream:75 - [STDERR_REDIRECT] [Fatal Error] :1:1: Premature end of file.
2026-08-23 23:03:20,337 [ERROR] LogOutputStream:75 - [STDERR_REDIRECT] 
2026-08-23 23:03:21,335 [ERROR] LogOutputStream:75 - [STDERR_REDIRECT] [Fatal Error] :1:1: Premature end of file.
2026-08-23 23:03:21,335 [ERROR] LogOutputStream:75 - [STDERR_REDIRECT] 
2026-08-23 23:03:22,348 [ERROR] LogOutputStream:75 - [STDERR_REDIRECT] [Fatal Error] :1:1: Premature end of file.
2026-08-23 23:03:22,348 [ERROR] LogOutputStream:75 - [STDERR_REDIRECT] 
2026-08-23 23:03:23,347 [ERROR] LogOutputStream:75 - [STDERR_REDIRECT] [Fatal Error] :1:1: Premature end of file.
2026-08-23 23:03:23,347 [ERROR] LogOutputStream:75 - [STDERR_REDIRECT] 
2026-08-23 23:03:24,350 [ERROR] LogOutputStream:75 - [STDERR_REDIRECT] [Fatal Error] :1:1: Premature end of file.
2026-08-23 23:03:24,350 [ERROR] LogOutputStream:75 - [STDERR_REDIRECT] 
2026-08-23 23:03:25,324 [ERROR] LogOutputStream:75 - [STDERR_REDIRECT] [Fatal Error] :1:1: Premature end of file.
2026-08-23 23:03:25,324 [ERROR] LogOutputStream:75 - [STDERR_REDIRECT] 
2026-08-23 23:03:26,341 [ERROR] LogOutputStream:75 - [STDERR_REDIRECT] [Fatal Error] :1:1: Premature end of file.
2026-08-23 23:03:26,341 [ERROR] LogOutputStream:75 - [STDERR_REDIRECT] 
2026-08-23 23:03:27,349 [ERROR] LogOutputStream:75 - [STDERR_REDIRECT] [Fatal Error] :1:1: Premature end of file.
2026-08-23 23:03:27,349 [ERROR] LogOutputStream:75 - [STDERR_REDIRECT] 
2026-08-23 23:03:28,352 [ERROR] LogOutputStream:75 - [STDERR_REDIRECT] [Fatal Error] :1:1: Premature end of file.
2026-08-23 23:03:28,352 [ERROR] LogOutputStream:75 - [STDERR_REDIRECT] 
2026-08-23 23:03:29,356 [ERROR] LogOutputStream:75 - [STDERR_REDIRECT] [Fatal Error] :1:1: Premature end of file.
2026-08-23 23:03:29,356 [ERROR] LogOutputStream:75 - [STDERR_REDIRECT] 
2026-08-23 23:03:30,350 [ERROR] LogOutputStream:75 - [STDERR_REDIRECT] [Fatal Error] :1:1: Premature end of file.
2026-08-23 23:03:30,350 [ERROR] LogOutputStream:75 - [STDERR_REDIRECT] 
2026-08-23 23:03:31,350 [ERROR] LogOutputStream:75 - [STDERR_REDIRECT] [Fatal Error] :1:1: Premature end of file.
2026-08-23 23:03:31,350 [ERROR] LogOutputStream:75 - [STDERR_REDIRECT] 
2026-08-23 23:03:32,350 [ERROR] LogOutputStream:75 - [STDERR_REDIRECT] [Fatal Error] :1:1: Premature end of file.
2026-08-23 23:03:32,350 [ERROR] LogOutputStream:75 - [STDERR_REDIRECT] 
2026-08-23 23:03:33,343 [ERROR] LogOutputStream:75 - [STDERR_REDIRECT] [Fatal Error] :1:1: Premature end of file.
2026-08-23 23:03:33,343 [ERROR] LogOutputStream:75 - [STDERR_REDIRECT] 
2026-08-23 23:03:34,347 [ERROR] LogOutputStream:75 - [STDERR_REDIRECT] [Fatal Error] :1:1: Premature end of file.
2026-08-23 23:03:34,347 [ERROR] LogOutputStream:75 - [STDERR_REDIRECT] 
2026-08-23 23:03:35,345 [ERROR] LogOutputStream:75 - [STDERR_REDIRECT] [Fatal Error] :1:1: Premature end of file.
2026-08-23 23:03:35,345 [ERROR] LogOutputStream:75 - [STDERR_REDIRECT] 
2026-08-23 23:03:36,342 [ERROR] LogOutputStream:75 - [STDERR_REDIRECT] [Fatal Error] :1:1: Premature end of file.
2026-08-23 23:03:36,342 [ERROR] LogOutputStream:75 - [STDERR_REDIRECT] 
2026-08-23 23:03:37,346 [ERROR] LogOutputStream:75 - [STDERR_REDIRECT] [Fatal Error] :1:1: Premature end of file.
2026-08-23 23:03:37,347 [ERROR] LogOutputStream:75 - [STDERR_REDIRECT] 
2026-08-23 23:03:38,339 [ERROR] LogOutputStream:75 - [STDERR_REDIRECT] [Fatal Error] :1:1: Premature end of file.
2026-08-23 23:03:38,339 [ERROR] LogOutputStream:75 - [STDERR_REDIRECT] 
2026-08-23 23:03:39,367 [ERROR] LogOutputStream:75 - [STDERR_REDIRECT] [Fatal Error] :1:1: Premature end of file.
2026-08-23 23:03:39,367 [ERROR] LogOutputStream:75 - [STDERR_REDIRECT] 
2026-08-23 23:03:40,337 [ERROR] LogOutputStream:75 - [STDERR_REDIRECT] [Fatal Error] :1:1: Premature end of file.
2026-08-23 23:03:40,337 [ERROR] LogOutputStream:75 - [STDERR_REDIRECT] 
2026-08-23 23:03:41,342 [ERROR] LogOutputStream:75 - [STDERR_REDIRECT] [Fatal Error] :1:1: Premature end of file.
2026-08-23 23:03:41,342 [ERROR] LogOutputStream:75 - [STDERR_REDIRECT] 
2026-08-23 23:03:42,340 [ERROR] LogOutputStream:75 - [STDERR_REDIRECT] [Fatal Error] :1:1: Premature end of file.
2026-08-23 23:03:42,340 [ERROR] LogOutputStream:75 - [STDERR_REDIRECT] 
2026-08-23 23:03:43,341 [ERROR] LogOutputStream:75 - [STDERR_REDIRECT] [Fatal Error] :1:1: Premature end of file.
2026-08-23 23:03:43,341 [ERROR] LogOutputStream:75 - [STDERR_REDIRECT] 
2026-08-23 23:03:44,353 [ERROR] LogOutputStream:75 - [STDERR_REDIRECT] [Fatal Error] :1:1: Premature end of file.
2026-08-23 23:03:44,353 [ERROR] LogOutputStream:75 - [STDERR_REDIRECT] 
2026-08-23 23:03:45,339 [ERROR] LogOutputStream:75 - [STDERR_REDIRECT] [Fatal Error] :1:1: Premature end of file.
2026-08-23 23:03:45,339 [ERROR] LogOutputStream:75 - [STDERR_REDIRECT] 
2026-08-23 23:03:46,339 [ERROR] LogOutputStream:75 - [STDERR_REDIRECT] [Fatal Error] :1:1: Premature end of file.
2026-08-23 23:03:46,339 [ERROR] LogOutputStream:75 - [STDERR_REDIRECT] 
2026-08-23 23:03:47,336 [ERROR] LogOutputStream:75 - [STDERR_REDIRECT] [Fatal Error] :1:1: Premature end of file.
2026-08-23 23:03:47,337 [ERROR] LogOutputStream:75 - [STDERR_REDIRECT] 
2026-08-23 23:03:48,348 [ERROR] LogOutputStream:75 - [STDERR_REDIRECT] [Fatal Error] :1:1: Premature end of file.
2026-08-23 23:03:48,348 [ERROR] LogOutputStream:75 - [STDERR_REDIRECT] 
2026-08-23 23:03:49,349 [ERROR] LogOutputStream:75 - [STDERR_REDIRECT] [Fatal Error] :1:1: Premature end of file.
2026-08-23 23:03:49,349 [ERROR] LogOutputStream:75 - [STDERR_REDIRECT] 
2026-08-23 23:03:50,333 [ERROR] LogOutputStream:75 - [STDERR_REDIRECT] [Fatal Error] :1:1: Premature end of file.
2026-08-23 23:03:50,333 [ERROR] LogOutputStream:75 - [STDERR_REDIRECT] 
2026-08-23 23:03:51,344 [ERROR] LogOutputStream:75 - [STDERR_REDIRECT] [Fatal Error] :1:1: Premature end of file.
2026-08-23 23:03:51,344 [ERROR] LogOutputStream:75 - [STDERR_REDIRECT] 
2026-08-23 23:03:52,340 [ERROR] LogOutputStream:75 - [STDERR_REDIRECT] [Fatal Error] :1:1: Premature end of file.
2026-08-23 23:03:52,340 [ERROR] LogOutputStream:75 - [STDERR_REDIRECT] 
2026-08-23 23:03:53,333 [ERROR] LogOutputStream:75 - [STDERR_REDIRECT] [Fatal Error] :1:1: Premature end of file.
2026-08-23 23:03:53,333 [ERROR] LogOutputStream:75 - [STDERR_REDIRECT] 
2026-08-23 23:03:54,342 [ERROR] LogOutputStream:75 - [STDERR_REDIRECT] [Fatal Error] :1:1: Premature end of file.
2026-08-23 23:03:54,342 [ERROR] LogOutputStream:75 - [STDERR_REDIRECT] 
2026-08-23 23:03:55,343 [ERROR] LogOutputStream:75 - [STDERR_REDIRECT] [Fatal Error] :1:1: Premature end of file.
2026-08-23 23:03:55,343 [ERROR] LogOutputStream:75 - [STDERR_REDIRECT] 
2026-08-23 23:03:56,347 [ERROR] LogOutputStream:75 - [STDERR_REDIRECT] [Fatal Error] :1:1: Premature end of file.
2026-08-23 23:03:56,347 [ERROR] LogOutputStream:75 - [STDERR_REDIRECT] 
2026-08-23 23:03:57,345 [ERROR] LogOutputStream:75 - [STDERR_REDIRECT] [Fatal Error] :1:1: Premature end of file.
2026-08-23 23:03:57,345 [ERROR] LogOutputStream:75 - [STDERR_REDIRECT] 
2026-08-23 23:03:58,325 [ERROR] LogOutputStream:75 - [STDERR_REDIRECT] [Fatal Error] :1:1: Premature end of file.
2026-08-23 23:03:58,325 [ERROR] LogOutputStream:75 - [STDERR_REDIRECT] 
2026-08-23 23:03:59,345 [ERROR] LogOutputStream:75 - [STDERR_REDIRECT] [Fatal Error] :1:1: Premature end of file.
2026-08-23 23:03:59,345 [ERROR] LogOutputStream:75 - [STDERR_REDIRECT] 
2026-08-23 23:04:00,341 [ERROR] LogOutputStream:75 - [STDERR_REDIRECT] [Fatal Error] :1:1: Premature end of file.
2026-08-23 23:04:00,341 [ERROR] LogOutputStream:75 - [STDERR_REDIRECT] 
2026-08-23 23:04:01,341 [ERROR] LogOutputStream:75 - [STDERR_REDIRECT] [Fatal Error] :1:1: Premature end of file.
2026-08-23 23:04:01,341 [ERROR] LogOutputStream:75 - [STDERR_REDIRECT] 
2026-08-23 23:04:02,343 [ERROR] LogOutputStream:75 - [STDERR_REDIRECT] [Fatal Error] :1:1: Premature end of file.
2026-08-23 23:04:02,343 [ERROR] LogOutputStream:75 - [STDERR_REDIRECT] 
2026-08-23 23:04:03,338 [ERROR] LogOutputStream:75 - [STDERR_REDIRECT] [Fatal Error] :1:1: Premature end of file.
2026-08-23 23:04:03,338 [ERROR] LogOutputStream:75 - [STDERR_REDIRECT] 
2026-08-23 23:04:04,332 [ERROR] LogOutputStream:75 - [STDERR_REDIRECT] [Fatal Error] :1:1: Premature end of file.
2026-08-23 23:04:04,332 [ERROR] LogOutputStream:75 - [STDERR_REDIRECT] 
2026-08-23 23:04:05,344 [ERROR] LogOutputStream:75 - [STDERR_REDIRECT] [Fatal Error] :1:1: Premature end of file.
2026-08-23 23:04:05,344 [ERROR] LogOutputStream:75 - [STDERR_REDIRECT] 
2026-08-23 23:04:06,337 [ERROR] LogOutputStream:75 - [STDERR_REDIRECT] [Fatal Error] :1:1: Premature end of file.
2026-08-23 23:04:06,337 [ERROR] LogOutputStream:75 - [STDERR_REDIRECT] 
2026-08-23 23:04:07,339 [ERROR] LogOutputStream:75 - [STDERR_REDIRECT] [Fatal Error] :1:1: Premature end of file.
2026-08-23 23:04:07,339 [ERROR] LogOutputStream:75 - [STDERR_REDIRECT] 
2026-08-23 23:04:08,341 [ERROR] LogOutputStream:75 - [STDERR_REDIRECT] [Fatal Error] :1:1: Premature end of file.
2026-08-23 23:04:08,352 [ERROR] LogOutputStream:75 - [STDERR_REDIRECT] 
2026-08-23 23:04:09,343 [ERROR] LogOutputStream:75 - [STDERR_REDIRECT] [Fatal Error] :1:1: Premature end of file.
2026-08-23 23:04:09,343 [ERROR] LogOutputStream:75 - [STDERR_REDIRECT] 
2026-08-23 23:04:10,347 [ERROR] LogOutputStream:75 - [STDERR_REDIRECT] [Fatal Error] :1:1: Premature end of file.
2026-08-23 23:04:10,347 [ERROR] LogOutputStream:75 - [STDERR_REDIRECT] 
2026-08-23 23:04:11,340 [ERROR] LogOutputStream:75 - [STDERR_REDIRECT] [Fatal Error] :1:1: Premature end of file.
2026-08-23 23:04:11,340 [ERROR] LogOutputStream:75 - [STDERR_REDIRECT] 
2026-08-23 23:04:12,325 [ERROR] LogOutputStream:75 - [STDERR_REDIRECT] [Fatal Error] :1:1: Premature end of file.
2026-08-23 23:04:12,325 [ERROR] LogOutputStream:75 - [STDERR_REDIRECT] 
2026-08-23 23:04:13,339 [ERROR] LogOutputStream:75 - [STDERR_REDIRECT] [Fatal Error] :1:1: Premature end of file.
2026-08-23 23:04:13,339 [ERROR] LogOutputStream:75 - [STDERR_REDIRECT] 
2026-08-23 23:04:14,326 [ERROR] LogOutputStream:75 - [STDERR_REDIRECT] [Fatal Error] :1:1: Premature end of file.
2026-08-23 23:04:14,326 [ERROR] LogOutputStream:75 - [STDERR_REDIRECT] 
2026-08-23 23:04:15,340 [ERROR] LogOutputStream:75 - [STDERR_REDIRECT] [Fatal Error] :1:1: Premature end of file.
2026-08-23 23:04:15,340 [ERROR] LogOutputStream:75 - [STDERR_REDIRECT] 
2026-08-23 23:04:16,336 [ERROR] LogOutputStream:75 - [STDERR_REDIRECT] [Fatal Error] :1:1: Premature end of file.
2026-08-23 23:04:16,336 [ERROR] LogOutputStream:75 - [STDERR_REDIRECT] 
2026-08-23 23:04:17,334 [ERROR] LogOutputStream:75 - [STDERR_REDIRECT] [Fatal Error] :1:1: Premature end of file.
2026-08-23 23:04:17,334 [ERROR] LogOutputStream:75 - [STDERR_REDIRECT] 
2026-08-23 23:04:18,331 [ERROR] LogOutputStream:75 - [STDERR_REDIRECT] [Fatal Error] :1:1: Premature end of file.
2026-08-23 23:04:18,331 [ERROR] LogOutputStream:75 - [STDERR_REDIRECT] 
2026-08-23 23:04:19,330 [ERROR] LogOutputStream:75 - [STDERR_REDIRECT] [Fatal Error] :1:1: Premature end of file.
2026-08-23 23:04:19,330 [ERROR] LogOutputStream:75 - [STDERR_REDIRECT] 
2026-08-23 23:04:20,345 [ERROR] LogOutputStream:75 - [STDERR_REDIRECT] [Fatal Error] :1:1: Premature end of file.
2026-08-23 23:04:20,347 [ERROR] LogOutputStream:75 - [STDERR_REDIRECT] 
2026-08-23 23:04:21,336 [ERROR] LogOutputStream:75 - [STDERR_REDIRECT] [Fatal Error] :1:1: Premature end of file.
2026-08-23 23:04:21,336 [ERROR] LogOutputStream:75 - [STDERR_REDIRECT] 
2026-08-23 23:04:22,336 [ERROR] LogOutputStream:75 - [STDERR_REDIRECT] [Fatal Error] :1:1: Premature end of file.
2026-08-23 23:04:22,336 [ERROR] LogOutputStream:75 - [STDERR_REDIRECT] 
2026-08-23 23:04:23,338 [ERROR] LogOutputStream:75 - [STDERR_REDIRECT] [Fatal Error] :1:1: Premature end of file.
2026-08-23 23:04:23,338 [ERROR] LogOutputStream:75 - [STDERR_REDIRECT] 
2026-08-23 23:04:24,344 [ERROR] LogOutputStream:75 - [STDERR_REDIRECT] [Fatal Error] :1:1: Premature end of file.
2026-08-23 23:04:24,344 [ERROR] LogOutputStream:75 - [STDERR_REDIRECT] 
2026-08-23 23:04:25,345 [ERROR] LogOutputStream:75 - [STDERR_REDIRECT] [Fatal Error] :1:1: Premature end of file.
2026-08-23 23:04:25,345 [ERROR] LogOutputStream:75 - [STDERR_REDIRECT] 
2026-08-23 23:04:26,349 [ERROR] LogOutputStream:75 - [STDERR_REDIRECT] [Fatal Error] :1:1: Premature end of file.
2026-08-23 23:04:26,349 [ERROR] LogOutputStream:75 - [STDERR_REDIRECT] 
2026-08-23 23:04:27,341 [ERROR] LogOutputStream:75 - [STDERR_REDIRECT] [Fatal Error] :1:1: Premature end of file.
2026-08-23 23:04:27,341 [ERROR] LogOutputStream:75 - [STDERR_REDIRECT] 
2026-08-23 23:04:28,344 [ERROR] LogOutputStream:75 - [STDERR_REDIRECT] [Fatal Error] :1:1: Premature end of file.
2026-08-23 23:04:28,344 [ERROR] LogOutputStream:75 - [STDERR_REDIRECT] 
2026-08-23 23:04:29,344 [ERROR] LogOutputStream:75 - [STDERR_REDIRECT] [Fatal Error] :1:1: Premature end of file.
2026-08-23 23:04:29,344 [ERROR] LogOutputStream:75 - [STDERR_REDIRECT] 
2026-08-23 23:04:30,334 [ERROR] LogOutputStream:75 - [STDERR_REDIRECT] [Fatal Error] :1:1: Premature end of file.
2026-08-23 23:04:30,334 [ERROR] LogOutputStream:75 - [STDERR_REDIRECT] 
2026-08-23 23:04:31,333 [ERROR] LogOutputStream:75 - [STDERR_REDIRECT] [Fatal Error] :1:1: Premature end of file.
2026-08-23 23:04:31,333 [ERROR] LogOutputStream:75 - [STDERR_REDIRECT] 
2026-08-23 23:04:32,330 [ERROR] LogOutputStream:75 - [STDERR_REDIRECT] [Fatal Error] :1:1: Premature end of file.
2026-08-23 23:04:32,330 [ERROR] LogOutputStream:75 - [STDERR_REDIRECT] 
2026-08-23 23:04:33,346 [ERROR] LogOutputStream:75 - [STDERR_REDIRECT] [Fatal Error] :1:1: Premature end of file.
2026-08-23 23:04:33,346 [ERROR] LogOutputStream:75 - [STDERR_REDIRECT] 
2026-08-23 23:04:34,335 [ERROR] LogOutputStream:75 - [STDERR_REDIRECT] [Fatal Error] :1:1: Premature end of file.
2026-08-23 23:04:34,335 [ERROR] LogOutputStream:75 - [STDERR_REDIRECT] 
2026-08-23 23:04:35,334 [ERROR] LogOutputStream:75 - [STDERR_REDIRECT] [Fatal Error] :1:1: Premature end of file.
2026-08-23 23:04:35,334 [ERROR] LogOutputStream:75 - [STDERR_REDIRECT] 
2026-08-23 23:04:36,337 [ERROR] LogOutputStream:75 - [STDERR_REDIRECT] [Fatal Error] :1:1: Premature end of file.
2026-08-23 23:04:36,337 [ERROR] LogOutputStream:75 - [STDERR_REDIRECT] 
2026-08-23 23:04:37,340 [ERROR] LogOutputStream:75 - [STDERR_REDIRECT] [Fatal Error] :1:1: Premature end of file.
2026-08-23 23:04:37,340 [ERROR] LogOutputStream:75 - [STDERR_REDIRECT] 
2026-08-23 23:04:38,336 [ERROR] LogOutputStream:75 - [STDERR_REDIRECT] [Fatal Error] :1:1: Premature end of file.
2026-08-23 23:04:38,336 [ERROR] LogOutputStream:75 - [STDERR_REDIRECT] 
2026-08-23 23:04:39,344 [ERROR] LogOutputStream:75 - [STDERR_REDIRECT] [Fatal Error] :1:1: Premature end of file.
2026-08-23 23:04:39,344 [ERROR] LogOutputStream:75 - [STDERR_REDIRECT] 
2026-08-23 23:04:40,324 [ERROR] LogOutputStream:75 - [STDERR_REDIRECT] [Fatal Error] :1:1: Premature end of file.
2026-08-23 23:04:40,324 [ERROR] LogOutputStream:75 - [STDERR_REDIRECT] 
2026-08-23 23:04:41,347 [ERROR] LogOutputStream:75 - [STDERR_REDIRECT] [Fatal Error] :1:1: Premature end of file.
2026-08-23 23:04:41,347 [ERROR] LogOutputStream:75 - [STDERR_REDIRECT] 
2026-08-23 23:04:42,332 [ERROR] LogOutputStream:75 - [STDERR_REDIRECT] [Fatal Error] :1:1: Premature end of file.
2026-08-23 23:04:42,332 [ERROR] LogOutputStream:75 - [STDERR_REDIRECT] 
2026-08-23 23:04:43,327 [ERROR] LogOutputStream:75 - [STDERR_REDIRECT] [Fatal Error] :1:1: Premature end of file.
2026-08-23 23:04:43,327 [ERROR] LogOutputStream:75 - [STDERR_REDIRECT] 
2026-08-23 23:04:44,330 [ERROR] LogOutputStream:75 - [STDERR_REDIRECT] [Fatal Error] :1:1: Premature end of file.
2026-08-23 23:04:44,330 [ERROR] LogOutputStream:75 - [STDERR_REDIRECT] 
2026-08-23 23:04:45,342 [ERROR] LogOutputStream:75 - [STDERR_REDIRECT] [Fatal Error] :1:1: Premature end of file.
2026-08-23 23:04:45,342 [ERROR] LogOutputStream:75 - [STDERR_REDIRECT] 
2026-08-23 23:04:46,340 [ERROR] LogOutputStream:75 - [STDERR_REDIRECT] [Fatal Error] :1:1: Premature end of file.
2026-08-23 23:04:46,340 [ERROR] LogOutputStream:75 - [STDERR_REDIRECT] 
2026-08-23 23:04:47,331 [ERROR] LogOutputStream:75 - [STDERR_REDIRECT] [Fatal Error] :1:1: Premature end of file.
2026-08-23 23:04:47,331 [ERROR] LogOutputStream:75 - [STDERR_REDIRECT] 
2026-08-23 23:04:48,338 [ERROR] LogOutputStream:75 - [STDERR_REDIRECT] [Fatal Error] :1:1: Premature end of file.
2026-08-23 23:04:48,338 [ERROR] LogOutputStream:75 - [STDERR_REDIRECT] 
2026-08-23 23:04:49,329 [ERROR] LogOutputStream:75 - [STDERR_REDIRECT] [Fatal Error] :1:1: Premature end of file.
2026-08-23 23:04:49,329 [ERROR] LogOutputStream:75 - [STDERR_REDIRECT] 
2026-08-23 23:04:50,342 [ERROR] LogOutputStream:75 - [STDERR_REDIRECT] [Fatal Error] :1:1: Premature end of file.
2026-08-23 23:04:50,342 [ERROR] LogOutputStream:75 - [STDERR_REDIRECT] 
2026-08-23 23:04:51,337 [ERROR] LogOutputStream:75 - [STDERR_REDIRECT] [Fatal Error] :1:1: Premature end of file.
2026-08-23 23:04:51,337 [ERROR] LogOutputStream:75 - [STDERR_REDIRECT] 
2026-08-23 23:04:52,344 [ERROR] LogOutputStream:75 - [STDERR_REDIRECT] [Fatal Error] :1:1: Premature end of file.
2026-08-23 23:04:52,344 [ERROR] LogOutputStream:75 - [STDERR_REDIRECT] 
2026-08-23 23:04:53,340 [ERROR] LogOutputStream:75 - [STDERR_REDIRECT] [Fatal Error] :1:1: Premature end of file.
2026-08-23 23:04:53,340 [ERROR] LogOutputStream:75 - [STDERR_REDIRECT] 
2026-08-23 23:04:54,336 [ERROR] LogOutputStream:75 - [STDERR_REDIRECT] [Fatal Error] :1:1: Premature end of file.
2026-08-23 23:04:54,336 [ERROR] LogOutputStream:75 - [STDERR_REDIRECT] 
2026-08-23 23:04:55,348 [ERROR] LogOutputStream:75 - [STDERR_REDIRECT] [Fatal Error] :1:1: Premature end of file.
2026-08-23 23:04:55,348 [ERROR] LogOutputStream:75 - [STDERR_REDIRECT] 
2026-08-23 23:04:56,346 [ERROR] LogOutputStream:75 - [STDERR_REDIRECT] [Fatal Error] :1:1: Premature end of file.
2026-08-23 23:04:56,347 [ERROR] LogOutputStream:75 - [STDERR_REDIRECT] 
2026-08-23 23:04:57,354 [ERROR] LogOutputStream:75 - [STDERR_REDIRECT] [Fatal Error] :1:1: Premature end of file.
2026-08-23 23:04:57,354 [ERROR] LogOutputStream:75 - [STDERR_REDIRECT] 
2026-08-23 23:04:58,325 [ERROR] LogOutputStream:75 - [STDERR_REDIRECT] [Fatal Error] :1:1: Premature end of file.
2026-08-23 23:04:58,325 [ERROR] LogOutputStream:75 - [STDERR_REDIRECT] 
2026-08-23 23:04:59,334 [ERROR] LogOutputStream:75 - [STDERR_REDIRECT] [Fatal Error] :1:1: Premature end of file.
2026-08-23 23:04:59,334 [ERROR] LogOutputStream:75 - [STDERR_REDIRECT] 
2026-08-23 23:05:00,339 [ERROR] LogOutputStream:75 - [STDERR_REDIRECT] [Fatal Error] :1:1: Premature end of file.
2026-08-23 23:05:00,339 [ERROR] LogOutputStream:75 - [STDERR_REDIRECT] 
2026-08-23 23:05:01,334 [ERROR] LogOutputStream:75 - [STDERR_REDIRECT] [Fatal Error] :1:1: Premature end of file.
2026-08-23 23:05:01,334 [ERROR] LogOutputStream:75 - [STDERR_REDIRECT] 
2026-08-23 23:05:02,334 [ERROR] LogOutputStream:75 - [STDERR_REDIRECT] [Fatal Error] :1:1: Premature end of file.
2026-08-23 23:05:02,334 [ERROR] LogOutputStream:75 - [STDERR_REDIRECT] 
2026-08-23 23:05:03,341 [ERROR] LogOutputStream:75 - [STDERR_REDIRECT] [Fatal Error] :1:1: Premature end of file.
2026-08-23 23:05:03,341 [ERROR] LogOutputStream:75 - [STDERR_REDIRECT] 
2026-08-23 23:05:04,328 [ERROR] LogOutputStream:75 - [STDERR_REDIRECT] [Fatal Error] :1:1: Premature end of file.
2026-08-23 23:05:04,328 [ERROR] LogOutputStream:75 - [STDERR_REDIRECT] 
2026-08-23 23:05:05,339 [ERROR] LogOutputStream:75 - [STDERR_REDIRECT] [Fatal Error] :1:1: Premature end of file.
2026-08-23 23:05:05,339 [ERROR] LogOutputStream:75 - [STDERR_REDIRECT] 
2026-08-23 23:05:06,336 [ERROR] LogOutputStream:75 - [STDERR_REDIRECT] [Fatal Error] :1:1: Premature end of file.
2026-08-23 23:05:06,336 [ERROR] LogOutputStream:75 - [STDERR_REDIRECT] 
2026-08-23 23:05:07,334 [ERROR] LogOutputStream:75 - [STDERR_REDIRECT] [Fatal Error] :1:1: Premature end of file.
2026-08-23 23:05:07,334 [ERROR] LogOutputStream:75 - [STDERR_REDIRECT] 
2026-08-23 23:05:08,349 [ERROR] LogOutputStream:75 - [STDERR_REDIRECT] [Fatal Error] :1:1: Premature end of file.
2026-08-23 23:05:08,349 [ERROR] LogOutputStream:75 - [STDERR_REDIRECT] 
2026-08-23 23:05:09,346 [ERROR] LogOutputStream:75 - [STDERR_REDIRECT] [Fatal Error] :1:1: Premature end of file.
2026-08-23 23:05:09,346 [ERROR] LogOutputStream:75 - [STDERR_REDIRECT] 
2026-08-23 23:05:10,364 [ERROR] LogOutputStream:75 - [STDERR_REDIRECT] [Fatal Error] :1:1: Premature end of file.
2026-08-23 23:05:10,364 [ERROR] LogOutputStream:75 - [STDERR_REDIRECT] 
2026-08-23 23:05:11,351 [ERROR] LogOutputStream:75 - [STDERR_REDIRECT] [Fatal Error] :1:1: Premature end of file.
2026-08-23 23:05:11,351 [ERROR] LogOutputStream:75 - [STDERR_REDIRECT] 
2026-08-23 23:05:12,344 [ERROR] LogOutputStream:75 - [STDERR_REDIRECT] [Fatal Error] :1:1: Premature end of file.
2026-08-23 23:05:12,344 [ERROR] LogOutputStream:75 - [STDERR_REDIRECT] 
2026-08-23 23:05:13,353 [ERROR] LogOutputStream:75 - [STDERR_REDIRECT] [Fatal Error] :1:1: Premature end of file.
2026-08-23 23:05:13,353 [ERROR] LogOutputStream:75 - [STDERR_REDIRECT] 
2026-08-23 23:05:14,341 [ERROR] LogOutputStream:75 - [STDERR_REDIRECT] [Fatal Error] :1:1: Premature end of file.
2026-08-23 23:05:14,341 [ERROR] LogOutputStream:75 - [STDERR_REDIRECT] 
2026-08-23 23:05:15,344 [ERROR] LogOutputStream:75 - [STDERR_REDIRECT] [Fatal Error] :1:1: Premature end of file.
2026-08-23 23:05:15,344 [ERROR] LogOutputStream:75 - [STDERR_REDIRECT] 
2026-08-23 23:05:16,348 [ERROR] LogOutputStream:75 - [STDERR_REDIRECT] [Fatal Error] :1:1: Premature end of file.
2026-08-23 23:05:16,348 [ERROR] LogOutputStream:75 - [STDERR_REDIRECT] 
2026-08-23 23:05:17,327 [ERROR] LogOutputStream:75 - [STDERR_REDIRECT] [Fatal Error] :1:1: Premature end of file.
2026-08-23 23:05:17,327 [ERROR] LogOutputStream:75 - [STDERR_REDIRECT] 
2026-08-23 23:05:18,337 [ERROR] LogOutputStream:75 - [STDERR_REDIRECT] [Fatal Error] :1:1: Premature end of file.
2026-08-23 23:05:18,337 [ERROR] LogOutputStream:75 - [STDERR_REDIRECT] 
2026-08-23 23:05:19,340 [ERROR] LogOutputStream:75 - [STDERR_REDIRECT] [Fatal Error] :1:1: Premature end of file.
2026-08-23 23:05:19,340 [ERROR] LogOutputStream:75 - [STDERR_REDIRECT] 
2026-08-23 23:05:20,344 [ERROR] LogOutputStream:75 - [STDERR_REDIRECT] [Fatal Error] :1:1: Premature end of file.
2026-08-23 23:05:20,344 [ERROR] LogOutputStream:75 - [STDERR_REDIRECT] 
2026-08-23 23:05:21,352 [ERROR] LogOutputStream:75 - [STDERR_REDIRECT] [Fatal Error] :1:1: Premature end of file.
2026-08-23 23:05:21,352 [ERROR] LogOutputStream:75 - [STDERR_REDIRECT] 
2026-08-23 23:05:22,358 [ERROR] LogOutputStream:75 - [STDERR_REDIRECT] [Fatal Error] :1:1: Premature end of file.
2026-08-23 23:05:22,359 [ERROR] LogOutputStream:75 - [STDERR_REDIRECT] 
2026-08-23 23:05:23,352 [ERROR] LogOutputStream:75 - [STDERR_REDIRECT] [Fatal Error] :1:1: Premature end of file.
2026-08-23 23:05:23,352 [ERROR] LogOutputStream:75 - [STDERR_REDIRECT] 
2026-08-23 23:05:24,342 [ERROR] LogOutputStream:75 - [STDERR_REDIRECT] [Fatal Error] :1:1: Premature end of file.
2026-08-23 23:05:24,342 [ERROR] LogOutputStream:75 - [STDERR_REDIRECT] 
2026-08-23 23:05:25,338 [ERROR] LogOutputStream:75 - [STDERR_REDIRECT] [Fatal Error] :1:1: Premature end of file.
2026-08-23 23:05:25,338 [ERROR] LogOutputStream:75 - [STDERR_REDIRECT] 
2026-08-23 23:05:26,352 [ERROR] LogOutputStream:75 - [STDERR_REDIRECT] [Fatal Error] :1:1: Premature end of file.
2026-08-23 23:05:26,352 [ERROR] LogOutputStream:75 - [STDERR_REDIRECT] 
2026-08-23 23:05:27,349 [ERROR] LogOutputStream:75 - [STDERR_REDIRECT] [Fatal Error] :1:1: Premature end of file.
2026-08-23 23:05:27,349 [ERROR] LogOutputStream:75 - [STDERR_REDIRECT] 
2026-08-23 23:05:28,338 [ERROR] LogOutputStream:75 - [STDERR_REDIRECT] [Fatal Error] :1:1: Premature end of file.
2026-08-23 23:05:28,338 [ERROR] LogOutputStream:75 - [STDERR_REDIRECT] 
2026-08-23 23:05:29,336 [ERROR] LogOutputStream:75 - [STDERR_REDIRECT] [Fatal Error] :1:1: Premature end of file.
2026-08-23 23:05:29,336 [ERROR] LogOutputStream:75 - [STDERR_REDIRECT] 
2026-08-23 23:05:30,368 [ERROR] LogOutputStream:75 - [STDERR_REDIRECT] [Fatal Error] :1:1: Premature end of file.
2026-08-23 23:05:30,368 [ERROR] LogOutputStream:75 - [STDERR_REDIRECT] 
2026-08-23 23:05:31,348 [ERROR] LogOutputStream:75 - [STDERR_REDIRECT] [Fatal Error] :1:1: Premature end of file.
2026-08-23 23:05:31,348 [ERROR] LogOutputStream:75 - [STDERR_REDIRECT] 
2026-08-23 23:05:32,346 [ERROR] LogOutputStream:75 - [STDERR_REDIRECT] [Fatal Error] :1:1: Premature end of file.
2026-08-23 23:05:32,346 [ERROR] LogOutputStream:75 - [STDERR_REDIRECT] 
2026-08-23 23:05:33,349 [ERROR] LogOutputStream:75 - [STDERR_REDIRECT] [Fatal Error] :1:1: Premature end of file.
2026-08-23 23:05:33,349 [ERROR] LogOutputStream:75 - [STDERR_REDIRECT] 
2026-08-23 23:05:34,340 [ERROR] LogOutputStream:75 - [STDERR_REDIRECT] [Fatal Error] :1:1: Premature end of file.
2026-08-23 23:05:34,340 [ERROR] LogOutputStream:75 - [STDERR_REDIRECT] 
2026-08-23 23:05:35,342 [ERROR] LogOutputStream:75 - [STDERR_REDIRECT] [Fatal Error] :1:1: Premature end of file.
2026-08-23 23:05:35,342 [ERROR] LogOutputStream:75 - [STDERR_REDIRECT] 
2026-08-23 23:05:36,340 [ERROR] LogOutputStream:75 - [STDERR_REDIRECT] [Fatal Error] :1:1: Premature end of file.
2026-08-23 23:05:36,340 [ERROR] LogOutputStream:75 - [STDERR_REDIRECT] 
2026-08-23 23:05:37,341 [ERROR] LogOutputStream:75 - [STDERR_REDIRECT] [Fatal Error] :1:1: Premature end of file.
2026-08-23 23:05:37,341 [ERROR] LogOutputStream:75 - [STDERR_REDIRECT] 
2026-08-23 23:05:38,338 [ERROR] LogOutputStream:75 - [STDERR_REDIRECT] [Fatal Error] :1:1: Premature end of file.
2026-08-23 23:05:38,338 [ERROR] LogOutputStream:75 - [STDERR_REDIRECT] 
2026-08-23 23:05:39,341 [ERROR] LogOutputStream:75 - [STDERR_REDIRECT] [Fatal Error] :1:1: Premature end of file.
2026-08-23 23:05:39,341 [ERROR] LogOutputStream:75 - [STDERR_REDIRECT] 
2026-08-23 23:05:40,336 [ERROR] LogOutputStream:75 - [STDERR_REDIRECT] [Fatal Error] :1:1: Premature end of file.
2026-08-23 23:05:40,337 [ERROR] LogOutputStream:75 - [STDERR_REDIRECT] 
2026-08-23 23:05:41,336 [ERROR] LogOutputStream:75 - [STDERR_REDIRECT] [Fatal Error] :1:1: Premature end of file.
2026-08-23 23:05:41,336 [ERROR] LogOutputStream:75 - [STDERR_REDIRECT] 
2026-08-23 23:05:42,341 [ERROR] LogOutputStream:75 - [STDERR_REDIRECT] [Fatal Error] :1:1: Premature end of file.
2026-08-23 23:05:42,341 [ERROR] LogOutputStream:75 - [STDERR_REDIRECT] 
2026-08-23 23:05:43,338 [ERROR] LogOutputStream:75 - [STDERR_REDIRECT] [Fatal Error] :1:1: Premature end of file.
2026-08-23 23:05:43,339 [ERROR] LogOutputStream:75 - [STDERR_REDIRECT] 
2026-08-23 23:05:44,347 [ERROR] LogOutputStream:75 - [STDERR_REDIRECT] [Fatal Error] :1:1: Premature end of file.
2026-08-23 23:05:44,347 [ERROR] LogOutputStream:75 - [STDERR_REDIRECT] 
2026-08-23 23:05:45,336 [ERROR] LogOutputStream:75 - [STDERR_REDIRECT] [Fatal Error] :1:1: Premature end of file.
2026-08-23 23:05:45,336 [ERROR] LogOutputStream:75 - [STDERR_REDIRECT] 
2026-08-23 23:05:46,338 [ERROR] LogOutputStream:75 - [STDERR_REDIRECT] [Fatal Error] :1:1: Premature end of file.
2026-08-23 23:05:46,338 [ERROR] LogOutputStream:75 - [STDERR_REDIRECT] 
2026-08-23 23:05:47,340 [ERROR] LogOutputStream:75 - [STDERR_REDIRECT] [Fatal Error] :1:1: Premature end of file.
2026-08-23 23:05:47,340 [ERROR] LogOutputStream:75 - [STDERR_REDIRECT] 
2026-08-23 23:05:48,345 [ERROR] LogOutputStream:75 - [STDERR_REDIRECT] [Fatal Error] :1:1: Premature end of file.
2026-08-23 23:05:48,346 [ERROR] LogOutputStream:75 - [STDERR_REDIRECT] 
2026-08-23 23:05:49,352 [ERROR] LogOutputStream:75 - [STDERR_REDIRECT] [Fatal Error] :1:1: Premature end of file.
2026-08-23 23:05:49,352 [ERROR] LogOutputStream:75 - [STDERR_REDIRECT] 
2026-08-23 23:05:50,352 [ERROR] LogOutputStream:75 - [STDERR_REDIRECT] [Fatal Error] :1:1: Premature end of file.
2026-08-23 23:05:50,352 [ERROR] LogOutputStream:75 - [STDERR_REDIRECT] 
2026-08-23 23:05:51,345 [ERROR] LogOutputStream:75 - [STDERR_REDIRECT] [Fatal Error] :1:1: Premature end of file.
2026-08-23 23:05:51,345 [ERROR] LogOutputStream:75 - [STDERR_REDIRECT] 
2026-08-23 23:05:52,345 [ERROR] LogOutputStream:75 - [STDERR_REDIRECT] [Fatal Error] :1:1: Premature end of file.
2026-08-23 23:05:52,345 [ERROR] LogOutputStream:75 - [STDERR_REDIRECT] 
2026-08-23 23:05:53,346 [ERROR] LogOutputStream:75 - [STDERR_REDIRECT] [Fatal Error] :1:1: Premature end of file.
2026-08-23 23:05:53,346 [ERROR] LogOutputStream:75 - [STDERR_REDIRECT] 
2026-08-23 23:05:54,346 [ERROR] LogOutputStream:75 - [STDERR_REDIRECT] [Fatal Error] :1:1: Premature end of file.
2026-08-23 23:05:54,346 [ERROR] LogOutputStream:75 - [STDERR_REDIRECT] 
2026-08-23 23:05:55,376 [ERROR] LogOutputStream:75 - [STDERR_REDIRECT] [Fatal Error] :1:1: Premature end of file.
2026-08-23 23:05:55,376 [ERROR] LogOutputStream:75 - [STDERR_REDIRECT] 
2026-08-23 23:05:56,349 [ERROR] LogOutputStream:75 - [STDERR_REDIRECT] [Fatal Error] :1:1: Premature end of file.
2026-08-23 23:05:56,349 [ERROR] LogOutputStream:75 - [STDERR_REDIRECT] 
2026-08-23 23:05:57,341 [ERROR] LogOutputStream:75 - [STDERR_REDIRECT] [Fatal Error] :1:1: Premature end of file.
2026-08-23 23:05:57,341 [ERROR] LogOutputStream:75 - [STDERR_REDIRECT] 
2026-08-23 23:05:58,342 [ERROR] LogOutputStream:75 - [STDERR_REDIRECT] [Fatal Error] :1:1: Premature end of file.
2026-08-23 23:05:58,342 [ERROR] LogOutputStream:75 - [STDERR_REDIRECT] 
2026-08-23 23:05:59,342 [ERROR] LogOutputStream:75 - [STDERR_REDIRECT] [Fatal Error] :1:1: Premature end of file.
2026-08-23 23:05:59,342 [ERROR] LogOutputStream:75 - [STDERR_REDIRECT] 
2026-08-23 23:06:00,337 [ERROR] LogOutputStream:75 - [STDERR_REDIRECT] [Fatal Error] :1:1: Premature end of file.
2026-08-23 23:06:00,337 [ERROR] LogOutputStream:75 - [STDERR_REDIRECT] 
2026-08-23 23:06:01,342 [ERROR] LogOutputStream:75 - [STDERR_REDIRECT] [Fatal Error] :1:1: Premature end of file.
2026-08-23 23:06:01,342 [ERROR] LogOutputStream:75 - [STDERR_REDIRECT] 
2026-08-23 23:06:02,342 [ERROR] LogOutputStream:75 - [STDERR_REDIRECT] [Fatal Error] :1:1: Premature end of file.
2026-08-23 23:06:02,342 [ERROR] LogOutputStream:75 - [STDERR_REDIRECT] 
2026-08-23 23:06:03,341 [ERROR] LogOutputStream:75 - [STDERR_REDIRECT] [Fatal Error] :1:1: Premature end of file.
2026-08-23 23:06:03,342 [ERROR] LogOutputStream:75 - [STDERR_REDIRECT] 
2026-08-23 23:06:04,351 [ERROR] LogOutputStream:75 - [STDERR_REDIRECT] [Fatal Error] :1:1: Premature end of file.
2026-08-23 23:06:04,351 [ERROR] LogOutputStream:75 - [STDERR_REDIRECT] 
2026-08-23 23:06:05,339 [ERROR] LogOutputStream:75 - [STDERR_REDIRECT] [Fatal Error] :1:1: Premature end of file.
2026-08-23 23:06:05,339 [ERROR] LogOutputStream:75 - [STDERR_REDIRECT] 
2026-08-23 23:06:06,338 [ERROR] LogOutputStream:75 - [STDERR_REDIRECT] [Fatal Error] :1:1: Premature end of file.
2026-08-23 23:06:06,338 [ERROR] LogOutputStream:75 - [STDERR_REDIRECT] 
2026-08-23 23:06:07,339 [ERROR] LogOutputStream:75 - [STDERR_REDIRECT] [Fatal Error] :1:1: Premature end of file.
2026-08-23 23:06:07,339 [ERROR] LogOutputStream:75 - [STDERR_REDIRECT] 
2026-08-23 23:06:08,339 [ERROR] LogOutputStream:75 - [STDERR_REDIRECT] [Fatal Error] :1:1: Premature end of file.
2026-08-23 23:06:08,339 [ERROR] LogOutputStream:75 - [STDERR_REDIRECT] 
2026-08-23 23:06:09,350 [ERROR] LogOutputStream:75 - [STDERR_REDIRECT] [Fatal Error] :1:1: Premature end of file.
2026-08-23 23:06:09,350 [ERROR] LogOutputStream:75 - [STDERR_REDIRECT] 
2026-08-23 23:06:10,369 [ERROR] LogOutputStream:75 - [STDERR_REDIRECT] [Fatal Error] :1:1: Premature end of file.
2026-08-23 23:06:10,369 [ERROR] LogOutputStream:75 - [STDERR_REDIRECT] 
2026-08-23 23:06:11,350 [ERROR] LogOutputStream:75 - [STDERR_REDIRECT] [Fatal Error] :1:1: Premature end of file.
2026-08-23 23:06:11,350 [ERROR] LogOutputStream:75 - [STDERR_REDIRECT] 
2026-08-23 23:06:12,343 [ERROR] LogOutputStream:75 - [STDERR_REDIRECT] [Fatal Error] :1:1: Premature end of file.
2026-08-23 23:06:12,343 [ERROR] LogOutputStream:75 - [STDERR_REDIRECT] 
2026-08-23 23:06:13,338 [ERROR] LogOutputStream:75 - [STDERR_REDIRECT] [Fatal Error] :1:1: Premature end of file.
2026-08-23 23:06:13,339 [ERROR] LogOutputStream:75 - [STDERR_REDIRECT] 
2026-08-23 23:06:14,354 [ERROR] LogOutputStream:75 - [STDERR_REDIRECT] [Fatal Error] :1:1: Premature end of file.
2026-08-23 23:06:14,354 [ERROR] LogOutputStream:75 - [STDERR_REDIRECT] 
2026-08-23 23:06:15,360 [ERROR] LogOutputStream:75 - [STDERR_REDIRECT] [Fatal Error] :1:1: Premature end of file.
2026-08-23 23:06:15,360 [ERROR] LogOutputStream:75 - [STDERR_REDIRECT] 
2026-08-23 23:06:16,357 [ERROR] LogOutputStream:75 - [STDERR_REDIRECT] [Fatal Error] :1:1: Premature end of file.
2026-08-23 23:06:16,357 [ERROR] LogOutputStream:75 - [STDERR_REDIRECT] 
2026-08-23 23:06:17,340 [ERROR] LogOutputStream:75 - [STDERR_REDIRECT] [Fatal Error] :1:1: Premature end of file.
2026-08-23 23:06:17,340 [ERROR] LogOutputStream:75 - [STDERR_REDIRECT] 
2026-08-23 23:06:18,326 [ERROR] LogOutputStream:75 - [STDERR_REDIRECT] [Fatal Error] :1:1: Premature end of file.
2026-08-23 23:06:18,326 [ERROR] LogOutputStream:75 - [STDERR_REDIRECT] 
2026-08-23 23:06:19,336 [ERROR] LogOutputStream:75 - [STDERR_REDIRECT] [Fatal Error] :1:1: Premature end of file.
2026-08-23 23:06:19,336 [ERROR] LogOutputStream:75 - [STDERR_REDIRECT] 
2026-08-23 23:06:20,332 [ERROR] LogOutputStream:75 - [STDERR_REDIRECT] [Fatal Error] :1:1: Premature end of file.
2026-08-23 23:06:20,332 [ERROR] LogOutputStream:75 - [STDERR_REDIRECT] 
2026-08-23 23:06:21,327 [ERROR] LogOutputStream:75 - [STDERR_REDIRECT] [Fatal Error] :1:1: Premature end of file.
2026-08-23 23:06:21,327 [ERROR] LogOutputStream:75 - [STDERR_REDIRECT] 
2026-08-23 23:06:22,329 [ERROR] LogOutputStream:75 - [STDERR_REDIRECT] [Fatal Error] :1:1: Premature end of file.
2026-08-23 23:06:22,329 [ERROR] LogOutputStream:75 - [STDERR_REDIRECT] 
2026-08-23 23:06:23,336 [ERROR] LogOutputStream:75 - [STDERR_REDIRECT] [Fatal Error] :1:1: Premature end of file.
2026-08-23 23:06:23,336 [ERROR] LogOutputStream:75 - [STDERR_REDIRECT] 
2026-08-23 23:06:24,331 [ERROR] LogOutputStream:75 - [STDERR_REDIRECT] [Fatal Error] :1:1: Premature end of file.
2026-08-23 23:06:24,343 [ERROR] LogOutputStream:75 - [STDERR_REDIRECT] 
2026-08-23 23:06:25,336 [ERROR] LogOutputStream:75 - [STDERR_REDIRECT] [Fatal Error] :1:1: Premature end of file.
2026-08-23 23:06:25,336 [ERROR] LogOutputStream:75 - [STDERR_REDIRECT] 
2026-08-23 23:06:26,339 [ERROR] LogOutputStream:75 - [STDERR_REDIRECT] [Fatal Error] :1:1: Premature end of file.
2026-08-23 23:06:26,339 [ERROR] LogOutputStream:75 - [STDERR_REDIRECT] 
2026-08-23 23:06:27,332 [ERROR] LogOutputStream:75 - [STDERR_REDIRECT] [Fatal Error] :1:1: Premature end of file.
2026-08-23 23:06:27,332 [ERROR] LogOutputStream:75 - [STDERR_REDIRECT] 
2026-08-23 23:06:28,332 [ERROR] LogOutputStream:75 - [STDERR_REDIRECT] [Fatal Error] :1:1: Premature end of file.
2026-08-23 23:06:28,332 [ERROR] LogOutputStream:75 - [STDERR_REDIRECT] 
2026-08-23 23:06:29,336 [ERROR] LogOutputStream:75 - [STDERR_REDIRECT] [Fatal Error] :1:1: Premature end of file.
2026-08-23 23:06:29,336 [ERROR] LogOutputStream:75 - [STDERR_REDIRECT] 
2026-08-23 23:06:30,329 [ERROR] LogOutputStream:75 - [STDERR_REDIRECT] [Fatal Error] :1:1: Premature end of file.
2026-08-23 23:06:30,329 [ERROR] LogOutputStream:75 - [STDERR_REDIRECT] 
2026-08-23 23:06:31,341 [ERROR] LogOutputStream:75 - [STDERR_REDIRECT] [Fatal Error] :1:1: Premature end of file.
2026-08-23 23:06:31,342 [ERROR] LogOutputStream:75 - [STDERR_REDIRECT] 
2026-08-23 23:06:32,340 [ERROR] LogOutputStream:75 - [STDERR_REDIRECT] [Fatal Error] :1:1: Premature end of file.
2026-08-23 23:06:32,343 [ERROR] LogOutputStream:75 - [STDERR_REDIRECT] 
2026-08-23 23:06:33,349 [ERROR] LogOutputStream:75 - [STDERR_REDIRECT] [Fatal Error] :1:1: Premature end of file.
2026-08-23 23:06:33,349 [ERROR] LogOutputStream:75 - [STDERR_REDIRECT] 
2026-08-23 23:06:34,330 [ERROR] LogOutputStream:75 - [STDERR_REDIRECT] [Fatal Error] :1:1: Premature end of file.
2026-08-23 23:06:34,330 [ERROR] LogOutputStream:75 - [STDERR_REDIRECT] 
2026-08-23 23:06:35,335 [ERROR] LogOutputStream:75 - [STDERR_REDIRECT] [Fatal Error] :1:1: Premature end of file.
2026-08-23 23:06:35,335 [ERROR] LogOutputStream:75 - [STDERR_REDIRECT] 
2026-08-23 23:06:36,344 [ERROR] LogOutputStream:75 - [STDERR_REDIRECT] [Fatal Error] :1:1: Premature end of file.
2026-08-23 23:06:36,344 [ERROR] LogOutputStream:75 - [STDERR_REDIRECT] 
2026-08-23 23:06:37,338 [ERROR] LogOutputStream:75 - [STDERR_REDIRECT] [Fatal Error] :1:1: Premature end of file.
2026-08-23 23:06:37,338 [ERROR] LogOutputStream:75 - [STDERR_REDIRECT] 
2026-08-23 23:06:38,335 [ERROR] LogOutputStream:75 - [STDERR_REDIRECT] [Fatal Error] :1:1: Premature end of file.
2026-08-23 23:06:38,335 [ERROR] LogOutputStream:75 - [STDERR_REDIRECT] 
2026-08-23 23:06:39,326 [ERROR] LogOutputStream:75 - [STDERR_REDIRECT] [Fatal Error] :1:1: Premature end of file.
2026-08-23 23:06:39,326 [ERROR] LogOutputStream:75 - [STDERR_REDIRECT] 
2026-08-23 23:06:40,332 [ERROR] LogOutputStream:75 - [STDERR_REDIRECT] [Fatal Error] :1:1: Premature end of file.
2026-08-23 23:06:40,332 [ERROR] LogOutputStream:75 - [STDERR_REDIRECT] 
2026-08-23 23:06:41,327 [ERROR] LogOutputStream:75 - [STDERR_REDIRECT] [Fatal Error] :1:1: Premature end of file.
2026-08-23 23:06:41,327 [ERROR] LogOutputStream:75 - [STDERR_REDIRECT] 
2026-08-23 23:06:42,335 [ERROR] LogOutputStream:75 - [STDERR_REDIRECT] [Fatal Error] :1:1: Premature end of file.
2026-08-23 23:06:42,335 [ERROR] LogOutputStream:75 - [STDERR_REDIRECT] 
2026-08-23 23:06:43,336 [ERROR] LogOutputStream:75 - [STDERR_REDIRECT] [Fatal Error] :1:1: Premature end of file.
2026-08-23 23:06:43,336 [ERROR] LogOutputStream:75 - [STDERR_REDIRECT] 
2026-08-23 23:06:44,348 [ERROR] LogOutputStream:75 - [STDERR_REDIRECT] [Fatal Error] :1:1: Premature end of file.
2026-08-23 23:06:44,348 [ERROR] LogOutputStream:75 - [STDERR_REDIRECT] 
2026-08-23 23:06:45,346 [ERROR] LogOutputStream:75 - [STDERR_REDIRECT] [Fatal Error] :1:1: Premature end of file.
2026-08-23 23:06:45,348 [ERROR] LogOutputStream:75 - [STDERR_REDIRECT] 
2026-08-23 23:06:46,353 [ERROR] LogOutputStream:75 - [STDERR_REDIRECT] [Fatal Error] :1:1: Premature end of file.
2026-08-23 23:06:46,353 [ERROR] LogOutputStream:75 - [STDERR_REDIRECT] 
2026-08-23 23:06:47,326 [ERROR] LogOutputStream:75 - [STDERR_REDIRECT] [Fatal Error] :1:1: Premature end of file.
2026-08-23 23:06:47,326 [ERROR] LogOutputStream:75 - [STDERR_REDIRECT] 
2026-08-23 23:06:48,339 [ERROR] LogOutputStream:75 - [STDERR_REDIRECT] [Fatal Error] :1:1: Premature end of file.
2026-08-23 23:06:48,339 [ERROR] LogOutputStream:75 - [STDERR_REDIRECT] 
2026-08-23 23:06:49,332 [ERROR] LogOutputStream:75 - [STDERR_REDIRECT] [Fatal Error] :1:1: Premature end of file.
2026-08-23 23:06:49,332 [ERROR] LogOutputStream:75 - [STDERR_REDIRECT] 
2026-08-23 23:06:50,328 [ERROR] LogOutputStream:75 - [STDERR_REDIRECT] [Fatal Error] :1:1: Premature end of file.
2026-08-23 23:06:50,328 [ERROR] LogOutputStream:75 - [STDERR_REDIRECT] 
2026-08-23 23:06:51,347 [ERROR] LogOutputStream:75 - [STDERR_REDIRECT] [Fatal Error] :1:1: Premature end of file.
2026-08-23 23:06:51,347 [ERROR] LogOutputStream:75 - [STDERR_REDIRECT] 
2026-08-23 23:06:52,342 [ERROR] LogOutputStream:75 - [STDERR_REDIRECT] [Fatal Error] :1:1: Premature end of file.
2026-08-23 23:06:52,342 [ERROR] LogOutputStream:75 - [STDERR_REDIRECT] 
2026-08-23 23:06:53,334 [ERROR] LogOutputStream:75 - [STDERR_REDIRECT] [Fatal Error] :1:1: Premature end of file.
2026-08-23 23:06:53,334 [ERROR] LogOutputStream:75 - [STDERR_REDIRECT] 
2026-08-23 23:06:54,347 [ERROR] LogOutputStream:75 - [STDERR_REDIRECT] [Fatal Error] :1:1: Premature end of file.
2026-08-23 23:06:54,347 [ERROR] LogOutputStream:75 - [STDERR_REDIRECT] 
2026-08-23 23:06:55,348 [ERROR] LogOutputStream:75 - [STDERR_REDIRECT] [Fatal Error] :1:1: Premature end of file.
2026-08-23 23:06:55,348 [ERROR] LogOutputStream:75 - [STDERR_REDIRECT] 
2026-08-23 23:06:56,339 [ERROR] LogOutputStream:75 - [STDERR_REDIRECT] [Fatal Error] :1:1: Premature end of file.
2026-08-23 23:06:56,339 [ERROR] LogOutputStream:75 - [STDERR_REDIRECT] 
2026-08-23 23:06:57,339 [ERROR] LogOutputStream:75 - [STDERR_REDIRECT] [Fatal Error] :1:1: Premature end of file.
2026-08-23 23:06:57,339 [ERROR] LogOutputStream:75 - [STDERR_REDIRECT] 
2026-08-23 23:06:58,339 [ERROR] LogOutputStream:75 - [STDERR_REDIRECT] [Fatal Error] :1:1: Premature end of file.
2026-08-23 23:06:58,339 [ERROR] LogOutputStream:75 - [STDERR_REDIRECT] 
2026-08-23 23:06:59,341 [ERROR] LogOutputStream:75 - [STDERR_REDIRECT] [Fatal Error] :1:1: Premature end of file.
2026-08-23 23:06:59,341 [ERROR] LogOutputStream:75 - [STDERR_REDIRECT] 
2026-08-23 23:07:00,336 [ERROR] LogOutputStream:75 - [STDERR_REDIRECT] [Fatal Error] :1:1: Premature end of file.
2026-08-23 23:07:00,336 [ERROR] LogOutputStream:75 - [STDERR_REDIRECT] 
2026-08-23 23:07:01,335 [ERROR] LogOutputStream:75 - [STDERR_REDIRECT] [Fatal Error] :1:1: Premature end of file.
2026-08-23 23:07:01,335 [ERROR] LogOutputStream:75 - [STDERR_REDIRECT] 
2026-08-23 23:07:02,334 [ERROR] LogOutputStream:75 - [STDERR_REDIRECT] [Fatal Error] :1:1: Premature end of file.
2026-08-23 23:07:02,334 [ERROR] LogOutputStream:75 - [STDERR_REDIRECT] 
2026-08-23 23:07:03,345 [ERROR] LogOutputStream:75 - [STDERR_REDIRECT] [Fatal Error] :1:1: Premature end of file.
2026-08-23 23:07:03,345 [ERROR] LogOutputStream:75 - [STDERR_REDIRECT] 
2026-08-23 23:07:04,334 [ERROR] LogOutputStream:75 - [STDERR_REDIRECT] [Fatal Error] :1:1: Premature end of file.
2026-08-23 23:07:04,334 [ERROR] LogOutputStream:75 - [STDERR_REDIRECT] 
2026-08-23 23:07:05,347 [ERROR] LogOutputStream:75 - [STDERR_REDIRECT] [Fatal Error] :1:1: Premature end of file.
2026-08-23 23:07:05,347 [ERROR] LogOutputStream:75 - [STDERR_REDIRECT] 
2026-08-23 23:07:06,345 [ERROR] LogOutputStream:75 - [STDERR_REDIRECT] [Fatal Error] :1:1: Premature end of file.
2026-08-23 23:07:06,345 [ERROR] LogOutputStream:75 - [STDERR_REDIRECT] 
2026-08-23 23:07:07,339 [ERROR] LogOutputStream:75 - [STDERR_REDIRECT] [Fatal Error] :1:1: Premature end of file.
2026-08-23 23:07:07,339 [ERROR] LogOutputStream:75 - [STDERR_REDIRECT] 
2026-08-23 23:07:08,336 [ERROR] LogOutputStream:75 - [STDERR_REDIRECT] [Fatal Error] :1:1: Premature end of file.
2026-08-23 23:07:08,336 [ERROR] LogOutputStream:75 - [STDERR_REDIRECT] 
2026-08-23 23:07:09,324 [ERROR] LogOutputStream:75 - [STDERR_REDIRECT] [Fatal Error] :1:1: Premature end of file.
2026-08-23 23:07:09,324 [ERROR] LogOutputStream:75 - [STDERR_REDIRECT] 
2026-08-23 23:07:10,331 [ERROR] LogOutputStream:75 - [STDERR_REDIRECT] [Fatal Error] :1:1: Premature end of file.
2026-08-23 23:07:10,331 [ERROR] LogOutputStream:75 - [STDERR_REDIRECT] 
2026-08-23 23:07:11,347 [ERROR] LogOutputStream:75 - [STDERR_REDIRECT] [Fatal Error] :1:1: Premature end of file.
2026-08-23 23:07:11,347 [ERROR] LogOutputStream:75 - [STDERR_REDIRECT] 
2026-08-23 23:07:12,349 [ERROR] LogOutputStream:75 - [STDERR_REDIRECT] [Fatal Error] :1:1: Premature end of file.
2026-08-23 23:07:12,350 [ERROR] LogOutputStream:75 - [STDERR_REDIRECT] 
2026-08-23 23:07:13,339 [ERROR] LogOutputStream:75 - [STDERR_REDIRECT] [Fatal Error] :1:1: Premature end of file.
2026-08-23 23:07:13,339 [ERROR] LogOutputStream:75 - [STDERR_REDIRECT] 
2026-08-23 23:07:14,350 [ERROR] LogOutputStream:75 - [STDERR_REDIRECT] [Fatal Error] :1:1: Premature end of file.
2026-08-23 23:07:14,350 [ERROR] LogOutputStream:75 - [STDERR_REDIRECT] 
2026-08-23 23:07:15,346 [ERROR] LogOutputStream:75 - [STDERR_REDIRECT] [Fatal Error] :1:1: Premature end of file.
2026-08-23 23:07:15,346 [ERROR] LogOutputStream:75 - [STDERR_REDIRECT] 
2026-08-23 23:07:16,347 [ERROR] LogOutputStream:75 - [STDERR_REDIRECT] [Fatal Error] :1:1: Premature end of file.
2026-08-23 23:07:16,349 [ERROR] LogOutputStream:75 - [STDERR_REDIRECT] 
2026-08-23 23:07:17,331 [ERROR] LogOutputStream:75 - [STDERR_REDIRECT] [Fatal Error] :1:1: Premature end of file.
2026-08-23 23:07:17,331 [ERROR] LogOutputStream:75 - [STDERR_REDIRECT] 
2026-08-23 23:07:18,346 [ERROR] LogOutputStream:75 - [STDERR_REDIRECT] [Fatal Error] :1:1: Premature end of file.
2026-08-23 23:07:18,346 [ERROR] LogOutputStream:75 - [STDERR_REDIRECT] 
2026-08-23 23:07:19,337 [ERROR] LogOutputStream:75 - [STDERR_REDIRECT] [Fatal Error] :1:1: Premature end of file.
2026-08-23 23:07:19,337 [ERROR] LogOutputStream:75 - [STDERR_REDIRECT] 
2026-08-23 23:07:20,334 [ERROR] LogOutputStream:75 - [STDERR_REDIRECT] [Fatal Error] :1:1: Premature end of file.
2026-08-23 23:07:20,334 [ERROR] LogOutputStream:75 - [STDERR_REDIRECT] 
2026-08-23 23:07:21,349 [ERROR] LogOutputStream:75 - [STDERR_REDIRECT] [Fatal Error] :1:1: Premature end of file.
2026-08-23 23:07:21,349 [ERROR] LogOutputStream:75 - [STDERR_REDIRECT] 
2026-08-23 23:07:22,333 [ERROR] LogOutputStream:75 - [STDERR_REDIRECT] [Fatal Error] :1:1: Premature end of file.
2026-08-23 23:07:22,333 [ERROR] LogOutputStream:75 - [STDERR_REDIRECT] 
2026-08-23 23:07:23,329 [ERROR] LogOutputStream:75 - [STDERR_REDIRECT] [Fatal Error] :1:1: Premature end of file.
2026-08-23 23:07:23,329 [ERROR] LogOutputStream:75 - [STDERR_REDIRECT] 
2026-08-23 23:07:24,337 [ERROR] LogOutputStream:75 - [STDERR_REDIRECT] [Fatal Error] :1:1: Premature end of file.
2026-08-23 23:07:24,337 [ERROR] LogOutputStream:75 - [STDERR_REDIRECT] 
2026-08-23 23:07:25,333 [ERROR] LogOutputStream:75 - [STDERR_REDIRECT] [Fatal Error] :1:1: Premature end of file.
2026-08-23 23:07:25,333 [ERROR] LogOutputStream:75 - [STDERR_REDIRECT] 
2026-08-23 23:07:26,343 [ERROR] LogOutputStream:75 - [STDERR_REDIRECT] [Fatal Error] :1:1: Premature end of file.
2026-08-23 23:07:26,344 [ERROR] LogOutputStream:75 - [STDERR_REDIRECT] 
2026-08-23 23:07:27,340 [ERROR] LogOutputStream:75 - [STDERR_REDIRECT] [Fatal Error] :1:1: Premature end of file.
2026-08-23 23:07:27,340 [ERROR] LogOutputStream:75 - [STDERR_REDIRECT] 
2026-08-23 23:07:28,347 [ERROR] LogOutputStream:75 - [STDERR_REDIRECT] [Fatal Error] :1:1: Premature end of file.
2026-08-23 23:07:28,347 [ERROR] LogOutputStream:75 - [STDERR_REDIRECT] 
2026-08-23 23:07:29,348 [ERROR] LogOutputStream:75 - [STDERR_REDIRECT] [Fatal Error] :1:1: Premature end of file.
2026-08-23 23:07:29,348 [ERROR] LogOutputStream:75 - [STDERR_REDIRECT] 
2026-08-23 23:07:30,337 [ERROR] LogOutputStream:75 - [STDERR_REDIRECT] [Fatal Error] :1:1: Premature end of file.
2026-08-23 23:07:30,337 [ERROR] LogOutputStream:75 - [STDERR_REDIRECT] 
2026-08-23 23:07:31,344 [ERROR] LogOutputStream:75 - [STDERR_REDIRECT] [Fatal Error] :1:1: Premature end of file.
2026-08-23 23:07:31,344 [ERROR] LogOutputStream:75 - [STDERR_REDIRECT] 
2026-08-23 23:07:32,347 [ERROR] LogOutputStream:75 - [STDERR_REDIRECT] [Fatal Error] :1:1: Premature end of file.
2026-08-23 23:07:32,347 [ERROR] LogOutputStream:75 - [STDERR_REDIRECT] 
2026-08-23 23:07:33,346 [ERROR] LogOutputStream:75 - [STDERR_REDIRECT] [Fatal Error] :1:1: Premature end of file.
2026-08-23 23:07:33,346 [ERROR] LogOutputStream:75 - [STDERR_REDIRECT] 
2026-08-23 23:07:34,345 [ERROR] LogOutputStream:75 - [STDERR_REDIRECT] [Fatal Error] :1:1: Premature end of file.
2026-08-23 23:07:34,345 [ERROR] LogOutputStream:75 - [STDERR_REDIRECT] 
2026-08-23 23:07:35,346 [ERROR] LogOutputStream:75 - [STDERR_REDIRECT] [Fatal Error] :1:1: Premature end of file.
2026-08-23 23:07:35,346 [ERROR] LogOutputStream:75 - [STDERR_REDIRECT] 
2026-08-23 23:07:36,357 [ERROR] LogOutputStream:75 - [STDERR_REDIRECT] [Fatal Error] :1:1: Premature end of file.
2026-08-23 23:07:36,357 [ERROR] LogOutputStream:75 - [STDERR_REDIRECT] 
2026-08-23 23:07:37,350 [ERROR] LogOutputStream:75 - [STDERR_REDIRECT] [Fatal Error] :1:1: Premature end of file.
2026-08-23 23:07:37,350 [ERROR] LogOutputStream:75 - [STDERR_REDIRECT] 
2026-08-23 23:07:38,338 [ERROR] LogOutputStream:75 - [STDERR_REDIRECT] [Fatal Error] :1:1: Premature end of file.
2026-08-23 23:07:38,338 [ERROR] LogOutputStream:75 - [STDERR_REDIRECT] 
2026-08-23 23:07:39,350 [ERROR] LogOutputStream:75 - [STDERR_REDIRECT] [Fatal Error] :1:1: Premature end of file.
2026-08-23 23:07:39,350 [ERROR] LogOutputStream:75 - [STDERR_REDIRECT] 
2026-08-23 23:07:40,344 [ERROR] LogOutputStream:75 - [STDERR_REDIRECT] [Fatal Error] :1:1: Premature end of file.
2026-08-23 23:07:40,344 [ERROR] LogOutputStream:75 - [STDERR_REDIRECT] 
2026-08-23 23:07:41,342 [ERROR] LogOutputStream:75 - [STDERR_REDIRECT] [Fatal Error] :1:1: Premature end of file.
2026-08-23 23:07:41,342 [ERROR] LogOutputStream:75 - [STDERR_REDIRECT] 
2026-08-23 23:07:42,339 [ERROR] LogOutputStream:75 - [STDERR_REDIRECT] [Fatal Error] :1:1: Premature end of file.
2026-08-23 23:07:42,339 [ERROR] LogOutputStream:75 - [STDERR_REDIRECT] 
2026-08-23 23:07:43,339 [ERROR] LogOutputStream:75 - [STDERR_REDIRECT] [Fatal Error] :1:1: Premature end of file.
2026-08-23 23:07:43,339 [ERROR] LogOutputStream:75 - [STDERR_REDIRECT] 
2026-08-23 23:07:44,337 [ERROR] LogOutputStream:75 - [STDERR_REDIRECT] [Fatal Error] :1:1: Premature end of file.
2026-08-23 23:07:44,337 [ERROR] LogOutputStream:75 - [STDERR_REDIRECT] 
2026-08-23 23:07:45,343 [ERROR] LogOutputStream:75 - [STDERR_REDIRECT] [Fatal Error] :1:1: Premature end of file.
2026-08-23 23:07:45,343 [ERROR] LogOutputStream:75 - [STDERR_REDIRECT] 
2026-08-23 23:07:46,339 [ERROR] LogOutputStream:75 - [STDERR_REDIRECT] [Fatal Error] :1:1: Premature end of file.
2026-08-23 23:07:46,339 [ERROR] LogOutputStream:75 - [STDERR_REDIRECT] 
2026-08-23 23:07:47,342 [ERROR] LogOutputStream:75 - [STDERR_REDIRECT] [Fatal Error] :1:1: Premature end of file.
2026-08-23 23:07:47,342 [ERROR] LogOutputStream:75 - [STDERR_REDIRECT] 
2026-08-23 23:07:48,341 [ERROR] LogOutputStream:75 - [STDERR_REDIRECT] [Fatal Error] :1:1: Premature end of file.
2026-08-23 23:07:48,341 [ERROR] LogOutputStream:75 - [STDERR_REDIRECT] 
2026-08-23 23:07:49,337 [ERROR] LogOutputStream:75 - [STDERR_REDIRECT] [Fatal Error] :1:1: Premature end of file.
2026-08-23 23:07:49,337 [ERROR] LogOutputStream:75 - [STDERR_REDIRECT] 
2026-08-23 23:07:50,338 [ERROR] LogOutputStream:75 - [STDERR_REDIRECT] [Fatal Error] :1:1: Premature end of file.
2026-08-23 23:07:50,338 [ERROR] LogOutputStream:75 - [STDERR_REDIRECT] 
2026-08-23 23:07:51,331 [ERROR] LogOutputStream:75 - [STDERR_REDIRECT] [Fatal Error] :1:1: Premature end of file.
2026-08-23 23:07:51,331 [ERROR] LogOutputStream:75 - [STDERR_REDIRECT] 
2026-08-23 23:07:52,340 [ERROR] LogOutputStream:75 - [STDERR_REDIRECT] [Fatal Error] :1:1: Premature end of file.
2026-08-23 23:07:52,340 [ERROR] LogOutputStream:75 - [STDERR_REDIRECT] 
2026-08-23 23:07:53,350 [ERROR] LogOutputStream:75 - [STDERR_REDIRECT] [Fatal Error] :1:1: Premature end of file.
2026-08-23 23:07:53,350 [ERROR] LogOutputStream:75 - [STDERR_REDIRECT] 
2026-08-23 23:07:54,339 [ERROR] LogOutputStream:75 - [STDERR_REDIRECT] [Fatal Error] :1:1: Premature end of file.
2026-08-23 23:07:54,339 [ERROR] LogOutputStream:75 - [STDERR_REDIRECT] 
2026-08-23 23:07:55,345 [ERROR] LogOutputStream:75 - [STDERR_REDIRECT] [Fatal Error] :1:1: Premature end of file.
2026-08-23 23:07:55,345 [ERROR] LogOutputStream:75 - [STDERR_REDIRECT] 
2026-08-23 23:07:56,336 [ERROR] LogOutputStream:75 - [STDERR_REDIRECT] [Fatal Error] :1:1: Premature end of file.
2026-08-23 23:07:56,336 [ERROR] LogOutputStream:75 - [STDERR_REDIRECT] 
2026-08-23 23:07:57,346 [ERROR] LogOutputStream:75 - [STDERR_REDIRECT] [Fatal Error] :1:1: Premature end of file.
2026-08-23 23:07:57,346 [ERROR] LogOutputStream:75 - [STDERR_REDIRECT] 
2026-08-23 23:07:58,346 [ERROR] LogOutputStream:75 - [STDERR_REDIRECT] [Fatal Error] :1:1: Premature end of file.
2026-08-23 23:07:58,346 [ERROR] LogOutputStream:75 - [STDERR_REDIRECT] 
2026-08-23 23:07:59,348 [ERROR] LogOutputStream:75 - [STDERR_REDIRECT] [Fatal Error] :1:1: Premature end of file.
2026-08-23 23:07:59,348 [ERROR] LogOutputStream:75 - [STDERR_REDIRECT] 
2026-08-23 23:08:00,346 [ERROR] LogOutputStream:75 - [STDERR_REDIRECT] [Fatal Error] :1:1: Premature end of file.
2026-08-23 23:08:00,347 [ERROR] LogOutputStream:75 - [STDERR_REDIRECT] 
2026-08-23 23:08:01,347 [ERROR] LogOutputStream:75 - [STDERR_REDIRECT] [Fatal Error] :1:1: Premature end of file.
2026-08-23 23:08:01,347 [ERROR] LogOutputStream:75 - [STDERR_REDIRECT] 
2026-08-23 23:08:02,338 [ERROR] LogOutputStream:75 - [STDERR_REDIRECT] [Fatal Error] :1:1: Premature end of file.
2026-08-23 23:08:02,338 [ERROR] LogOutputStream:75 - [STDERR_REDIRECT] 
2026-08-23 23:08:03,345 [ERROR] LogOutputStream:75 - [STDERR_REDIRECT] [Fatal Error] :1:1: Premature end of file.
2026-08-23 23:08:03,345 [ERROR] LogOutputStream:75 - [STDERR_REDIRECT] 
2026-08-23 23:08:04,335 [ERROR] LogOutputStream:75 - [STDERR_REDIRECT] [Fatal Error] :1:1: Premature end of file.
2026-08-23 23:08:04,335 [ERROR] LogOutputStream:75 - [STDERR_REDIRECT] 
2026-08-23 23:08:05,346 [ERROR] LogOutputStream:75 - [STDERR_REDIRECT] [Fatal Error] :1:1: Premature end of file.
2026-08-23 23:08:05,346 [ERROR] LogOutputStream:75 - [STDERR_REDIRECT] 
2026-08-23 23:08:06,338 [ERROR] LogOutputStream:75 - [STDERR_REDIRECT] [Fatal Error] :1:1: Premature end of file.
2026-08-23 23:08:06,338 [ERROR] LogOutputStream:75 - [STDERR_REDIRECT] 
2026-08-23 23:08:07,337 [ERROR] LogOutputStream:75 - [STDERR_REDIRECT] [Fatal Error] :1:1: Premature end of file.
2026-08-23 23:08:07,337 [ERROR] LogOutputStream:75 - [STDERR_REDIRECT] 
2026-08-23 23:08:08,340 [ERROR] LogOutputStream:75 - [STDERR_REDIRECT] [Fatal Error] :1:1: Premature end of file.
2026-08-23 23:08:08,340 [ERROR] LogOutputStream:75 - [STDERR_REDIRECT] 
2026-08-23 23:08:09,337 [ERROR] LogOutputStream:75 - [STDERR_REDIRECT] [Fatal Error] :1:1: Premature end of file.
2026-08-23 23:08:09,337 [ERROR] LogOutputStream:75 - [STDERR_REDIRECT] 
2026-08-23 23:08:10,352 [ERROR] LogOutputStream:75 - [STDERR_REDIRECT] [Fatal Error] :1:1: Premature end of file.
2026-08-23 23:08:10,352 [ERROR] LogOutputStream:75 - [STDERR_REDIRECT] 
2026-08-23 23:08:11,337 [ERROR] LogOutputStream:75 - [STDERR_REDIRECT] [Fatal Error] :1:1: Premature end of file.
2026-08-23 23:08:11,337 [ERROR] LogOutputStream:75 - [STDERR_REDIRECT] 
2026-08-23 23:08:12,341 [ERROR] LogOutputStream:75 - [STDERR_REDIRECT] [Fatal Error] :1:1: Premature end of file.
2026-08-23 23:08:12,341 [ERROR] LogOutputStream:75 - [STDERR_REDIRECT] 
2026-08-23 23:08:13,353 [ERROR] LogOutputStream:75 - [STDERR_REDIRECT] [Fatal Error] :1:1: Premature end of file.
2026-08-23 23:08:13,353 [ERROR] LogOutputStream:75 - [STDERR_REDIRECT] 
2026-08-23 23:08:14,348 [ERROR] LogOutputStream:75 - [STDERR_REDIRECT] [Fatal Error] :1:1: Premature end of file.
2026-08-23 23:08:14,349 [ERROR] LogOutputStream:75 - [STDERR_REDIRECT] 
2026-08-23 23:08:15,350 [ERROR] LogOutputStream:75 - [STDERR_REDIRECT] [Fatal Error] :1:1: Premature end of file.
2026-08-23 23:08:15,350 [ERROR] LogOutputStream:75 - [STDERR_REDIRECT] 
2026-08-23 23:08:16,341 [ERROR] LogOutputStream:75 - [STDERR_REDIRECT] [Fatal Error] :1:1: Premature end of file.
2026-08-23 23:08:16,342 [ERROR] LogOutputStream:75 - [STDERR_REDIRECT] 
2026-08-23 23:08:17,346 [ERROR] LogOutputStream:75 - [STDERR_REDIRECT] [Fatal Error] :1:1: Premature end of file.
2026-08-23 23:08:17,346 [ERROR] LogOutputStream:75 - [STDERR_REDIRECT] 
2026-08-23 23:08:18,352 [ERROR] LogOutputStream:75 - [STDERR_REDIRECT] [Fatal Error] :1:1: Premature end of file.
2026-08-23 23:08:18,353 [ERROR] LogOutputStream:75 - [STDERR_REDIRECT] 
2026-08-23 23:08:19,344 [ERROR] LogOutputStream:75 - [STDERR_REDIRECT] [Fatal Error] :1:1: Premature end of file.
2026-08-23 23:08:19,344 [ERROR] LogOutputStream:75 - [STDERR_REDIRECT] 
2026-08-23 23:08:20,342 [ERROR] LogOutputStream:75 - [STDERR_REDIRECT] [Fatal Error] :1:1: Premature end of file.
2026-08-23 23:08:20,342 [ERROR] LogOutputStream:75 - [STDERR_REDIRECT] 
2026-08-23 23:08:21,332 [ERROR] LogOutputStream:75 - [STDERR_REDIRECT] [Fatal Error] :1:1: Premature end of file.
2026-08-23 23:08:21,332 [ERROR] LogOutputStream:75 - [STDERR_REDIRECT] 
2026-08-23 23:08:22,370 [ERROR] LogOutputStream:75 - [STDERR_REDIRECT] [Fatal Error] :1:1: Premature end of file.
2026-08-23 23:08:22,370 [ERROR] LogOutputStream:75 - [STDERR_REDIRECT] 
2026-08-23 23:08:23,338 [ERROR] LogOutputStream:75 - [STDERR_REDIRECT] [Fatal Error] :1:1: Premature end of file.
2026-08-23 23:08:23,338 [ERROR] LogOutputStream:75 - [STDERR_REDIRECT] 
2026-08-23 23:08:24,338 [ERROR] LogOutputStream:75 - [STDERR_REDIRECT] [Fatal Error] :1:1: Premature end of file.
2026-08-23 23:08:24,338 [ERROR] LogOutputStream:75 - [STDERR_REDIRECT] 
2026-08-23 23:08:25,340 [ERROR] LogOutputStream:75 - [STDERR_REDIRECT] [Fatal Error] :1:1: Premature end of file.
2026-08-23 23:08:25,340 [ERROR] LogOutputStream:75 - [STDERR_REDIRECT] 
2026-08-23 23:08:26,340 [ERROR] LogOutputStream:75 - [STDERR_REDIRECT] [Fatal Error] :1:1: Premature end of file.
2026-08-23 23:08:26,340 [ERROR] LogOutputStream:75 - [STDERR_REDIRECT] 
2026-08-23 23:08:27,334 [ERROR] LogOutputStream:75 - [STDERR_REDIRECT] [Fatal Error] :1:1: Premature end of file.
2026-08-23 23:08:27,334 [ERROR] LogOutputStream:75 - [STDERR_REDIRECT] 
2026-08-23 23:08:28,338 [ERROR] LogOutputStream:75 - [STDERR_REDIRECT] [Fatal Error] :1:1: Premature end of file.
2026-08-23 23:08:28,338 [ERROR] LogOutputStream:75 - [STDERR_REDIRECT] 
2026-08-23 23:08:29,336 [ERROR] LogOutputStream:75 - [STDERR_REDIRECT] [Fatal Error] :1:1: Premature end of file.
2026-08-23 23:08:29,336 [ERROR] LogOutputStream:75 - [STDERR_REDIRECT] 
2026-08-23 23:08:30,339 [ERROR] LogOutputStream:75 - [STDERR_REDIRECT] [Fatal Error] :1:1: Premature end of file.
2026-08-23 23:08:30,339 [ERROR] LogOutputStream:75 - [STDERR_REDIRECT] 
2026-08-23 23:08:31,338 [ERROR] LogOutputStream:75 - [STDERR_REDIRECT] [Fatal Error] :1:1: Premature end of file.
2026-08-23 23:08:31,338 [ERROR] LogOutputStream:75 - [STDERR_REDIRECT] 
2026-08-23 23:08:32,338 [ERROR] LogOutputStream:75 - [STDERR_REDIRECT] [Fatal Error] :1:1: Premature end of file.
2026-08-23 23:08:32,338 [ERROR] LogOutputStream:75 - [STDERR_REDIRECT] 
2026-08-23 23:08:33,350 [ERROR] LogOutputStream:75 - [STDERR_REDIRECT] [Fatal Error] :1:1: Premature end of file.
2026-08-23 23:08:33,350 [ERROR] LogOutputStream:75 - [STDERR_REDIRECT] 
2026-08-23 23:08:34,341 [ERROR] LogOutputStream:75 - [STDERR_REDIRECT] [Fatal Error] :1:1: Premature end of file.
2026-08-23 23:08:34,341 [ERROR] LogOutputStream:75 - [STDERR_REDIRECT] 
2026-08-23 23:08:35,348 [ERROR] LogOutputStream:75 - [STDERR_REDIRECT] [Fatal Error] :1:1: Premature end of file.
2026-08-23 23:08:35,348 [ERROR] LogOutputStream:75 - [STDERR_REDIRECT] 
2026-08-23 23:08:36,351 [ERROR] LogOutputStream:75 - [STDERR_REDIRECT] [Fatal Error] :1:1: Premature end of file.
2026-08-23 23:08:36,352 [ERROR] LogOutputStream:75 - [STDERR_REDIRECT] 
2026-08-23 23:08:37,348 [ERROR] LogOutputStream:75 - [STDERR_REDIRECT] [Fatal Error] :1:1: Premature end of file.
2026-08-23 23:08:37,348 [ERROR] LogOutputStream:75 - [STDERR_REDIRECT] 
2026-08-23 23:08:38,344 [ERROR] LogOutputStream:75 - [STDERR_REDIRECT] [Fatal Error] :1:1: Premature end of file.
2026-08-23 23:08:38,344 [ERROR] LogOutputStream:75 - [STDERR_REDIRECT] 
2026-08-23 23:08:39,340 [ERROR] LogOutputStream:75 - [STDERR_REDIRECT] [Fatal Error] :1:1: Premature end of file.
2026-08-23 23:08:39,341 [ERROR] LogOutputStream:75 - [STDERR_REDIRECT] 
2026-08-23 23:08:40,338 [ERROR] LogOutputStream:75 - [STDERR_REDIRECT] [Fatal Error] :1:1: Premature end of file.
2026-08-23 23:08:40,338 [ERROR] LogOutputStream:75 - [STDERR_REDIRECT] 
2026-08-23 23:08:41,345 [ERROR] LogOutputStream:75 - [STDERR_REDIRECT] [Fatal Error] :1:1: Premature end of file.
2026-08-23 23:08:41,345 [ERROR] LogOutputStream:75 - [STDERR_REDIRECT] 
2026-08-23 23:08:42,338 [ERROR] LogOutputStream:75 - [STDERR_REDIRECT] [Fatal Error] :1:1: Premature end of file.
2026-08-23 23:08:42,338 [ERROR] LogOutputStream:75 - [STDERR_REDIRECT] 
2026-08-23 23:08:43,347 [ERROR] LogOutputStream:75 - [STDERR_REDIRECT] [Fatal Error] :1:1: Premature end of file.
2026-08-23 23:08:43,347 [ERROR] LogOutputStream:75 - [STDERR_REDIRECT] 
2026-08-23 23:08:44,343 [ERROR] LogOutputStream:75 - [STDERR_REDIRECT] [Fatal Error] :1:1: Premature end of file.
2026-08-23 23:08:44,343 [ERROR] LogOutputStream:75 - [STDERR_REDIRECT] 
2026-08-23 23:08:45,342 [ERROR] LogOutputStream:75 - [STDERR_REDIRECT] [Fatal Error] :1:1: Premature end of file.
2026-08-23 23:08:45,342 [ERROR] LogOutputStream:75 - [STDERR_REDIRECT] 
2026-08-23 23:08:46,342 [ERROR] LogOutputStream:75 - [STDERR_REDIRECT] [Fatal Error] :1:1: Premature end of file.
2026-08-23 23:08:46,342 [ERROR] LogOutputStream:75 - [STDERR_REDIRECT] 
2026-08-23 23:08:47,340 [ERROR] LogOutputStream:75 - [STDERR_REDIRECT] [Fatal Error] :1:1: Premature end of file.
2026-08-23 23:08:47,340 [ERROR] LogOutputStream:75 - [STDERR_REDIRECT] 
2026-08-23 23:08:48,338 [ERROR] LogOutputStream:75 - [STDERR_REDIRECT] [Fatal Error] :1:1: Premature end of file.
2026-08-23 23:08:48,338 [ERROR] LogOutputStream:75 - [STDERR_REDIRECT] 
2026-08-23 23:08:49,339 [ERROR] LogOutputStream:75 - [STDERR_REDIRECT] [Fatal Error] :1:1: Premature end of file.
2026-08-23 23:08:49,340 [ERROR] LogOutputStream:75 - [STDERR_REDIRECT] 
2026-08-23 23:08:50,337 [ERROR] LogOutputStream:75 - [STDERR_REDIRECT] [Fatal Error] :1:1: Premature end of file.
2026-08-23 23:08:50,337 [ERROR] LogOutputStream:75 - [STDERR_REDIRECT] 
2026-08-23 23:08:51,338 [ERROR] LogOutputStream:75 - [STDERR_REDIRECT] [Fatal Error] :1:1: Premature end of file.
2026-08-23 23:08:51,338 [ERROR] LogOutputStream:75 - [STDERR_REDIRECT] 
2026-08-23 23:08:52,349 [ERROR] LogOutputStream:75 - [STDERR_REDIRECT] [Fatal Error] :1:1: Premature end of file.
2026-08-23 23:08:52,349 [ERROR] LogOutputStream:75 - [STDERR_REDIRECT] 
2026-08-23 23:08:53,344 [ERROR] LogOutputStream:75 - [STDERR_REDIRECT] [Fatal Error] :1:1: Premature end of file.
2026-08-23 23:08:53,344 [ERROR] LogOutputStream:75 - [STDERR_REDIRECT] 
2026-08-23 23:08:54,351 [ERROR] LogOutputStream:75 - [STDERR_REDIRECT] [Fatal Error] :1:1: Premature end of file.
2026-08-23 23:08:54,351 [ERROR] LogOutputStream:75 - [STDERR_REDIRECT] 
2026-08-23 23:08:55,352 [ERROR] LogOutputStream:75 - [STDERR_REDIRECT] [Fatal Error] :1:1: Premature end of file.
2026-08-23 23:08:55,352 [ERROR] LogOutputStream:75 - [STDERR_REDIRECT] 
2026-08-23 23:08:56,345 [ERROR] LogOutputStream:75 - [STDERR_REDIRECT] [Fatal Error] :1:1: Premature end of file.
2026-08-23 23:08:56,345 [ERROR] LogOutputStream:75 - [STDERR_REDIRECT] 
2026-08-23 23:08:57,349 [ERROR] LogOutputStream:75 - [STDERR_REDIRECT] [Fatal Error] :1:1: Premature end of file.
2026-08-23 23:08:57,349 [ERROR] LogOutputStream:75 - [STDERR_REDIRECT] 
2026-08-23 23:08:58,345 [ERROR] LogOutputStream:75 - [STDERR_REDIRECT] [Fatal Error] :1:1: Premature end of file.
2026-08-23 23:08:58,345 [ERROR] LogOutputStream:75 - [STDERR_REDIRECT] 
2026-08-23 23:08:59,345 [ERROR] LogOutputStream:75 - [STDERR_REDIRECT] [Fatal Error] :1:1: Premature end of file.
2026-08-23 23:08:59,345 [ERROR] LogOutputStream:75 - [STDERR_REDIRECT] 
2026-08-23 23:09:00,341 [ERROR] LogOutputStream:75 - [STDERR_REDIRECT] [Fatal Error] :1:1: Premature end of file.
2026-08-23 23:09:00,341 [ERROR] LogOutputStream:75 - [STDERR_REDIRECT] 
2026-08-23 23:09:01,342 [ERROR] LogOutputStream:75 - [STDERR_REDIRECT] [Fatal Error] :1:1: Premature end of file.
2026-08-23 23:09:01,342 [ERROR] LogOutputStream:75 - [STDERR_REDIRECT] 
2026-08-23 23:09:02,339 [ERROR] LogOutputStream:75 - [STDERR_REDIRECT] [Fatal Error] :1:1: Premature end of file.
2026-08-23 23:09:02,339 [ERROR] LogOutputStream:75 - [STDERR_REDIRECT] 
2026-08-23 23:09:03,339 [ERROR] LogOutputStream:75 - [STDERR_REDIRECT] [Fatal Error] :1:1: Premature end of file.
2026-08-23 23:09:03,339 [ERROR] LogOutputStream:75 - [STDERR_REDIRECT] 
2026-08-23 23:09:04,328 [ERROR] LogOutputStream:75 - [STDERR_REDIRECT] [Fatal Error] :1:1: Premature end of file.
2026-08-23 23:09:04,328 [ERROR] LogOutputStream:75 - [STDERR_REDIRECT] 
2026-08-23 23:09:05,341 [ERROR] LogOutputStream:75 - [STDERR_REDIRECT] [Fatal Error] :1:1: Premature end of file.
2026-08-23 23:09:05,348 [ERROR] LogOutputStream:75 - [STDERR_REDIRECT] 
2026-08-23 23:09:06,340 [ERROR] LogOutputStream:75 - [STDERR_REDIRECT] [Fatal Error] :1:1: Premature end of file.
2026-08-23 23:09:06,340 [ERROR] LogOutputStream:75 - [STDERR_REDIRECT] 
2026-08-23 23:09:07,327 [ERROR] LogOutputStream:75 - [STDERR_REDIRECT] [Fatal Error] :1:1: Premature end of file.
2026-08-23 23:09:07,343 [ERROR] LogOutputStream:75 - [STDERR_REDIRECT] 
2026-08-23 23:09:08,335 [ERROR] LogOutputStream:75 - [STDERR_REDIRECT] [Fatal Error] :1:1: Premature end of file.
2026-08-23 23:09:08,335 [ERROR] LogOutputStream:75 - [STDERR_REDIRECT] 
2026-08-23 23:09:09,342 [ERROR] LogOutputStream:75 - [STDERR_REDIRECT] [Fatal Error] :1:1: Premature end of file.
2026-08-23 23:09:09,342 [ERROR] LogOutputStream:75 - [STDERR_REDIRECT] 
2026-08-23 23:09:10,343 [ERROR] LogOutputStream:75 - [STDERR_REDIRECT] [Fatal Error] :1:1: Premature end of file.
2026-08-23 23:09:10,343 [ERROR] LogOutputStream:75 - [STDERR_REDIRECT] 
2026-08-23 23:09:11,338 [ERROR] LogOutputStream:75 - [STDERR_REDIRECT] [Fatal Error] :1:1: Premature end of file.
2026-08-23 23:09:11,338 [ERROR] LogOutputStream:75 - [STDERR_REDIRECT] 
2026-08-23 23:09:12,341 [ERROR] LogOutputStream:75 - [STDERR_REDIRECT] [Fatal Error] :1:1: Premature end of file.
2026-08-23 23:09:12,341 [ERROR] LogOutputStream:75 - [STDERR_REDIRECT] 
2026-08-23 23:09:13,345 [ERROR] LogOutputStream:75 - [STDERR_REDIRECT] [Fatal Error] :1:1: Premature end of file.
2026-08-23 23:09:13,345 [ERROR] LogOutputStream:75 - [STDERR_REDIRECT] 
2026-08-23 23:09:14,349 [ERROR] LogOutputStream:75 - [STDERR_REDIRECT] [Fatal Error] :1:1: Premature end of file.
2026-08-23 23:09:14,349 [ERROR] LogOutputStream:75 - [STDERR_REDIRECT] 
2026-08-23 23:09:15,351 [ERROR] LogOutputStream:75 - [STDERR_REDIRECT] [Fatal Error] :1:1: Premature end of file.
2026-08-23 23:09:15,351 [ERROR] LogOutputStream:75 - [STDERR_REDIRECT] 
2026-08-23 23:09:16,347 [ERROR] LogOutputStream:75 - [STDERR_REDIRECT] [Fatal Error] :1:1: Premature end of file.
2026-08-23 23:09:16,347 [ERROR] LogOutputStream:75 - [STDERR_REDIRECT] 
2026-08-23 23:09:17,346 [ERROR] LogOutputStream:75 - [STDERR_REDIRECT] [Fatal Error] :1:1: Premature end of file.
2026-08-23 23:09:17,346 [ERROR] LogOutputStream:75 - [STDERR_REDIRECT] 
2026-08-23 23:09:18,345 [ERROR] LogOutputStream:75 - [STDERR_REDIRECT] [Fatal Error] :1:1: Premature end of file.
2026-08-23 23:09:18,345 [ERROR] LogOutputStream:75 - [STDERR_REDIRECT] 
2026-08-23 23:09:19,334 [ERROR] LogOutputStream:75 - [STDERR_REDIRECT] [Fatal Error] :1:1: Premature end of file.
2026-08-23 23:09:19,335 [ERROR] LogOutputStream:75 - [STDERR_REDIRECT] 
2026-08-23 23:09:20,335 [ERROR] LogOutputStream:75 - [STDERR_REDIRECT] [Fatal Error] :1:1: Premature end of file.
2026-08-23 23:09:20,335 [ERROR] LogOutputStream:75 - [STDERR_REDIRECT] 
2026-08-23 23:09:21,340 [ERROR] LogOutputStream:75 - [STDERR_REDIRECT] [Fatal Error] :1:1: Premature end of file.
2026-08-23 23:09:21,342 [ERROR] LogOutputStream:75 - [STDERR_REDIRECT] 
2026-08-23 23:09:22,347 [ERROR] LogOutputStream:75 - [STDERR_REDIRECT] [Fatal Error] :1:1: Premature end of file.
2026-08-23 23:09:22,347 [ERROR] LogOutputStream:75 - [STDERR_REDIRECT] 
2026-08-23 23:09:23,343 [ERROR] LogOutputStream:75 - [STDERR_REDIRECT] [Fatal Error] :1:1: Premature end of file.
2026-08-23 23:09:23,343 [ERROR] LogOutputStream:75 - [STDERR_REDIRECT] 
2026-08-23 23:09:24,336 [ERROR] LogOutputStream:75 - [STDERR_REDIRECT] [Fatal Error] :1:1: Premature end of file.
2026-08-23 23:09:24,336 [ERROR] LogOutputStream:75 - [STDERR_REDIRECT] 
2026-08-23 23:09:25,331 [ERROR] LogOutputStream:75 - [STDERR_REDIRECT] [Fatal Error] :1:1: Premature end of file.
2026-08-23 23:09:25,331 [ERROR] LogOutputStream:75 - [STDERR_REDIRECT] 
2026-08-23 23:09:26,327 [ERROR] LogOutputStream:75 - [STDERR_REDIRECT] [Fatal Error] :1:1: Premature end of file.
2026-08-23 23:09:26,327 [ERROR] LogOutputStream:75 - [STDERR_REDIRECT] 
2026-08-23 23:09:27,337 [ERROR] LogOutputStream:75 - [STDERR_REDIRECT] [Fatal Error] :1:1: Premature end of file.
2026-08-23 23:09:27,337 [ERROR] LogOutputStream:75 - [STDERR_REDIRECT] 
2026-08-23 23:09:28,333 [ERROR] LogOutputStream:75 - [STDERR_REDIRECT] [Fatal Error] :1:1: Premature end of file.
2026-08-23 23:09:28,333 [ERROR] LogOutputStream:75 - [STDERR_REDIRECT] 
2026-08-23 23:09:29,328 [ERROR] LogOutputStream:75 - [STDERR_REDIRECT] [Fatal Error] :1:1: Premature end of file.
2026-08-23 23:09:29,328 [ERROR] LogOutputStream:75 - [STDERR_REDIRECT] 
2026-08-23 23:09:30,344 [ERROR] LogOutputStream:75 - [STDERR_REDIRECT] [Fatal Error] :1:1: Premature end of file.
2026-08-23 23:09:30,344 [ERROR] LogOutputStream:75 - [STDERR_REDIRECT] 
2026-08-23 23:09:31,349 [ERROR] LogOutputStream:75 - [STDERR_REDIRECT] [Fatal Error] :1:1: Premature end of file.
2026-08-23 23:09:31,349 [ERROR] LogOutputStream:75 - [STDERR_REDIRECT] 
2026-08-23 23:09:32,351 [ERROR] LogOutputStream:75 - [STDERR_REDIRECT] [Fatal Error] :1:1: Premature end of file.
2026-08-23 23:09:32,351 [ERROR] LogOutputStream:75 - [STDERR_REDIRECT] 
2026-08-23 23:09:33,341 [ERROR] LogOutputStream:75 - [STDERR_REDIRECT] [Fatal Error] :1:1: Premature end of file.
2026-08-23 23:09:33,341 [ERROR] LogOutputStream:75 - [STDERR_REDIRECT] 
2026-08-23 23:09:34,357 [ERROR] LogOutputStream:75 - [STDERR_REDIRECT] [Fatal Error] :1:1: Premature end of file.
2026-08-23 23:09:34,357 [ERROR] LogOutputStream:75 - [STDERR_REDIRECT] 
2026-08-23 23:09:35,338 [ERROR] LogOutputStream:75 - [STDERR_REDIRECT] [Fatal Error] :1:1: Premature end of file.
2026-08-23 23:09:35,338 [ERROR] LogOutputStream:75 - [STDERR_REDIRECT] 
2026-08-23 23:09:36,345 [ERROR] LogOutputStream:75 - [STDERR_REDIRECT] [Fatal Error] :1:1: Premature end of file.
2026-08-23 23:09:36,345 [ERROR] LogOutputStream:75 - [STDERR_REDIRECT] 
2026-08-23 23:09:37,335 [ERROR] LogOutputStream:75 - [STDERR_REDIRECT] [Fatal Error] :1:1: Premature end of file.
2026-08-23 23:09:37,335 [ERROR] LogOutputStream:75 - [STDERR_REDIRECT] 
2026-08-23 23:09:38,344 [ERROR] LogOutputStream:75 - [STDERR_REDIRECT] [Fatal Error] :1:1: Premature end of file.
2026-08-23 23:09:38,344 [ERROR] LogOutputStream:75 - [STDERR_REDIRECT] 
2026-08-23 23:09:39,328 [ERROR] LogOutputStream:75 - [STDERR_REDIRECT] [Fatal Error] :1:1: Premature end of file.
2026-08-23 23:09:39,328 [ERROR] LogOutputStream:75 - [STDERR_REDIRECT] 
2026-08-23 23:09:40,331 [ERROR] LogOutputStream:75 - [STDERR_REDIRECT] [Fatal Error] :1:1: Premature end of file.
2026-08-23 23:09:40,331 [ERROR] LogOutputStream:75 - [STDERR_REDIRECT] 
2026-08-23 23:09:41,343 [ERROR] LogOutputStream:75 - [STDERR_REDIRECT] [Fatal Error] :1:1: Premature end of file.
2026-08-23 23:09:41,344 [ERROR] LogOutputStream:75 - [STDERR_REDIRECT] 
2026-08-23 23:09:42,350 [ERROR] LogOutputStream:75 - [STDERR_REDIRECT] [Fatal Error] :1:1: Premature end of file.
2026-08-23 23:09:42,350 [ERROR] LogOutputStream:75 - [STDERR_REDIRECT] 
2026-08-23 23:09:43,333 [ERROR] LogOutputStream:75 - [STDERR_REDIRECT] [Fatal Error] :1:1: Premature end of file.
2026-08-23 23:09:43,346 [ERROR] LogOutputStream:75 - [STDERR_REDIRECT] 
2026-08-23 23:09:44,331 [ERROR] LogOutputStream:75 - [STDERR_REDIRECT] [Fatal Error] :1:1: Premature end of file.
2026-08-23 23:09:44,337 [ERROR] LogOutputStream:75 - [STDERR_REDIRECT] 
2026-08-23 23:09:45,341 [ERROR] LogOutputStream:75 - [STDERR_REDIRECT] [Fatal Error] :1:1: Premature end of file.
2026-08-23 23:09:45,343 [ERROR] LogOutputStream:75 - [STDERR_REDIRECT] 
2026-08-23 23:09:46,333 [ERROR] LogOutputStream:75 - [STDERR_REDIRECT] [Fatal Error] :1:1: Premature end of file.
2026-08-23 23:09:46,333 [ERROR] LogOutputStream:75 - [STDERR_REDIRECT] 
2026-08-23 23:09:47,341 [ERROR] LogOutputStream:75 - [STDERR_REDIRECT] [Fatal Error] :1:1: Premature end of file.
2026-08-23 23:09:47,341 [ERROR] LogOutputStream:75 - [STDERR_REDIRECT] 
2026-08-23 23:09:48,335 [ERROR] LogOutputStream:75 - [STDERR_REDIRECT] [Fatal Error] :1:1: Premature end of file.
2026-08-23 23:09:48,335 [ERROR] LogOutputStream:75 - [STDERR_REDIRECT] 
2026-08-23 23:09:49,340 [ERROR] LogOutputStream:75 - [STDERR_REDIRECT] [Fatal Error] :1:1: Premature end of file.
2026-08-23 23:09:49,340 [ERROR] LogOutputStream:75 - [STDERR_REDIRECT] 
2026-08-23 23:09:50,350 [ERROR] LogOutputStream:75 - [STDERR_REDIRECT] [Fatal Error] :1:1: Premature end of file.
2026-08-23 23:09:50,350 [ERROR] LogOutputStream:75 - [STDERR_REDIRECT] 
2026-08-23 23:09:51,348 [ERROR] LogOutputStream:75 - [STDERR_REDIRECT] [Fatal Error] :1:1: Premature end of file.
2026-08-23 23:09:51,348 [ERROR] LogOutputStream:75 - [STDERR_REDIRECT] 
2026-08-23 23:09:52,335 [ERROR] LogOutputStream:75 - [STDERR_REDIRECT] [Fatal Error] :1:1: Premature end of file.
2026-08-23 23:09:52,335 [ERROR] LogOutputStream:75 - [STDERR_REDIRECT] 
2026-08-23 23:09:53,332 [ERROR] LogOutputStream:75 - [STDERR_REDIRECT] [Fatal Error] :1:1: Premature end of file.
2026-08-23 23:09:53,332 [ERROR] LogOutputStream:75 - [STDERR_REDIRECT] 
2026-08-23 23:09:54,336 [ERROR] LogOutputStream:75 - [STDERR_REDIRECT] [Fatal Error] :1:1: Premature end of file.
2026-08-23 23:09:54,336 [ERROR] LogOutputStream:75 - [STDERR_REDIRECT] 
2026-08-23 23:09:55,336 [ERROR] LogOutputStream:75 - [STDERR_REDIRECT] [Fatal Error] :1:1: Premature end of file.
2026-08-23 23:09:55,336 [ERROR] LogOutputStream:75 - [STDERR_REDIRECT] 
2026-08-23 23:09:56,341 [ERROR] LogOutputStream:75 - [STDERR_REDIRECT] [Fatal Error] :1:1: Premature end of file.
2026-08-23 23:09:56,341 [ERROR] LogOutputStream:75 - [STDERR_REDIRECT] 
2026-08-23 23:09:57,351 [ERROR] LogOutputStream:75 - [STDERR_REDIRECT] [Fatal Error] :1:1: Premature end of file.
2026-08-23 23:09:57,351 [ERROR] LogOutputStream:75 - [STDERR_REDIRECT] 
2026-08-23 23:09:58,349 [ERROR] LogOutputStream:75 - [STDERR_REDIRECT] [Fatal Error] :1:1: Premature end of file.
2026-08-23 23:09:58,349 [ERROR] LogOutputStream:75 - [STDERR_REDIRECT] 
2026-08-23 23:09:59,340 [ERROR] LogOutputStream:75 - [STDERR_REDIRECT] [Fatal Error] :1:1: Premature end of file.
2026-08-23 23:09:59,340 [ERROR] LogOutputStream:75 - [STDERR_REDIRECT] 
2026-08-23 23:10:00,339 [ERROR] LogOutputStream:75 - [STDERR_REDIRECT] [Fatal Error] :1:1: Premature end of file.
2026-08-23 23:10:00,339 [ERROR] LogOutputStream:75 - [STDERR_REDIRECT] 
2026-08-23 23:10:01,333 [ERROR] LogOutputStream:75 - [STDERR_REDIRECT] [Fatal Error] :1:1: Premature end of file.
2026-08-23 23:10:01,333 [ERROR] LogOutputStream:75 - [STDERR_REDIRECT] 
2026-08-23 23:10:02,327 [ERROR] LogOutputStream:75 - [STDERR_REDIRECT] [Fatal Error] :1:1: Premature end of file.
2026-08-23 23:10:02,327 [ERROR] LogOutputStream:75 - [STDERR_REDIRECT] 
2026-08-23 23:10:03,332 [ERROR] LogOutputStream:75 - [STDERR_REDIRECT] [Fatal Error] :1:1: Premature end of file.
2026-08-23 23:10:03,332 [ERROR] LogOutputStream:75 - [STDERR_REDIRECT] 
2026-08-23 23:10:04,334 [ERROR] LogOutputStream:75 - [STDERR_REDIRECT] [Fatal Error] :1:1: Premature end of file.
2026-08-23 23:10:04,334 [ERROR] LogOutputStream:75 - [STDERR_REDIRECT] 
2026-08-23 23:10:05,352 [ERROR] LogOutputStream:75 - [STDERR_REDIRECT] [Fatal Error] :1:1: Premature end of file.
2026-08-23 23:10:05,352 [ERROR] LogOutputStream:75 - [STDERR_REDIRECT] 
2026-08-23 23:10:06,340 [ERROR] LogOutputStream:75 - [STDERR_REDIRECT] [Fatal Error] :1:1: Premature end of file.
2026-08-23 23:10:06,340 [ERROR] LogOutputStream:75 - [STDERR_REDIRECT] 
2026-08-23 23:10:07,335 [ERROR] LogOutputStream:75 - [STDERR_REDIRECT] [Fatal Error] :1:1: Premature end of file.
2026-08-23 23:10:07,335 [ERROR] LogOutputStream:75 - [STDERR_REDIRECT] 
2026-08-23 23:10:08,331 [ERROR] LogOutputStream:75 - [STDERR_REDIRECT] [Fatal Error] :1:1: Premature end of file.
2026-08-23 23:10:08,331 [ERROR] LogOutputStream:75 - [STDERR_REDIRECT] 
2026-08-23 23:10:09,338 [ERROR] LogOutputStream:75 - [STDERR_REDIRECT] [Fatal Error] :1:1: Premature end of file.
2026-08-23 23:10:09,338 [ERROR] LogOutputStream:75 - [STDERR_REDIRECT] 
2026-08-23 23:10:10,337 [ERROR] LogOutputStream:75 - [STDERR_REDIRECT] [Fatal Error] :1:1: Premature end of file.
2026-08-23 23:10:10,337 [ERROR] LogOutputStream:75 - [STDERR_REDIRECT] 
2026-08-23 23:10:11,351 [ERROR] LogOutputStream:75 - [STDERR_REDIRECT] [Fatal Error] :1:1: Premature end of file.
2026-08-23 23:10:11,352 [ERROR] LogOutputStream:75 - [STDERR_REDIRECT] 
2026-08-23 23:10:12,342 [ERROR] LogOutputStream:75 - [STDERR_REDIRECT] [Fatal Error] :1:1: Premature end of file.
2026-08-23 23:10:12,342 [ERROR] LogOutputStream:75 - [STDERR_REDIRECT] 
2026-08-23 23:10:13,352 [ERROR] LogOutputStream:75 - [STDERR_REDIRECT] [Fatal Error] :1:1: Premature end of file.
2026-08-23 23:10:13,352 [ERROR] LogOutputStream:75 - [STDERR_REDIRECT] 
2026-08-23 23:10:14,353 [ERROR] LogOutputStream:75 - [STDERR_REDIRECT] [Fatal Error] :1:1: Premature end of file.
2026-08-23 23:10:14,353 [ERROR] LogOutputStream:75 - [STDERR_REDIRECT] 
2026-08-23 23:10:15,346 [ERROR] LogOutputStream:75 - [STDERR_REDIRECT] [Fatal Error] :1:1: Premature end of file.
2026-08-23 23:10:15,347 [ERROR] LogOutputStream:75 - [STDERR_REDIRECT] 
2026-08-23 23:10:16,344 [ERROR] LogOutputStream:75 - [STDERR_REDIRECT] [Fatal Error] :1:1: Premature end of file.
2026-08-23 23:10:16,344 [ERROR] LogOutputStream:75 - [STDERR_REDIRECT] 
2026-08-23 23:10:17,343 [ERROR] LogOutputStream:75 - [STDERR_REDIRECT] [Fatal Error] :1:1: Premature end of file.
2026-08-23 23:10:17,343 [ERROR] LogOutputStream:75 - [STDERR_REDIRECT] 
2026-08-23 23:10:18,333 [ERROR] LogOutputStream:75 - [STDERR_REDIRECT] [Fatal Error] :1:1: Premature end of file.
2026-08-23 23:10:18,333 [ERROR] LogOutputStream:75 - [STDERR_REDIRECT] 
2026-08-23 23:10:19,357 [ERROR] LogOutputStream:75 - [STDERR_REDIRECT] [Fatal Error] :1:1: Premature end of file.
2026-08-23 23:10:19,357 [ERROR] LogOutputStream:75 - [STDERR_REDIRECT] 
2026-08-23 23:10:20,343 [ERROR] LogOutputStream:75 - [STDERR_REDIRECT] [Fatal Error] :1:1: Premature end of file.
2026-08-23 23:10:20,343 [ERROR] LogOutputStream:75 - [STDERR_REDIRECT] 
2026-08-23 23:10:21,333 [ERROR] LogOutputStream:75 - [STDERR_REDIRECT] [Fatal Error] :1:1: Premature end of file.
2026-08-23 23:10:21,333 [ERROR] LogOutputStream:75 - [STDERR_REDIRECT] 
2026-08-23 23:10:22,330 [ERROR] LogOutputStream:75 - [STDERR_REDIRECT] [Fatal Error] :1:1: Premature end of file.
2026-08-23 23:10:22,330 [ERROR] LogOutputStream:75 - [STDERR_REDIRECT] 
2026-08-23 23:10:23,346 [ERROR] LogOutputStream:75 - [STDERR_REDIRECT] [Fatal Error] :1:1: Premature end of file.
2026-08-23 23:10:23,346 [ERROR] LogOutputStream:75 - [STDERR_REDIRECT] 
2026-08-23 23:10:24,347 [ERROR] LogOutputStream:75 - [STDERR_REDIRECT] [Fatal Error] :1:1: Premature end of file.
2026-08-23 23:10:24,347 [ERROR] LogOutputStream:75 - [STDERR_REDIRECT] 
2026-08-23 23:10:25,346 [ERROR] LogOutputStream:75 - [STDERR_REDIRECT] [Fatal Error] :1:1: Premature end of file.
2026-08-23 23:10:25,346 [ERROR] LogOutputStream:75 - [STDERR_REDIRECT] 
2026-08-23 23:10:26,335 [ERROR] LogOutputStream:75 - [STDERR_REDIRECT] [Fatal Error] :1:1: Premature end of file.
2026-08-23 23:10:26,335 [ERROR] LogOutputStream:75 - [STDERR_REDIRECT] 
2026-08-23 23:10:27,343 [ERROR] LogOutputStream:75 - [STDERR_REDIRECT] [Fatal Error] :1:1: Premature end of file.
2026-08-23 23:10:27,343 [ERROR] LogOutputStream:75 - [STDERR_REDIRECT] 
2026-08-23 23:10:28,342 [ERROR] LogOutputStream:75 - [STDERR_REDIRECT] [Fatal Error] :1:1: Premature end of file.
2026-08-23 23:10:28,342 [ERROR] LogOutputStream:75 - [STDERR_REDIRECT] 
2026-08-23 23:10:29,327 [ERROR] LogOutputStream:75 - [STDERR_REDIRECT] [Fatal Error] :1:1: Premature end of file.
2026-08-23 23:10:29,327 [ERROR] LogOutputStream:75 - [STDERR_REDIRECT] 
2026-08-23 23:10:30,354 [ERROR] LogOutputStream:75 - [STDERR_REDIRECT] [Fatal Error] :1:1: Premature end of file.
2026-08-23 23:10:30,354 [ERROR] LogOutputStream:75 - [STDERR_REDIRECT] 
2026-08-23 23:10:31,341 [ERROR] LogOutputStream:75 - [STDERR_REDIRECT] [Fatal Error] :1:1: Premature end of file.
2026-08-23 23:10:31,341 [ERROR] LogOutputStream:75 - [STDERR_REDIRECT] 
2026-08-23 23:10:32,343 [ERROR] LogOutputStream:75 - [STDERR_REDIRECT] [Fatal Error] :1:1: Premature end of file.
2026-08-23 23:10:32,352 [ERROR] LogOutputStream:75 - [STDERR_REDIRECT] 
2026-08-23 23:10:33,347 [ERROR] LogOutputStream:75 - [STDERR_REDIRECT] [Fatal Error] :1:1: Premature end of file.
2026-08-23 23:10:33,347 [ERROR] LogOutputStream:75 - [STDERR_REDIRECT] 
2026-08-23 23:10:34,348 [ERROR] LogOutputStream:75 - [STDERR_REDIRECT] [Fatal Error] :1:1: Premature end of file.
2026-08-23 23:10:34,348 [ERROR] LogOutputStream:75 - [STDERR_REDIRECT] 
2026-08-23 23:10:35,348 [ERROR] LogOutputStream:75 - [STDERR_REDIRECT] [Fatal Error] :1:1: Premature end of file.
2026-08-23 23:10:35,348 [ERROR] LogOutputStream:75 - [STDERR_REDIRECT] 
2026-08-23 23:10:36,341 [ERROR] LogOutputStream:75 - [STDERR_REDIRECT] [Fatal Error] :1:1: Premature end of file.
2026-08-23 23:10:36,347 [ERROR] LogOutputStream:75 - [STDERR_REDIRECT] 
2026-08-23 23:10:37,352 [ERROR] LogOutputStream:75 - [STDERR_REDIRECT] [Fatal Error] :1:1: Premature end of file.
2026-08-23 23:10:37,352 [ERROR] LogOutputStream:75 - [STDERR_REDIRECT] 
2026-08-23 23:10:38,352 [ERROR] LogOutputStream:75 - [STDERR_REDIRECT] [Fatal Error] :1:1: Premature end of file.
2026-08-23 23:10:38,352 [ERROR] LogOutputStream:75 - [STDERR_REDIRECT] 
2026-08-23 23:10:39,346 [ERROR] LogOutputStream:75 - [STDERR_REDIRECT] [Fatal Error] :1:1: Premature end of file.
2026-08-23 23:10:39,348 [ERROR] LogOutputStream:75 - [STDERR_REDIRECT] 
2026-08-23 23:10:40,333 [ERROR] LogOutputStream:75 - [STDERR_REDIRECT] [Fatal Error] :1:1: Premature end of file.
2026-08-23 23:10:40,333 [ERROR] LogOutputStream:75 - [STDERR_REDIRECT] 
2026-08-23 23:10:41,348 [ERROR] LogOutputStream:75 - [STDERR_REDIRECT] [Fatal Error] :1:1: Premature end of file.
2026-08-23 23:10:41,348 [ERROR] LogOutputStream:75 - [STDERR_REDIRECT] 
2026-08-23 23:10:42,330 [ERROR] LogOutputStream:75 - [STDERR_REDIRECT] [Fatal Error] :1:1: Premature end of file.
2026-08-23 23:10:42,330 [ERROR] LogOutputStream:75 - [STDERR_REDIRECT] 
2026-08-23 23:10:43,331 [ERROR] LogOutputStream:75 - [STDERR_REDIRECT] [Fatal Error] :1:1: Premature end of file.
2026-08-23 23:10:43,331 [ERROR] LogOutputStream:75 - [STDERR_REDIRECT] 
2026-08-23 23:10:44,330 [ERROR] LogOutputStream:75 - [STDERR_REDIRECT] [Fatal Error] :1:1: Premature end of file.
2026-08-23 23:10:44,330 [ERROR] LogOutputStream:75 - [STDERR_REDIRECT] 
2026-08-23 23:10:45,346 [ERROR] LogOutputStream:75 - [STDERR_REDIRECT] [Fatal Error] :1:1: Premature end of file.
2026-08-23 23:10:45,346 [ERROR] LogOutputStream:75 - [STDERR_REDIRECT] 
2026-08-23 23:10:46,343 [ERROR] LogOutputStream:75 - [STDERR_REDIRECT] [Fatal Error] :1:1: Premature end of file.
2026-08-23 23:10:46,345 [ERROR] LogOutputStream:75 - [STDERR_REDIRECT] 
2026-08-23 23:10:47,327 [ERROR] LogOutputStream:75 - [STDERR_REDIRECT] [Fatal Error] :1:1: Premature end of file.
2026-08-23 23:10:47,327 [ERROR] LogOutputStream:75 - [STDERR_REDIRECT] 
2026-08-23 23:10:48,338 [ERROR] LogOutputStream:75 - [STDERR_REDIRECT] [Fatal Error] :1:1: Premature end of file.
2026-08-23 23:10:48,338 [ERROR] LogOutputStream:75 - [STDERR_REDIRECT] 
2026-08-23 23:10:49,327 [ERROR] LogOutputStream:75 - [STDERR_REDIRECT] [Fatal Error] :1:1: Premature end of file.
2026-08-23 23:10:49,327 [ERROR] LogOutputStream:75 - [STDERR_REDIRECT] 
2026-08-23 23:10:50,355 [ERROR] LogOutputStream:75 - [STDERR_REDIRECT] [Fatal Error] :1:1: Premature end of file.
2026-08-23 23:10:50,355 [ERROR] LogOutputStream:75 - [STDERR_REDIRECT] 
2026-08-23 23:10:51,340 [ERROR] LogOutputStream:75 - [STDERR_REDIRECT] [Fatal Error] :1:1: Premature end of file.
2026-08-23 23:10:51,340 [ERROR] LogOutputStream:75 - [STDERR_REDIRECT] 
2026-08-23 23:10:52,357 [ERROR] LogOutputStream:75 - [STDERR_REDIRECT] [Fatal Error] :1:1: Premature end of file.
2026-08-23 23:10:52,357 [ERROR] LogOutputStream:75 - [STDERR_REDIRECT] 
2026-08-23 23:10:53,355 [ERROR] LogOutputStream:75 - [STDERR_REDIRECT] [Fatal Error] :1:1: Premature end of file.
2026-08-23 23:10:53,355 [ERROR] LogOutputStream:75 - [STDERR_REDIRECT] 
2026-08-23 23:10:54,339 [ERROR] LogOutputStream:75 - [STDERR_REDIRECT] [Fatal Error] :1:1: Premature end of file.
2026-08-23 23:10:54,339 [ERROR] LogOutputStream:75 - [STDERR_REDIRECT] 
2026-08-23 23:10:55,338 [ERROR] LogOutputStream:75 - [STDERR_REDIRECT] [Fatal Error] :1:1: Premature end of file.
2026-08-23 23:10:55,338 [ERROR] LogOutputStream:75 - [STDERR_REDIRECT] 
2026-08-23 23:10:56,353 [ERROR] LogOutputStream:75 - [STDERR_REDIRECT] [Fatal Error] :1:1: Premature end of file.
2026-08-23 23:10:56,353 [ERROR] LogOutputStream:75 - [STDERR_REDIRECT] 
2026-08-23 23:10:57,353 [ERROR] LogOutputStream:75 - [STDERR_REDIRECT] [Fatal Error] :1:1: Premature end of file.
2026-08-23 23:10:57,353 [ERROR] LogOutputStream:75 - [STDERR_REDIRECT] 
2026-08-23 23:10:58,335 [ERROR] LogOutputStream:75 - [STDERR_REDIRECT] [Fatal Error] :1:1: Premature end of file.
2026-08-23 23:10:58,335 [ERROR] LogOutputStream:75 - [STDERR_REDIRECT] 
2026-08-23 23:10:59,334 [ERROR] LogOutputStream:75 - [STDERR_REDIRECT] [Fatal Error] :1:1: Premature end of file.
2026-08-23 23:10:59,334 [ERROR] LogOutputStream:75 - [STDERR_REDIRECT] 
2026-08-23 23:11:00,334 [ERROR] LogOutputStream:75 - [STDERR_REDIRECT] [Fatal Error] :1:1: Premature end of file.
2026-08-23 23:11:00,334 [ERROR] LogOutputStream:75 - [STDERR_REDIRECT] 
2026-08-23 23:11:01,333 [ERROR] LogOutputStream:75 - [STDERR_REDIRECT] [Fatal Error] :1:1: Premature end of file.
2026-08-23 23:11:01,333 [ERROR] LogOutputStream:75 - [STDERR_REDIRECT] 
2026-08-23 23:11:02,332 [ERROR] LogOutputStream:75 - [STDERR_REDIRECT] [Fatal Error] :1:1: Premature end of file.
2026-08-23 23:11:02,332 [ERROR] LogOutputStream:75 - [STDERR_REDIRECT] 
2026-08-23 23:11:03,338 [ERROR] LogOutputStream:75 - [STDERR_REDIRECT] [Fatal Error] :1:1: Premature end of file.
2026-08-23 23:11:03,346 [ERROR] LogOutputStream:75 - [STDERR_REDIRECT] 
2026-08-23 23:11:04,335 [ERROR] LogOutputStream:75 - [STDERR_REDIRECT] [Fatal Error] :1:1: Premature end of file.
2026-08-23 23:11:04,346 [ERROR] LogOutputStream:75 - [STDERR_REDIRECT] 
2026-08-23 23:11:05,341 [ERROR] LogOutputStream:75 - [STDERR_REDIRECT] [Fatal Error] :1:1: Premature end of file.
2026-08-23 23:11:05,341 [ERROR] LogOutputStream:75 - [STDERR_REDIRECT] 
2026-08-23 23:11:06,344 [ERROR] LogOutputStream:75 - [STDERR_REDIRECT] [Fatal Error] :1:1: Premature end of file.
2026-08-23 23:11:06,344 [ERROR] LogOutputStream:75 - [STDERR_REDIRECT] 
2026-08-23 23:11:07,345 [ERROR] LogOutputStream:75 - [STDERR_REDIRECT] [Fatal Error] :1:1: Premature end of file.
2026-08-23 23:11:07,345 [ERROR] LogOutputStream:75 - [STDERR_REDIRECT] 
2026-08-23 23:11:08,328 [ERROR] LogOutputStream:75 - [STDERR_REDIRECT] [Fatal Error] :1:1: Premature end of file.
2026-08-23 23:11:08,328 [ERROR] LogOutputStream:75 - [STDERR_REDIRECT] 
2026-08-23 23:11:09,327 [ERROR] LogOutputStream:75 - [STDERR_REDIRECT] [Fatal Error] :1:1: Premature end of file.
2026-08-23 23:11:09,327 [ERROR] LogOutputStream:75 - [STDERR_REDIRECT] 
2026-08-23 23:11:10,337 [ERROR] LogOutputStream:75 - [STDERR_REDIRECT] [Fatal Error] :1:1: Premature end of file.
2026-08-23 23:11:10,337 [ERROR] LogOutputStream:75 - [STDERR_REDIRECT] 
2026-08-23 23:11:11,361 [ERROR] LogOutputStream:75 - [STDERR_REDIRECT] [Fatal Error] :1:1: Premature end of file.
2026-08-23 23:11:11,361 [ERROR] LogOutputStream:75 - [STDERR_REDIRECT] 
2026-08-23 23:11:12,344 [ERROR] LogOutputStream:75 - [STDERR_REDIRECT] [Fatal Error] :1:1: Premature end of file.
2026-08-23 23:11:12,344 [ERROR] LogOutputStream:75 - [STDERR_REDIRECT] 
2026-08-23 23:11:13,345 [ERROR] LogOutputStream:75 - [STDERR_REDIRECT] [Fatal Error] :1:1: Premature end of file.
2026-08-23 23:11:13,345 [ERROR] LogOutputStream:75 - [STDERR_REDIRECT] 
2026-08-23 23:11:14,347 [ERROR] LogOutputStream:75 - [STDERR_REDIRECT] [Fatal Error] :1:1: Premature end of file.
2026-08-23 23:11:14,347 [ERROR] LogOutputStream:75 - [STDERR_REDIRECT] 
2026-08-23 23:11:15,340 [ERROR] LogOutputStream:75 - [STDERR_REDIRECT] [Fatal Error] :1:1: Premature end of file.
2026-08-23 23:11:15,342 [ERROR] LogOutputStream:75 - [STDERR_REDIRECT] 
2026-08-23 23:11:16,337 [ERROR] LogOutputStream:75 - [STDERR_REDIRECT] [Fatal Error] :1:1: Premature end of file.
2026-08-23 23:11:16,337 [ERROR] LogOutputStream:75 - [STDERR_REDIRECT] 
2026-08-23 23:11:17,347 [ERROR] LogOutputStream:75 - [STDERR_REDIRECT] [Fatal Error] :1:1: Premature end of file.
2026-08-23 23:11:17,347 [ERROR] LogOutputStream:75 - [STDERR_REDIRECT] 
2026-08-23 23:11:18,336 [ERROR] LogOutputStream:75 - [STDERR_REDIRECT] [Fatal Error] :1:1: Premature end of file.
2026-08-23 23:11:18,336 [ERROR] LogOutputStream:75 - [STDERR_REDIRECT] 
2026-08-23 23:11:19,344 [ERROR] LogOutputStream:75 - [STDERR_REDIRECT] [Fatal Error] :1:1: Premature end of file.
2026-08-23 23:11:19,344 [ERROR] LogOutputStream:75 - [STDERR_REDIRECT] 
2026-08-23 23:11:20,334 [ERROR] LogOutputStream:75 - [STDERR_REDIRECT] [Fatal Error] :1:1: Premature end of file.
2026-08-23 23:11:20,334 [ERROR] LogOutputStream:75 - [STDERR_REDIRECT] 
2026-08-23 23:11:21,344 [ERROR] LogOutputStream:75 - [STDERR_REDIRECT] [Fatal Error] :1:1: Premature end of file.
2026-08-23 23:11:21,344 [ERROR] LogOutputStream:75 - [STDERR_REDIRECT] 
2026-08-23 23:11:22,341 [ERROR] LogOutputStream:75 - [STDERR_REDIRECT] [Fatal Error] :1:1: Premature end of file.
2026-08-23 23:11:22,341 [ERROR] LogOutputStream:75 - [STDERR_REDIRECT] 
2026-08-23 23:11:23,331 [ERROR] LogOutputStream:75 - [STDERR_REDIRECT] [Fatal Error] :1:1: Premature end of file.
2026-08-23 23:11:23,331 [ERROR] LogOutputStream:75 - [STDERR_REDIRECT] 
2026-08-23 23:11:24,328 [ERROR] LogOutputStream:75 - [STDERR_REDIRECT] [Fatal Error] :1:1: Premature end of file.
2026-08-23 23:11:24,328 [ERROR] LogOutputStream:75 - [STDERR_REDIRECT] 
2026-08-23 23:11:25,337 [ERROR] LogOutputStream:75 - [STDERR_REDIRECT] [Fatal Error] :1:1: Premature end of file.
2026-08-23 23:11:25,337 [ERROR] LogOutputStream:75 - [STDERR_REDIRECT] 
2026-08-23 23:11:26,334 [ERROR] LogOutputStream:75 - [STDERR_REDIRECT] [Fatal Error] :1:1: Premature end of file.
2026-08-23 23:11:26,334 [ERROR] LogOutputStream:75 - [STDERR_REDIRECT] 
2026-08-23 23:11:27,350 [ERROR] LogOutputStream:75 - [STDERR_REDIRECT] [Fatal Error] :1:1: Premature end of file.
2026-08-23 23:11:27,350 [ERROR] LogOutputStream:75 - [STDERR_REDIRECT] 
2026-08-23 23:11:28,338 [ERROR] LogOutputStream:75 - [STDERR_REDIRECT] [Fatal Error] :1:1: Premature end of file.
2026-08-23 23:11:28,340 [ERROR] LogOutputStream:75 - [STDERR_REDIRECT] 
2026-08-23 23:11:29,329 [ERROR] LogOutputStream:75 - [STDERR_REDIRECT] [Fatal Error] :1:1: Premature end of file.
2026-08-23 23:11:29,329 [ERROR] LogOutputStream:75 - [STDERR_REDIRECT] 
2026-08-23 23:11:30,334 [ERROR] LogOutputStream:75 - [STDERR_REDIRECT] [Fatal Error] :1:1: Premature end of file.
2026-08-23 23:11:30,339 [ERROR] LogOutputStream:75 - [STDERR_REDIRECT] 
2026-08-23 23:11:31,339 [ERROR] LogOutputStream:75 - [STDERR_REDIRECT] [Fatal Error] :1:1: Premature end of file.
2026-08-23 23:11:31,339 [ERROR] LogOutputStream:75 - [STDERR_REDIRECT] 
2026-08-23 23:11:32,341 [ERROR] LogOutputStream:75 - [STDERR_REDIRECT] [Fatal Error] :1:1: Premature end of file.
2026-08-23 23:11:32,341 [ERROR] LogOutputStream:75 - [STDERR_REDIRECT] 
2026-08-23 23:11:33,336 [ERROR] LogOutputStream:75 - [STDERR_REDIRECT] [Fatal Error] :1:1: Premature end of file.
2026-08-23 23:11:33,336 [ERROR] LogOutputStream:75 - [STDERR_REDIRECT] 
2026-08-23 23:11:34,339 [ERROR] LogOutputStream:75 - [STDERR_REDIRECT] [Fatal Error] :1:1: Premature end of file.
2026-08-23 23:11:34,339 [ERROR] LogOutputStream:75 - [STDERR_REDIRECT] 
2026-08-23 23:11:35,348 [ERROR] LogOutputStream:75 - [STDERR_REDIRECT] [Fatal Error] :1:1: Premature end of file.
2026-08-23 23:11:35,348 [ERROR] LogOutputStream:75 - [STDERR_REDIRECT] 
2026-08-23 23:11:36,337 [ERROR] LogOutputStream:75 - [STDERR_REDIRECT] [Fatal Error] :1:1: Premature end of file.
2026-08-23 23:11:36,337 [ERROR] LogOutputStream:75 - [STDERR_REDIRECT] 
2026-08-23 23:11:37,335 [ERROR] LogOutputStream:75 - [STDERR_REDIRECT] [Fatal Error] :1:1: Premature end of file.
2026-08-23 23:11:37,335 [ERROR] LogOutputStream:75 - [STDERR_REDIRECT] 
2026-08-23 23:11:38,348 [ERROR] LogOutputStream:75 - [STDERR_REDIRECT] [Fatal Error] :1:1: Premature end of file.
2026-08-23 23:11:38,348 [ERROR] LogOutputStream:75 - [STDERR_REDIRECT] 
2026-08-23 23:11:39,336 [ERROR] LogOutputStream:75 - [STDERR_REDIRECT] [Fatal Error] :1:1: Premature end of file.
2026-08-23 23:11:39,336 [ERROR] LogOutputStream:75 - [STDERR_REDIRECT] 
2026-08-23 23:11:40,341 [ERROR] LogOutputStream:75 - [STDERR_REDIRECT] [Fatal Error] :1:1: Premature end of file.
2026-08-23 23:11:40,341 [ERROR] LogOutputStream:75 - [STDERR_REDIRECT] 
2026-08-23 23:11:41,335 [ERROR] LogOutputStream:75 - [STDERR_REDIRECT] [Fatal Error] :1:1: Premature end of file.
2026-08-23 23:11:41,350 [ERROR] LogOutputStream:75 - [STDERR_REDIRECT] 
2026-08-23 23:11:42,348 [ERROR] LogOutputStream:75 - [STDERR_REDIRECT] [Fatal Error] :1:1: Premature end of file.
2026-08-23 23:11:42,349 [ERROR] LogOutputStream:75 - [STDERR_REDIRECT] 
2026-08-23 23:11:43,348 [ERROR] LogOutputStream:75 - [STDERR_REDIRECT] [Fatal Error] :1:1: Premature end of file.
2026-08-23 23:11:43,348 [ERROR] LogOutputStream:75 - [STDERR_REDIRECT] 
2026-08-23 23:11:44,346 [ERROR] LogOutputStream:75 - [STDERR_REDIRECT] [Fatal Error] :1:1: Premature end of file.
2026-08-23 23:11:44,347 [ERROR] LogOutputStream:75 - [STDERR_REDIRECT] 
2026-08-23 23:11:45,343 [ERROR] LogOutputStream:75 - [STDERR_REDIRECT] [Fatal Error] :1:1: Premature end of file.
2026-08-23 23:11:45,343 [ERROR] LogOutputStream:75 - [STDERR_REDIRECT] 
2026-08-23 23:11:46,332 [ERROR] LogOutputStream:75 - [STDERR_REDIRECT] [Fatal Error] :1:1: Premature end of file.
2026-08-23 23:11:46,332 [ERROR] LogOutputStream:75 - [STDERR_REDIRECT] 
2026-08-23 23:11:47,337 [ERROR] LogOutputStream:75 - [STDERR_REDIRECT] [Fatal Error] :1:1: Premature end of file.
2026-08-23 23:11:47,337 [ERROR] LogOutputStream:75 - [STDERR_REDIRECT] 
2026-08-23 23:11:48,341 [ERROR] LogOutputStream:75 - [STDERR_REDIRECT] [Fatal Error] :1:1: Premature end of file.
2026-08-23 23:11:48,341 [ERROR] LogOutputStream:75 - [STDERR_REDIRECT] 
2026-08-23 23:11:49,343 [ERROR] LogOutputStream:75 - [STDERR_REDIRECT] [Fatal Error] :1:1: Premature end of file.
2026-08-23 23:11:49,343 [ERROR] LogOutputStream:75 - [STDERR_REDIRECT] 
2026-08-23 23:11:50,343 [ERROR] LogOutputStream:75 - [STDERR_REDIRECT] [Fatal Error] :1:1: Premature end of file.
2026-08-23 23:11:50,343 [ERROR] LogOutputStream:75 - [STDERR_REDIRECT] 
2026-08-23 23:11:51,341 [ERROR] LogOutputStream:75 - [STDERR_REDIRECT] [Fatal Error] :1:1: Premature end of file.
2026-08-23 23:11:51,341 [ERROR] LogOutputStream:75 - [STDERR_REDIRECT] 
2026-08-23 23:11:52,327 [ERROR] LogOutputStream:75 - [STDERR_REDIRECT] [Fatal Error] :1:1: Premature end of file.
2026-08-23 23:11:52,327 [ERROR] LogOutputStream:75 - [STDERR_REDIRECT] 
2026-08-23 23:11:53,329 [ERROR] LogOutputStream:75 - [STDERR_REDIRECT] [Fatal Error] :1:1: Premature end of file.
2026-08-23 23:11:53,329 [ERROR] LogOutputStream:75 - [STDERR_REDIRECT] 
2026-08-23 23:11:54,340 [ERROR] LogOutputStream:75 - [STDERR_REDIRECT] [Fatal Error] :1:1: Premature end of file.
2026-08-23 23:11:54,340 [ERROR] LogOutputStream:75 - [STDERR_REDIRECT] 
2026-08-23 23:11:55,351 [ERROR] LogOutputStream:75 - [STDERR_REDIRECT] [Fatal Error] :1:1: Premature end of file.
2026-08-23 23:11:55,351 [ERROR] LogOutputStream:75 - [STDERR_REDIRECT] 
2026-08-23 23:11:56,351 [ERROR] LogOutputStream:75 - [STDERR_REDIRECT] [Fatal Error] :1:1: Premature end of file.
2026-08-23 23:11:56,351 [ERROR] LogOutputStream:75 - [STDERR_REDIRECT] 
2026-08-23 23:11:57,331 [ERROR] LogOutputStream:75 - [STDERR_REDIRECT] [Fatal Error] :1:1: Premature end of file.
2026-08-23 23:11:57,331 [ERROR] LogOutputStream:75 - [STDERR_REDIRECT] 
2026-08-23 23:11:58,344 [ERROR] LogOutputStream:75 - [STDERR_REDIRECT] [Fatal Error] :1:1: Premature end of file.
2026-08-23 23:11:58,344 [ERROR] LogOutputStream:75 - [STDERR_REDIRECT] 
2026-08-23 23:11:59,357 [ERROR] LogOutputStream:75 - [STDERR_REDIRECT] [Fatal Error] :1:1: Premature end of file.
2026-08-23 23:11:59,357 [ERROR] LogOutputStream:75 - [STDERR_REDIRECT] 
2026-08-23 23:12:00,349 [ERROR] LogOutputStream:75 - [STDERR_REDIRECT] [Fatal Error] :1:1: Premature end of file.
2026-08-23 23:12:00,349 [ERROR] LogOutputStream:75 - [STDERR_REDIRECT] 
2026-08-23 23:12:01,345 [ERROR] LogOutputStream:75 - [STDERR_REDIRECT] [Fatal Error] :1:1: Premature end of file.
2026-08-23 23:12:01,345 [ERROR] LogOutputStream:75 - [STDERR_REDIRECT] 
2026-08-23 23:12:02,345 [ERROR] LogOutputStream:75 - [STDERR_REDIRECT] [Fatal Error] :1:1: Premature end of file.
2026-08-23 23:12:02,345 [ERROR] LogOutputStream:75 - [STDERR_REDIRECT] 
2026-08-23 23:12:03,334 [ERROR] LogOutputStream:75 - [STDERR_REDIRECT] [Fatal Error] :1:1: Premature end of file.
2026-08-23 23:12:03,334 [ERROR] LogOutputStream:75 - [STDERR_REDIRECT] 
2026-08-23 23:12:04,342 [ERROR] LogOutputStream:75 - [STDERR_REDIRECT] [Fatal Error] :1:1: Premature end of file.
2026-08-23 23:12:04,342 [ERROR] LogOutputStream:75 - [STDERR_REDIRECT] 
2026-08-23 23:12:05,331 [ERROR] LogOutputStream:75 - [STDERR_REDIRECT] [Fatal Error] :1:1: Premature end of file.
2026-08-23 23:12:05,331 [ERROR] LogOutputStream:75 - [STDERR_REDIRECT] 
2026-08-23 23:12:06,331 [ERROR] LogOutputStream:75 - [STDERR_REDIRECT] [Fatal Error] :1:1: Premature end of file.
2026-08-23 23:12:06,331 [ERROR] LogOutputStream:75 - [STDERR_REDIRECT] 
2026-08-23 23:12:07,330 [ERROR] LogOutputStream:75 - [STDERR_REDIRECT] [Fatal Error] :1:1: Premature end of file.
2026-08-23 23:12:07,330 [ERROR] LogOutputStream:75 - [STDERR_REDIRECT] 
2026-08-23 23:12:08,338 [ERROR] LogOutputStream:75 - [STDERR_REDIRECT] [Fatal Error] :1:1: Premature end of file.
2026-08-23 23:12:08,338 [ERROR] LogOutputStream:75 - [STDERR_REDIRECT] 
2026-08-23 23:12:09,341 [ERROR] LogOutputStream:75 - [STDERR_REDIRECT] [Fatal Error] :1:1: Premature end of file.
2026-08-23 23:12:09,341 [ERROR] LogOutputStream:75 - [STDERR_REDIRECT] 
2026-08-23 23:12:10,327 [ERROR] LogOutputStream:75 - [STDERR_REDIRECT] [Fatal Error] :1:1: Premature end of file.
2026-08-23 23:12:10,327 [ERROR] LogOutputStream:75 - [STDERR_REDIRECT] 
2026-08-23 23:12:11,339 [ERROR] LogOutputStream:75 - [STDERR_REDIRECT] [Fatal Error] :1:1: Premature end of file.
2026-08-23 23:12:11,339 [ERROR] LogOutputStream:75 - [STDERR_REDIRECT] 
2026-08-23 23:12:12,336 [ERROR] LogOutputStream:75 - [STDERR_REDIRECT] [Fatal Error] :1:1: Premature end of file.
2026-08-23 23:12:12,336 [ERROR] LogOutputStream:75 - [STDERR_REDIRECT] 
2026-08-23 23:12:13,351 [ERROR] LogOutputStream:75 - [STDERR_REDIRECT] [Fatal Error] :1:1: Premature end of file.
2026-08-23 23:12:13,351 [ERROR] LogOutputStream:75 - [STDERR_REDIRECT] 
2026-08-23 23:12:14,342 [ERROR] LogOutputStream:75 - [STDERR_REDIRECT] [Fatal Error] :1:1: Premature end of file.
2026-08-23 23:12:14,342 [ERROR] LogOutputStream:75 - [STDERR_REDIRECT] 
2026-08-23 23:12:15,339 [ERROR] LogOutputStream:75 - [STDERR_REDIRECT] [Fatal Error] :1:1: Premature end of file.
2026-08-23 23:12:15,339 [ERROR] LogOutputStream:75 - [STDERR_REDIRECT] 
2026-08-23 23:12:16,338 [ERROR] LogOutputStream:75 - [STDERR_REDIRECT] [Fatal Error] :1:1: Premature end of file.
2026-08-23 23:12:16,338 [ERROR] LogOutputStream:75 - [STDERR_REDIRECT] 
2026-08-23 23:12:17,337 [ERROR] LogOutputStream:75 - [STDERR_REDIRECT] [Fatal Error] :1:1: Premature end of file.
2026-08-23 23:12:17,337 [ERROR] LogOutputStream:75 - [STDERR_REDIRECT] 
2026-08-23 23:12:18,339 [ERROR] LogOutputStream:75 - [STDERR_REDIRECT] [Fatal Error] :1:1: Premature end of file.
2026-08-23 23:12:18,339 [ERROR] LogOutputStream:75 - [STDERR_REDIRECT] 
2026-08-23 23:12:19,346 [ERROR] LogOutputStream:75 - [STDERR_REDIRECT] [Fatal Error] :1:1: Premature end of file.
2026-08-23 23:12:19,346 [ERROR] LogOutputStream:75 - [STDERR_REDIRECT] 
2026-08-23 23:12:20,335 [ERROR] LogOutputStream:75 - [STDERR_REDIRECT] [Fatal Error] :1:1: Premature end of file.
2026-08-23 23:12:20,335 [ERROR] LogOutputStream:75 - [STDERR_REDIRECT] 
2026-08-23 23:12:21,344 [ERROR] LogOutputStream:75 - [STDERR_REDIRECT] [Fatal Error] :1:1: Premature end of file.
2026-08-23 23:12:21,344 [ERROR] LogOutputStream:75 - [STDERR_REDIRECT] 
2026-08-23 23:12:22,343 [ERROR] LogOutputStream:75 - [STDERR_REDIRECT] [Fatal Error] :1:1: Premature end of file.
2026-08-23 23:12:22,343 [ERROR] LogOutputStream:75 - [STDERR_REDIRECT] 
2026-08-23 23:12:23,342 [ERROR] LogOutputStream:75 - [STDERR_REDIRECT] [Fatal Error] :1:1: Premature end of file.
2026-08-23 23:12:23,342 [ERROR] LogOutputStream:75 - [STDERR_REDIRECT] 
2026-08-23 23:12:24,338 [ERROR] LogOutputStream:75 - [STDERR_REDIRECT] [Fatal Error] :1:1: Premature end of file.
2026-08-23 23:12:24,338 [ERROR] LogOutputStream:75 - [STDERR_REDIRECT] 
2026-08-23 23:12:25,339 [ERROR] LogOutputStream:75 - [STDERR_REDIRECT] [Fatal Error] :1:1: Premature end of file.
2026-08-23 23:12:25,339 [ERROR] LogOutputStream:75 - [STDERR_REDIRECT] 
2026-08-23 23:12:26,335 [ERROR] LogOutputStream:75 - [STDERR_REDIRECT] [Fatal Error] :1:1: Premature end of file.
2026-08-23 23:12:26,335 [ERROR] LogOutputStream:75 - [STDERR_REDIRECT] 
2026-08-23 23:12:27,331 [ERROR] LogOutputStream:75 - [STDERR_REDIRECT] [Fatal Error] :1:1: Premature end of file.
2026-08-23 23:12:27,331 [ERROR] LogOutputStream:75 - [STDERR_REDIRECT] 
2026-08-23 23:12:28,334 [ERROR] LogOutputStream:75 - [STDERR_REDIRECT] [Fatal Error] :1:1: Premature end of file.
2026-08-23 23:12:28,334 [ERROR] LogOutputStream:75 - [STDERR_REDIRECT] 
2026-08-23 23:12:29,336 [ERROR] LogOutputStream:75 - [STDERR_REDIRECT] [Fatal Error] :1:1: Premature end of file.
2026-08-23 23:12:29,336 [ERROR] LogOutputStream:75 - [STDERR_REDIRECT] 
2026-08-23 23:12:30,341 [ERROR] LogOutputStream:75 - [STDERR_REDIRECT] [Fatal Error] :1:1: Premature end of file.
2026-08-23 23:12:30,341 [ERROR] LogOutputStream:75 - [STDERR_REDIRECT] 
2026-08-23 23:12:31,347 [ERROR] LogOutputStream:75 - [STDERR_REDIRECT] [Fatal Error] :1:1: Premature end of file.
2026-08-23 23:12:31,347 [ERROR] LogOutputStream:75 - [STDERR_REDIRECT] 
2026-08-23 23:12:32,336 [ERROR] LogOutputStream:75 - [STDERR_REDIRECT] [Fatal Error] :1:1: Premature end of file.
2026-08-23 23:12:32,336 [ERROR] LogOutputStream:75 - [STDERR_REDIRECT] 
2026-08-23 23:12:33,325 [ERROR] LogOutputStream:75 - [STDERR_REDIRECT] [Fatal Error] :1:1: Premature end of file.
2026-08-23 23:12:33,325 [ERROR] LogOutputStream:75 - [STDERR_REDIRECT] 
2026-08-23 23:12:34,349 [ERROR] LogOutputStream:75 - [STDERR_REDIRECT] [Fatal Error] :1:1: Premature end of file.
2026-08-23 23:12:34,349 [ERROR] LogOutputStream:75 - [STDERR_REDIRECT] 
2026-08-23 23:12:35,336 [ERROR] LogOutputStream:75 - [STDERR_REDIRECT] [Fatal Error] :1:1: Premature end of file.
2026-08-23 23:12:35,336 [ERROR] LogOutputStream:75 - [STDERR_REDIRECT] 
2026-08-23 23:12:36,341 [ERROR] LogOutputStream:75 - [STDERR_REDIRECT] [Fatal Error] :1:1: Premature end of file.
2026-08-23 23:12:36,341 [ERROR] LogOutputStream:75 - [STDERR_REDIRECT] 
2026-08-23 23:12:37,339 [ERROR] LogOutputStream:75 - [STDERR_REDIRECT] [Fatal Error] :1:1: Premature end of file.
2026-08-23 23:12:37,339 [ERROR] LogOutputStream:75 - [STDERR_REDIRECT] 
2026-08-23 23:12:38,338 [ERROR] LogOutputStream:75 - [STDERR_REDIRECT] [Fatal Error] :1:1: Premature end of file.
2026-08-23 23:12:38,338 [ERROR] LogOutputStream:75 - [STDERR_REDIRECT] 
2026-08-23 23:12:39,337 [ERROR] LogOutputStream:75 - [STDERR_REDIRECT] [Fatal Error] :1:1: Premature end of file.
2026-08-23 23:12:39,337 [ERROR] LogOutputStream:75 - [STDERR_REDIRECT] 
2026-08-23 23:12:40,336 [ERROR] LogOutputStream:75 - [STDERR_REDIRECT] [Fatal Error] :1:1: Premature end of file.
2026-08-23 23:12:40,336 [ERROR] LogOutputStream:75 - [STDERR_REDIRECT] 
2026-08-23 23:12:41,335 [ERROR] LogOutputStream:75 - [STDERR_REDIRECT] [Fatal Error] :1:1: Premature end of file.
2026-08-23 23:12:41,335 [ERROR] LogOutputStream:75 - [STDERR_REDIRECT] 
2026-08-23 23:12:42,334 [ERROR] LogOutputStream:75 - [STDERR_REDIRECT] [Fatal Error] :1:1: Premature end of file.
2026-08-23 23:12:42,334 [ERROR] LogOutputStream:75 - [STDERR_REDIRECT] 
2026-08-23 23:12:43,334 [ERROR] LogOutputStream:75 - [STDERR_REDIRECT] [Fatal Error] :1:1: Premature end of file.
2026-08-23 23:12:43,334 [ERROR] LogOutputStream:75 - [STDERR_REDIRECT] 
2026-08-23 23:12:44,344 [ERROR] LogOutputStream:75 - [STDERR_REDIRECT] [Fatal Error] :1:1: Premature end of file.
2026-08-23 23:12:44,344 [ERROR] LogOutputStream:75 - [STDERR_REDIRECT] 
2026-08-23 23:12:45,340 [ERROR] LogOutputStream:75 - [STDERR_REDIRECT] [Fatal Error] :1:1: Premature end of file.
2026-08-23 23:12:45,340 [ERROR] LogOutputStream:75 - [STDERR_REDIRECT] 
2026-08-23 23:12:46,344 [ERROR] LogOutputStream:75 - [STDERR_REDIRECT] [Fatal Error] :1:1: Premature end of file.
2026-08-23 23:12:46,344 [ERROR] LogOutputStream:75 - [STDERR_REDIRECT] 
2026-08-23 23:12:47,343 [ERROR] LogOutputStream:75 - [STDERR_REDIRECT] [Fatal Error] :1:1: Premature end of file.
2026-08-23 23:12:47,343 [ERROR] LogOutputStream:75 - [STDERR_REDIRECT] 
2026-08-23 23:12:48,326 [ERROR] LogOutputStream:75 - [STDERR_REDIRECT] [Fatal Error] :1:1: Premature end of file.
2026-08-23 23:12:48,326 [ERROR] LogOutputStream:75 - [STDERR_REDIRECT] 
2026-08-23 23:12:49,329 [ERROR] LogOutputStream:75 - [STDERR_REDIRECT] [Fatal Error] :1:1: Premature end of file.
2026-08-23 23:12:49,339 [ERROR] LogOutputStream:75 - [STDERR_REDIRECT] 
2026-08-23 23:12:50,328 [ERROR] LogOutputStream:75 - [STDERR_REDIRECT] [Fatal Error] :1:1: Premature end of file.
2026-08-23 23:12:50,328 [ERROR] LogOutputStream:75 - [STDERR_REDIRECT] 
2026-08-23 23:12:51,339 [ERROR] LogOutputStream:75 - [STDERR_REDIRECT] [Fatal Error] :1:1: Premature end of file.
2026-08-23 23:12:51,339 [ERROR] LogOutputStream:75 - [STDERR_REDIRECT] 
2026-08-23 23:12:52,338 [ERROR] LogOutputStream:75 - [STDERR_REDIRECT] [Fatal Error] :1:1: Premature end of file.
2026-08-23 23:12:52,338 [ERROR] LogOutputStream:75 - [STDERR_REDIRECT] 
2026-08-23 23:12:53,326 [ERROR] LogOutputStream:75 - [STDERR_REDIRECT] [Fatal Error] :1:1: Premature end of file.
2026-08-23 23:12:53,326 [ERROR] LogOutputStream:75 - [STDERR_REDIRECT] 
2026-08-23 23:12:54,341 [ERROR] LogOutputStream:75 - [STDERR_REDIRECT] [Fatal Error] :1:1: Premature end of file.
2026-08-23 23:12:54,341 [ERROR] LogOutputStream:75 - [STDERR_REDIRECT] 
2026-08-23 23:12:55,356 [ERROR] LogOutputStream:75 - [STDERR_REDIRECT] [Fatal Error] :1:1: Premature end of file.
2026-08-23 23:12:55,357 [ERROR] LogOutputStream:75 - [STDERR_REDIRECT] 
2026-08-23 23:12:56,340 [ERROR] LogOutputStream:75 - [STDERR_REDIRECT] [Fatal Error] :1:1: Premature end of file.
2026-08-23 23:12:56,340 [ERROR] LogOutputStream:75 - [STDERR_REDIRECT] 
2026-08-23 23:12:57,335 [ERROR] LogOutputStream:75 - [STDERR_REDIRECT] [Fatal Error] :1:1: Premature end of file.
2026-08-23 23:12:57,335 [ERROR] LogOutputStream:75 - [STDERR_REDIRECT] 
2026-08-23 23:12:58,350 [ERROR] LogOutputStream:75 - [STDERR_REDIRECT] [Fatal Error] :1:1: Premature end of file.
2026-08-23 23:12:58,350 [ERROR] LogOutputStream:75 - [STDERR_REDIRECT] 
2026-08-23 23:12:59,351 [ERROR] LogOutputStream:75 - [STDERR_REDIRECT] [Fatal Error] :1:1: Premature end of file.
2026-08-23 23:12:59,352 [ERROR] LogOutputStream:75 - [STDERR_REDIRECT] 
2026-08-23 23:13:00,344 [ERROR] LogOutputStream:75 - [STDERR_REDIRECT] [Fatal Error] :1:1: Premature end of file.
2026-08-23 23:13:00,344 [ERROR] LogOutputStream:75 - [STDERR_REDIRECT] 
2026-08-23 23:13:01,336 [ERROR] LogOutputStream:75 - [STDERR_REDIRECT] [Fatal Error] :1:1: Premature end of file.
2026-08-23 23:13:01,336 [ERROR] LogOutputStream:75 - [STDERR_REDIRECT] 
2026-08-23 23:13:02,342 [ERROR] LogOutputStream:75 - [STDERR_REDIRECT] [Fatal Error] :1:1: Premature end of file.
2026-08-23 23:13:02,343 [ERROR] LogOutputStream:75 - [STDERR_REDIRECT] 
2026-08-23 23:13:03,344 [ERROR] LogOutputStream:75 - [STDERR_REDIRECT] [Fatal Error] :1:1: Premature end of file.
2026-08-23 23:13:03,344 [ERROR] LogOutputStream:75 - [STDERR_REDIRECT] 
2026-08-23 23:13:04,332 [ERROR] LogOutputStream:75 - [STDERR_REDIRECT] [Fatal Error] :1:1: Premature end of file.
2026-08-23 23:13:04,332 [ERROR] LogOutputStream:75 - [STDERR_REDIRECT] 
2026-08-23 23:13:05,331 [ERROR] LogOutputStream:75 - [STDERR_REDIRECT] [Fatal Error] :1:1: Premature end of file.
2026-08-23 23:13:05,331 [ERROR] LogOutputStream:75 - [STDERR_REDIRECT] 
2026-08-23 23:13:06,341 [ERROR] LogOutputStream:75 - [STDERR_REDIRECT] [Fatal Error] :1:1: Premature end of file.
2026-08-23 23:13:06,341 [ERROR] LogOutputStream:75 - [STDERR_REDIRECT] 
2026-08-23 23:13:07,329 [ERROR] LogOutputStream:75 - [STDERR_REDIRECT] [Fatal Error] :1:1: Premature end of file.
2026-08-23 23:13:07,329 [ERROR] LogOutputStream:75 - [STDERR_REDIRECT] 
2026-08-23 23:13:08,338 [ERROR] LogOutputStream:75 - [STDERR_REDIRECT] [Fatal Error] :1:1: Premature end of file.
2026-08-23 23:13:08,338 [ERROR] LogOutputStream:75 - [STDERR_REDIRECT] 
2026-08-23 23:13:09,340 [ERROR] LogOutputStream:75 - [STDERR_REDIRECT] [Fatal Error] :1:1: Premature end of file.
2026-08-23 23:13:09,340 [ERROR] LogOutputStream:75 - [STDERR_REDIRECT] 
2026-08-23 23:13:10,335 [ERROR] LogOutputStream:75 - [STDERR_REDIRECT] [Fatal Error] :1:1: Premature end of file.
2026-08-23 23:13:10,335 [ERROR] LogOutputStream:75 - [STDERR_REDIRECT] 
2026-08-23 23:13:11,339 [ERROR] LogOutputStream:75 - [STDERR_REDIRECT] [Fatal Error] :1:1: Premature end of file.
2026-08-23 23:13:11,339 [ERROR] LogOutputStream:75 - [STDERR_REDIRECT] 
2026-08-23 23:13:12,335 [ERROR] LogOutputStream:75 - [STDERR_REDIRECT] [Fatal Error] :1:1: Premature end of file.
2026-08-23 23:13:12,335 [ERROR] LogOutputStream:75 - [STDERR_REDIRECT] 
2026-08-23 23:13:13,343 [ERROR] LogOutputStream:75 - [STDERR_REDIRECT] [Fatal Error] :1:1: Premature end of file.
2026-08-23 23:13:13,343 [ERROR] LogOutputStream:75 - [STDERR_REDIRECT] 
2026-08-23 23:13:14,340 [ERROR] LogOutputStream:75 - [STDERR_REDIRECT] [Fatal Error] :1:1: Premature end of file.
2026-08-23 23:13:14,340 [ERROR] LogOutputStream:75 - [STDERR_REDIRECT] 
2026-08-23 23:13:15,335 [ERROR] LogOutputStream:75 - [STDERR_REDIRECT] [Fatal Error] :1:1: Premature end of file.
2026-08-23 23:13:15,335 [ERROR] LogOutputStream:75 - [STDERR_REDIRECT] 
2026-08-23 23:13:16,341 [ERROR] LogOutputStream:75 - [STDERR_REDIRECT] [Fatal Error] :1:1: Premature end of file.
2026-08-23 23:13:16,341 [ERROR] LogOutputStream:75 - [STDERR_REDIRECT] 
2026-08-23 23:13:17,371 [ERROR] LogOutputStream:75 - [STDERR_REDIRECT] [Fatal Error] :1:1: Premature end of file.
2026-08-23 23:13:17,372 [ERROR] LogOutputStream:75 - [STDERR_REDIRECT] 
2026-08-23 23:13:18,342 [ERROR] LogOutputStream:75 - [STDERR_REDIRECT] [Fatal Error] :1:1: Premature end of file.
2026-08-23 23:13:18,342 [ERROR] LogOutputStream:75 - [STDERR_REDIRECT] 
2026-08-23 23:13:19,341 [ERROR] LogOutputStream:75 - [STDERR_REDIRECT] [Fatal Error] :1:1: Premature end of file.
2026-08-23 23:13:19,341 [ERROR] LogOutputStream:75 - [STDERR_REDIRECT] 
2026-08-23 23:13:20,346 [ERROR] LogOutputStream:75 - [STDERR_REDIRECT] [Fatal Error] :1:1: Premature end of file.
2026-08-23 23:13:20,346 [ERROR] LogOutputStream:75 - [STDERR_REDIRECT] 
2026-08-23 23:13:21,335 [ERROR] LogOutputStream:75 - [STDERR_REDIRECT] [Fatal Error] :1:1: Premature end of file.
2026-08-23 23:13:21,335 [ERROR] LogOutputStream:75 - [STDERR_REDIRECT] 
2026-08-23 23:13:22,335 [ERROR] LogOutputStream:75 - [STDERR_REDIRECT] [Fatal Error] :1:1: Premature end of file.
2026-08-23 23:13:22,335 [ERROR] LogOutputStream:75 - [STDERR_REDIRECT] 
2026-08-23 23:13:23,343 [ERROR] LogOutputStream:75 - [STDERR_REDIRECT] [Fatal Error] :1:1: Premature end of file.
2026-08-23 23:13:23,343 [ERROR] LogOutputStream:75 - [STDERR_REDIRECT] 
2026-08-23 23:13:24,346 [ERROR] LogOutputStream:75 - [STDERR_REDIRECT] [Fatal Error] :1:1: Premature end of file.
2026-08-23 23:13:24,346 [ERROR] LogOutputStream:75 - [STDERR_REDIRECT] 
2026-08-23 23:13:25,331 [ERROR] LogOutputStream:75 - [STDERR_REDIRECT] [Fatal Error] :1:1: Premature end of file.
2026-08-23 23:13:25,331 [ERROR] LogOutputStream:75 - [STDERR_REDIRECT] 
2026-08-23 23:13:26,341 [ERROR] LogOutputStream:75 - [STDERR_REDIRECT] [Fatal Error] :1:1: Premature end of file.
2026-08-23 23:13:26,341 [ERROR] LogOutputStream:75 - [STDERR_REDIRECT] 
2026-08-23 23:13:27,336 [ERROR] LogOutputStream:75 - [STDERR_REDIRECT] [Fatal Error] :1:1: Premature end of file.
2026-08-23 23:13:27,336 [ERROR] LogOutputStream:75 - [STDERR_REDIRECT] 
2026-08-23 23:13:28,327 [ERROR] LogOutputStream:75 - [STDERR_REDIRECT] [Fatal Error] :1:1: Premature end of file.
2026-08-23 23:13:28,327 [ERROR] LogOutputStream:75 - [STDERR_REDIRECT] 
2026-08-23 23:13:29,342 [ERROR] LogOutputStream:75 - [STDERR_REDIRECT] [Fatal Error] :1:1: Premature end of file.
2026-08-23 23:13:29,342 [ERROR] LogOutputStream:75 - [STDERR_REDIRECT] 
2026-08-23 23:13:30,336 [ERROR] LogOutputStream:75 - [STDERR_REDIRECT] [Fatal Error] :1:1: Premature end of file.
2026-08-23 23:13:30,336 [ERROR] LogOutputStream:75 - [STDERR_REDIRECT] 
2026-08-23 23:13:31,356 [ERROR] LogOutputStream:75 - [STDERR_REDIRECT] [Fatal Error] :1:1: Premature end of file.
2026-08-23 23:13:31,356 [ERROR] LogOutputStream:75 - [STDERR_REDIRECT] 
2026-08-23 23:13:32,358 [ERROR] LogOutputStream:75 - [STDERR_REDIRECT] [Fatal Error] :1:1: Premature end of file.
2026-08-23 23:13:32,358 [ERROR] LogOutputStream:75 - [STDERR_REDIRECT] 
2026-08-23 23:13:33,340 [ERROR] LogOutputStream:75 - [STDERR_REDIRECT] [Fatal Error] :1:1: Premature end of file.
2026-08-23 23:13:33,340 [ERROR] LogOutputStream:75 - [STDERR_REDIRECT] 
2026-08-23 23:13:34,345 [ERROR] LogOutputStream:75 - [STDERR_REDIRECT] [Fatal Error] :1:1: Premature end of file.
2026-08-23 23:13:34,345 [ERROR] LogOutputStream:75 - [STDERR_REDIRECT] 
2026-08-23 23:13:35,352 [ERROR] LogOutputStream:75 - [STDERR_REDIRECT] [Fatal Error] :1:1: Premature end of file.
2026-08-23 23:13:35,352 [ERROR] LogOutputStream:75 - [STDERR_REDIRECT] 
2026-08-23 23:13:36,350 [ERROR] LogOutputStream:75 - [STDERR_REDIRECT] [Fatal Error] :1:1: Premature end of file.
2026-08-23 23:13:36,350 [ERROR] LogOutputStream:75 - [STDERR_REDIRECT] 
2026-08-23 23:13:37,349 [ERROR] LogOutputStream:75 - [STDERR_REDIRECT] [Fatal Error] :1:1: Premature end of file.
2026-08-23 23:13:37,349 [ERROR] LogOutputStream:75 - [STDERR_REDIRECT] 
2026-08-23 23:13:38,352 [ERROR] LogOutputStream:75 - [STDERR_REDIRECT] [Fatal Error] :1:1: Premature end of file.
2026-08-23 23:13:38,352 [ERROR] LogOutputStream:75 - [STDERR_REDIRECT] 
2026-08-23 23:13:39,339 [ERROR] LogOutputStream:75 - [STDERR_REDIRECT] [Fatal Error] :1:1: Premature end of file.
2026-08-23 23:13:39,339 [ERROR] LogOutputStream:75 - [STDERR_REDIRECT] 
2026-08-23 23:13:40,335 [ERROR] LogOutputStream:75 - [STDERR_REDIRECT] [Fatal Error] :1:1: Premature end of file.
2026-08-23 23:13:40,335 [ERROR] LogOutputStream:75 - [STDERR_REDIRECT] 
2026-08-23 23:13:41,334 [ERROR] LogOutputStream:75 - [STDERR_REDIRECT] [Fatal Error] :1:1: Premature end of file.
2026-08-23 23:13:41,334 [ERROR] LogOutputStream:75 - [STDERR_REDIRECT] 
2026-08-23 23:13:42,333 [ERROR] LogOutputStream:75 - [STDERR_REDIRECT] [Fatal Error] :1:1: Premature end of file.
2026-08-23 23:13:42,333 [ERROR] LogOutputStream:75 - [STDERR_REDIRECT] 
2026-08-23 23:13:43,332 [ERROR] LogOutputStream:75 - [STDERR_REDIRECT] [Fatal Error] :1:1: Premature end of file.
2026-08-23 23:13:43,332 [ERROR] LogOutputStream:75 - [STDERR_REDIRECT] 
2026-08-23 23:13:44,348 [ERROR] LogOutputStream:75 - [STDERR_REDIRECT] [Fatal Error] :1:1: Premature end of file.
2026-08-23 23:13:44,348 [ERROR] LogOutputStream:75 - [STDERR_REDIRECT] 
2026-08-23 23:13:45,330 [ERROR] LogOutputStream:75 - [STDERR_REDIRECT] [Fatal Error] :1:1: Premature end of file.
2026-08-23 23:13:45,330 [ERROR] LogOutputStream:75 - [STDERR_REDIRECT] 
2026-08-23 23:13:46,330 [ERROR] LogOutputStream:75 - [STDERR_REDIRECT] [Fatal Error] :1:1: Premature end of file.
2026-08-23 23:13:46,330 [ERROR] LogOutputStream:75 - [STDERR_REDIRECT] 
2026-08-23 23:13:47,329 [ERROR] LogOutputStream:75 - [STDERR_REDIRECT] [Fatal Error] :1:1: Premature end of file.
2026-08-23 23:13:47,329 [ERROR] LogOutputStream:75 - [STDERR_REDIRECT] 
2026-08-23 23:13:48,328 [ERROR] LogOutputStream:75 - [STDERR_REDIRECT] [Fatal Error] :1:1: Premature end of file.
2026-08-23 23:13:48,328 [ERROR] LogOutputStream:75 - [STDERR_REDIRECT] 
2026-08-23 23:13:49,328 [ERROR] LogOutputStream:75 - [STDERR_REDIRECT] [Fatal Error] :1:1: Premature end of file.
2026-08-23 23:13:49,343 [ERROR] LogOutputStream:75 - [STDERR_REDIRECT] 
2026-08-23 23:13:50,341 [ERROR] LogOutputStream:75 - [STDERR_REDIRECT] [Fatal Error] :1:1: Premature end of file.
2026-08-23 23:13:50,341 [ERROR] LogOutputStream:75 - [STDERR_REDIRECT] 
2026-08-23 23:13:51,342 [ERROR] LogOutputStream:75 - [STDERR_REDIRECT] [Fatal Error] :1:1: Premature end of file.
2026-08-23 23:13:51,342 [ERROR] LogOutputStream:75 - [STDERR_REDIRECT] 
2026-08-23 23:13:52,342 [ERROR] LogOutputStream:75 - [STDERR_REDIRECT] [Fatal Error] :1:1: Premature end of file.
2026-08-23 23:13:52,342 [ERROR] LogOutputStream:75 - [STDERR_REDIRECT] 
2026-08-23 23:13:53,324 [ERROR] LogOutputStream:75 - [STDERR_REDIRECT] [Fatal Error] :1:1: Premature end of file.
2026-08-23 23:13:53,324 [ERROR] LogOutputStream:75 - [STDERR_REDIRECT] 
2026-08-23 23:13:54,340 [ERROR] LogOutputStream:75 - [STDERR_REDIRECT] [Fatal Error] :1:1: Premature end of file.
2026-08-23 23:13:54,340 [ERROR] LogOutputStream:75 - [STDERR_REDIRECT] 
2026-08-23 23:13:55,338 [ERROR] LogOutputStream:75 - [STDERR_REDIRECT] [Fatal Error] :1:1: Premature end of file.
2026-08-23 23:13:55,354 [ERROR] LogOutputStream:75 - [STDERR_REDIRECT] 
2026-08-23 23:13:56,347 [ERROR] LogOutputStream:75 - [STDERR_REDIRECT] [Fatal Error] :1:1: Premature end of file.
2026-08-23 23:13:56,347 [ERROR] LogOutputStream:75 - [STDERR_REDIRECT] 
2026-08-23 23:13:57,351 [ERROR] LogOutputStream:75 - [STDERR_REDIRECT] [Fatal Error] :1:1: Premature end of file.
2026-08-23 23:13:57,351 [ERROR] LogOutputStream:75 - [STDERR_REDIRECT] 
2026-08-23 23:13:58,337 [ERROR] LogOutputStream:75 - [STDERR_REDIRECT] [Fatal Error] :1:1: Premature end of file.
2026-08-23 23:13:58,337 [ERROR] LogOutputStream:75 - [STDERR_REDIRECT] 
2026-08-23 23:13:59,351 [ERROR] LogOutputStream:75 - [STDERR_REDIRECT] [Fatal Error] :1:1: Premature end of file.
2026-08-23 23:13:59,351 [ERROR] LogOutputStream:75 - [STDERR_REDIRECT] 
2026-08-23 23:14:00,334 [ERROR] LogOutputStream:75 - [STDERR_REDIRECT] [Fatal Error] :1:1: Premature end of file.
2026-08-23 23:14:00,334 [ERROR] LogOutputStream:75 - [STDERR_REDIRECT] 
2026-08-23 23:14:01,348 [ERROR] LogOutputStream:75 - [STDERR_REDIRECT] [Fatal Error] :1:1: Premature end of file.
2026-08-23 23:14:01,348 [ERROR] LogOutputStream:75 - [STDERR_REDIRECT] 
2026-08-23 23:14:02,333 [ERROR] LogOutputStream:75 - [STDERR_REDIRECT] [Fatal Error] :1:1: Premature end of file.
2026-08-23 23:14:02,333 [ERROR] LogOutputStream:75 - [STDERR_REDIRECT] 
2026-08-23 23:14:03,350 [ERROR] LogOutputStream:75 - [STDERR_REDIRECT] [Fatal Error] :1:1: Premature end of file.
2026-08-23 23:14:03,350 [ERROR] LogOutputStream:75 - [STDERR_REDIRECT] 
2026-08-23 23:14:04,331 [ERROR] LogOutputStream:75 - [STDERR_REDIRECT] [Fatal Error] :1:1: Premature end of file.
2026-08-23 23:14:04,331 [ERROR] LogOutputStream:75 - [STDERR_REDIRECT] 
2026-08-23 23:14:05,330 [ERROR] LogOutputStream:75 - [STDERR_REDIRECT] [Fatal Error] :1:1: Premature end of file.
2026-08-23 23:14:05,330 [ERROR] LogOutputStream:75 - [STDERR_REDIRECT] 
2026-08-23 23:14:06,350 [ERROR] LogOutputStream:75 - [STDERR_REDIRECT] [Fatal Error] :1:1: Premature end of file.
2026-08-23 23:14:06,350 [ERROR] LogOutputStream:75 - [STDERR_REDIRECT] 
2026-08-23 23:14:07,329 [ERROR] LogOutputStream:75 - [STDERR_REDIRECT] [Fatal Error] :1:1: Premature end of file.
2026-08-23 23:14:07,329 [ERROR] LogOutputStream:75 - [STDERR_REDIRECT] 
2026-08-23 23:14:08,343 [ERROR] LogOutputStream:75 - [STDERR_REDIRECT] [Fatal Error] :1:1: Premature end of file.
2026-08-23 23:14:08,345 [ERROR] LogOutputStream:75 - [STDERR_REDIRECT] 
2026-08-23 23:14:09,341 [ERROR] LogOutputStream:75 - [STDERR_REDIRECT] [Fatal Error] :1:1: Premature end of file.
2026-08-23 23:14:09,341 [ERROR] LogOutputStream:75 - [STDERR_REDIRECT] 
2026-08-23 23:14:10,340 [ERROR] LogOutputStream:75 - [STDERR_REDIRECT] [Fatal Error] :1:1: Premature end of file.
2026-08-23 23:14:10,340 [ERROR] LogOutputStream:75 - [STDERR_REDIRECT] 
2026-08-23 23:14:11,341 [ERROR] LogOutputStream:75 - [STDERR_REDIRECT] [Fatal Error] :1:1: Premature end of file.
2026-08-23 23:14:11,341 [ERROR] LogOutputStream:75 - [STDERR_REDIRECT] 
2026-08-23 23:14:12,358 [ERROR] LogOutputStream:75 - [STDERR_REDIRECT] [Fatal Error] :1:1: Premature end of file.
2026-08-23 23:14:12,358 [ERROR] LogOutputStream:75 - [STDERR_REDIRECT] 
2026-08-23 23:14:13,344 [ERROR] LogOutputStream:75 - [STDERR_REDIRECT] [Fatal Error] :1:1: Premature end of file.
2026-08-23 23:14:13,344 [ERROR] LogOutputStream:75 - [STDERR_REDIRECT] 
2026-08-23 23:14:14,341 [ERROR] LogOutputStream:75 - [STDERR_REDIRECT] [Fatal Error] :1:1: Premature end of file.
2026-08-23 23:14:14,342 [ERROR] LogOutputStream:75 - [STDERR_REDIRECT] 
2026-08-23 23:14:15,356 [ERROR] LogOutputStream:75 - [STDERR_REDIRECT] [Fatal Error] :1:1: Premature end of file.
2026-08-23 23:14:15,357 [ERROR] LogOutputStream:75 - [STDERR_REDIRECT] 
2026-08-23 23:14:16,341 [ERROR] LogOutputStream:75 - [STDERR_REDIRECT] [Fatal Error] :1:1: Premature end of file.
2026-08-23 23:14:16,341 [ERROR] LogOutputStream:75 - [STDERR_REDIRECT] 
2026-08-23 23:14:17,351 [ERROR] LogOutputStream:75 - [STDERR_REDIRECT] [Fatal Error] :1:1: Premature end of file.
2026-08-23 23:14:17,351 [ERROR] LogOutputStream:75 - [STDERR_REDIRECT] 
2026-08-23 23:14:18,338 [ERROR] LogOutputStream:75 - [STDERR_REDIRECT] [Fatal Error] :1:1: Premature end of file.
2026-08-23 23:14:18,338 [ERROR] LogOutputStream:75 - [STDERR_REDIRECT] 
2026-08-23 23:14:19,349 [ERROR] LogOutputStream:75 - [STDERR_REDIRECT] [Fatal Error] :1:1: Premature end of file.
2026-08-23 23:14:19,349 [ERROR] LogOutputStream:75 - [STDERR_REDIRECT] 
2026-08-23 23:14:20,337 [ERROR] LogOutputStream:75 - [STDERR_REDIRECT] [Fatal Error] :1:1: Premature end of file.
2026-08-23 23:14:20,337 [ERROR] LogOutputStream:75 - [STDERR_REDIRECT] 
2026-08-23 23:14:21,337 [ERROR] LogOutputStream:75 - [STDERR_REDIRECT] [Fatal Error] :1:1: Premature end of file.
2026-08-23 23:14:21,337 [ERROR] LogOutputStream:75 - [STDERR_REDIRECT] 
2026-08-23 23:14:22,338 [ERROR] LogOutputStream:75 - [STDERR_REDIRECT] [Fatal Error] :1:1: Premature end of file.
2026-08-23 23:14:22,338 [ERROR] LogOutputStream:75 - [STDERR_REDIRECT] 
2026-08-23 23:14:23,334 [ERROR] LogOutputStream:75 - [STDERR_REDIRECT] [Fatal Error] :1:1: Premature end of file.
2026-08-23 23:14:23,334 [ERROR] LogOutputStream:75 - [STDERR_REDIRECT] 
2026-08-23 23:14:24,339 [ERROR] LogOutputStream:75 - [STDERR_REDIRECT] [Fatal Error] :1:1: Premature end of file.
2026-08-23 23:14:24,339 [ERROR] LogOutputStream:75 - [STDERR_REDIRECT] 
2026-08-23 23:14:25,333 [ERROR] LogOutputStream:75 - [STDERR_REDIRECT] [Fatal Error] :1:1: Premature end of file.
2026-08-23 23:14:25,333 [ERROR] LogOutputStream:75 - [STDERR_REDIRECT] 
2026-08-23 23:14:26,332 [ERROR] LogOutputStream:75 - [STDERR_REDIRECT] [Fatal Error] :1:1: Premature end of file.
2026-08-23 23:14:26,332 [ERROR] LogOutputStream:75 - [STDERR_REDIRECT] 
2026-08-23 23:14:27,348 [ERROR] LogOutputStream:75 - [STDERR_REDIRECT] [Fatal Error] :1:1: Premature end of file.
2026-08-23 23:14:27,348 [ERROR] LogOutputStream:75 - [STDERR_REDIRECT] 
2026-08-23 23:14:28,340 [ERROR] LogOutputStream:75 - [STDERR_REDIRECT] [Fatal Error] :1:1: Premature end of file.
2026-08-23 23:14:28,340 [ERROR] LogOutputStream:75 - [STDERR_REDIRECT] 
2026-08-23 23:14:29,329 [ERROR] LogOutputStream:75 - [STDERR_REDIRECT] [Fatal Error] :1:1: Premature end of file.
2026-08-23 23:14:29,329 [ERROR] LogOutputStream:75 - [STDERR_REDIRECT] 
2026-08-23 23:14:30,328 [ERROR] LogOutputStream:75 - [STDERR_REDIRECT] [Fatal Error] :1:1: Premature end of file.
2026-08-23 23:14:30,328 [ERROR] LogOutputStream:75 - [STDERR_REDIRECT] 
2026-08-23 23:14:31,328 [ERROR] LogOutputStream:75 - [STDERR_REDIRECT] [Fatal Error] :1:1: Premature end of file.
2026-08-23 23:14:31,328 [ERROR] LogOutputStream:75 - [STDERR_REDIRECT] 
2026-08-23 23:14:32,327 [ERROR] LogOutputStream:75 - [STDERR_REDIRECT] [Fatal Error] :1:1: Premature end of file.
2026-08-23 23:14:32,327 [ERROR] LogOutputStream:75 - [STDERR_REDIRECT] 
2026-08-23 23:14:33,326 [ERROR] LogOutputStream:75 - [STDERR_REDIRECT] [Fatal Error] :1:1: Premature end of file.
2026-08-23 23:14:33,326 [ERROR] LogOutputStream:75 - [STDERR_REDIRECT] 
2026-08-23 23:14:34,325 [ERROR] LogOutputStream:75 - [STDERR_REDIRECT] [Fatal Error] :1:1: Premature end of file.
2026-08-23 23:14:34,325 [ERROR] LogOutputStream:75 - [STDERR_REDIRECT] 
2026-08-23 23:14:35,341 [ERROR] LogOutputStream:75 - [STDERR_REDIRECT] [Fatal Error] :1:1: Premature end of file.
2026-08-23 23:14:35,341 [ERROR] LogOutputStream:75 - [STDERR_REDIRECT] 
2026-08-23 23:14:36,341 [ERROR] LogOutputStream:75 - [STDERR_REDIRECT] [Fatal Error] :1:1: Premature end of file.
2026-08-23 23:14:36,341 [ERROR] LogOutputStream:75 - [STDERR_REDIRECT] 
2026-08-23 23:14:37,339 [ERROR] LogOutputStream:75 - [STDERR_REDIRECT] [Fatal Error] :1:1: Premature end of file.
2026-08-23 23:14:37,339 [ERROR] LogOutputStream:75 - [STDERR_REDIRECT] 
2026-08-23 23:14:38,339 [ERROR] LogOutputStream:75 - [STDERR_REDIRECT] [Fatal Error] :1:1: Premature end of file.
2026-08-23 23:14:38,339 [ERROR] LogOutputStream:75 - [STDERR_REDIRECT] 
2026-08-23 23:14:39,345 [ERROR] LogOutputStream:75 - [STDERR_REDIRECT] [Fatal Error] :1:1: Premature end of file.
2026-08-23 23:14:39,345 [ERROR] LogOutputStream:75 - [STDERR_REDIRECT] 
2026-08-23 23:14:40,349 [ERROR] LogOutputStream:75 - [STDERR_REDIRECT] [Fatal Error] :1:1: Premature end of file.
2026-08-23 23:14:40,349 [ERROR] LogOutputStream:75 - [STDERR_REDIRECT] 
2026-08-23 23:14:41,336 [ERROR] LogOutputStream:75 - [STDERR_REDIRECT] [Fatal Error] :1:1: Premature end of file.
2026-08-23 23:14:41,336 [ERROR] LogOutputStream:75 - [STDERR_REDIRECT] 
2026-08-23 23:14:42,343 [ERROR] LogOutputStream:75 - [STDERR_REDIRECT] [Fatal Error] :1:1: Premature end of file.
2026-08-23 23:14:42,343 [ERROR] LogOutputStream:75 - [STDERR_REDIRECT] 
2026-08-23 23:14:43,343 [ERROR] LogOutputStream:75 - [STDERR_REDIRECT] [Fatal Error] :1:1: Premature end of file.
2026-08-23 23:14:43,343 [ERROR] LogOutputStream:75 - [STDERR_REDIRECT] 
2026-08-23 23:14:44,337 [ERROR] LogOutputStream:75 - [STDERR_REDIRECT] [Fatal Error] :1:1: Premature end of file.
2026-08-23 23:14:44,337 [ERROR] LogOutputStream:75 - [STDERR_REDIRECT] 
2026-08-23 23:14:45,338 [ERROR] LogOutputStream:75 - [STDERR_REDIRECT] [Fatal Error] :1:1: Premature end of file.
2026-08-23 23:14:45,338 [ERROR] LogOutputStream:75 - [STDERR_REDIRECT] 
2026-08-23 23:14:46,338 [ERROR] LogOutputStream:75 - [STDERR_REDIRECT] [Fatal Error] :1:1: Premature end of file.
2026-08-23 23:14:46,338 [ERROR] LogOutputStream:75 - [STDERR_REDIRECT] 
2026-08-23 23:14:47,341 [ERROR] LogOutputStream:75 - [STDERR_REDIRECT] [Fatal Error] :1:1: Premature end of file.
2026-08-23 23:14:47,341 [ERROR] LogOutputStream:75 - [STDERR_REDIRECT] 
2026-08-23 23:14:48,337 [ERROR] LogOutputStream:75 - [STDERR_REDIRECT] [Fatal Error] :1:1: Premature end of file.
2026-08-23 23:14:48,337 [ERROR] LogOutputStream:75 - [STDERR_REDIRECT] 
2026-08-23 23:14:49,330 [ERROR] LogOutputStream:75 - [STDERR_REDIRECT] [Fatal Error] :1:1: Premature end of file.
2026-08-23 23:14:49,330 [ERROR] LogOutputStream:75 - [STDERR_REDIRECT] 
2026-08-23 23:14:50,351 [ERROR] LogOutputStream:75 - [STDERR_REDIRECT] [Fatal Error] :1:1: Premature end of file.
2026-08-23 23:14:50,351 [ERROR] LogOutputStream:75 - [STDERR_REDIRECT] 
2026-08-23 23:14:51,328 [ERROR] LogOutputStream:75 - [STDERR_REDIRECT] [Fatal Error] :1:1: Premature end of file.
2026-08-23 23:14:51,328 [ERROR] LogOutputStream:75 - [STDERR_REDIRECT] 
2026-08-23 23:14:52,333 [ERROR] LogOutputStream:75 - [STDERR_REDIRECT] [Fatal Error] :1:1: Premature end of file.
2026-08-23 23:14:52,333 [ERROR] LogOutputStream:75 - [STDERR_REDIRECT] 
2026-08-23 23:14:53,333 [ERROR] LogOutputStream:75 - [STDERR_REDIRECT] [Fatal Error] :1:1: Premature end of file.
2026-08-23 23:14:53,333 [ERROR] LogOutputStream:75 - [STDERR_REDIRECT] 
2026-08-23 23:14:54,338 [ERROR] LogOutputStream:75 - [STDERR_REDIRECT] [Fatal Error] :1:1: Premature end of file.
2026-08-23 23:14:54,338 [ERROR] LogOutputStream:75 - [STDERR_REDIRECT] 
2026-08-23 23:14:55,339 [ERROR] LogOutputStream:75 - [STDERR_REDIRECT] [Fatal Error] :1:1: Premature end of file.
2026-08-23 23:14:55,339 [ERROR] LogOutputStream:75 - [STDERR_REDIRECT] 
2026-08-23 23:14:56,338 [ERROR] LogOutputStream:75 - [STDERR_REDIRECT] [Fatal Error] :1:1: Premature end of file.
2026-08-23 23:14:56,338 [ERROR] LogOutputStream:75 - [STDERR_REDIRECT] 
2026-08-23 23:14:57,333 [ERROR] LogOutputStream:75 - [STDERR_REDIRECT] [Fatal Error] :1:1: Premature end of file.
2026-08-23 23:14:57,333 [ERROR] LogOutputStream:75 - [STDERR_REDIRECT] 
2026-08-23 23:14:58,327 [ERROR] LogOutputStream:75 - [STDERR_REDIRECT] [Fatal Error] :1:1: Premature end of file.
2026-08-23 23:14:58,327 [ERROR] LogOutputStream:75 - [STDERR_REDIRECT] 
2026-08-23 23:14:59,335 [ERROR] LogOutputStream:75 - [STDERR_REDIRECT] [Fatal Error] :1:1: Premature end of file.
2026-08-23 23:14:59,335 [ERROR] LogOutputStream:75 - [STDERR_REDIRECT] 
2026-08-23 23:15:00,332 [ERROR] LogOutputStream:75 - [STDERR_REDIRECT] [Fatal Error] :1:1: Premature end of file.
2026-08-23 23:15:00,332 [ERROR] LogOutputStream:75 - [STDERR_REDIRECT] 
2026-08-23 23:15:01,411 [ERROR] LogOutputStream:75 - [STDERR_REDIRECT] [Fatal Error] :1:1: Premature end of file.
2026-08-23 23:15:01,411 [ERROR] LogOutputStream:75 - [STDERR_REDIRECT] 
2026-08-23 23:15:02,352 [ERROR] LogOutputStream:75 - [STDERR_REDIRECT] [Fatal Error] :1:1: Premature end of file.
2026-08-23 23:15:02,353 [ERROR] LogOutputStream:75 - [STDERR_REDIRECT] 
2026-08-23 23:15:03,340 [ERROR] LogOutputStream:75 - [STDERR_REDIRECT] [Fatal Error] :1:1: Premature end of file.
2026-08-23 23:15:03,340 [ERROR] LogOutputStream:75 - [STDERR_REDIRECT] 
2026-08-23 23:15:04,343 [ERROR] LogOutputStream:75 - [STDERR_REDIRECT] [Fatal Error] :1:1: Premature end of file.
2026-08-23 23:15:04,343 [ERROR] LogOutputStream:75 - [STDERR_REDIRECT] 
2026-08-23 23:15:05,355 [ERROR] LogOutputStream:75 - [STDERR_REDIRECT] [Fatal Error] :1:1: Premature end of file.
2026-08-23 23:15:05,355 [ERROR] LogOutputStream:75 - [STDERR_REDIRECT] 
2026-08-23 23:15:06,333 [ERROR] LogOutputStream:75 - [STDERR_REDIRECT] [Fatal Error] :1:1: Premature end of file.
2026-08-23 23:15:06,333 [ERROR] LogOutputStream:75 - [STDERR_REDIRECT] 
2026-08-23 23:15:07,348 [ERROR] LogOutputStream:75 - [STDERR_REDIRECT] [Fatal Error] :1:1: Premature end of file.
2026-08-23 23:15:07,348 [ERROR] LogOutputStream:75 - [STDERR_REDIRECT] 
2026-08-23 23:15:08,338 [ERROR] LogOutputStream:75 - [STDERR_REDIRECT] [Fatal Error] :1:1: Premature end of file.
2026-08-23 23:15:08,338 [ERROR] LogOutputStream:75 - [STDERR_REDIRECT] 
2026-08-23 23:15:09,330 [ERROR] LogOutputStream:75 - [STDERR_REDIRECT] [Fatal Error] :1:1: Premature end of file.
2026-08-23 23:15:09,330 [ERROR] LogOutputStream:75 - [STDERR_REDIRECT] 
2026-08-23 23:15:10,334 [ERROR] LogOutputStream:75 - [STDERR_REDIRECT] [Fatal Error] :1:1: Premature end of file.
2026-08-23 23:15:10,334 [ERROR] LogOutputStream:75 - [STDERR_REDIRECT] 
2026-08-23 23:15:11,330 [ERROR] LogOutputStream:75 - [STDERR_REDIRECT] [Fatal Error] :1:1: Premature end of file.
2026-08-23 23:15:11,330 [ERROR] LogOutputStream:75 - [STDERR_REDIRECT] 
2026-08-23 23:15:12,327 [ERROR] LogOutputStream:75 - [STDERR_REDIRECT] [Fatal Error] :1:1: Premature end of file.
2026-08-23 23:15:12,327 [ERROR] LogOutputStream:75 - [STDERR_REDIRECT] 
2026-08-23 23:15:13,346 [ERROR] LogOutputStream:75 - [STDERR_REDIRECT] [Fatal Error] :1:1: Premature end of file.
2026-08-23 23:15:13,347 [ERROR] LogOutputStream:75 - [STDERR_REDIRECT] 
2026-08-23 23:15:14,344 [ERROR] LogOutputStream:75 - [STDERR_REDIRECT] [Fatal Error] :1:1: Premature end of file.
2026-08-23 23:15:14,346 [ERROR] LogOutputStream:75 - [STDERR_REDIRECT] 
2026-08-23 23:15:15,329 [ERROR] LogOutputStream:75 - [STDERR_REDIRECT] [Fatal Error] :1:1: Premature end of file.
2026-08-23 23:15:15,329 [ERROR] LogOutputStream:75 - [STDERR_REDIRECT] 
2026-08-23 23:15:16,347 [ERROR] LogOutputStream:75 - [STDERR_REDIRECT] [Fatal Error] :1:1: Premature end of file.
2026-08-23 23:15:16,347 [ERROR] LogOutputStream:75 - [STDERR_REDIRECT] 
2026-08-23 23:15:17,398 [ERROR] LogOutputStream:75 - [STDERR_REDIRECT] [Fatal Error] :1:1: Premature end of file.
2026-08-23 23:15:17,398 [ERROR] LogOutputStream:75 - [STDERR_REDIRECT] 
2026-08-23 23:15:18,454 [ERROR] LogOutputStream:75 - [STDERR_REDIRECT] [Fatal Error] :1:1: Premature end of file.
2026-08-23 23:15:18,454 [ERROR] LogOutputStream:75 - [STDERR_REDIRECT] 
2026-08-23 23:15:19,350 [ERROR] LogOutputStream:75 - [STDERR_REDIRECT] [Fatal Error] :1:1: Premature end of file.
2026-08-23 23:15:19,350 [ERROR] LogOutputStream:75 - [STDERR_REDIRECT] 
2026-08-23 23:15:20,359 [ERROR] LogOutputStream:75 - [STDERR_REDIRECT] [Fatal Error] :1:1: Premature end of file.
2026-08-23 23:15:20,359 [ERROR] LogOutputStream:75 - [STDERR_REDIRECT] 
2026-08-23 23:15:21,345 [ERROR] LogOutputStream:75 - [STDERR_REDIRECT] [Fatal Error] :1:1: Premature end of file.
2026-08-23 23:15:21,347 [ERROR] LogOutputStream:75 - [STDERR_REDIRECT] 
2026-08-23 23:15:22,345 [ERROR] LogOutputStream:75 - [STDERR_REDIRECT] [Fatal Error] :1:1: Premature end of file.
2026-08-23 23:15:22,345 [ERROR] LogOutputStream:75 - [STDERR_REDIRECT] 
2026-08-23 23:15:23,335 [ERROR] LogOutputStream:75 - [STDERR_REDIRECT] [Fatal Error] :1:1: Premature end of file.
2026-08-23 23:15:23,335 [ERROR] LogOutputStream:75 - [STDERR_REDIRECT] 
2026-08-23 23:15:24,335 [ERROR] LogOutputStream:75 - [STDERR_REDIRECT] [Fatal Error] :1:1: Premature end of file.
2026-08-23 23:15:24,335 [ERROR] LogOutputStream:75 - [STDERR_REDIRECT] 
2026-08-23 23:15:25,346 [ERROR] LogOutputStream:75 - [STDERR_REDIRECT] [Fatal Error] :1:1: Premature end of file.
2026-08-23 23:15:25,346 [ERROR] LogOutputStream:75 - [STDERR_REDIRECT] 
2026-08-23 23:15:26,341 [ERROR] LogOutputStream:75 - [STDERR_REDIRECT] [Fatal Error] :1:1: Premature end of file.
2026-08-23 23:15:26,341 [ERROR] LogOutputStream:75 - [STDERR_REDIRECT] 
2026-08-23 23:15:27,347 [ERROR] LogOutputStream:75 - [STDERR_REDIRECT] [Fatal Error] :1:1: Premature end of file.
2026-08-23 23:15:27,348 [ERROR] LogOutputStream:75 - [STDERR_REDIRECT] 
2026-08-23 23:15:28,334 [ERROR] LogOutputStream:75 - [STDERR_REDIRECT] [Fatal Error] :1:1: Premature end of file.
2026-08-23 23:15:28,334 [ERROR] LogOutputStream:75 - [STDERR_REDIRECT] 
2026-08-23 23:15:29,334 [ERROR] LogOutputStream:75 - [STDERR_REDIRECT] [Fatal Error] :1:1: Premature end of file.
2026-08-23 23:15:29,334 [ERROR] LogOutputStream:75 - [STDERR_REDIRECT] 
2026-08-23 23:15:30,338 [ERROR] LogOutputStream:75 - [STDERR_REDIRECT] [Fatal Error] :1:1: Premature end of file.
2026-08-23 23:15:30,338 [ERROR] LogOutputStream:75 - [STDERR_REDIRECT] 
2026-08-23 23:15:31,328 [ERROR] LogOutputStream:75 - [STDERR_REDIRECT] [Fatal Error] :1:1: Premature end of file.
2026-08-23 23:15:31,328 [ERROR] LogOutputStream:75 - [STDERR_REDIRECT] 
2026-08-23 23:15:32,338 [ERROR] LogOutputStream:75 - [STDERR_REDIRECT] [Fatal Error] :1:1: Premature end of file.
2026-08-23 23:15:32,338 [ERROR] LogOutputStream:75 - [STDERR_REDIRECT] 
2026-08-23 23:15:33,337 [ERROR] LogOutputStream:75 - [STDERR_REDIRECT] [Fatal Error] :1:1: Premature end of file.
2026-08-23 23:15:33,337 [ERROR] LogOutputStream:75 - [STDERR_REDIRECT] 
2026-08-23 23:15:34,342 [ERROR] LogOutputStream:75 - [STDERR_REDIRECT] [Fatal Error] :1:1: Premature end of file.
2026-08-23 23:15:34,342 [ERROR] LogOutputStream:75 - [STDERR_REDIRECT] 
2026-08-23 23:15:35,338 [ERROR] LogOutputStream:75 - [STDERR_REDIRECT] [Fatal Error] :1:1: Premature end of file.
2026-08-23 23:15:35,338 [ERROR] LogOutputStream:75 - [STDERR_REDIRECT] 
2026-08-23 23:15:36,334 [ERROR] LogOutputStream:75 - [STDERR_REDIRECT] [Fatal Error] :1:1: Premature end of file.
2026-08-23 23:15:36,334 [ERROR] LogOutputStream:75 - [STDERR_REDIRECT] 
2026-08-23 23:15:37,338 [ERROR] LogOutputStream:75 - [STDERR_REDIRECT] [Fatal Error] :1:1: Premature end of file.
2026-08-23 23:15:37,338 [ERROR] LogOutputStream:75 - [STDERR_REDIRECT] 
2026-08-23 23:15:38,350 [ERROR] LogOutputStream:75 - [STDERR_REDIRECT] [Fatal Error] :1:1: Premature end of file.
2026-08-23 23:15:38,350 [ERROR] LogOutputStream:75 - [STDERR_REDIRECT] 
2026-08-23 23:15:39,345 [ERROR] LogOutputStream:75 - [STDERR_REDIRECT] [Fatal Error] :1:1: Premature end of file.
2026-08-23 23:15:39,345 [ERROR] LogOutputStream:75 - [STDERR_REDIRECT] 
2026-08-23 23:15:40,349 [ERROR] LogOutputStream:75 - [STDERR_REDIRECT] [Fatal Error] :1:1: Premature end of file.
2026-08-23 23:15:40,349 [ERROR] LogOutputStream:75 - [STDERR_REDIRECT] 
2026-08-23 23:15:41,333 [ERROR] LogOutputStream:75 - [STDERR_REDIRECT] [Fatal Error] :1:1: Premature end of file.
2026-08-23 23:15:41,333 [ERROR] LogOutputStream:75 - [STDERR_REDIRECT] 
2026-08-23 23:15:42,332 [ERROR] LogOutputStream:75 - [STDERR_REDIRECT] [Fatal Error] :1:1: Premature end of file.
2026-08-23 23:15:42,332 [ERROR] LogOutputStream:75 - [STDERR_REDIRECT] 
2026-08-23 23:15:43,346 [ERROR] LogOutputStream:75 - [STDERR_REDIRECT] [Fatal Error] :1:1: Premature end of file.
2026-08-23 23:15:43,346 [ERROR] LogOutputStream:75 - [STDERR_REDIRECT] 
2026-08-23 23:15:44,342 [ERROR] LogOutputStream:75 - [STDERR_REDIRECT] [Fatal Error] :1:1: Premature end of file.
2026-08-23 23:15:44,342 [ERROR] LogOutputStream:75 - [STDERR_REDIRECT] 
2026-08-23 23:15:45,339 [ERROR] LogOutputStream:75 - [STDERR_REDIRECT] [Fatal Error] :1:1: Premature end of file.
2026-08-23 23:15:45,339 [ERROR] LogOutputStream:75 - [STDERR_REDIRECT] 
2026-08-23 23:15:46,348 [ERROR] LogOutputStream:75 - [STDERR_REDIRECT] [Fatal Error] :1:1: Premature end of file.
2026-08-23 23:15:46,348 [ERROR] LogOutputStream:75 - [STDERR_REDIRECT] 
2026-08-23 23:15:47,346 [ERROR] LogOutputStream:75 - [STDERR_REDIRECT] [Fatal Error] :1:1: Premature end of file.
2026-08-23 23:15:47,346 [ERROR] LogOutputStream:75 - [STDERR_REDIRECT] 
2026-08-23 23:15:48,330 [ERROR] LogOutputStream:75 - [STDERR_REDIRECT] [Fatal Error] :1:1: Premature end of file.
2026-08-23 23:15:48,330 [ERROR] LogOutputStream:75 - [STDERR_REDIRECT] 
2026-08-23 23:15:49,329 [ERROR] LogOutputStream:75 - [STDERR_REDIRECT] [Fatal Error] :1:1: Premature end of file.
2026-08-23 23:15:49,329 [ERROR] LogOutputStream:75 - [STDERR_REDIRECT] 
2026-08-23 23:15:50,339 [ERROR] LogOutputStream:75 - [STDERR_REDIRECT] [Fatal Error] :1:1: Premature end of file.
2026-08-23 23:15:50,340 [ERROR] LogOutputStream:75 - [STDERR_REDIRECT] 
2026-08-23 23:15:51,327 [ERROR] LogOutputStream:75 - [STDERR_REDIRECT] [Fatal Error] :1:1: Premature end of file.
2026-08-23 23:15:51,327 [ERROR] LogOutputStream:75 - [STDERR_REDIRECT] 
2026-08-23 23:15:52,335 [ERROR] LogOutputStream:75 - [STDERR_REDIRECT] [Fatal Error] :1:1: Premature end of file.
2026-08-23 23:15:52,335 [ERROR] LogOutputStream:75 - [STDERR_REDIRECT] 
2026-08-23 23:15:53,333 [ERROR] LogOutputStream:75 - [STDERR_REDIRECT] [Fatal Error] :1:1: Premature end of file.
2026-08-23 23:15:53,333 [ERROR] LogOutputStream:75 - [STDERR_REDIRECT] 
2026-08-23 23:15:54,341 [ERROR] LogOutputStream:75 - [STDERR_REDIRECT] [Fatal Error] :1:1: Premature end of file.
2026-08-23 23:15:54,341 [ERROR] LogOutputStream:75 - [STDERR_REDIRECT] 
2026-08-23 23:15:55,348 [ERROR] LogOutputStream:75 - [STDERR_REDIRECT] [Fatal Error] :1:1: Premature end of file.
2026-08-23 23:15:55,348 [ERROR] LogOutputStream:75 - [STDERR_REDIRECT] 
2026-08-23 23:15:56,340 [ERROR] LogOutputStream:75 - [STDERR_REDIRECT] [Fatal Error] :1:1: Premature end of file.
2026-08-23 23:15:56,340 [ERROR] LogOutputStream:75 - [STDERR_REDIRECT] 
2026-08-23 23:15:57,343 [ERROR] LogOutputStream:75 - [STDERR_REDIRECT] [Fatal Error] :1:1: Premature end of file.
2026-08-23 23:15:57,343 [ERROR] LogOutputStream:75 - [STDERR_REDIRECT] 
2026-08-23 23:15:58,338 [ERROR] LogOutputStream:75 - [STDERR_REDIRECT] [Fatal Error] :1:1: Premature end of file.
2026-08-23 23:15:58,338 [ERROR] LogOutputStream:75 - [STDERR_REDIRECT] 
2026-08-23 23:15:59,346 [ERROR] LogOutputStream:75 - [STDERR_REDIRECT] [Fatal Error] :1:1: Premature end of file.
2026-08-23 23:15:59,346 [ERROR] LogOutputStream:75 - [STDERR_REDIRECT] 
2026-08-23 23:16:00,337 [ERROR] LogOutputStream:75 - [STDERR_REDIRECT] [Fatal Error] :1:1: Premature end of file.
2026-08-23 23:16:00,337 [ERROR] LogOutputStream:75 - [STDERR_REDIRECT] 
2026-08-23 23:16:01,336 [ERROR] LogOutputStream:75 - [STDERR_REDIRECT] [Fatal Error] :1:1: Premature end of file.
2026-08-23 23:16:01,336 [ERROR] LogOutputStream:75 - [STDERR_REDIRECT] 
2026-08-23 23:16:02,346 [ERROR] LogOutputStream:75 - [STDERR_REDIRECT] [Fatal Error] :1:1: Premature end of file.
2026-08-23 23:16:02,346 [ERROR] LogOutputStream:75 - [STDERR_REDIRECT] 
2026-08-23 23:16:03,334 [ERROR] LogOutputStream:75 - [STDERR_REDIRECT] [Fatal Error] :1:1: Premature end of file.
2026-08-23 23:16:03,334 [ERROR] LogOutputStream:75 - [STDERR_REDIRECT] 
2026-08-23 23:16:04,333 [ERROR] LogOutputStream:75 - [STDERR_REDIRECT] [Fatal Error] :1:1: Premature end of file.
2026-08-23 23:16:04,333 [ERROR] LogOutputStream:75 - [STDERR_REDIRECT] 
2026-08-23 23:16:05,333 [ERROR] LogOutputStream:75 - [STDERR_REDIRECT] [Fatal Error] :1:1: Premature end of file.
2026-08-23 23:16:05,333 [ERROR] LogOutputStream:75 - [STDERR_REDIRECT] 
2026-08-23 23:16:06,332 [ERROR] LogOutputStream:75 - [STDERR_REDIRECT] [Fatal Error] :1:1: Premature end of file.
2026-08-23 23:16:06,332 [ERROR] LogOutputStream:75 - [STDERR_REDIRECT] 
2026-08-23 23:16:07,331 [ERROR] LogOutputStream:75 - [STDERR_REDIRECT] [Fatal Error] :1:1: Premature end of file.
2026-08-23 23:16:07,331 [ERROR] LogOutputStream:75 - [STDERR_REDIRECT] 
2026-08-23 23:16:08,341 [ERROR] LogOutputStream:75 - [STDERR_REDIRECT] [Fatal Error] :1:1: Premature end of file.
2026-08-23 23:16:08,341 [ERROR] LogOutputStream:75 - [STDERR_REDIRECT] 
2026-08-23 23:16:09,329 [ERROR] LogOutputStream:75 - [STDERR_REDIRECT] [Fatal Error] :1:1: Premature end of file.
2026-08-23 23:16:09,329 [ERROR] LogOutputStream:75 - [STDERR_REDIRECT] 
2026-08-23 23:16:10,328 [ERROR] LogOutputStream:75 - [STDERR_REDIRECT] [Fatal Error] :1:1: Premature end of file.
2026-08-23 23:16:10,328 [ERROR] LogOutputStream:75 - [STDERR_REDIRECT] 
2026-08-23 23:16:11,330 [ERROR] LogOutputStream:75 - [STDERR_REDIRECT] [Fatal Error] :1:1: Premature end of file.
2026-08-23 23:16:11,330 [ERROR] LogOutputStream:75 - [STDERR_REDIRECT] 
2026-08-23 23:16:12,338 [ERROR] LogOutputStream:75 - [STDERR_REDIRECT] [Fatal Error] :1:1: Premature end of file.
2026-08-23 23:16:12,338 [ERROR] LogOutputStream:75 - [STDERR_REDIRECT] 
2026-08-23 23:16:13,329 [ERROR] LogOutputStream:75 - [STDERR_REDIRECT] [Fatal Error] :1:1: Premature end of file.
2026-08-23 23:16:13,329 [ERROR] LogOutputStream:75 - [STDERR_REDIRECT] 
2026-08-23 23:16:14,336 [ERROR] LogOutputStream:75 - [STDERR_REDIRECT] [Fatal Error] :1:1: Premature end of file.
2026-08-23 23:16:14,336 [ERROR] LogOutputStream:75 - [STDERR_REDIRECT] 
2026-08-23 23:16:15,341 [ERROR] LogOutputStream:75 - [STDERR_REDIRECT] [Fatal Error] :1:1: Premature end of file.
2026-08-23 23:16:15,341 [ERROR] LogOutputStream:75 - [STDERR_REDIRECT] 
2026-08-23 23:16:16,340 [ERROR] LogOutputStream:75 - [STDERR_REDIRECT] [Fatal Error] :1:1: Premature end of file.
2026-08-23 23:16:16,340 [ERROR] LogOutputStream:75 - [STDERR_REDIRECT] 
2026-08-23 23:16:17,339 [ERROR] LogOutputStream:75 - [STDERR_REDIRECT] [Fatal Error] :1:1: Premature end of file.
2026-08-23 23:16:17,339 [ERROR] LogOutputStream:75 - [STDERR_REDIRECT] 
2026-08-23 23:16:18,338 [ERROR] LogOutputStream:75 - [STDERR_REDIRECT] [Fatal Error] :1:1: Premature end of file.
2026-08-23 23:16:18,338 [ERROR] LogOutputStream:75 - [STDERR_REDIRECT] 
2026-08-23 23:16:19,337 [ERROR] LogOutputStream:75 - [STDERR_REDIRECT] [Fatal Error] :1:1: Premature end of file.
2026-08-23 23:16:19,337 [ERROR] LogOutputStream:75 - [STDERR_REDIRECT] 
2026-08-23 23:16:20,337 [ERROR] LogOutputStream:75 - [STDERR_REDIRECT] [Fatal Error] :1:1: Premature end of file.
2026-08-23 23:16:20,337 [ERROR] LogOutputStream:75 - [STDERR_REDIRECT] 
2026-08-23 23:16:21,349 [ERROR] LogOutputStream:75 - [STDERR_REDIRECT] [Fatal Error] :1:1: Premature end of file.
2026-08-23 23:16:21,349 [ERROR] LogOutputStream:75 - [STDERR_REDIRECT] 
2026-08-23 23:16:22,335 [ERROR] LogOutputStream:75 - [STDERR_REDIRECT] [Fatal Error] :1:1: Premature end of file.
2026-08-23 23:16:22,335 [ERROR] LogOutputStream:75 - [STDERR_REDIRECT] 
2026-08-23 23:16:23,334 [ERROR] LogOutputStream:75 - [STDERR_REDIRECT] [Fatal Error] :1:1: Premature end of file.
2026-08-23 23:16:23,334 [ERROR] LogOutputStream:75 - [STDERR_REDIRECT] 
2026-08-23 23:16:24,346 [ERROR] LogOutputStream:75 - [STDERR_REDIRECT] [Fatal Error] :1:1: Premature end of file.
2026-08-23 23:16:24,346 [ERROR] LogOutputStream:75 - [STDERR_REDIRECT] 
2026-08-23 23:16:25,333 [ERROR] LogOutputStream:75 - [STDERR_REDIRECT] [Fatal Error] :1:1: Premature end of file.
2026-08-23 23:16:25,333 [ERROR] LogOutputStream:75 - [STDERR_REDIRECT] 
2026-08-23 23:16:26,332 [ERROR] LogOutputStream:75 - [STDERR_REDIRECT] [Fatal Error] :1:1: Premature end of file.
2026-08-23 23:16:26,332 [ERROR] LogOutputStream:75 - [STDERR_REDIRECT] 
2026-08-23 23:16:27,331 [ERROR] LogOutputStream:75 - [STDERR_REDIRECT] [Fatal Error] :1:1: Premature end of file.
2026-08-23 23:16:27,331 [ERROR] LogOutputStream:75 - [STDERR_REDIRECT] 
2026-08-23 23:16:28,330 [ERROR] LogOutputStream:75 - [STDERR_REDIRECT] [Fatal Error] :1:1: Premature end of file.
2026-08-23 23:16:28,330 [ERROR] LogOutputStream:75 - [STDERR_REDIRECT] 
2026-08-23 23:16:29,340 [ERROR] LogOutputStream:75 - [STDERR_REDIRECT] [Fatal Error] :1:1: Premature end of file.
2026-08-23 23:16:29,340 [ERROR] LogOutputStream:75 - [STDERR_REDIRECT] 
2026-08-23 23:16:30,331 [ERROR] LogOutputStream:75 - [STDERR_REDIRECT] [Fatal Error] :1:1: Premature end of file.
2026-08-23 23:16:30,331 [ERROR] LogOutputStream:75 - [STDERR_REDIRECT] 
2026-08-23 23:16:31,337 [ERROR] LogOutputStream:75 - [STDERR_REDIRECT] [Fatal Error] :1:1: Premature end of file.
2026-08-23 23:16:31,337 [ERROR] LogOutputStream:75 - [STDERR_REDIRECT] 
2026-08-23 23:16:32,337 [ERROR] LogOutputStream:75 - [STDERR_REDIRECT] [Fatal Error] :1:1: Premature end of file.
2026-08-23 23:16:32,337 [ERROR] LogOutputStream:75 - [STDERR_REDIRECT] 
2026-08-23 23:16:33,337 [ERROR] LogOutputStream:75 - [STDERR_REDIRECT] [Fatal Error] :1:1: Premature end of file.
2026-08-23 23:16:33,337 [ERROR] LogOutputStream:75 - [STDERR_REDIRECT] 
2026-08-23 23:16:34,331 [ERROR] LogOutputStream:75 - [STDERR_REDIRECT] [Fatal Error] :1:1: Premature end of file.
2026-08-23 23:16:34,331 [ERROR] LogOutputStream:75 - [STDERR_REDIRECT] 
2026-08-23 23:16:35,341 [ERROR] LogOutputStream:75 - [STDERR_REDIRECT] [Fatal Error] :1:1: Premature end of file.
2026-08-23 23:16:35,341 [ERROR] LogOutputStream:75 - [STDERR_REDIRECT] 
2026-08-23 23:16:36,340 [ERROR] LogOutputStream:75 - [STDERR_REDIRECT] [Fatal Error] :1:1: Premature end of file.
2026-08-23 23:16:36,340 [ERROR] LogOutputStream:75 - [STDERR_REDIRECT] 
2026-08-23 23:16:37,347 [ERROR] LogOutputStream:75 - [STDERR_REDIRECT] [Fatal Error] :1:1: Premature end of file.
2026-08-23 23:16:37,347 [ERROR] LogOutputStream:75 - [STDERR_REDIRECT] 
2026-08-23 23:16:38,355 [ERROR] LogOutputStream:75 - [STDERR_REDIRECT] [Fatal Error] :1:1: Premature end of file.
2026-08-23 23:16:38,355 [ERROR] LogOutputStream:75 - [STDERR_REDIRECT] 
2026-08-23 23:16:39,349 [ERROR] LogOutputStream:75 - [STDERR_REDIRECT] [Fatal Error] :1:1: Premature end of file.
2026-08-23 23:16:39,349 [ERROR] LogOutputStream:75 - [STDERR_REDIRECT] 
2026-08-23 23:16:40,337 [ERROR] LogOutputStream:75 - [STDERR_REDIRECT] [Fatal Error] :1:1: Premature end of file.
2026-08-23 23:16:40,337 [ERROR] LogOutputStream:75 - [STDERR_REDIRECT] 
2026-08-23 23:16:41,336 [ERROR] LogOutputStream:75 - [STDERR_REDIRECT] [Fatal Error] :1:1: Premature end of file.
2026-08-23 23:16:41,336 [ERROR] LogOutputStream:75 - [STDERR_REDIRECT] 
2026-08-23 23:16:42,335 [ERROR] LogOutputStream:75 - [STDERR_REDIRECT] [Fatal Error] :1:1: Premature end of file.
2026-08-23 23:16:42,335 [ERROR] LogOutputStream:75 - [STDERR_REDIRECT] 
2026-08-23 23:16:43,334 [ERROR] LogOutputStream:75 - [STDERR_REDIRECT] [Fatal Error] :1:1: Premature end of file.
2026-08-23 23:16:43,334 [ERROR] LogOutputStream:75 - [STDERR_REDIRECT] 
2026-08-23 23:16:44,342 [ERROR] LogOutputStream:75 - [STDERR_REDIRECT] [Fatal Error] :1:1: Premature end of file.
2026-08-23 23:16:44,342 [ERROR] LogOutputStream:75 - [STDERR_REDIRECT] 
2026-08-23 23:16:45,333 [ERROR] LogOutputStream:75 - [STDERR_REDIRECT] [Fatal Error] :1:1: Premature end of file.
2026-08-23 23:16:45,333 [ERROR] LogOutputStream:75 - [STDERR_REDIRECT] 
2026-08-23 23:16:46,332 [ERROR] LogOutputStream:75 - [STDERR_REDIRECT] [Fatal Error] :1:1: Premature end of file.
2026-08-23 23:16:46,332 [ERROR] LogOutputStream:75 - [STDERR_REDIRECT] 
2026-08-23 23:16:47,339 [ERROR] LogOutputStream:75 - [STDERR_REDIRECT] [Fatal Error] :1:1: Premature end of file.
2026-08-23 23:16:47,339 [ERROR] LogOutputStream:75 - [STDERR_REDIRECT] 
2026-08-23 23:16:48,330 [ERROR] LogOutputStream:75 - [STDERR_REDIRECT] [Fatal Error] :1:1: Premature end of file.
2026-08-23 23:16:48,330 [ERROR] LogOutputStream:75 - [STDERR_REDIRECT] 
2026-08-23 23:16:49,341 [ERROR] LogOutputStream:75 - [STDERR_REDIRECT] [Fatal Error] :1:1: Premature end of file.
2026-08-23 23:16:49,341 [ERROR] LogOutputStream:75 - [STDERR_REDIRECT] 
2026-08-23 23:16:50,329 [ERROR] LogOutputStream:75 - [STDERR_REDIRECT] [Fatal Error] :1:1: Premature end of file.
2026-08-23 23:16:50,329 [ERROR] LogOutputStream:75 - [STDERR_REDIRECT] 
2026-08-23 23:16:51,328 [ERROR] LogOutputStream:75 - [STDERR_REDIRECT] [Fatal Error] :1:1: Premature end of file.
2026-08-23 23:16:51,328 [ERROR] LogOutputStream:75 - [STDERR_REDIRECT] 
2026-08-23 23:16:52,338 [ERROR] LogOutputStream:75 - [STDERR_REDIRECT] [Fatal Error] :1:1: Premature end of file.
2026-08-23 23:16:52,338 [ERROR] LogOutputStream:75 - [STDERR_REDIRECT] 
2026-08-23 23:16:53,326 [ERROR] LogOutputStream:75 - [STDERR_REDIRECT] [Fatal Error] :1:1: Premature end of file.
2026-08-23 23:16:53,326 [ERROR] LogOutputStream:75 - [STDERR_REDIRECT] 
2026-08-23 23:16:54,336 [ERROR] LogOutputStream:75 - [STDERR_REDIRECT] [Fatal Error] :1:1: Premature end of file.
2026-08-23 23:16:54,336 [ERROR] LogOutputStream:75 - [STDERR_REDIRECT] 
2026-08-23 23:16:55,341 [ERROR] LogOutputStream:75 - [STDERR_REDIRECT] [Fatal Error] :1:1: Premature end of file.
2026-08-23 23:16:55,341 [ERROR] LogOutputStream:75 - [STDERR_REDIRECT] 
2026-08-23 23:16:56,340 [ERROR] LogOutputStream:75 - [STDERR_REDIRECT] [Fatal Error] :1:1: Premature end of file.
2026-08-23 23:16:56,340 [ERROR] LogOutputStream:75 - [STDERR_REDIRECT] 
2026-08-23 23:16:57,339 [ERROR] LogOutputStream:75 - [STDERR_REDIRECT] [Fatal Error] :1:1: Premature end of file.
2026-08-23 23:16:57,339 [ERROR] LogOutputStream:75 - [STDERR_REDIRECT] 
2026-08-23 23:16:58,339 [ERROR] LogOutputStream:75 - [STDERR_REDIRECT] [Fatal Error] :1:1: Premature end of file.
2026-08-23 23:16:58,339 [ERROR] LogOutputStream:75 - [STDERR_REDIRECT] 
2026-08-23 23:16:59,349 [ERROR] LogOutputStream:75 - [STDERR_REDIRECT] [Fatal Error] :1:1: Premature end of file.
2026-08-23 23:16:59,349 [ERROR] LogOutputStream:75 - [STDERR_REDIRECT] 
2026-08-23 23:17:00,349 [ERROR] LogOutputStream:75 - [STDERR_REDIRECT] [Fatal Error] :1:1: Premature end of file.
2026-08-23 23:17:00,349 [ERROR] LogOutputStream:75 - [STDERR_REDIRECT] 
2026-08-23 23:17:01,336 [ERROR] LogOutputStream:75 - [STDERR_REDIRECT] [Fatal Error] :1:1: Premature end of file.
2026-08-23 23:17:01,336 [ERROR] LogOutputStream:75 - [STDERR_REDIRECT] 
2026-08-23 23:17:02,335 [ERROR] LogOutputStream:75 - [STDERR_REDIRECT] [Fatal Error] :1:1: Premature end of file.
2026-08-23 23:17:02,335 [ERROR] LogOutputStream:75 - [STDERR_REDIRECT] 
2026-08-23 23:17:03,335 [ERROR] LogOutputStream:75 - [STDERR_REDIRECT] [Fatal Error] :1:1: Premature end of file.
2026-08-23 23:17:03,335 [ERROR] LogOutputStream:75 - [STDERR_REDIRECT] 
2026-08-23 23:17:04,352 [ERROR] LogOutputStream:75 - [STDERR_REDIRECT] [Fatal Error] :1:1: Premature end of file.
2026-08-23 23:17:04,352 [ERROR] LogOutputStream:75 - [STDERR_REDIRECT] 
2026-08-23 23:17:05,344 [ERROR] LogOutputStream:75 - [STDERR_REDIRECT] [Fatal Error] :1:1: Premature end of file.
2026-08-23 23:17:05,344 [ERROR] LogOutputStream:75 - [STDERR_REDIRECT] 
2026-08-23 23:17:06,342 [ERROR] LogOutputStream:75 - [STDERR_REDIRECT] [Fatal Error] :1:1: Premature end of file.
2026-08-23 23:17:06,342 [ERROR] LogOutputStream:75 - [STDERR_REDIRECT] 
2026-08-23 23:17:07,344 [ERROR] LogOutputStream:75 - [STDERR_REDIRECT] [Fatal Error] :1:1: Premature end of file.
2026-08-23 23:17:07,344 [ERROR] LogOutputStream:75 - [STDERR_REDIRECT] 
2026-08-23 23:17:08,346 [ERROR] LogOutputStream:75 - [STDERR_REDIRECT] [Fatal Error] :1:1: Premature end of file.
2026-08-23 23:17:08,346 [ERROR] LogOutputStream:75 - [STDERR_REDIRECT] 
2026-08-23 23:17:09,331 [ERROR] LogOutputStream:75 - [STDERR_REDIRECT] [Fatal Error] :1:1: Premature end of file.
2026-08-23 23:17:09,331 [ERROR] LogOutputStream:75 - [STDERR_REDIRECT] 
2026-08-23 23:17:10,330 [ERROR] LogOutputStream:75 - [STDERR_REDIRECT] [Fatal Error] :1:1: Premature end of file.
2026-08-23 23:17:10,330 [ERROR] LogOutputStream:75 - [STDERR_REDIRECT] 
2026-08-23 23:17:11,337 [ERROR] LogOutputStream:75 - [STDERR_REDIRECT] [Fatal Error] :1:1: Premature end of file.
2026-08-23 23:17:11,337 [ERROR] LogOutputStream:75 - [STDERR_REDIRECT] 
2026-08-23 23:17:12,329 [ERROR] LogOutputStream:75 - [STDERR_REDIRECT] [Fatal Error] :1:1: Premature end of file.
2026-08-23 23:17:12,329 [ERROR] LogOutputStream:75 - [STDERR_REDIRECT] 
2026-08-23 23:17:13,335 [ERROR] LogOutputStream:75 - [STDERR_REDIRECT] [Fatal Error] :1:1: Premature end of file.
2026-08-23 23:17:13,335 [ERROR] LogOutputStream:75 - [STDERR_REDIRECT] 
2026-08-23 23:17:14,348 [ERROR] LogOutputStream:75 - [STDERR_REDIRECT] [Fatal Error] :1:1: Premature end of file.
2026-08-23 23:17:14,348 [ERROR] LogOutputStream:75 - [STDERR_REDIRECT] 
2026-08-23 23:17:15,341 [ERROR] LogOutputStream:75 - [STDERR_REDIRECT] [Fatal Error] :1:1: Premature end of file.
2026-08-23 23:17:15,341 [ERROR] LogOutputStream:75 - [STDERR_REDIRECT] 
2026-08-23 23:17:16,334 [ERROR] LogOutputStream:75 - [STDERR_REDIRECT] [Fatal Error] :1:1: Premature end of file.
2026-08-23 23:17:16,334 [ERROR] LogOutputStream:75 - [STDERR_REDIRECT] 
2026-08-23 23:17:17,336 [ERROR] LogOutputStream:75 - [STDERR_REDIRECT] [Fatal Error] :1:1: Premature end of file.
2026-08-23 23:17:17,336 [ERROR] LogOutputStream:75 - [STDERR_REDIRECT] 
2026-08-23 23:17:18,340 [ERROR] LogOutputStream:75 - [STDERR_REDIRECT] [Fatal Error] :1:1: Premature end of file.
2026-08-23 23:17:18,341 [ERROR] LogOutputStream:75 - [STDERR_REDIRECT] 
2026-08-23 23:17:19,350 [ERROR] LogOutputStream:75 - [STDERR_REDIRECT] [Fatal Error] :1:1: Premature end of file.
2026-08-23 23:17:19,350 [ERROR] LogOutputStream:75 - [STDERR_REDIRECT] 
2026-08-23 23:17:20,346 [ERROR] LogOutputStream:75 - [STDERR_REDIRECT] [Fatal Error] :1:1: Premature end of file.
2026-08-23 23:17:20,346 [ERROR] LogOutputStream:75 - [STDERR_REDIRECT] 
2026-08-23 23:17:21,351 [ERROR] LogOutputStream:75 - [STDERR_REDIRECT] [Fatal Error] :1:1: Premature end of file.
2026-08-23 23:17:21,351 [ERROR] LogOutputStream:75 - [STDERR_REDIRECT] 
2026-08-23 23:17:22,349 [ERROR] LogOutputStream:75 - [STDERR_REDIRECT] [Fatal Error] :1:1: Premature end of file.
2026-08-23 23:17:22,349 [ERROR] LogOutputStream:75 - [STDERR_REDIRECT] 
2026-08-23 23:17:23,348 [ERROR] LogOutputStream:75 - [STDERR_REDIRECT] [Fatal Error] :1:1: Premature end of file.
2026-08-23 23:17:23,348 [ERROR] LogOutputStream:75 - [STDERR_REDIRECT] 
2026-08-23 23:17:24,332 [ERROR] LogOutputStream:75 - [STDERR_REDIRECT] [Fatal Error] :1:1: Premature end of file.
2026-08-23 23:17:24,332 [ERROR] LogOutputStream:75 - [STDERR_REDIRECT] 
2026-08-23 23:17:25,337 [ERROR] LogOutputStream:75 - [STDERR_REDIRECT] [Fatal Error] :1:1: Premature end of file.
2026-08-23 23:17:25,337 [ERROR] LogOutputStream:75 - [STDERR_REDIRECT] 
2026-08-23 23:17:26,336 [ERROR] LogOutputStream:75 - [STDERR_REDIRECT] [Fatal Error] :1:1: Premature end of file.
2026-08-23 23:17:26,336 [ERROR] LogOutputStream:75 - [STDERR_REDIRECT] 
2026-08-23 23:17:27,333 [ERROR] LogOutputStream:75 - [STDERR_REDIRECT] [Fatal Error] :1:1: Premature end of file.
2026-08-23 23:17:27,333 [ERROR] LogOutputStream:75 - [STDERR_REDIRECT] 
2026-08-23 23:17:28,347 [ERROR] LogOutputStream:75 - [STDERR_REDIRECT] [Fatal Error] :1:1: Premature end of file.
2026-08-23 23:17:28,347 [ERROR] LogOutputStream:75 - [STDERR_REDIRECT] 
2026-08-23 23:17:29,343 [ERROR] LogOutputStream:75 - [STDERR_REDIRECT] [Fatal Error] :1:1: Premature end of file.
2026-08-23 23:17:29,343 [ERROR] LogOutputStream:75 - [STDERR_REDIRECT] 
2026-08-23 23:17:30,343 [ERROR] LogOutputStream:75 - [STDERR_REDIRECT] [Fatal Error] :1:1: Premature end of file.
2026-08-23 23:17:30,343 [ERROR] LogOutputStream:75 - [STDERR_REDIRECT] 
2026-08-23 23:17:31,339 [ERROR] LogOutputStream:75 - [STDERR_REDIRECT] [Fatal Error] :1:1: Premature end of file.
2026-08-23 23:17:31,339 [ERROR] LogOutputStream:75 - [STDERR_REDIRECT] 
2026-08-23 23:17:32,340 [ERROR] LogOutputStream:75 - [STDERR_REDIRECT] [Fatal Error] :1:1: Premature end of file.
2026-08-23 23:17:32,340 [ERROR] LogOutputStream:75 - [STDERR_REDIRECT] 
2026-08-23 23:17:33,326 [ERROR] LogOutputStream:75 - [STDERR_REDIRECT] [Fatal Error] :1:1: Premature end of file.
2026-08-23 23:17:33,326 [ERROR] LogOutputStream:75 - [STDERR_REDIRECT] 
2026-08-23 23:17:34,341 [ERROR] LogOutputStream:75 - [STDERR_REDIRECT] [Fatal Error] :1:1: Premature end of file.
2026-08-23 23:17:34,341 [ERROR] LogOutputStream:75 - [STDERR_REDIRECT] 
2026-08-23 23:17:35,342 [ERROR] LogOutputStream:75 - [STDERR_REDIRECT] [Fatal Error] :1:1: Premature end of file.
2026-08-23 23:17:35,342 [ERROR] LogOutputStream:75 - [STDERR_REDIRECT] 
2026-08-23 23:17:36,340 [ERROR] LogOutputStream:75 - [STDERR_REDIRECT] [Fatal Error] :1:1: Premature end of file.
2026-08-23 23:17:36,340 [ERROR] LogOutputStream:75 - [STDERR_REDIRECT] 
2026-08-23 23:17:37,353 [ERROR] LogOutputStream:75 - [STDERR_REDIRECT] [Fatal Error] :1:1: Premature end of file.
2026-08-23 23:17:37,353 [ERROR] LogOutputStream:75 - [STDERR_REDIRECT] 
2026-08-23 23:17:38,350 [ERROR] LogOutputStream:75 - [STDERR_REDIRECT] [Fatal Error] :1:1: Premature end of file.
2026-08-23 23:17:38,350 [ERROR] LogOutputStream:75 - [STDERR_REDIRECT] 
2026-08-23 23:17:39,343 [ERROR] LogOutputStream:75 - [STDERR_REDIRECT] [Fatal Error] :1:1: Premature end of file.
2026-08-23 23:17:39,343 [ERROR] LogOutputStream:75 - [STDERR_REDIRECT] 
2026-08-23 23:17:40,337 [ERROR] LogOutputStream:75 - [STDERR_REDIRECT] [Fatal Error] :1:1: Premature end of file.
2026-08-23 23:17:40,337 [ERROR] LogOutputStream:75 - [STDERR_REDIRECT] 
2026-08-23 23:17:41,336 [ERROR] LogOutputStream:75 - [STDERR_REDIRECT] [Fatal Error] :1:1: Premature end of file.
2026-08-23 23:17:41,336 [ERROR] LogOutputStream:75 - [STDERR_REDIRECT] 
2026-08-23 23:17:42,336 [ERROR] LogOutputStream:75 - [STDERR_REDIRECT] [Fatal Error] :1:1: Premature end of file.
2026-08-23 23:17:42,336 [ERROR] LogOutputStream:75 - [STDERR_REDIRECT] 
2026-08-23 23:17:43,334 [ERROR] LogOutputStream:75 - [STDERR_REDIRECT] [Fatal Error] :1:1: Premature end of file.
2026-08-23 23:17:43,334 [ERROR] LogOutputStream:75 - [STDERR_REDIRECT] 
2026-08-23 23:17:44,350 [ERROR] LogOutputStream:75 - [STDERR_REDIRECT] [Fatal Error] :1:1: Premature end of file.
2026-08-23 23:17:44,350 [ERROR] LogOutputStream:75 - [STDERR_REDIRECT] 
2026-08-23 23:17:45,333 [ERROR] LogOutputStream:75 - [STDERR_REDIRECT] [Fatal Error] :1:1: Premature end of file.
2026-08-23 23:17:45,333 [ERROR] LogOutputStream:75 - [STDERR_REDIRECT] 
2026-08-23 23:17:46,332 [ERROR] LogOutputStream:75 - [STDERR_REDIRECT] [Fatal Error] :1:1: Premature end of file.
2026-08-23 23:17:46,332 [ERROR] LogOutputStream:75 - [STDERR_REDIRECT] 
2026-08-23 23:17:47,331 [ERROR] LogOutputStream:75 - [STDERR_REDIRECT] [Fatal Error] :1:1: Premature end of file.
2026-08-23 23:17:47,331 [ERROR] LogOutputStream:75 - [STDERR_REDIRECT] 
2026-08-23 23:17:48,331 [ERROR] LogOutputStream:75 - [STDERR_REDIRECT] [Fatal Error] :1:1: Premature end of file.
2026-08-23 23:17:48,331 [ERROR] LogOutputStream:75 - [STDERR_REDIRECT] 
2026-08-23 23:17:49,330 [ERROR] LogOutputStream:75 - [STDERR_REDIRECT] [Fatal Error] :1:1: Premature end of file.
2026-08-23 23:17:49,330 [ERROR] LogOutputStream:75 - [STDERR_REDIRECT] 
2026-08-23 23:17:50,344 [ERROR] LogOutputStream:75 - [STDERR_REDIRECT] [Fatal Error] :1:1: Premature end of file.
2026-08-23 23:17:50,344 [ERROR] LogOutputStream:75 - [STDERR_REDIRECT] 
2026-08-23 23:17:51,343 [ERROR] LogOutputStream:75 - [STDERR_REDIRECT] [Fatal Error] :1:1: Premature end of file.
2026-08-23 23:17:51,343 [ERROR] LogOutputStream:75 - [STDERR_REDIRECT] 
2026-08-23 23:17:52,343 [ERROR] LogOutputStream:75 - [STDERR_REDIRECT] [Fatal Error] :1:1: Premature end of file.
2026-08-23 23:17:52,343 [ERROR] LogOutputStream:75 - [STDERR_REDIRECT] 
2026-08-23 23:17:53,326 [ERROR] LogOutputStream:75 - [STDERR_REDIRECT] [Fatal Error] :1:1: Premature end of file.
2026-08-23 23:17:53,326 [ERROR] LogOutputStream:75 - [STDERR_REDIRECT] 
2026-08-23 23:17:54,342 [ERROR] LogOutputStream:75 - [STDERR_REDIRECT] [Fatal Error] :1:1: Premature end of file.
2026-08-23 23:17:54,342 [ERROR] LogOutputStream:75 - [STDERR_REDIRECT] 
2026-08-23 23:17:55,325 [ERROR] LogOutputStream:75 - [STDERR_REDIRECT] [Fatal Error] :1:1: Premature end of file.
2026-08-23 23:17:55,325 [ERROR] LogOutputStream:75 - [STDERR_REDIRECT] 
2026-08-23 23:17:56,342 [ERROR] LogOutputStream:75 - [STDERR_REDIRECT] [Fatal Error] :1:1: Premature end of file.
2026-08-23 23:17:56,342 [ERROR] LogOutputStream:75 - [STDERR_REDIRECT] 
2026-08-23 23:17:57,340 [ERROR] LogOutputStream:75 - [STDERR_REDIRECT] [Fatal Error] :1:1: Premature end of file.
2026-08-23 23:17:57,340 [ERROR] LogOutputStream:75 - [STDERR_REDIRECT] 
2026-08-23 23:17:58,339 [ERROR] LogOutputStream:75 - [STDERR_REDIRECT] [Fatal Error] :1:1: Premature end of file.
2026-08-23 23:17:58,339 [ERROR] LogOutputStream:75 - [STDERR_REDIRECT] 
2026-08-23 23:17:59,343 [ERROR] LogOutputStream:75 - [STDERR_REDIRECT] [Fatal Error] :1:1: Premature end of file.
2026-08-23 23:17:59,343 [ERROR] LogOutputStream:75 - [STDERR_REDIRECT] 
2026-08-23 23:18:00,349 [ERROR] LogOutputStream:75 - [STDERR_REDIRECT] [Fatal Error] :1:1: Premature end of file.
2026-08-23 23:18:00,349 [ERROR] LogOutputStream:75 - [STDERR_REDIRECT] 
2026-08-23 23:18:01,432 [ERROR] LogOutputStream:75 - [STDERR_REDIRECT] [Fatal Error] :1:1: Premature end of file.
2026-08-23 23:18:01,432 [ERROR] LogOutputStream:75 - [STDERR_REDIRECT] 
2026-08-23 23:18:02,336 [ERROR] LogOutputStream:75 - [STDERR_REDIRECT] [Fatal Error] :1:1: Premature end of file.
2026-08-23 23:18:02,336 [ERROR] LogOutputStream:75 - [STDERR_REDIRECT] 
2026-08-23 23:18:03,348 [ERROR] LogOutputStream:75 - [STDERR_REDIRECT] [Fatal Error] :1:1: Premature end of file.
2026-08-23 23:18:03,348 [ERROR] LogOutputStream:75 - [STDERR_REDIRECT] 
2026-08-23 23:18:04,350 [ERROR] LogOutputStream:75 - [STDERR_REDIRECT] [Fatal Error] :1:1: Premature end of file.
2026-08-23 23:18:04,350 [ERROR] LogOutputStream:75 - [STDERR_REDIRECT] 
2026-08-23 23:18:05,335 [ERROR] LogOutputStream:75 - [STDERR_REDIRECT] [Fatal Error] :1:1: Premature end of file.
2026-08-23 23:18:05,335 [ERROR] LogOutputStream:75 - [STDERR_REDIRECT] 
2026-08-23 23:18:06,336 [ERROR] LogOutputStream:75 - [STDERR_REDIRECT] [Fatal Error] :1:1: Premature end of file.
2026-08-23 23:18:06,346 [ERROR] LogOutputStream:75 - [STDERR_REDIRECT] 
2026-08-23 23:18:07,339 [ERROR] LogOutputStream:75 - [STDERR_REDIRECT] [Fatal Error] :1:1: Premature end of file.
2026-08-23 23:18:07,339 [ERROR] LogOutputStream:75 - [STDERR_REDIRECT] 
2026-08-23 23:18:08,341 [ERROR] LogOutputStream:75 - [STDERR_REDIRECT] [Fatal Error] :1:1: Premature end of file.
2026-08-23 23:18:08,341 [ERROR] LogOutputStream:75 - [STDERR_REDIRECT] 
2026-08-23 23:18:09,338 [ERROR] LogOutputStream:75 - [STDERR_REDIRECT] [Fatal Error] :1:1: Premature end of file.
2026-08-23 23:18:09,338 [ERROR] LogOutputStream:75 - [STDERR_REDIRECT] 
2026-08-23 23:18:10,331 [ERROR] LogOutputStream:75 - [STDERR_REDIRECT] [Fatal Error] :1:1: Premature end of file.
2026-08-23 23:18:10,331 [ERROR] LogOutputStream:75 - [STDERR_REDIRECT] 
2026-08-23 23:18:11,329 [ERROR] LogOutputStream:75 - [STDERR_REDIRECT] [Fatal Error] :1:1: Premature end of file.
2026-08-23 23:18:11,329 [ERROR] LogOutputStream:75 - [STDERR_REDIRECT] 
2026-08-23 23:18:12,329 [ERROR] LogOutputStream:75 - [STDERR_REDIRECT] [Fatal Error] :1:1: Premature end of file.
2026-08-23 23:18:12,329 [ERROR] LogOutputStream:75 - [STDERR_REDIRECT] 
2026-08-23 23:18:13,345 [ERROR] LogOutputStream:75 - [STDERR_REDIRECT] [Fatal Error] :1:1: Premature end of file.
2026-08-23 23:18:13,345 [ERROR] LogOutputStream:75 - [STDERR_REDIRECT] 
2026-08-23 23:18:14,327 [ERROR] LogOutputStream:75 - [STDERR_REDIRECT] [Fatal Error] :1:1: Premature end of file.
2026-08-23 23:18:14,327 [ERROR] LogOutputStream:75 - [STDERR_REDIRECT] 
2026-08-23 23:18:15,326 [ERROR] LogOutputStream:75 - [STDERR_REDIRECT] [Fatal Error] :1:1: Premature end of file.
2026-08-23 23:18:15,326 [ERROR] LogOutputStream:75 - [STDERR_REDIRECT] 
2026-08-23 23:18:16,333 [ERROR] LogOutputStream:75 - [STDERR_REDIRECT] [Fatal Error] :1:1: Premature end of file.
2026-08-23 23:18:16,333 [ERROR] LogOutputStream:75 - [STDERR_REDIRECT] 
2026-08-23 23:18:17,325 [ERROR] LogOutputStream:75 - [STDERR_REDIRECT] [Fatal Error] :1:1: Premature end of file.
2026-08-23 23:18:17,325 [ERROR] LogOutputStream:75 - [STDERR_REDIRECT] 
2026-08-23 23:18:18,345 [ERROR] LogOutputStream:75 - [STDERR_REDIRECT] [Fatal Error] :1:1: Premature end of file.
2026-08-23 23:18:18,345 [ERROR] LogOutputStream:75 - [STDERR_REDIRECT] 
2026-08-23 23:18:19,339 [ERROR] LogOutputStream:75 - [STDERR_REDIRECT] [Fatal Error] :1:1: Premature end of file.
2026-08-23 23:18:19,339 [ERROR] LogOutputStream:75 - [STDERR_REDIRECT] 
2026-08-23 23:18:20,354 [ERROR] LogOutputStream:75 - [STDERR_REDIRECT] [Fatal Error] :1:1: Premature end of file.
2026-08-23 23:18:20,354 [ERROR] LogOutputStream:75 - [STDERR_REDIRECT] 
2026-08-23 23:18:21,339 [ERROR] LogOutputStream:75 - [STDERR_REDIRECT] [Fatal Error] :1:1: Premature end of file.
2026-08-23 23:18:21,339 [ERROR] LogOutputStream:75 - [STDERR_REDIRECT] 
2026-08-23 23:18:22,339 [ERROR] LogOutputStream:75 - [STDERR_REDIRECT] [Fatal Error] :1:1: Premature end of file.
2026-08-23 23:18:22,339 [ERROR] LogOutputStream:75 - [STDERR_REDIRECT] 
2026-08-23 23:18:23,353 [ERROR] LogOutputStream:75 - [STDERR_REDIRECT] [Fatal Error] :1:1: Premature end of file.
2026-08-23 23:18:23,353 [ERROR] LogOutputStream:75 - [STDERR_REDIRECT] 
2026-08-23 23:18:24,334 [ERROR] LogOutputStream:75 - [STDERR_REDIRECT] [Fatal Error] :1:1: Premature end of file.
2026-08-23 23:18:24,334 [ERROR] LogOutputStream:75 - [STDERR_REDIRECT] 
2026-08-23 23:18:25,334 [ERROR] LogOutputStream:75 - [STDERR_REDIRECT] [Fatal Error] :1:1: Premature end of file.
2026-08-23 23:18:25,334 [ERROR] LogOutputStream:75 - [STDERR_REDIRECT] 
2026-08-23 23:18:26,349 [ERROR] LogOutputStream:75 - [STDERR_REDIRECT] [Fatal Error] :1:1: Premature end of file.
2026-08-23 23:18:26,349 [ERROR] LogOutputStream:75 - [STDERR_REDIRECT] 
2026-08-23 23:18:27,349 [ERROR] LogOutputStream:75 - [STDERR_REDIRECT] [Fatal Error] :1:1: Premature end of file.
2026-08-23 23:18:27,349 [ERROR] LogOutputStream:75 - [STDERR_REDIRECT] 
2026-08-23 23:18:28,346 [ERROR] LogOutputStream:75 - [STDERR_REDIRECT] [Fatal Error] :1:1: Premature end of file.
2026-08-23 23:18:28,346 [ERROR] LogOutputStream:75 - [STDERR_REDIRECT] 
2026-08-23 23:18:29,331 [ERROR] LogOutputStream:75 - [STDERR_REDIRECT] [Fatal Error] :1:1: Premature end of file.
2026-08-23 23:18:29,331 [ERROR] LogOutputStream:75 - [STDERR_REDIRECT] 
2026-08-23 23:18:30,350 [ERROR] LogOutputStream:75 - [STDERR_REDIRECT] [Fatal Error] :1:1: Premature end of file.
2026-08-23 23:18:30,350 [ERROR] LogOutputStream:75 - [STDERR_REDIRECT] 
2026-08-23 23:18:31,347 [ERROR] LogOutputStream:75 - [STDERR_REDIRECT] [Fatal Error] :1:1: Premature end of file.
2026-08-23 23:18:31,347 [ERROR] LogOutputStream:75 - [STDERR_REDIRECT] 
2026-08-23 23:18:32,328 [ERROR] LogOutputStream:75 - [STDERR_REDIRECT] [Fatal Error] :1:1: Premature end of file.
2026-08-23 23:18:32,328 [ERROR] LogOutputStream:75 - [STDERR_REDIRECT] 
2026-08-23 23:18:33,348 [ERROR] LogOutputStream:75 - [STDERR_REDIRECT] [Fatal Error] :1:1: Premature end of file.
2026-08-23 23:18:33,348 [ERROR] LogOutputStream:75 - [STDERR_REDIRECT] 
2026-08-23 23:18:34,359 [ERROR] LogOutputStream:75 - [STDERR_REDIRECT] [Fatal Error] :1:1: Premature end of file.
2026-08-23 23:18:34,359 [ERROR] LogOutputStream:75 - [STDERR_REDIRECT] 
2026-08-23 23:18:35,358 [ERROR] LogOutputStream:75 - [STDERR_REDIRECT] [Fatal Error] :1:1: Premature end of file.
2026-08-23 23:18:35,358 [ERROR] LogOutputStream:75 - [STDERR_REDIRECT] 
2026-08-23 23:18:36,355 [ERROR] LogOutputStream:75 - [STDERR_REDIRECT] [Fatal Error] :1:1: Premature end of file.
2026-08-23 23:18:36,355 [ERROR] LogOutputStream:75 - [STDERR_REDIRECT] 
2026-08-23 23:18:37,367 [ERROR] LogOutputStream:75 - [STDERR_REDIRECT] [Fatal Error] :1:1: Premature end of file.
2026-08-23 23:18:37,367 [ERROR] LogOutputStream:75 - [STDERR_REDIRECT] 
2026-08-23 23:18:38,348 [ERROR] LogOutputStream:75 - [STDERR_REDIRECT] [Fatal Error] :1:1: Premature end of file.
2026-08-23 23:18:38,350 [ERROR] LogOutputStream:75 - [STDERR_REDIRECT] 
2026-08-23 23:18:39,343 [ERROR] LogOutputStream:75 - [STDERR_REDIRECT] [Fatal Error] :1:1: Premature end of file.
2026-08-23 23:18:39,343 [ERROR] LogOutputStream:75 - [STDERR_REDIRECT] 
2026-08-23 23:18:40,336 [ERROR] LogOutputStream:75 - [STDERR_REDIRECT] [Fatal Error] :1:1: Premature end of file.
2026-08-23 23:18:40,336 [ERROR] LogOutputStream:75 - [STDERR_REDIRECT] 
2026-08-23 23:18:41,337 [ERROR] LogOutputStream:75 - [STDERR_REDIRECT] [Fatal Error] :1:1: Premature end of file.
2026-08-23 23:18:41,337 [ERROR] LogOutputStream:75 - [STDERR_REDIRECT] 
2026-08-23 23:18:42,336 [ERROR] LogOutputStream:75 - [STDERR_REDIRECT] [Fatal Error] :1:1: Premature end of file.
2026-08-23 23:18:42,336 [ERROR] LogOutputStream:75 - [STDERR_REDIRECT] 
2026-08-23 23:18:43,336 [ERROR] LogOutputStream:75 - [STDERR_REDIRECT] [Fatal Error] :1:1: Premature end of file.
2026-08-23 23:18:43,336 [ERROR] LogOutputStream:75 - [STDERR_REDIRECT] 
2026-08-23 23:18:44,334 [ERROR] LogOutputStream:75 - [STDERR_REDIRECT] [Fatal Error] :1:1: Premature end of file.
2026-08-23 23:18:44,334 [ERROR] LogOutputStream:75 - [STDERR_REDIRECT] 
2026-08-23 23:18:45,334 [ERROR] LogOutputStream:75 - [STDERR_REDIRECT] [Fatal Error] :1:1: Premature end of file.
2026-08-23 23:18:45,334 [ERROR] LogOutputStream:75 - [STDERR_REDIRECT] 
2026-08-23 23:18:46,333 [ERROR] LogOutputStream:75 - [STDERR_REDIRECT] [Fatal Error] :1:1: Premature end of file.
2026-08-23 23:18:46,333 [ERROR] LogOutputStream:75 - [STDERR_REDIRECT] 
2026-08-23 23:18:47,353 [ERROR] LogOutputStream:75 - [STDERR_REDIRECT] [Fatal Error] :1:1: Premature end of file.
2026-08-23 23:18:47,353 [ERROR] LogOutputStream:75 - [STDERR_REDIRECT] 
2026-08-23 23:18:48,331 [ERROR] LogOutputStream:75 - [STDERR_REDIRECT] [Fatal Error] :1:1: Premature end of file.
2026-08-23 23:18:48,331 [ERROR] LogOutputStream:75 - [STDERR_REDIRECT] 
2026-08-23 23:18:49,331 [ERROR] LogOutputStream:75 - [STDERR_REDIRECT] [Fatal Error] :1:1: Premature end of file.
2026-08-23 23:18:49,331 [ERROR] LogOutputStream:75 - [STDERR_REDIRECT] 
2026-08-23 23:18:50,330 [ERROR] LogOutputStream:75 - [STDERR_REDIRECT] [Fatal Error] :1:1: Premature end of file.
2026-08-23 23:18:50,330 [ERROR] LogOutputStream:75 - [STDERR_REDIRECT] 
2026-08-23 23:18:51,329 [ERROR] LogOutputStream:75 - [STDERR_REDIRECT] [Fatal Error] :1:1: Premature end of file.
2026-08-23 23:18:51,329 [ERROR] LogOutputStream:75 - [STDERR_REDIRECT] 
2026-08-23 23:18:52,328 [ERROR] LogOutputStream:75 - [STDERR_REDIRECT] [Fatal Error] :1:1: Premature end of file.
2026-08-23 23:18:52,328 [ERROR] LogOutputStream:75 - [STDERR_REDIRECT] 
2026-08-23 23:18:53,327 [ERROR] LogOutputStream:75 - [STDERR_REDIRECT] [Fatal Error] :1:1: Premature end of file.
2026-08-23 23:18:53,327 [ERROR] LogOutputStream:75 - [STDERR_REDIRECT] 
2026-08-23 23:18:54,327 [ERROR] LogOutputStream:75 - [STDERR_REDIRECT] [Fatal Error] :1:1: Premature end of file.
2026-08-23 23:18:54,327 [ERROR] LogOutputStream:75 - [STDERR_REDIRECT] 
2026-08-23 23:18:55,329 [ERROR] LogOutputStream:75 - [STDERR_REDIRECT] [Fatal Error] :1:1: Premature end of file.
2026-08-23 23:18:55,329 [ERROR] LogOutputStream:75 - [STDERR_REDIRECT] 
2026-08-23 23:18:56,341 [ERROR] LogOutputStream:75 - [STDERR_REDIRECT] [Fatal Error] :1:1: Premature end of file.
2026-08-23 23:18:56,342 [ERROR] LogOutputStream:75 - [STDERR_REDIRECT] 
2026-08-23 23:18:57,325 [ERROR] LogOutputStream:75 - [STDERR_REDIRECT] [Fatal Error] :1:1: Premature end of file.
2026-08-23 23:18:57,325 [ERROR] LogOutputStream:75 - [STDERR_REDIRECT] 
2026-08-23 23:18:58,324 [ERROR] LogOutputStream:75 - [STDERR_REDIRECT] [Fatal Error] :1:1: Premature end of file.
2026-08-23 23:18:58,324 [ERROR] LogOutputStream:75 - [STDERR_REDIRECT] 
2026-08-23 23:18:59,334 [ERROR] LogOutputStream:75 - [STDERR_REDIRECT] [Fatal Error] :1:1: Premature end of file.
2026-08-23 23:18:59,334 [ERROR] LogOutputStream:75 - [STDERR_REDIRECT] 
2026-08-23 23:19:00,339 [ERROR] LogOutputStream:75 - [STDERR_REDIRECT] [Fatal Error] :1:1: Premature end of file.
2026-08-23 23:19:00,339 [ERROR] LogOutputStream:75 - [STDERR_REDIRECT] 
2026-08-23 23:19:01,338 [ERROR] LogOutputStream:75 - [STDERR_REDIRECT] [Fatal Error] :1:1: Premature end of file.
2026-08-23 23:19:01,338 [ERROR] LogOutputStream:75 - [STDERR_REDIRECT] 
2026-08-23 23:19:02,358 [ERROR] LogOutputStream:75 - [STDERR_REDIRECT] [Fatal Error] :1:1: Premature end of file.
2026-08-23 23:19:02,358 [ERROR] LogOutputStream:75 - [STDERR_REDIRECT] 
2026-08-23 23:19:03,338 [ERROR] LogOutputStream:75 - [STDERR_REDIRECT] [Fatal Error] :1:1: Premature end of file.
2026-08-23 23:19:03,338 [ERROR] LogOutputStream:75 - [STDERR_REDIRECT] 
2026-08-23 23:19:04,337 [ERROR] LogOutputStream:75 - [STDERR_REDIRECT] [Fatal Error] :1:1: Premature end of file.
2026-08-23 23:19:04,337 [ERROR] LogOutputStream:75 - [STDERR_REDIRECT] 
2026-08-23 23:19:05,336 [ERROR] LogOutputStream:75 - [STDERR_REDIRECT] [Fatal Error] :1:1: Premature end of file.
2026-08-23 23:19:05,336 [ERROR] LogOutputStream:75 - [STDERR_REDIRECT] 
2026-08-23 23:19:06,336 [ERROR] LogOutputStream:75 - [STDERR_REDIRECT] [Fatal Error] :1:1: Premature end of file.
2026-08-23 23:19:06,336 [ERROR] LogOutputStream:75 - [STDERR_REDIRECT] 
2026-08-23 23:19:07,335 [ERROR] LogOutputStream:75 - [STDERR_REDIRECT] [Fatal Error] :1:1: Premature end of file.
2026-08-23 23:19:07,335 [ERROR] LogOutputStream:75 - [STDERR_REDIRECT] 
2026-08-23 23:19:08,337 [ERROR] LogOutputStream:75 - [STDERR_REDIRECT] [Fatal Error] :1:1: Premature end of file.
2026-08-23 23:19:08,337 [ERROR] LogOutputStream:75 - [STDERR_REDIRECT] 
2026-08-23 23:19:09,334 [ERROR] LogOutputStream:75 - [STDERR_REDIRECT] [Fatal Error] :1:1: Premature end of file.
2026-08-23 23:19:09,334 [ERROR] LogOutputStream:75 - [STDERR_REDIRECT] 
2026-08-23 23:19:10,330 [ERROR] LogOutputStream:75 - [STDERR_REDIRECT] [Fatal Error] :1:1: Premature end of file.
2026-08-23 23:19:10,330 [ERROR] LogOutputStream:75 - [STDERR_REDIRECT] 
2026-08-23 23:19:11,332 [ERROR] LogOutputStream:75 - [STDERR_REDIRECT] [Fatal Error] :1:1: Premature end of file.
2026-08-23 23:19:11,332 [ERROR] LogOutputStream:75 - [STDERR_REDIRECT] 
2026-08-23 23:19:12,330 [ERROR] LogOutputStream:75 - [STDERR_REDIRECT] [Fatal Error] :1:1: Premature end of file.
2026-08-23 23:19:12,330 [ERROR] LogOutputStream:75 - [STDERR_REDIRECT] 
2026-08-23 23:19:13,337 [ERROR] LogOutputStream:75 - [STDERR_REDIRECT] [Fatal Error] :1:1: Premature end of file.
2026-08-23 23:19:13,337 [ERROR] LogOutputStream:75 - [STDERR_REDIRECT] 
2026-08-23 23:19:14,329 [ERROR] LogOutputStream:75 - [STDERR_REDIRECT] [Fatal Error] :1:1: Premature end of file.
2026-08-23 23:19:14,329 [ERROR] LogOutputStream:75 - [STDERR_REDIRECT] 
2026-08-23 23:19:15,328 [ERROR] LogOutputStream:75 - [STDERR_REDIRECT] [Fatal Error] :1:1: Premature end of file.
2026-08-23 23:19:15,328 [ERROR] LogOutputStream:75 - [STDERR_REDIRECT] 
2026-08-23 23:19:16,327 [ERROR] LogOutputStream:75 - [STDERR_REDIRECT] [Fatal Error] :1:1: Premature end of file.
2026-08-23 23:19:16,327 [ERROR] LogOutputStream:75 - [STDERR_REDIRECT] 
2026-08-23 23:19:17,341 [ERROR] LogOutputStream:75 - [STDERR_REDIRECT] [Fatal Error] :1:1: Premature end of file.
2026-08-23 23:19:17,341 [ERROR] LogOutputStream:75 - [STDERR_REDIRECT] 
2026-08-23 23:19:18,340 [ERROR] LogOutputStream:75 - [STDERR_REDIRECT] [Fatal Error] :1:1: Premature end of file.
2026-08-23 23:19:18,340 [ERROR] LogOutputStream:75 - [STDERR_REDIRECT] 
2026-08-23 23:19:19,341 [ERROR] LogOutputStream:75 - [STDERR_REDIRECT] [Fatal Error] :1:1: Premature end of file.
2026-08-23 23:19:19,341 [ERROR] LogOutputStream:75 - [STDERR_REDIRECT] 
2026-08-23 23:19:20,347 [ERROR] LogOutputStream:75 - [STDERR_REDIRECT] [Fatal Error] :1:1: Premature end of file.
2026-08-23 23:19:20,347 [ERROR] LogOutputStream:75 - [STDERR_REDIRECT] 
2026-08-23 23:19:21,339 [ERROR] LogOutputStream:75 - [STDERR_REDIRECT] [Fatal Error] :1:1: Premature end of file.
2026-08-23 23:19:21,339 [ERROR] LogOutputStream:75 - [STDERR_REDIRECT] 
2026-08-23 23:19:22,347 [ERROR] LogOutputStream:75 - [STDERR_REDIRECT] [Fatal Error] :1:1: Premature end of file.
2026-08-23 23:19:22,347 [ERROR] LogOutputStream:75 - [STDERR_REDIRECT] 
2026-08-23 23:19:23,336 [ERROR] LogOutputStream:75 - [STDERR_REDIRECT] [Fatal Error] :1:1: Premature end of file.
2026-08-23 23:19:23,336 [ERROR] LogOutputStream:75 - [STDERR_REDIRECT] 
2026-08-23 23:19:24,335 [ERROR] LogOutputStream:75 - [STDERR_REDIRECT] [Fatal Error] :1:1: Premature end of file.
2026-08-23 23:19:24,335 [ERROR] LogOutputStream:75 - [STDERR_REDIRECT] 
2026-08-23 23:19:25,334 [ERROR] LogOutputStream:75 - [STDERR_REDIRECT] [Fatal Error] :1:1: Premature end of file.
2026-08-23 23:19:25,334 [ERROR] LogOutputStream:75 - [STDERR_REDIRECT] 
2026-08-23 23:19:26,333 [ERROR] LogOutputStream:75 - [STDERR_REDIRECT] [Fatal Error] :1:1: Premature end of file.
2026-08-23 23:19:26,333 [ERROR] LogOutputStream:75 - [STDERR_REDIRECT] 
2026-08-23 23:19:27,332 [ERROR] LogOutputStream:75 - [STDERR_REDIRECT] [Fatal Error] :1:1: Premature end of file.
2026-08-23 23:19:27,332 [ERROR] LogOutputStream:75 - [STDERR_REDIRECT] 
2026-08-23 23:19:28,331 [ERROR] LogOutputStream:75 - [STDERR_REDIRECT] [Fatal Error] :1:1: Premature end of file.
2026-08-23 23:19:28,331 [ERROR] LogOutputStream:75 - [STDERR_REDIRECT] 
2026-08-23 23:19:29,341 [ERROR] LogOutputStream:75 - [STDERR_REDIRECT] [Fatal Error] :1:1: Premature end of file.
2026-08-23 23:19:29,341 [ERROR] LogOutputStream:75 - [STDERR_REDIRECT] 
2026-08-23 23:19:30,342 [ERROR] LogOutputStream:75 - [STDERR_REDIRECT] [Fatal Error] :1:1: Premature end of file.
2026-08-23 23:19:30,342 [ERROR] LogOutputStream:75 - [STDERR_REDIRECT] 
2026-08-23 23:19:31,362 [ERROR] LogOutputStream:75 - [STDERR_REDIRECT] [Fatal Error] :1:1: Premature end of file.
2026-08-23 23:19:31,362 [ERROR] LogOutputStream:75 - [STDERR_REDIRECT] 
2026-08-23 23:19:32,328 [ERROR] LogOutputStream:75 - [STDERR_REDIRECT] [Fatal Error] :1:1: Premature end of file.
2026-08-23 23:19:32,340 [ERROR] LogOutputStream:75 - [STDERR_REDIRECT] 
2026-08-23 23:19:33,328 [ERROR] LogOutputStream:75 - [STDERR_REDIRECT] [Fatal Error] :1:1: Premature end of file.
2026-08-23 23:19:33,328 [ERROR] LogOutputStream:75 - [STDERR_REDIRECT] 
2026-08-23 23:19:34,327 [ERROR] LogOutputStream:75 - [STDERR_REDIRECT] [Fatal Error] :1:1: Premature end of file.
2026-08-23 23:19:34,327 [ERROR] LogOutputStream:75 - [STDERR_REDIRECT] 
2026-08-23 23:19:35,326 [ERROR] LogOutputStream:75 - [STDERR_REDIRECT] [Fatal Error] :1:1: Premature end of file.
2026-08-23 23:19:35,326 [ERROR] LogOutputStream:75 - [STDERR_REDIRECT] 
2026-08-23 23:19:36,336 [ERROR] LogOutputStream:75 - [STDERR_REDIRECT] [Fatal Error] :1:1: Premature end of file.
2026-08-23 23:19:36,336 [ERROR] LogOutputStream:75 - [STDERR_REDIRECT] 
2026-08-23 23:19:37,341 [ERROR] LogOutputStream:75 - [STDERR_REDIRECT] [Fatal Error] :1:1: Premature end of file.
2026-08-23 23:19:37,341 [ERROR] LogOutputStream:75 - [STDERR_REDIRECT] 
2026-08-23 23:19:38,340 [ERROR] LogOutputStream:75 - [STDERR_REDIRECT] [Fatal Error] :1:1: Premature end of file.
2026-08-23 23:19:38,340 [ERROR] LogOutputStream:75 - [STDERR_REDIRECT] 
2026-08-23 23:19:39,350 [ERROR] LogOutputStream:75 - [STDERR_REDIRECT] [Fatal Error] :1:1: Premature end of file.
2026-08-23 23:19:39,350 [ERROR] LogOutputStream:75 - [STDERR_REDIRECT] 
2026-08-23 23:19:40,350 [ERROR] LogOutputStream:75 - [STDERR_REDIRECT] [Fatal Error] :1:1: Premature end of file.
2026-08-23 23:19:40,350 [ERROR] LogOutputStream:75 - [STDERR_REDIRECT] 
2026-08-23 23:19:41,348 [ERROR] LogOutputStream:75 - [STDERR_REDIRECT] [Fatal Error] :1:1: Premature end of file.
2026-08-23 23:19:41,348 [ERROR] LogOutputStream:75 - [STDERR_REDIRECT] 
2026-08-23 23:19:42,337 [ERROR] LogOutputStream:75 - [STDERR_REDIRECT] [Fatal Error] :1:1: Premature end of file.
2026-08-23 23:19:42,337 [ERROR] LogOutputStream:75 - [STDERR_REDIRECT] 
2026-08-23 23:19:43,336 [ERROR] LogOutputStream:75 - [STDERR_REDIRECT] [Fatal Error] :1:1: Premature end of file.
2026-08-23 23:19:43,336 [ERROR] LogOutputStream:75 - [STDERR_REDIRECT] 
2026-08-23 23:19:44,335 [ERROR] LogOutputStream:75 - [STDERR_REDIRECT] [Fatal Error] :1:1: Premature end of file.
2026-08-23 23:19:44,335 [ERROR] LogOutputStream:75 - [STDERR_REDIRECT] 
2026-08-23 23:19:45,346 [ERROR] LogOutputStream:75 - [STDERR_REDIRECT] [Fatal Error] :1:1: Premature end of file.
2026-08-23 23:19:45,346 [ERROR] LogOutputStream:75 - [STDERR_REDIRECT] 
2026-08-23 23:19:46,333 [ERROR] LogOutputStream:75 - [STDERR_REDIRECT] [Fatal Error] :1:1: Premature end of file.
2026-08-23 23:19:46,333 [ERROR] LogOutputStream:75 - [STDERR_REDIRECT] 
2026-08-23 23:19:47,333 [ERROR] LogOutputStream:75 - [STDERR_REDIRECT] [Fatal Error] :1:1: Premature end of file.
2026-08-23 23:19:47,333 [ERROR] LogOutputStream:75 - [STDERR_REDIRECT] 
2026-08-23 23:19:48,332 [ERROR] LogOutputStream:75 - [STDERR_REDIRECT] [Fatal Error] :1:1: Premature end of file.
2026-08-23 23:19:48,332 [ERROR] LogOutputStream:75 - [STDERR_REDIRECT] 
2026-08-23 23:19:49,331 [ERROR] LogOutputStream:75 - [STDERR_REDIRECT] [Fatal Error] :1:1: Premature end of file.
2026-08-23 23:19:49,331 [ERROR] LogOutputStream:75 - [STDERR_REDIRECT] 
2026-08-23 23:19:50,330 [ERROR] LogOutputStream:75 - [STDERR_REDIRECT] [Fatal Error] :1:1: Premature end of file.
2026-08-23 23:19:50,330 [ERROR] LogOutputStream:75 - [STDERR_REDIRECT] 
2026-08-23 23:19:51,329 [ERROR] LogOutputStream:75 - [STDERR_REDIRECT] [Fatal Error] :1:1: Premature end of file.
2026-08-23 23:19:51,329 [ERROR] LogOutputStream:75 - [STDERR_REDIRECT] 
2026-08-23 23:19:52,342 [ERROR] LogOutputStream:75 - [STDERR_REDIRECT] [Fatal Error] :1:1: Premature end of file.
2026-08-23 23:19:52,342 [ERROR] LogOutputStream:75 - [STDERR_REDIRECT] 
2026-08-23 23:19:53,328 [ERROR] LogOutputStream:75 - [STDERR_REDIRECT] [Fatal Error] :1:1: Premature end of file.
2026-08-23 23:19:53,328 [ERROR] LogOutputStream:75 - [STDERR_REDIRECT] 
2026-08-23 23:19:54,339 [ERROR] LogOutputStream:75 - [STDERR_REDIRECT] [Fatal Error] :1:1: Premature end of file.
2026-08-23 23:19:54,339 [ERROR] LogOutputStream:75 - [STDERR_REDIRECT] 
2026-08-23 23:19:55,338 [ERROR] LogOutputStream:75 - [STDERR_REDIRECT] [Fatal Error] :1:1: Premature end of file.
2026-08-23 23:19:55,338 [ERROR] LogOutputStream:75 - [STDERR_REDIRECT] 
2026-08-23 23:19:56,342 [ERROR] LogOutputStream:75 - [STDERR_REDIRECT] [Fatal Error] :1:1: Premature end of file.
2026-08-23 23:19:56,342 [ERROR] LogOutputStream:75 - [STDERR_REDIRECT] 
2026-08-23 23:19:57,353 [ERROR] LogOutputStream:75 - [STDERR_REDIRECT] [Fatal Error] :1:1: Premature end of file.
2026-08-23 23:19:57,353 [ERROR] LogOutputStream:75 - [STDERR_REDIRECT] 
2026-08-23 23:19:58,340 [ERROR] LogOutputStream:75 - [STDERR_REDIRECT] [Fatal Error] :1:1: Premature end of file.
2026-08-23 23:19:58,340 [ERROR] LogOutputStream:75 - [STDERR_REDIRECT] 
2026-08-23 23:19:59,339 [ERROR] LogOutputStream:75 - [STDERR_REDIRECT] [Fatal Error] :1:1: Premature end of file.
2026-08-23 23:19:59,339 [ERROR] LogOutputStream:75 - [STDERR_REDIRECT] 
2026-08-23 23:20:00,339 [ERROR] LogOutputStream:75 - [STDERR_REDIRECT] [Fatal Error] :1:1: Premature end of file.
2026-08-23 23:20:00,339 [ERROR] LogOutputStream:75 - [STDERR_REDIRECT] 
2026-08-23 23:20:01,349 [ERROR] LogOutputStream:75 - [STDERR_REDIRECT] [Fatal Error] :1:1: Premature end of file.
2026-08-23 23:20:01,349 [ERROR] LogOutputStream:75 - [STDERR_REDIRECT] 
2026-08-23 23:20:02,337 [ERROR] LogOutputStream:75 - [STDERR_REDIRECT] [Fatal Error] :1:1: Premature end of file.
2026-08-23 23:20:02,337 [ERROR] LogOutputStream:75 - [STDERR_REDIRECT] 
2026-08-23 23:20:03,348 [ERROR] LogOutputStream:75 - [STDERR_REDIRECT] [Fatal Error] :1:1: Premature end of file.
2026-08-23 23:20:03,348 [ERROR] LogOutputStream:75 - [STDERR_REDIRECT] 
2026-08-23 23:20:04,335 [ERROR] LogOutputStream:75 - [STDERR_REDIRECT] [Fatal Error] :1:1: Premature end of file.
2026-08-23 23:20:04,335 [ERROR] LogOutputStream:75 - [STDERR_REDIRECT] 
2026-08-23 23:20:05,334 [ERROR] LogOutputStream:75 - [STDERR_REDIRECT] [Fatal Error] :1:1: Premature end of file.
2026-08-23 23:20:05,334 [ERROR] LogOutputStream:75 - [STDERR_REDIRECT] 
2026-08-23 23:20:06,334 [ERROR] LogOutputStream:75 - [STDERR_REDIRECT] [Fatal Error] :1:1: Premature end of file.
2026-08-23 23:20:06,334 [ERROR] LogOutputStream:75 - [STDERR_REDIRECT] 
2026-08-23 23:20:07,333 [ERROR] LogOutputStream:75 - [STDERR_REDIRECT] [Fatal Error] :1:1: Premature end of file.
2026-08-23 23:20:07,333 [ERROR] LogOutputStream:75 - [STDERR_REDIRECT] 
2026-08-23 23:20:08,344 [ERROR] LogOutputStream:75 - [STDERR_REDIRECT] [Fatal Error] :1:1: Premature end of file.
2026-08-23 23:20:08,344 [ERROR] LogOutputStream:75 - [STDERR_REDIRECT] 
2026-08-23 23:20:09,332 [ERROR] LogOutputStream:75 - [STDERR_REDIRECT] [Fatal Error] :1:1: Premature end of file.
2026-08-23 23:20:09,332 [ERROR] LogOutputStream:75 - [STDERR_REDIRECT] 
2026-08-23 23:20:10,330 [ERROR] LogOutputStream:75 - [STDERR_REDIRECT] [Fatal Error] :1:1: Premature end of file.
2026-08-23 23:20:10,330 [ERROR] LogOutputStream:75 - [STDERR_REDIRECT] 
2026-08-23 23:20:11,329 [ERROR] LogOutputStream:75 - [STDERR_REDIRECT] [Fatal Error] :1:1: Premature end of file.
2026-08-23 23:20:11,329 [ERROR] LogOutputStream:75 - [STDERR_REDIRECT] 
2026-08-23 23:20:12,339 [ERROR] LogOutputStream:75 - [STDERR_REDIRECT] [Fatal Error] :1:1: Premature end of file.
2026-08-23 23:20:12,339 [ERROR] LogOutputStream:75 - [STDERR_REDIRECT] 
2026-08-23 23:20:13,338 [ERROR] LogOutputStream:75 - [STDERR_REDIRECT] [Fatal Error] :1:1: Premature end of file.
2026-08-23 23:20:13,338 [ERROR] LogOutputStream:75 - [STDERR_REDIRECT] 
2026-08-23 23:20:14,327 [ERROR] LogOutputStream:75 - [STDERR_REDIRECT] [Fatal Error] :1:1: Premature end of file.
2026-08-23 23:20:14,327 [ERROR] LogOutputStream:75 - [STDERR_REDIRECT] 
2026-08-23 23:20:15,326 [ERROR] LogOutputStream:75 - [STDERR_REDIRECT] [Fatal Error] :1:1: Premature end of file.
2026-08-23 23:20:15,326 [ERROR] LogOutputStream:75 - [STDERR_REDIRECT] 
2026-08-23 23:20:16,342 [ERROR] LogOutputStream:75 - [STDERR_REDIRECT] [Fatal Error] :1:1: Premature end of file.
2026-08-23 23:20:16,342 [ERROR] LogOutputStream:75 - [STDERR_REDIRECT] 
2026-08-23 23:20:17,352 [ERROR] LogOutputStream:75 - [STDERR_REDIRECT] [Fatal Error] :1:1: Premature end of file.
2026-08-23 23:20:17,352 [ERROR] LogOutputStream:75 - [STDERR_REDIRECT] 
2026-08-23 23:20:18,340 [ERROR] LogOutputStream:75 - [STDERR_REDIRECT] [Fatal Error] :1:1: Premature end of file.
2026-08-23 23:20:18,340 [ERROR] LogOutputStream:75 - [STDERR_REDIRECT] 
2026-08-23 23:20:19,350 [ERROR] LogOutputStream:75 - [STDERR_REDIRECT] [Fatal Error] :1:1: Premature end of file.
2026-08-23 23:20:19,350 [ERROR] LogOutputStream:75 - [STDERR_REDIRECT] 
2026-08-23 23:20:20,350 [ERROR] LogOutputStream:75 - [STDERR_REDIRECT] [Fatal Error] :1:1: Premature end of file.
2026-08-23 23:20:20,350 [ERROR] LogOutputStream:75 - [STDERR_REDIRECT] 
2026-08-23 23:20:21,338 [ERROR] LogOutputStream:75 - [STDERR_REDIRECT] [Fatal Error] :1:1: Premature end of file.
2026-08-23 23:20:21,338 [ERROR] LogOutputStream:75 - [STDERR_REDIRECT] 
2026-08-23 23:20:22,337 [ERROR] LogOutputStream:75 - [STDERR_REDIRECT] [Fatal Error] :1:1: Premature end of file.
2026-08-23 23:20:22,337 [ERROR] LogOutputStream:75 - [STDERR_REDIRECT] 
2026-08-23 23:20:23,336 [ERROR] LogOutputStream:75 - [STDERR_REDIRECT] [Fatal Error] :1:1: Premature end of file.
2026-08-23 23:20:23,336 [ERROR] LogOutputStream:75 - [STDERR_REDIRECT] 
2026-08-23 23:20:24,346 [ERROR] LogOutputStream:75 - [STDERR_REDIRECT] [Fatal Error] :1:1: Premature end of file.
2026-08-23 23:20:24,346 [ERROR] LogOutputStream:75 - [STDERR_REDIRECT] 
2026-08-23 23:20:25,335 [ERROR] LogOutputStream:75 - [STDERR_REDIRECT] [Fatal Error] :1:1: Premature end of file.
2026-08-23 23:20:25,335 [ERROR] LogOutputStream:75 - [STDERR_REDIRECT] 
2026-08-23 23:20:26,346 [ERROR] LogOutputStream:75 - [STDERR_REDIRECT] [Fatal Error] :1:1: Premature end of file.
2026-08-23 23:20:26,346 [ERROR] LogOutputStream:75 - [STDERR_REDIRECT] 
2026-08-23 23:20:27,333 [ERROR] LogOutputStream:75 - [STDERR_REDIRECT] [Fatal Error] :1:1: Premature end of file.
2026-08-23 23:20:27,333 [ERROR] LogOutputStream:75 - [STDERR_REDIRECT] 
2026-08-23 23:20:28,342 [ERROR] LogOutputStream:75 - [STDERR_REDIRECT] [Fatal Error] :1:1: Premature end of file.
2026-08-23 23:20:28,342 [ERROR] LogOutputStream:75 - [STDERR_REDIRECT] 
2026-08-23 23:20:29,331 [ERROR] LogOutputStream:75 - [STDERR_REDIRECT] [Fatal Error] :1:1: Premature end of file.
2026-08-23 23:20:29,331 [ERROR] LogOutputStream:75 - [STDERR_REDIRECT] 
2026-08-23 23:20:30,330 [ERROR] LogOutputStream:75 - [STDERR_REDIRECT] [Fatal Error] :1:1: Premature end of file.
2026-08-23 23:20:30,330 [ERROR] LogOutputStream:75 - [STDERR_REDIRECT] 
2026-08-23 23:20:31,341 [ERROR] LogOutputStream:75 - [STDERR_REDIRECT] [Fatal Error] :1:1: Premature end of file.
2026-08-23 23:20:31,341 [ERROR] LogOutputStream:75 - [STDERR_REDIRECT] 
2026-08-23 23:20:32,329 [ERROR] LogOutputStream:75 - [STDERR_REDIRECT] [Fatal Error] :1:1: Premature end of file.
2026-08-23 23:20:32,329 [ERROR] LogOutputStream:75 - [STDERR_REDIRECT] 
2026-08-23 23:20:33,328 [ERROR] LogOutputStream:75 - [STDERR_REDIRECT] [Fatal Error] :1:1: Premature end of file.
2026-08-23 23:20:33,328 [ERROR] LogOutputStream:75 - [STDERR_REDIRECT] 
2026-08-23 23:20:34,335 [ERROR] LogOutputStream:75 - [STDERR_REDIRECT] [Fatal Error] :1:1: Premature end of file.
2026-08-23 23:20:34,335 [ERROR] LogOutputStream:75 - [STDERR_REDIRECT] 
2026-08-23 23:20:35,330 [ERROR] LogOutputStream:75 - [STDERR_REDIRECT] [Fatal Error] :1:1: Premature end of file.
2026-08-23 23:20:35,330 [ERROR] LogOutputStream:75 - [STDERR_REDIRECT] 
2026-08-23 23:20:36,329 [ERROR] LogOutputStream:75 - [STDERR_REDIRECT] [Fatal Error] :1:1: Premature end of file.
2026-08-23 23:20:36,329 [ERROR] LogOutputStream:75 - [STDERR_REDIRECT] 
2026-08-23 23:20:37,332 [ERROR] LogOutputStream:75 - [STDERR_REDIRECT] [Fatal Error] :1:1: Premature end of file.
2026-08-23 23:20:37,332 [ERROR] LogOutputStream:75 - [STDERR_REDIRECT] 
2026-08-23 23:20:38,327 [ERROR] LogOutputStream:75 - [STDERR_REDIRECT] [Fatal Error] :1:1: Premature end of file.
2026-08-23 23:20:38,327 [ERROR] LogOutputStream:75 - [STDERR_REDIRECT] 
2026-08-23 23:20:39,335 [ERROR] LogOutputStream:75 - [STDERR_REDIRECT] [Fatal Error] :1:1: Premature end of file.
2026-08-23 23:20:39,335 [ERROR] LogOutputStream:75 - [STDERR_REDIRECT] 
2026-08-23 23:20:40,341 [ERROR] LogOutputStream:75 - [STDERR_REDIRECT] [Fatal Error] :1:1: Premature end of file.
2026-08-23 23:20:40,341 [ERROR] LogOutputStream:75 - [STDERR_REDIRECT] 
2026-08-23 23:20:41,341 [ERROR] LogOutputStream:75 - [STDERR_REDIRECT] [Fatal Error] :1:1: Premature end of file.
2026-08-23 23:20:41,341 [ERROR] LogOutputStream:75 - [STDERR_REDIRECT] 
2026-08-23 23:20:42,342 [ERROR] LogOutputStream:75 - [STDERR_REDIRECT] [Fatal Error] :1:1: Premature end of file.
2026-08-23 23:20:42,342 [ERROR] LogOutputStream:75 - [STDERR_REDIRECT] 
2026-08-23 23:20:43,347 [ERROR] LogOutputStream:75 - [STDERR_REDIRECT] [Fatal Error] :1:1: Premature end of file.
2026-08-23 23:20:43,347 [ERROR] LogOutputStream:75 - [STDERR_REDIRECT] 
2026-08-23 23:20:44,345 [ERROR] LogOutputStream:75 - [STDERR_REDIRECT] [Fatal Error] :1:1: Premature end of file.
2026-08-23 23:20:44,345 [ERROR] LogOutputStream:75 - [STDERR_REDIRECT] 
2026-08-23 23:20:45,352 [ERROR] LogOutputStream:75 - [STDERR_REDIRECT] [Fatal Error] :1:1: Premature end of file.
2026-08-23 23:20:45,352 [ERROR] LogOutputStream:75 - [STDERR_REDIRECT] 
2026-08-23 23:20:46,334 [ERROR] LogOutputStream:75 - [STDERR_REDIRECT] [Fatal Error] :1:1: Premature end of file.
2026-08-23 23:20:46,334 [ERROR] LogOutputStream:75 - [STDERR_REDIRECT] 
2026-08-23 23:20:47,333 [ERROR] LogOutputStream:75 - [STDERR_REDIRECT] [Fatal Error] :1:1: Premature end of file.
2026-08-23 23:20:47,333 [ERROR] LogOutputStream:75 - [STDERR_REDIRECT] 
2026-08-23 23:20:48,332 [ERROR] LogOutputStream:75 - [STDERR_REDIRECT] [Fatal Error] :1:1: Premature end of file.
2026-08-23 23:20:48,332 [ERROR] LogOutputStream:75 - [STDERR_REDIRECT] 
2026-08-23 23:20:49,344 [ERROR] LogOutputStream:75 - [STDERR_REDIRECT] [Fatal Error] :1:1: Premature end of file.
2026-08-23 23:20:49,344 [ERROR] LogOutputStream:75 - [STDERR_REDIRECT] 
2026-08-23 23:20:50,330 [ERROR] LogOutputStream:75 - [STDERR_REDIRECT] [Fatal Error] :1:1: Premature end of file.
2026-08-23 23:20:50,330 [ERROR] LogOutputStream:75 - [STDERR_REDIRECT] 
2026-08-23 23:20:51,341 [ERROR] LogOutputStream:75 - [STDERR_REDIRECT] [Fatal Error] :1:1: Premature end of file.
2026-08-23 23:20:51,341 [ERROR] LogOutputStream:75 - [STDERR_REDIRECT] 
2026-08-23 23:20:52,329 [ERROR] LogOutputStream:75 - [STDERR_REDIRECT] [Fatal Error] :1:1: Premature end of file.
2026-08-23 23:20:52,329 [ERROR] LogOutputStream:75 - [STDERR_REDIRECT] 
2026-08-23 23:20:53,340 [ERROR] LogOutputStream:75 - [STDERR_REDIRECT] [Fatal Error] :1:1: Premature end of file.
2026-08-23 23:20:53,340 [ERROR] LogOutputStream:75 - [STDERR_REDIRECT] 
2026-08-23 23:20:54,327 [ERROR] LogOutputStream:75 - [STDERR_REDIRECT] [Fatal Error] :1:1: Premature end of file.
2026-08-23 23:20:54,327 [ERROR] LogOutputStream:75 - [STDERR_REDIRECT] 
2026-08-23 23:20:55,326 [ERROR] LogOutputStream:75 - [STDERR_REDIRECT] [Fatal Error] :1:1: Premature end of file.
2026-08-23 23:20:55,326 [ERROR] LogOutputStream:75 - [STDERR_REDIRECT] 
2026-08-23 23:20:56,342 [ERROR] LogOutputStream:75 - [STDERR_REDIRECT] [Fatal Error] :1:1: Premature end of file.
2026-08-23 23:20:56,342 [ERROR] LogOutputStream:75 - [STDERR_REDIRECT] 
2026-08-23 23:20:57,341 [ERROR] LogOutputStream:75 - [STDERR_REDIRECT] [Fatal Error] :1:1: Premature end of file.
2026-08-23 23:20:57,341 [ERROR] LogOutputStream:75 - [STDERR_REDIRECT] 
2026-08-23 23:20:58,338 [ERROR] LogOutputStream:75 - [STDERR_REDIRECT] [Fatal Error] :1:1: Premature end of file.
2026-08-23 23:20:58,338 [ERROR] LogOutputStream:75 - [STDERR_REDIRECT] 
2026-08-23 23:20:59,350 [ERROR] LogOutputStream:75 - [STDERR_REDIRECT] [Fatal Error] :1:1: Premature end of file.
2026-08-23 23:20:59,350 [ERROR] LogOutputStream:75 - [STDERR_REDIRECT] 
2026-08-23 23:21:00,339 [ERROR] LogOutputStream:75 - [STDERR_REDIRECT] [Fatal Error] :1:1: Premature end of file.
2026-08-23 23:21:00,339 [ERROR] LogOutputStream:75 - [STDERR_REDIRECT] 
2026-08-23 23:21:01,338 [ERROR] LogOutputStream:75 - [STDERR_REDIRECT] [Fatal Error] :1:1: Premature end of file.
2026-08-23 23:21:01,338 [ERROR] LogOutputStream:75 - [STDERR_REDIRECT] 
2026-08-23 23:21:02,337 [ERROR] LogOutputStream:75 - [STDERR_REDIRECT] [Fatal Error] :1:1: Premature end of file.
2026-08-23 23:21:02,337 [ERROR] LogOutputStream:75 - [STDERR_REDIRECT] 
2026-08-23 23:21:03,336 [ERROR] LogOutputStream:75 - [STDERR_REDIRECT] [Fatal Error] :1:1: Premature end of file.
2026-08-23 23:21:03,336 [ERROR] LogOutputStream:75 - [STDERR_REDIRECT] 
2026-08-23 23:21:04,349 [ERROR] LogOutputStream:75 - [STDERR_REDIRECT] [Fatal Error] :1:1: Premature end of file.
2026-08-23 23:21:04,349 [ERROR] LogOutputStream:75 - [STDERR_REDIRECT] 
2026-08-23 23:21:05,335 [ERROR] LogOutputStream:75 - [STDERR_REDIRECT] [Fatal Error] :1:1: Premature end of file.
2026-08-23 23:21:05,335 [ERROR] LogOutputStream:75 - [STDERR_REDIRECT] 
2026-08-23 23:21:06,345 [ERROR] LogOutputStream:75 - [STDERR_REDIRECT] [Fatal Error] :1:1: Premature end of file.
2026-08-23 23:21:06,345 [ERROR] LogOutputStream:75 - [STDERR_REDIRECT] 
2026-08-23 23:21:07,333 [ERROR] LogOutputStream:75 - [STDERR_REDIRECT] [Fatal Error] :1:1: Premature end of file.
2026-08-23 23:21:07,333 [ERROR] LogOutputStream:75 - [STDERR_REDIRECT] 
2026-08-23 23:21:08,332 [ERROR] LogOutputStream:75 - [STDERR_REDIRECT] [Fatal Error] :1:1: Premature end of file.
2026-08-23 23:21:08,332 [ERROR] LogOutputStream:75 - [STDERR_REDIRECT] 
2026-08-23 23:21:09,349 [ERROR] LogOutputStream:75 - [STDERR_REDIRECT] [Fatal Error] :1:1: Premature end of file.
2026-08-23 23:21:09,349 [ERROR] LogOutputStream:75 - [STDERR_REDIRECT] 
2026-08-23 23:21:10,341 [ERROR] LogOutputStream:75 - [STDERR_REDIRECT] [Fatal Error] :1:1: Premature end of file.
2026-08-23 23:21:10,341 [ERROR] LogOutputStream:75 - [STDERR_REDIRECT] 
2026-08-23 23:21:11,330 [ERROR] LogOutputStream:75 - [STDERR_REDIRECT] [Fatal Error] :1:1: Premature end of file.
2026-08-23 23:21:11,330 [ERROR] LogOutputStream:75 - [STDERR_REDIRECT] 
2026-08-23 23:21:12,329 [ERROR] LogOutputStream:75 - [STDERR_REDIRECT] [Fatal Error] :1:1: Premature end of file.
2026-08-23 23:21:12,329 [ERROR] LogOutputStream:75 - [STDERR_REDIRECT] 
2026-08-23 23:21:13,328 [ERROR] LogOutputStream:75 - [STDERR_REDIRECT] [Fatal Error] :1:1: Premature end of file.
2026-08-23 23:21:13,328 [ERROR] LogOutputStream:75 - [STDERR_REDIRECT] 
2026-08-23 23:21:14,328 [ERROR] LogOutputStream:75 - [STDERR_REDIRECT] [Fatal Error] :1:1: Premature end of file.
2026-08-23 23:21:14,328 [ERROR] LogOutputStream:75 - [STDERR_REDIRECT] 
2026-08-23 23:21:15,333 [ERROR] LogOutputStream:75 - [STDERR_REDIRECT] [Fatal Error] :1:1: Premature end of file.
2026-08-23 23:21:15,333 [ERROR] LogOutputStream:75 - [STDERR_REDIRECT] 
2026-08-23 23:21:16,326 [ERROR] LogOutputStream:75 - [STDERR_REDIRECT] [Fatal Error] :1:1: Premature end of file.
2026-08-23 23:21:16,326 [ERROR] LogOutputStream:75 - [STDERR_REDIRECT] 
2026-08-23 23:21:17,335 [ERROR] LogOutputStream:75 - [STDERR_REDIRECT] [Fatal Error] :1:1: Premature end of file.
2026-08-23 23:21:17,335 [ERROR] LogOutputStream:75 - [STDERR_REDIRECT] 
2026-08-23 23:21:18,346 [ERROR] LogOutputStream:75 - [STDERR_REDIRECT] [Fatal Error] :1:1: Premature end of file.
2026-08-23 23:21:18,346 [ERROR] LogOutputStream:75 - [STDERR_REDIRECT] 
2026-08-23 23:21:19,344 [ERROR] LogOutputStream:75 - [STDERR_REDIRECT] [Fatal Error] :1:1: Premature end of file.
2026-08-23 23:21:19,344 [ERROR] LogOutputStream:75 - [STDERR_REDIRECT] 
2026-08-23 23:21:20,342 [ERROR] LogOutputStream:75 - [STDERR_REDIRECT] [Fatal Error] :1:1: Premature end of file.
2026-08-23 23:21:20,342 [ERROR] LogOutputStream:75 - [STDERR_REDIRECT] 
2026-08-23 23:21:21,325 [ERROR] LogOutputStream:75 - [STDERR_REDIRECT] [Fatal Error] :1:1: Premature end of file.
2026-08-23 23:21:21,325 [ERROR] LogOutputStream:75 - [STDERR_REDIRECT] 
2026-08-23 23:21:22,349 [ERROR] LogOutputStream:75 - [STDERR_REDIRECT] [Fatal Error] :1:1: Premature end of file.
2026-08-23 23:21:22,349 [ERROR] LogOutputStream:75 - [STDERR_REDIRECT] 
2026-08-23 23:21:23,350 [ERROR] LogOutputStream:75 - [STDERR_REDIRECT] [Fatal Error] :1:1: Premature end of file.
2026-08-23 23:21:23,350 [ERROR] LogOutputStream:75 - [STDERR_REDIRECT] 
2026-08-23 23:21:24,338 [ERROR] LogOutputStream:75 - [STDERR_REDIRECT] [Fatal Error] :1:1: Premature end of file.
2026-08-23 23:21:24,338 [ERROR] LogOutputStream:75 - [STDERR_REDIRECT] 
2026-08-23 23:21:25,345 [ERROR] LogOutputStream:75 - [STDERR_REDIRECT] [Fatal Error] :1:1: Premature end of file.
2026-08-23 23:21:25,345 [ERROR] LogOutputStream:75 - [STDERR_REDIRECT] 
2026-08-23 23:21:26,334 [ERROR] LogOutputStream:75 - [STDERR_REDIRECT] [Fatal Error] :1:1: Premature end of file.
2026-08-23 23:21:26,334 [ERROR] LogOutputStream:75 - [STDERR_REDIRECT] 
2026-08-23 23:21:27,335 [ERROR] LogOutputStream:75 - [STDERR_REDIRECT] [Fatal Error] :1:1: Premature end of file.
2026-08-23 23:21:27,335 [ERROR] LogOutputStream:75 - [STDERR_REDIRECT] 
2026-08-23 23:21:28,334 [ERROR] LogOutputStream:75 - [STDERR_REDIRECT] [Fatal Error] :1:1: Premature end of file.
2026-08-23 23:21:28,334 [ERROR] LogOutputStream:75 - [STDERR_REDIRECT] 
2026-08-23 23:21:29,334 [ERROR] LogOutputStream:75 - [STDERR_REDIRECT] [Fatal Error] :1:1: Premature end of file.
2026-08-23 23:21:29,334 [ERROR] LogOutputStream:75 - [STDERR_REDIRECT] 
2026-08-23 23:21:30,335 [ERROR] LogOutputStream:75 - [STDERR_REDIRECT] [Fatal Error] :1:1: Premature end of file.
2026-08-23 23:21:30,335 [ERROR] LogOutputStream:75 - [STDERR_REDIRECT] 
2026-08-23 23:21:31,330 [ERROR] LogOutputStream:75 - [STDERR_REDIRECT] [Fatal Error] :1:1: Premature end of file.
2026-08-23 23:21:31,330 [ERROR] LogOutputStream:75 - [STDERR_REDIRECT] 
2026-08-23 23:21:32,339 [ERROR] LogOutputStream:75 - [STDERR_REDIRECT] [Fatal Error] :1:1: Premature end of file.
2026-08-23 23:21:32,339 [ERROR] LogOutputStream:75 - [STDERR_REDIRECT] 
2026-08-23 23:21:33,341 [ERROR] LogOutputStream:75 - [STDERR_REDIRECT] [Fatal Error] :1:1: Premature end of file.
2026-08-23 23:21:33,341 [ERROR] LogOutputStream:75 - [STDERR_REDIRECT] 
2026-08-23 23:21:34,332 [ERROR] LogOutputStream:75 - [STDERR_REDIRECT] [Fatal Error] :1:1: Premature end of file.
2026-08-23 23:21:34,332 [ERROR] LogOutputStream:75 - [STDERR_REDIRECT] 
2026-08-23 23:21:35,339 [ERROR] LogOutputStream:75 - [STDERR_REDIRECT] [Fatal Error] :1:1: Premature end of file.
2026-08-23 23:21:35,339 [ERROR] LogOutputStream:75 - [STDERR_REDIRECT] 
2026-08-23 23:21:36,329 [ERROR] LogOutputStream:75 - [STDERR_REDIRECT] [Fatal Error] :1:1: Premature end of file.
2026-08-23 23:21:36,329 [ERROR] LogOutputStream:75 - [STDERR_REDIRECT] 
2026-08-23 23:21:37,328 [ERROR] LogOutputStream:75 - [STDERR_REDIRECT] [Fatal Error] :1:1: Premature end of file.
2026-08-23 23:21:37,328 [ERROR] LogOutputStream:75 - [STDERR_REDIRECT] 
2026-08-23 23:21:38,351 [ERROR] LogOutputStream:75 - [STDERR_REDIRECT] [Fatal Error] :1:1: Premature end of file.
2026-08-23 23:21:38,351 [ERROR] LogOutputStream:75 - [STDERR_REDIRECT] 
2026-08-23 23:21:39,341 [ERROR] LogOutputStream:75 - [STDERR_REDIRECT] [Fatal Error] :1:1: Premature end of file.
2026-08-23 23:21:39,341 [ERROR] LogOutputStream:75 - [STDERR_REDIRECT] 
2026-08-23 23:21:40,341 [ERROR] LogOutputStream:75 - [STDERR_REDIRECT] [Fatal Error] :1:1: Premature end of file.
2026-08-23 23:21:40,341 [ERROR] LogOutputStream:75 - [STDERR_REDIRECT] 
2026-08-23 23:21:41,341 [ERROR] LogOutputStream:75 - [STDERR_REDIRECT] [Fatal Error] :1:1: Premature end of file.
2026-08-23 23:21:41,341 [ERROR] LogOutputStream:75 - [STDERR_REDIRECT] 
2026-08-23 23:21:42,329 [ERROR] LogOutputStream:75 - [STDERR_REDIRECT] [Fatal Error] :1:1: Premature end of file.
2026-08-23 23:21:42,329 [ERROR] LogOutputStream:75 - [STDERR_REDIRECT] 
2026-08-23 23:21:43,342 [ERROR] LogOutputStream:75 - [STDERR_REDIRECT] [Fatal Error] :1:1: Premature end of file.
2026-08-23 23:21:43,342 [ERROR] LogOutputStream:75 - [STDERR_REDIRECT] 
2026-08-23 23:21:44,337 [ERROR] LogOutputStream:75 - [STDERR_REDIRECT] [Fatal Error] :1:1: Premature end of file.
2026-08-23 23:21:44,337 [ERROR] LogOutputStream:75 - [STDERR_REDIRECT] 
2026-08-23 23:21:45,336 [ERROR] LogOutputStream:75 - [STDERR_REDIRECT] [Fatal Error] :1:1: Premature end of file.
2026-08-23 23:21:45,336 [ERROR] LogOutputStream:75 - [STDERR_REDIRECT] 
2026-08-23 23:21:46,336 [ERROR] LogOutputStream:75 - [STDERR_REDIRECT] [Fatal Error] :1:1: Premature end of file.
2026-08-23 23:21:46,336 [ERROR] LogOutputStream:75 - [STDERR_REDIRECT] 
2026-08-23 23:21:47,345 [ERROR] LogOutputStream:75 - [STDERR_REDIRECT] [Fatal Error] :1:1: Premature end of file.
2026-08-23 23:21:47,345 [ERROR] LogOutputStream:75 - [STDERR_REDIRECT] 
2026-08-23 23:21:48,338 [ERROR] LogOutputStream:75 - [STDERR_REDIRECT] [Fatal Error] :1:1: Premature end of file.
2026-08-23 23:21:48,338 [ERROR] LogOutputStream:75 - [STDERR_REDIRECT] 
2026-08-23 23:21:49,345 [ERROR] LogOutputStream:75 - [STDERR_REDIRECT] [Fatal Error] :1:1: Premature end of file.
2026-08-23 23:21:49,345 [ERROR] LogOutputStream:75 - [STDERR_REDIRECT] 
2026-08-23 23:21:50,343 [ERROR] LogOutputStream:75 - [STDERR_REDIRECT] [Fatal Error] :1:1: Premature end of file.
2026-08-23 23:21:50,343 [ERROR] LogOutputStream:75 - [STDERR_REDIRECT] 
2026-08-23 23:21:51,344 [ERROR] LogOutputStream:75 - [STDERR_REDIRECT] [Fatal Error] :1:1: Premature end of file.
2026-08-23 23:21:51,344 [ERROR] LogOutputStream:75 - [STDERR_REDIRECT] 
2026-08-23 23:21:52,332 [ERROR] LogOutputStream:75 - [STDERR_REDIRECT] [Fatal Error] :1:1: Premature end of file.
2026-08-23 23:21:52,332 [ERROR] LogOutputStream:75 - [STDERR_REDIRECT] 
2026-08-23 23:21:53,336 [ERROR] LogOutputStream:75 - [STDERR_REDIRECT] [Fatal Error] :1:1: Premature end of file.
2026-08-23 23:21:53,336 [ERROR] LogOutputStream:75 - [STDERR_REDIRECT] 
2026-08-23 23:21:54,329 [ERROR] LogOutputStream:75 - [STDERR_REDIRECT] [Fatal Error] :1:1: Premature end of file.
2026-08-23 23:21:54,329 [ERROR] LogOutputStream:75 - [STDERR_REDIRECT] 
2026-08-23 23:21:55,338 [ERROR] LogOutputStream:75 - [STDERR_REDIRECT] [Fatal Error] :1:1: Premature end of file.
2026-08-23 23:21:55,338 [ERROR] LogOutputStream:75 - [STDERR_REDIRECT] 
2026-08-23 23:21:56,341 [ERROR] LogOutputStream:75 - [STDERR_REDIRECT] [Fatal Error] :1:1: Premature end of file.
2026-08-23 23:21:56,341 [ERROR] LogOutputStream:75 - [STDERR_REDIRECT] 
2026-08-23 23:21:57,334 [ERROR] LogOutputStream:75 - [STDERR_REDIRECT] [Fatal Error] :1:1: Premature end of file.
2026-08-23 23:21:57,334 [ERROR] LogOutputStream:75 - [STDERR_REDIRECT] 
2026-08-23 23:21:58,333 [ERROR] LogOutputStream:75 - [STDERR_REDIRECT] [Fatal Error] :1:1: Premature end of file.
2026-08-23 23:21:58,333 [ERROR] LogOutputStream:75 - [STDERR_REDIRECT] 
2026-08-23 23:21:59,326 [ERROR] LogOutputStream:75 - [STDERR_REDIRECT] [Fatal Error] :1:1: Premature end of file.
2026-08-23 23:21:59,326 [ERROR] LogOutputStream:75 - [STDERR_REDIRECT] 
2026-08-23 23:22:00,334 [ERROR] LogOutputStream:75 - [STDERR_REDIRECT] [Fatal Error] :1:1: Premature end of file.
2026-08-23 23:22:00,334 [ERROR] LogOutputStream:75 - [STDERR_REDIRECT] 
2026-08-23 23:22:01,340 [ERROR] LogOutputStream:75 - [STDERR_REDIRECT] [Fatal Error] :1:1: Premature end of file.
2026-08-23 23:22:01,340 [ERROR] LogOutputStream:75 - [STDERR_REDIRECT] 
2026-08-23 23:22:02,339 [ERROR] LogOutputStream:75 - [STDERR_REDIRECT] [Fatal Error] :1:1: Premature end of file.
2026-08-23 23:22:02,339 [ERROR] LogOutputStream:75 - [STDERR_REDIRECT] 
2026-08-23 23:22:03,347 [ERROR] LogOutputStream:75 - [STDERR_REDIRECT] [Fatal Error] :1:1: Premature end of file.
2026-08-23 23:22:03,347 [ERROR] LogOutputStream:75 - [STDERR_REDIRECT] 
2026-08-23 23:22:04,347 [ERROR] LogOutputStream:75 - [STDERR_REDIRECT] [Fatal Error] :1:1: Premature end of file.
2026-08-23 23:22:04,347 [ERROR] LogOutputStream:75 - [STDERR_REDIRECT] 
2026-08-23 23:22:05,338 [ERROR] LogOutputStream:75 - [STDERR_REDIRECT] [Fatal Error] :1:1: Premature end of file.
2026-08-23 23:22:05,338 [ERROR] LogOutputStream:75 - [STDERR_REDIRECT] 
2026-08-23 23:22:06,350 [ERROR] LogOutputStream:75 - [STDERR_REDIRECT] [Fatal Error] :1:1: Premature end of file.
2026-08-23 23:22:06,350 [ERROR] LogOutputStream:75 - [STDERR_REDIRECT] 
2026-08-23 23:22:07,348 [ERROR] LogOutputStream:75 - [STDERR_REDIRECT] [Fatal Error] :1:1: Premature end of file.
2026-08-23 23:22:07,349 [ERROR] LogOutputStream:75 - [STDERR_REDIRECT] 
2026-08-23 23:22:08,337 [ERROR] LogOutputStream:75 - [STDERR_REDIRECT] [Fatal Error] :1:1: Premature end of file.
2026-08-23 23:22:08,337 [ERROR] LogOutputStream:75 - [STDERR_REDIRECT] 
2026-08-23 23:22:09,340 [ERROR] LogOutputStream:75 - [STDERR_REDIRECT] [Fatal Error] :1:1: Premature end of file.
2026-08-23 23:22:09,340 [ERROR] LogOutputStream:75 - [STDERR_REDIRECT] 
2026-08-23 23:22:10,342 [ERROR] LogOutputStream:75 - [STDERR_REDIRECT] [Fatal Error] :1:1: Premature end of file.
2026-08-23 23:22:10,342 [ERROR] LogOutputStream:75 - [STDERR_REDIRECT] 
2026-08-23 23:22:11,332 [ERROR] LogOutputStream:75 - [STDERR_REDIRECT] [Fatal Error] :1:1: Premature end of file.
2026-08-23 23:22:11,342 [ERROR] LogOutputStream:75 - [STDERR_REDIRECT] 
2026-08-23 23:22:12,332 [ERROR] LogOutputStream:75 - [STDERR_REDIRECT] [Fatal Error] :1:1: Premature end of file.
2026-08-23 23:22:12,332 [ERROR] LogOutputStream:75 - [STDERR_REDIRECT] 
2026-08-23 23:22:13,341 [ERROR] LogOutputStream:75 - [STDERR_REDIRECT] [Fatal Error] :1:1: Premature end of file.
2026-08-23 23:22:13,341 [ERROR] LogOutputStream:75 - [STDERR_REDIRECT] 
2026-08-23 23:22:14,338 [ERROR] LogOutputStream:75 - [STDERR_REDIRECT] [Fatal Error] :1:1: Premature end of file.
2026-08-23 23:22:14,338 [ERROR] LogOutputStream:75 - [STDERR_REDIRECT] 
2026-08-23 23:22:15,343 [ERROR] LogOutputStream:75 - [STDERR_REDIRECT] [Fatal Error] :1:1: Premature end of file.
2026-08-23 23:22:15,343 [ERROR] LogOutputStream:75 - [STDERR_REDIRECT] 
2026-08-23 23:22:16,328 [ERROR] LogOutputStream:75 - [STDERR_REDIRECT] [Fatal Error] :1:1: Premature end of file.
2026-08-23 23:22:16,328 [ERROR] LogOutputStream:75 - [STDERR_REDIRECT] 
2026-08-23 23:22:17,338 [ERROR] LogOutputStream:75 - [STDERR_REDIRECT] [Fatal Error] :1:1: Premature end of file.
2026-08-23 23:22:17,338 [ERROR] LogOutputStream:75 - [STDERR_REDIRECT] 
2026-08-23 23:22:18,327 [ERROR] LogOutputStream:75 - [STDERR_REDIRECT] [Fatal Error] :1:1: Premature end of file.
2026-08-23 23:22:18,327 [ERROR] LogOutputStream:75 - [STDERR_REDIRECT] 
2026-08-23 23:22:19,352 [ERROR] LogOutputStream:75 - [STDERR_REDIRECT] [Fatal Error] :1:1: Premature end of file.
2026-08-23 23:22:19,352 [ERROR] LogOutputStream:75 - [STDERR_REDIRECT] 
2026-08-23 23:22:20,339 [ERROR] LogOutputStream:75 - [STDERR_REDIRECT] [Fatal Error] :1:1: Premature end of file.
2026-08-23 23:22:20,339 [ERROR] LogOutputStream:75 - [STDERR_REDIRECT] 
2026-08-23 23:22:21,351 [ERROR] LogOutputStream:75 - [STDERR_REDIRECT] [Fatal Error] :1:1: Premature end of file.
2026-08-23 23:22:21,351 [ERROR] LogOutputStream:75 - [STDERR_REDIRECT] 
2026-08-23 23:22:22,337 [ERROR] LogOutputStream:75 - [STDERR_REDIRECT] [Fatal Error] :1:1: Premature end of file.
2026-08-23 23:22:22,337 [ERROR] LogOutputStream:75 - [STDERR_REDIRECT] 
2026-08-23 23:22:23,453 [ERROR] LogOutputStream:75 - [STDERR_REDIRECT] [Fatal Error] :1:1: Premature end of file.
2026-08-23 23:22:23,453 [ERROR] LogOutputStream:75 - [STDERR_REDIRECT] 
2026-08-23 23:22:24,348 [ERROR] LogOutputStream:75 - [STDERR_REDIRECT] [Fatal Error] :1:1: Premature end of file.
2026-08-23 23:22:24,348 [ERROR] LogOutputStream:75 - [STDERR_REDIRECT] 
2026-08-23 23:22:25,352 [ERROR] LogOutputStream:75 - [STDERR_REDIRECT] [Fatal Error] :1:1: Premature end of file.
2026-08-23 23:22:25,352 [ERROR] LogOutputStream:75 - [STDERR_REDIRECT] 
2026-08-23 23:22:26,342 [ERROR] LogOutputStream:75 - [STDERR_REDIRECT] [Fatal Error] :1:1: Premature end of file.
2026-08-23 23:22:26,342 [ERROR] LogOutputStream:75 - [STDERR_REDIRECT] 
2026-08-23 23:22:27,348 [ERROR] LogOutputStream:75 - [STDERR_REDIRECT] [Fatal Error] :1:1: Premature end of file.
2026-08-23 23:22:27,348 [ERROR] LogOutputStream:75 - [STDERR_REDIRECT] 
2026-08-23 23:22:28,335 [ERROR] LogOutputStream:75 - [STDERR_REDIRECT] [Fatal Error] :1:1: Premature end of file.
2026-08-23 23:22:28,335 [ERROR] LogOutputStream:75 - [STDERR_REDIRECT] 
2026-08-23 23:22:29,353 [ERROR] LogOutputStream:75 - [STDERR_REDIRECT] [Fatal Error] :1:1: Premature end of file.
2026-08-23 23:22:29,353 [ERROR] LogOutputStream:75 - [STDERR_REDIRECT] 
2026-08-23 23:22:30,341 [ERROR] LogOutputStream:75 - [STDERR_REDIRECT] [Fatal Error] :1:1: Premature end of file.
2026-08-23 23:22:30,341 [ERROR] LogOutputStream:75 - [STDERR_REDIRECT] 
2026-08-23 23:22:31,345 [ERROR] LogOutputStream:75 - [STDERR_REDIRECT] [Fatal Error] :1:1: Premature end of file.
2026-08-23 23:22:31,345 [ERROR] LogOutputStream:75 - [STDERR_REDIRECT] 
2026-08-23 23:22:32,345 [ERROR] LogOutputStream:75 - [STDERR_REDIRECT] [Fatal Error] :1:1: Premature end of file.
2026-08-23 23:22:32,345 [ERROR] LogOutputStream:75 - [STDERR_REDIRECT] 
2026-08-23 23:22:33,338 [ERROR] LogOutputStream:75 - [STDERR_REDIRECT] [Fatal Error] :1:1: Premature end of file.
2026-08-23 23:22:33,338 [ERROR] LogOutputStream:75 - [STDERR_REDIRECT] 
2026-08-23 23:22:34,347 [ERROR] LogOutputStream:75 - [STDERR_REDIRECT] [Fatal Error] :1:1: Premature end of file.
2026-08-23 23:22:34,347 [ERROR] LogOutputStream:75 - [STDERR_REDIRECT] 
2026-08-23 23:22:35,340 [ERROR] LogOutputStream:75 - [STDERR_REDIRECT] [Fatal Error] :1:1: Premature end of file.
2026-08-23 23:22:35,340 [ERROR] LogOutputStream:75 - [STDERR_REDIRECT] 
2026-08-23 23:22:36,344 [ERROR] LogOutputStream:75 - [STDERR_REDIRECT] [Fatal Error] :1:1: Premature end of file.
2026-08-23 23:22:36,344 [ERROR] LogOutputStream:75 - [STDERR_REDIRECT] 
2026-08-23 23:22:37,334 [ERROR] LogOutputStream:75 - [STDERR_REDIRECT] [Fatal Error] :1:1: Premature end of file.
2026-08-23 23:22:37,334 [ERROR] LogOutputStream:75 - [STDERR_REDIRECT] 
2026-08-23 23:22:38,341 [ERROR] LogOutputStream:75 - [STDERR_REDIRECT] [Fatal Error] :1:1: Premature end of file.
2026-08-23 23:22:38,341 [ERROR] LogOutputStream:75 - [STDERR_REDIRECT] 
2026-08-23 23:22:39,343 [ERROR] LogOutputStream:75 - [STDERR_REDIRECT] [Fatal Error] :1:1: Premature end of file.
2026-08-23 23:22:39,343 [ERROR] LogOutputStream:75 - [STDERR_REDIRECT] 
2026-08-23 23:22:40,342 [ERROR] LogOutputStream:75 - [STDERR_REDIRECT] [Fatal Error] :1:1: Premature end of file.
2026-08-23 23:22:40,342 [ERROR] LogOutputStream:75 - [STDERR_REDIRECT] 
2026-08-23 23:22:41,353 [ERROR] LogOutputStream:75 - [STDERR_REDIRECT] [Fatal Error] :1:1: Premature end of file.
2026-08-23 23:22:41,353 [ERROR] LogOutputStream:75 - [STDERR_REDIRECT] 
2026-08-23 23:22:42,358 [ERROR] LogOutputStream:75 - [STDERR_REDIRECT] [Fatal Error] :1:1: Premature end of file.
2026-08-23 23:22:42,358 [ERROR] LogOutputStream:75 - [STDERR_REDIRECT] 
2026-08-23 23:22:43,349 [ERROR] LogOutputStream:75 - [STDERR_REDIRECT] [Fatal Error] :1:1: Premature end of file.
2026-08-23 23:22:43,349 [ERROR] LogOutputStream:75 - [STDERR_REDIRECT] 
2026-08-23 23:22:44,347 [ERROR] LogOutputStream:75 - [STDERR_REDIRECT] [Fatal Error] :1:1: Premature end of file.
2026-08-23 23:22:44,347 [ERROR] LogOutputStream:75 - [STDERR_REDIRECT] 
2026-08-23 23:22:45,342 [ERROR] LogOutputStream:75 - [STDERR_REDIRECT] [Fatal Error] :1:1: Premature end of file.
2026-08-23 23:22:45,342 [ERROR] LogOutputStream:75 - [STDERR_REDIRECT] 
2026-08-23 23:22:46,336 [ERROR] LogOutputStream:75 - [STDERR_REDIRECT] [Fatal Error] :1:1: Premature end of file.
2026-08-23 23:22:46,336 [ERROR] LogOutputStream:75 - [STDERR_REDIRECT] 
2026-08-23 23:22:47,336 [ERROR] LogOutputStream:75 - [STDERR_REDIRECT] [Fatal Error] :1:1: Premature end of file.
2026-08-23 23:22:47,336 [ERROR] LogOutputStream:75 - [STDERR_REDIRECT] 
2026-08-23 23:22:48,338 [ERROR] LogOutputStream:75 - [STDERR_REDIRECT] [Fatal Error] :1:1: Premature end of file.
2026-08-23 23:22:48,338 [ERROR] LogOutputStream:75 - [STDERR_REDIRECT] 
2026-08-23 23:22:49,334 [ERROR] LogOutputStream:75 - [STDERR_REDIRECT] [Fatal Error] :1:1: Premature end of file.
2026-08-23 23:22:49,334 [ERROR] LogOutputStream:75 - [STDERR_REDIRECT] 
2026-08-23 23:22:50,357 [ERROR] LogOutputStream:75 - [STDERR_REDIRECT] [Fatal Error] :1:1: Premature end of file.
2026-08-23 23:22:50,357 [ERROR] LogOutputStream:75 - [STDERR_REDIRECT] 
2026-08-23 23:22:51,333 [ERROR] LogOutputStream:75 - [STDERR_REDIRECT] [Fatal Error] :1:1: Premature end of file.
2026-08-23 23:22:51,333 [ERROR] LogOutputStream:75 - [STDERR_REDIRECT] 
2026-08-23 23:22:52,340 [ERROR] LogOutputStream:75 - [STDERR_REDIRECT] [Fatal Error] :1:1: Premature end of file.
2026-08-23 23:22:52,340 [ERROR] LogOutputStream:75 - [STDERR_REDIRECT] 
2026-08-23 23:22:53,348 [ERROR] LogOutputStream:75 - [STDERR_REDIRECT] [Fatal Error] :1:1: Premature end of file.
2026-08-23 23:22:53,348 [ERROR] LogOutputStream:75 - [STDERR_REDIRECT] 
2026-08-23 23:22:54,329 [ERROR] LogOutputStream:75 - [STDERR_REDIRECT] [Fatal Error] :1:1: Premature end of file.
2026-08-23 23:22:54,329 [ERROR] LogOutputStream:75 - [STDERR_REDIRECT] 
2026-08-23 23:22:55,347 [ERROR] LogOutputStream:75 - [STDERR_REDIRECT] [Fatal Error] :1:1: Premature end of file.
2026-08-23 23:22:55,347 [ERROR] LogOutputStream:75 - [STDERR_REDIRECT] 
2026-08-23 23:22:56,345 [ERROR] LogOutputStream:75 - [STDERR_REDIRECT] [Fatal Error] :1:1: Premature end of file.
2026-08-23 23:22:56,345 [ERROR] LogOutputStream:75 - [STDERR_REDIRECT] 
2026-08-23 23:22:57,336 [ERROR] LogOutputStream:75 - [STDERR_REDIRECT] [Fatal Error] :1:1: Premature end of file.
2026-08-23 23:22:57,336 [ERROR] LogOutputStream:75 - [STDERR_REDIRECT] 
2026-08-23 23:22:58,336 [ERROR] LogOutputStream:75 - [STDERR_REDIRECT] [Fatal Error] :1:1: Premature end of file.
2026-08-23 23:22:58,336 [ERROR] LogOutputStream:75 - [STDERR_REDIRECT] 
2026-08-23 23:22:59,334 [ERROR] LogOutputStream:75 - [STDERR_REDIRECT] [Fatal Error] :1:1: Premature end of file.
2026-08-23 23:22:59,334 [ERROR] LogOutputStream:75 - [STDERR_REDIRECT] 
2026-08-23 23:23:00,325 [ERROR] LogOutputStream:75 - [STDERR_REDIRECT] [Fatal Error] :1:1: Premature end of file.
2026-08-23 23:23:00,325 [ERROR] LogOutputStream:75 - [STDERR_REDIRECT] 
2026-08-23 23:23:01,354 [ERROR] LogOutputStream:75 - [STDERR_REDIRECT] [Fatal Error] :1:1: Premature end of file.
2026-08-23 23:23:01,354 [ERROR] LogOutputStream:75 - [STDERR_REDIRECT] 
2026-08-23 23:23:02,338 [ERROR] LogOutputStream:75 - [STDERR_REDIRECT] [Fatal Error] :1:1: Premature end of file.
2026-08-23 23:23:02,338 [ERROR] LogOutputStream:75 - [STDERR_REDIRECT] 
2026-08-23 23:23:03,348 [ERROR] LogOutputStream:75 - [STDERR_REDIRECT] [Fatal Error] :1:1: Premature end of file.
2026-08-23 23:23:03,348 [ERROR] LogOutputStream:75 - [STDERR_REDIRECT] 
2026-08-23 23:23:04,347 [ERROR] LogOutputStream:75 - [STDERR_REDIRECT] [Fatal Error] :1:1: Premature end of file.
2026-08-23 23:23:04,347 [ERROR] LogOutputStream:75 - [STDERR_REDIRECT] 
2026-08-23 23:23:05,338 [ERROR] LogOutputStream:75 - [STDERR_REDIRECT] [Fatal Error] :1:1: Premature end of file.
2026-08-23 23:23:05,348 [ERROR] LogOutputStream:75 - [STDERR_REDIRECT] 
2026-08-23 23:23:06,335 [ERROR] LogOutputStream:75 - [STDERR_REDIRECT] [Fatal Error] :1:1: Premature end of file.
2026-08-23 23:23:06,335 [ERROR] LogOutputStream:75 - [STDERR_REDIRECT] 
2026-08-23 23:23:07,345 [ERROR] LogOutputStream:75 - [STDERR_REDIRECT] [Fatal Error] :1:1: Premature end of file.
2026-08-23 23:23:07,345 [ERROR] LogOutputStream:75 - [STDERR_REDIRECT] 
2026-08-23 23:23:08,333 [ERROR] LogOutputStream:75 - [STDERR_REDIRECT] [Fatal Error] :1:1: Premature end of file.
2026-08-23 23:23:08,333 [ERROR] LogOutputStream:75 - [STDERR_REDIRECT] 
2026-08-23 23:23:09,333 [ERROR] LogOutputStream:75 - [STDERR_REDIRECT] [Fatal Error] :1:1: Premature end of file.
2026-08-23 23:23:09,333 [ERROR] LogOutputStream:75 - [STDERR_REDIRECT] 
2026-08-23 23:23:10,342 [ERROR] LogOutputStream:75 - [STDERR_REDIRECT] [Fatal Error] :1:1: Premature end of file.
2026-08-23 23:23:10,342 [ERROR] LogOutputStream:75 - [STDERR_REDIRECT] 
2026-08-23 23:23:11,331 [ERROR] LogOutputStream:75 - [STDERR_REDIRECT] [Fatal Error] :1:1: Premature end of file.
2026-08-23 23:23:11,331 [ERROR] LogOutputStream:75 - [STDERR_REDIRECT] 
2026-08-23 23:23:12,330 [ERROR] LogOutputStream:75 - [STDERR_REDIRECT] [Fatal Error] :1:1: Premature end of file.
2026-08-23 23:23:12,330 [ERROR] LogOutputStream:75 - [STDERR_REDIRECT] 
2026-08-23 23:23:13,329 [ERROR] LogOutputStream:75 - [STDERR_REDIRECT] [Fatal Error] :1:1: Premature end of file.
2026-08-23 23:23:13,329 [ERROR] LogOutputStream:75 - [STDERR_REDIRECT] 
2026-08-23 23:23:14,328 [ERROR] LogOutputStream:75 - [STDERR_REDIRECT] [Fatal Error] :1:1: Premature end of file.
2026-08-23 23:23:14,328 [ERROR] LogOutputStream:75 - [STDERR_REDIRECT] 
2026-08-23 23:23:15,328 [ERROR] LogOutputStream:75 - [STDERR_REDIRECT] [Fatal Error] :1:1: Premature end of file.
2026-08-23 23:23:15,328 [ERROR] LogOutputStream:75 - [STDERR_REDIRECT] 
2026-08-23 23:23:16,327 [ERROR] LogOutputStream:75 - [STDERR_REDIRECT] [Fatal Error] :1:1: Premature end of file.
2026-08-23 23:23:16,327 [ERROR] LogOutputStream:75 - [STDERR_REDIRECT] 
2026-08-23 23:23:17,326 [ERROR] LogOutputStream:75 - [STDERR_REDIRECT] [Fatal Error] :1:1: Premature end of file.
2026-08-23 23:23:17,326 [ERROR] LogOutputStream:75 - [STDERR_REDIRECT] 
2026-08-23 23:23:18,325 [ERROR] LogOutputStream:75 - [STDERR_REDIRECT] [Fatal Error] :1:1: Premature end of file.
2026-08-23 23:23:18,325 [ERROR] LogOutputStream:75 - [STDERR_REDIRECT] 
2026-08-23 23:23:19,324 [ERROR] LogOutputStream:75 - [STDERR_REDIRECT] [Fatal Error] :1:1: Premature end of file.
2026-08-23 23:23:19,324 [ERROR] LogOutputStream:75 - [STDERR_REDIRECT] 
2026-08-23 23:23:20,340 [ERROR] LogOutputStream:75 - [STDERR_REDIRECT] [Fatal Error] :1:1: Premature end of file.
2026-08-23 23:23:20,340 [ERROR] LogOutputStream:75 - [STDERR_REDIRECT] 
2026-08-23 23:23:21,339 [ERROR] LogOutputStream:75 - [STDERR_REDIRECT] [Fatal Error] :1:1: Premature end of file.
2026-08-23 23:23:21,339 [ERROR] LogOutputStream:75 - [STDERR_REDIRECT] 
2026-08-23 23:23:22,339 [ERROR] LogOutputStream:75 - [STDERR_REDIRECT] [Fatal Error] :1:1: Premature end of file.
2026-08-23 23:23:22,339 [ERROR] LogOutputStream:75 - [STDERR_REDIRECT] 
2026-08-23 23:23:23,342 [ERROR] LogOutputStream:75 - [STDERR_REDIRECT] [Fatal Error] :1:1: Premature end of file.
2026-08-23 23:23:23,342 [ERROR] LogOutputStream:75 - [STDERR_REDIRECT] 
2026-08-23 23:23:24,337 [ERROR] LogOutputStream:75 - [STDERR_REDIRECT] [Fatal Error] :1:1: Premature end of file.
2026-08-23 23:23:24,337 [ERROR] LogOutputStream:75 - [STDERR_REDIRECT] 
2026-08-23 23:23:25,336 [ERROR] LogOutputStream:75 - [STDERR_REDIRECT] [Fatal Error] :1:1: Premature end of file.
2026-08-23 23:23:25,336 [ERROR] LogOutputStream:75 - [STDERR_REDIRECT] 
2026-08-23 23:23:26,335 [ERROR] LogOutputStream:75 - [STDERR_REDIRECT] [Fatal Error] :1:1: Premature end of file.
2026-08-23 23:23:26,335 [ERROR] LogOutputStream:75 - [STDERR_REDIRECT] 
2026-08-23 23:23:27,334 [ERROR] LogOutputStream:75 - [STDERR_REDIRECT] [Fatal Error] :1:1: Premature end of file.
2026-08-23 23:23:27,334 [ERROR] LogOutputStream:75 - [STDERR_REDIRECT] 
2026-08-23 23:23:28,333 [ERROR] LogOutputStream:75 - [STDERR_REDIRECT] [Fatal Error] :1:1: Premature end of file.
2026-08-23 23:23:28,333 [ERROR] LogOutputStream:75 - [STDERR_REDIRECT] 
2026-08-23 23:23:29,333 [ERROR] LogOutputStream:75 - [STDERR_REDIRECT] [Fatal Error] :1:1: Premature end of file.
2026-08-23 23:23:29,333 [ERROR] LogOutputStream:75 - [STDERR_REDIRECT] 
2026-08-23 23:23:30,332 [ERROR] LogOutputStream:75 - [STDERR_REDIRECT] [Fatal Error] :1:1: Premature end of file.
2026-08-23 23:23:30,332 [ERROR] LogOutputStream:75 - [STDERR_REDIRECT] 
2026-08-23 23:23:31,331 [ERROR] LogOutputStream:75 - [STDERR_REDIRECT] [Fatal Error] :1:1: Premature end of file.
2026-08-23 23:23:31,331 [ERROR] LogOutputStream:75 - [STDERR_REDIRECT] 
2026-08-23 23:23:32,334 [ERROR] LogOutputStream:75 - [STDERR_REDIRECT] [Fatal Error] :1:1: Premature end of file.
2026-08-23 23:23:32,334 [ERROR] LogOutputStream:75 - [STDERR_REDIRECT] 
2026-08-23 23:23:33,329 [ERROR] LogOutputStream:75 - [STDERR_REDIRECT] [Fatal Error] :1:1: Premature end of file.
2026-08-23 23:23:33,329 [ERROR] LogOutputStream:75 - [STDERR_REDIRECT] 
2026-08-23 23:23:34,329 [ERROR] LogOutputStream:75 - [STDERR_REDIRECT] [Fatal Error] :1:1: Premature end of file.
2026-08-23 23:23:34,329 [ERROR] LogOutputStream:75 - [STDERR_REDIRECT] 
2026-08-23 23:23:35,328 [ERROR] LogOutputStream:75 - [STDERR_REDIRECT] [Fatal Error] :1:1: Premature end of file.
2026-08-23 23:23:35,328 [ERROR] LogOutputStream:75 - [STDERR_REDIRECT] 
2026-08-23 23:23:36,327 [ERROR] LogOutputStream:75 - [STDERR_REDIRECT] [Fatal Error] :1:1: Premature end of file.
2026-08-23 23:23:36,327 [ERROR] LogOutputStream:75 - [STDERR_REDIRECT] 
2026-08-23 23:23:37,326 [ERROR] LogOutputStream:75 - [STDERR_REDIRECT] [Fatal Error] :1:1: Premature end of file.
2026-08-23 23:23:37,326 [ERROR] LogOutputStream:75 - [STDERR_REDIRECT] 
2026-08-23 23:23:38,325 [ERROR] LogOutputStream:75 - [STDERR_REDIRECT] [Fatal Error] :1:1: Premature end of file.
2026-08-23 23:23:38,325 [ERROR] LogOutputStream:75 - [STDERR_REDIRECT] 
2026-08-23 23:23:39,344 [ERROR] LogOutputStream:75 - [STDERR_REDIRECT] [Fatal Error] :1:1: Premature end of file.
2026-08-23 23:23:39,344 [ERROR] LogOutputStream:75 - [STDERR_REDIRECT] 
2026-08-23 23:23:40,351 [ERROR] LogOutputStream:75 - [STDERR_REDIRECT] [Fatal Error] :1:1: Premature end of file.
2026-08-23 23:23:40,351 [ERROR] LogOutputStream:75 - [STDERR_REDIRECT] 
2026-08-23 23:23:41,342 [ERROR] LogOutputStream:75 - [STDERR_REDIRECT] [Fatal Error] :1:1: Premature end of file.
2026-08-23 23:23:41,342 [ERROR] LogOutputStream:75 - [STDERR_REDIRECT] 
2026-08-23 23:23:42,351 [ERROR] LogOutputStream:75 - [STDERR_REDIRECT] [Fatal Error] :1:1: Premature end of file.
2026-08-23 23:23:42,351 [ERROR] LogOutputStream:75 - [STDERR_REDIRECT] 
2026-08-23 23:23:43,348 [ERROR] LogOutputStream:75 - [STDERR_REDIRECT] [Fatal Error] :1:1: Premature end of file.
2026-08-23 23:23:43,348 [ERROR] LogOutputStream:75 - [STDERR_REDIRECT] 
2026-08-23 23:23:44,348 [ERROR] LogOutputStream:75 - [STDERR_REDIRECT] [Fatal Error] :1:1: Premature end of file.
2026-08-23 23:23:44,348 [ERROR] LogOutputStream:75 - [STDERR_REDIRECT] 
2026-08-23 23:23:45,348 [ERROR] LogOutputStream:75 - [STDERR_REDIRECT] [Fatal Error] :1:1: Premature end of file.
2026-08-23 23:23:45,348 [ERROR] LogOutputStream:75 - [STDERR_REDIRECT] 
2026-08-23 23:23:46,344 [ERROR] LogOutputStream:75 - [STDERR_REDIRECT] [Fatal Error] :1:1: Premature end of file.
2026-08-23 23:23:46,344 [ERROR] LogOutputStream:75 - [STDERR_REDIRECT] 
2026-08-23 23:23:47,345 [ERROR] LogOutputStream:75 - [STDERR_REDIRECT] [Fatal Error] :1:1: Premature end of file.
2026-08-23 23:23:47,345 [ERROR] LogOutputStream:75 - [STDERR_REDIRECT] 
2026-08-23 23:23:48,336 [ERROR] LogOutputStream:75 - [STDERR_REDIRECT] [Fatal Error] :1:1: Premature end of file.
2026-08-23 23:23:48,336 [ERROR] LogOutputStream:75 - [STDERR_REDIRECT] 
2026-08-23 23:23:49,335 [ERROR] LogOutputStream:75 - [STDERR_REDIRECT] [Fatal Error] :1:1: Premature end of file.
2026-08-23 23:23:49,335 [ERROR] LogOutputStream:75 - [STDERR_REDIRECT] 
2026-08-23 23:23:50,335 [ERROR] LogOutputStream:75 - [STDERR_REDIRECT] [Fatal Error] :1:1: Premature end of file.
2026-08-23 23:23:50,335 [ERROR] LogOutputStream:75 - [STDERR_REDIRECT] 
2026-08-23 23:23:51,342 [ERROR] LogOutputStream:75 - [STDERR_REDIRECT] [Fatal Error] :1:1: Premature end of file.
2026-08-23 23:23:51,342 [ERROR] LogOutputStream:75 - [STDERR_REDIRECT] 
2026-08-23 23:23:52,330 [ERROR] LogOutputStream:75 - [STDERR_REDIRECT] [Fatal Error] :1:1: Premature end of file.
2026-08-23 23:23:52,330 [ERROR] LogOutputStream:75 - [STDERR_REDIRECT] 
2026-08-23 23:23:53,341 [ERROR] LogOutputStream:75 - [STDERR_REDIRECT] [Fatal Error] :1:1: Premature end of file.
2026-08-23 23:23:53,341 [ERROR] LogOutputStream:75 - [STDERR_REDIRECT] 
2026-08-23 23:23:54,329 [ERROR] LogOutputStream:75 - [STDERR_REDIRECT] [Fatal Error] :1:1: Premature end of file.
2026-08-23 23:23:54,329 [ERROR] LogOutputStream:75 - [STDERR_REDIRECT] 
2026-08-23 23:23:55,328 [ERROR] LogOutputStream:75 - [STDERR_REDIRECT] [Fatal Error] :1:1: Premature end of file.
2026-08-23 23:23:55,328 [ERROR] LogOutputStream:75 - [STDERR_REDIRECT] 
2026-08-23 23:23:56,327 [ERROR] LogOutputStream:75 - [STDERR_REDIRECT] [Fatal Error] :1:1: Premature end of file.
2026-08-23 23:23:56,327 [ERROR] LogOutputStream:75 - [STDERR_REDIRECT] 
2026-08-23 23:23:57,340 [ERROR] LogOutputStream:75 - [STDERR_REDIRECT] [Fatal Error] :1:1: Premature end of file.
2026-08-23 23:23:57,340 [ERROR] LogOutputStream:75 - [STDERR_REDIRECT] 
2026-08-23 23:23:58,342 [ERROR] LogOutputStream:75 - [STDERR_REDIRECT] [Fatal Error] :1:1: Premature end of file.
2026-08-23 23:23:58,342 [ERROR] LogOutputStream:75 - [STDERR_REDIRECT] 
2026-08-23 23:23:59,325 [ERROR] LogOutputStream:75 - [STDERR_REDIRECT] [Fatal Error] :1:1: Premature end of file.
2026-08-23 23:23:59,325 [ERROR] LogOutputStream:75 - [STDERR_REDIRECT] 
2026-08-23 23:24:00,324 [ERROR] LogOutputStream:75 - [STDERR_REDIRECT] [Fatal Error] :1:1: Premature end of file.
2026-08-23 23:24:00,324 [ERROR] LogOutputStream:75 - [STDERR_REDIRECT] 
2026-08-23 23:24:01,340 [ERROR] LogOutputStream:75 - [STDERR_REDIRECT] [Fatal Error] :1:1: Premature end of file.
2026-08-23 23:24:01,340 [ERROR] LogOutputStream:75 - [STDERR_REDIRECT] 
2026-08-23 23:24:02,339 [ERROR] LogOutputStream:75 - [STDERR_REDIRECT] [Fatal Error] :1:1: Premature end of file.
2026-08-23 23:24:02,339 [ERROR] LogOutputStream:75 - [STDERR_REDIRECT] 
2026-08-23 23:24:03,338 [ERROR] LogOutputStream:75 - [STDERR_REDIRECT] [Fatal Error] :1:1: Premature end of file.
2026-08-23 23:24:03,338 [ERROR] LogOutputStream:75 - [STDERR_REDIRECT] 
2026-08-23 23:24:04,348 [ERROR] LogOutputStream:75 - [STDERR_REDIRECT] [Fatal Error] :1:1: Premature end of file.
2026-08-23 23:24:04,348 [ERROR] LogOutputStream:75 - [STDERR_REDIRECT] 
2026-08-23 23:24:05,336 [ERROR] LogOutputStream:75 - [STDERR_REDIRECT] [Fatal Error] :1:1: Premature end of file.
2026-08-23 23:24:05,336 [ERROR] LogOutputStream:75 - [STDERR_REDIRECT] 
2026-08-23 23:24:06,335 [ERROR] LogOutputStream:75 - [STDERR_REDIRECT] [Fatal Error] :1:1: Premature end of file.
2026-08-23 23:24:06,335 [ERROR] LogOutputStream:75 - [STDERR_REDIRECT] 
2026-08-23 23:24:07,335 [ERROR] LogOutputStream:75 - [STDERR_REDIRECT] [Fatal Error] :1:1: Premature end of file.
2026-08-23 23:24:07,335 [ERROR] LogOutputStream:75 - [STDERR_REDIRECT] 
2026-08-23 23:24:08,334 [ERROR] LogOutputStream:75 - [STDERR_REDIRECT] [Fatal Error] :1:1: Premature end of file.
2026-08-23 23:24:08,334 [ERROR] LogOutputStream:75 - [STDERR_REDIRECT] 
2026-08-23 23:24:09,344 [ERROR] LogOutputStream:75 - [STDERR_REDIRECT] [Fatal Error] :1:1: Premature end of file.
2026-08-23 23:24:09,344 [ERROR] LogOutputStream:75 - [STDERR_REDIRECT] 
2026-08-23 23:24:10,332 [ERROR] LogOutputStream:75 - [STDERR_REDIRECT] [Fatal Error] :1:1: Premature end of file.
2026-08-23 23:24:10,332 [ERROR] LogOutputStream:75 - [STDERR_REDIRECT] 
2026-08-23 23:24:11,332 [ERROR] LogOutputStream:75 - [STDERR_REDIRECT] [Fatal Error] :1:1: Premature end of file.
2026-08-23 23:24:11,332 [ERROR] LogOutputStream:75 - [STDERR_REDIRECT] 
2026-08-23 23:24:12,331 [ERROR] LogOutputStream:75 - [STDERR_REDIRECT] [Fatal Error] :1:1: Premature end of file.
2026-08-23 23:24:12,331 [ERROR] LogOutputStream:75 - [STDERR_REDIRECT] 
2026-08-23 23:24:13,330 [ERROR] LogOutputStream:75 - [STDERR_REDIRECT] [Fatal Error] :1:1: Premature end of file.
2026-08-23 23:24:13,330 [ERROR] LogOutputStream:75 - [STDERR_REDIRECT] 
2026-08-23 23:24:14,329 [ERROR] LogOutputStream:75 - [STDERR_REDIRECT] [Fatal Error] :1:1: Premature end of file.
2026-08-23 23:24:14,329 [ERROR] LogOutputStream:75 - [STDERR_REDIRECT] 
2026-08-23 23:24:15,362 [ERROR] LogOutputStream:75 - [STDERR_REDIRECT] [Fatal Error] :1:1: Premature end of file.
2026-08-23 23:24:15,362 [ERROR] LogOutputStream:75 - [STDERR_REDIRECT] 
2026-08-23 23:24:16,334 [ERROR] LogOutputStream:75 - [STDERR_REDIRECT] [Fatal Error] :1:1: Premature end of file.
2026-08-23 23:24:16,334 [ERROR] LogOutputStream:75 - [STDERR_REDIRECT] 
2026-08-23 23:24:17,329 [ERROR] LogOutputStream:75 - [STDERR_REDIRECT] [Fatal Error] :1:1: Premature end of file.
2026-08-23 23:24:17,329 [ERROR] LogOutputStream:75 - [STDERR_REDIRECT] 
2026-08-23 23:24:18,330 [ERROR] LogOutputStream:75 - [STDERR_REDIRECT] [Fatal Error] :1:1: Premature end of file.
2026-08-23 23:24:18,330 [ERROR] LogOutputStream:75 - [STDERR_REDIRECT] 
2026-08-23 23:24:19,353 [ERROR] LogOutputStream:75 - [STDERR_REDIRECT] [Fatal Error] :1:1: Premature end of file.
2026-08-23 23:24:19,353 [ERROR] LogOutputStream:75 - [STDERR_REDIRECT] 
2026-08-23 23:24:20,324 [ERROR] LogOutputStream:75 - [STDERR_REDIRECT] [Fatal Error] :1:1: Premature end of file.
2026-08-23 23:24:20,324 [ERROR] LogOutputStream:75 - [STDERR_REDIRECT] 
2026-08-23 23:24:21,344 [ERROR] LogOutputStream:75 - [STDERR_REDIRECT] [Fatal Error] :1:1: Premature end of file.
2026-08-23 23:24:21,344 [ERROR] LogOutputStream:75 - [STDERR_REDIRECT] 
2026-08-23 23:24:22,350 [ERROR] LogOutputStream:75 - [STDERR_REDIRECT] [Fatal Error] :1:1: Premature end of file.
2026-08-23 23:24:22,350 [ERROR] LogOutputStream:75 - [STDERR_REDIRECT] 
2026-08-23 23:24:23,348 [ERROR] LogOutputStream:75 - [STDERR_REDIRECT] [Fatal Error] :1:1: Premature end of file.
2026-08-23 23:24:23,348 [ERROR] LogOutputStream:75 - [STDERR_REDIRECT] 
2026-08-23 23:24:24,343 [ERROR] LogOutputStream:75 - [STDERR_REDIRECT] [Fatal Error] :1:1: Premature end of file.
2026-08-23 23:24:24,343 [ERROR] LogOutputStream:75 - [STDERR_REDIRECT] 
2026-08-23 23:24:25,339 [ERROR] LogOutputStream:75 - [STDERR_REDIRECT] [Fatal Error] :1:1: Premature end of file.
2026-08-23 23:24:25,339 [ERROR] LogOutputStream:75 - [STDERR_REDIRECT] 
2026-08-23 23:24:26,338 [ERROR] LogOutputStream:75 - [STDERR_REDIRECT] [Fatal Error] :1:1: Premature end of file.
2026-08-23 23:24:26,338 [ERROR] LogOutputStream:75 - [STDERR_REDIRECT] 
2026-08-23 23:24:27,339 [ERROR] LogOutputStream:75 - [STDERR_REDIRECT] [Fatal Error] :1:1: Premature end of file.
2026-08-23 23:24:27,339 [ERROR] LogOutputStream:75 - [STDERR_REDIRECT] 
2026-08-23 23:24:28,345 [ERROR] LogOutputStream:75 - [STDERR_REDIRECT] [Fatal Error] :1:1: Premature end of file.
2026-08-23 23:24:28,345 [ERROR] LogOutputStream:75 - [STDERR_REDIRECT] 
2026-08-23 23:24:29,342 [ERROR] LogOutputStream:75 - [STDERR_REDIRECT] [Fatal Error] :1:1: Premature end of file.
2026-08-23 23:24:29,342 [ERROR] LogOutputStream:75 - [STDERR_REDIRECT] 
2026-08-23 23:24:30,332 [ERROR] LogOutputStream:75 - [STDERR_REDIRECT] [Fatal Error] :1:1: Premature end of file.
2026-08-23 23:24:30,332 [ERROR] LogOutputStream:75 - [STDERR_REDIRECT] 
2026-08-23 23:24:31,331 [ERROR] LogOutputStream:75 - [STDERR_REDIRECT] [Fatal Error] :1:1: Premature end of file.
2026-08-23 23:24:31,331 [ERROR] LogOutputStream:75 - [STDERR_REDIRECT] 
2026-08-23 23:24:32,343 [ERROR] LogOutputStream:75 - [STDERR_REDIRECT] [Fatal Error] :1:1: Premature end of file.
2026-08-23 23:24:32,343 [ERROR] LogOutputStream:75 - [STDERR_REDIRECT] 
2026-08-23 23:24:33,330 [ERROR] LogOutputStream:75 - [STDERR_REDIRECT] [Fatal Error] :1:1: Premature end of file.
2026-08-23 23:24:33,330 [ERROR] LogOutputStream:75 - [STDERR_REDIRECT] 
2026-08-23 23:24:34,338 [ERROR] LogOutputStream:75 - [STDERR_REDIRECT] [Fatal Error] :1:1: Premature end of file.
2026-08-23 23:24:34,338 [ERROR] LogOutputStream:75 - [STDERR_REDIRECT] 
2026-08-23 23:24:35,339 [ERROR] LogOutputStream:75 - [STDERR_REDIRECT] [Fatal Error] :1:1: Premature end of file.
2026-08-23 23:24:35,339 [ERROR] LogOutputStream:75 - [STDERR_REDIRECT] 
2026-08-23 23:24:36,338 [ERROR] LogOutputStream:75 - [STDERR_REDIRECT] [Fatal Error] :1:1: Premature end of file.
2026-08-23 23:24:36,338 [ERROR] LogOutputStream:75 - [STDERR_REDIRECT] 
2026-08-23 23:24:37,329 [ERROR] LogOutputStream:75 - [STDERR_REDIRECT] [Fatal Error] :1:1: Premature end of file.
2026-08-23 23:24:37,329 [ERROR] LogOutputStream:75 - [STDERR_REDIRECT] 
2026-08-23 23:24:38,353 [ERROR] LogOutputStream:75 - [STDERR_REDIRECT] [Fatal Error] :1:1: Premature end of file.
2026-08-23 23:24:38,353 [ERROR] LogOutputStream:75 - [STDERR_REDIRECT] 
2026-08-23 23:24:39,353 [ERROR] LogOutputStream:75 - [STDERR_REDIRECT] [Fatal Error] :1:1: Premature end of file.
2026-08-23 23:24:39,353 [ERROR] LogOutputStream:75 - [STDERR_REDIRECT] 
2026-08-23 23:24:40,329 [ERROR] LogOutputStream:75 - [STDERR_REDIRECT] [Fatal Error] :1:1: Premature end of file.
2026-08-23 23:24:40,329 [ERROR] LogOutputStream:75 - [STDERR_REDIRECT] 
2026-08-23 23:24:41,342 [ERROR] LogOutputStream:75 - [STDERR_REDIRECT] [Fatal Error] :1:1: Premature end of file.
2026-08-23 23:24:41,342 [ERROR] LogOutputStream:75 - [STDERR_REDIRECT] 
2026-08-23 23:24:42,341 [ERROR] LogOutputStream:75 - [STDERR_REDIRECT] [Fatal Error] :1:1: Premature end of file.
2026-08-23 23:24:42,341 [ERROR] LogOutputStream:75 - [STDERR_REDIRECT] 
2026-08-23 23:24:43,347 [ERROR] LogOutputStream:75 - [STDERR_REDIRECT] [Fatal Error] :1:1: Premature end of file.
2026-08-23 23:24:43,347 [ERROR] LogOutputStream:75 - [STDERR_REDIRECT] 
2026-08-23 23:24:44,340 [ERROR] LogOutputStream:75 - [STDERR_REDIRECT] [Fatal Error] :1:1: Premature end of file.
2026-08-23 23:24:44,340 [ERROR] LogOutputStream:75 - [STDERR_REDIRECT] 
2026-08-23 23:24:45,339 [ERROR] LogOutputStream:75 - [STDERR_REDIRECT] [Fatal Error] :1:1: Premature end of file.
2026-08-23 23:24:45,339 [ERROR] LogOutputStream:75 - [STDERR_REDIRECT] 
2026-08-23 23:24:46,347 [ERROR] LogOutputStream:75 - [STDERR_REDIRECT] [Fatal Error] :1:1: Premature end of file.
2026-08-23 23:24:46,347 [ERROR] LogOutputStream:75 - [STDERR_REDIRECT] 
2026-08-23 23:24:47,345 [ERROR] LogOutputStream:75 - [STDERR_REDIRECT] [Fatal Error] :1:1: Premature end of file.
2026-08-23 23:24:47,345 [ERROR] LogOutputStream:75 - [STDERR_REDIRECT] 
2026-08-23 23:24:48,345 [ERROR] LogOutputStream:75 - [STDERR_REDIRECT] [Fatal Error] :1:1: Premature end of file.
2026-08-23 23:24:48,345 [ERROR] LogOutputStream:75 - [STDERR_REDIRECT] 
2026-08-23 23:24:49,333 [ERROR] LogOutputStream:75 - [STDERR_REDIRECT] [Fatal Error] :1:1: Premature end of file.
2026-08-23 23:24:49,333 [ERROR] LogOutputStream:75 - [STDERR_REDIRECT] 
2026-08-23 23:24:50,337 [ERROR] LogOutputStream:75 - [STDERR_REDIRECT] [Fatal Error] :1:1: Premature end of file.
2026-08-23 23:24:50,337 [ERROR] LogOutputStream:75 - [STDERR_REDIRECT] 
2026-08-23 23:24:51,342 [ERROR] LogOutputStream:75 - [STDERR_REDIRECT] [Fatal Error] :1:1: Premature end of file.
2026-08-23 23:24:51,342 [ERROR] LogOutputStream:75 - [STDERR_REDIRECT] 
2026-08-23 23:24:52,343 [ERROR] LogOutputStream:75 - [STDERR_REDIRECT] [Fatal Error] :1:1: Premature end of file.
2026-08-23 23:24:52,343 [ERROR] LogOutputStream:75 - [STDERR_REDIRECT] 
2026-08-23 23:24:53,332 [ERROR] LogOutputStream:75 - [STDERR_REDIRECT] [Fatal Error] :1:1: Premature end of file.
2026-08-23 23:24:53,332 [ERROR] LogOutputStream:75 - [STDERR_REDIRECT] 
2026-08-23 23:24:54,336 [ERROR] LogOutputStream:75 - [STDERR_REDIRECT] [Fatal Error] :1:1: Premature end of file.
2026-08-23 23:24:54,336 [ERROR] LogOutputStream:75 - [STDERR_REDIRECT] 
2026-08-23 23:24:55,331 [ERROR] LogOutputStream:75 - [STDERR_REDIRECT] [Fatal Error] :1:1: Premature end of file.
2026-08-23 23:24:55,331 [ERROR] LogOutputStream:75 - [STDERR_REDIRECT] 
2026-08-23 23:24:56,332 [ERROR] LogOutputStream:75 - [STDERR_REDIRECT] [Fatal Error] :1:1: Premature end of file.
2026-08-23 23:24:56,332 [ERROR] LogOutputStream:75 - [STDERR_REDIRECT] 
2026-08-23 23:24:57,333 [ERROR] LogOutputStream:75 - [STDERR_REDIRECT] [Fatal Error] :1:1: Premature end of file.
2026-08-23 23:24:57,333 [ERROR] LogOutputStream:75 - [STDERR_REDIRECT] 
2026-08-23 23:24:58,335 [ERROR] LogOutputStream:75 - [STDERR_REDIRECT] [Fatal Error] :1:1: Premature end of file.
2026-08-23 23:24:58,335 [ERROR] LogOutputStream:75 - [STDERR_REDIRECT] 
2026-08-23 23:24:59,337 [ERROR] LogOutputStream:75 - [STDERR_REDIRECT] [Fatal Error] :1:1: Premature end of file.
2026-08-23 23:24:59,337 [ERROR] LogOutputStream:75 - [STDERR_REDIRECT] 
2026-08-23 23:25:00,344 [ERROR] LogOutputStream:75 - [STDERR_REDIRECT] [Fatal Error] :1:1: Premature end of file.
2026-08-23 23:25:00,344 [ERROR] LogOutputStream:75 - [STDERR_REDIRECT] 
2026-08-23 23:25:01,351 [ERROR] LogOutputStream:75 - [STDERR_REDIRECT] [Fatal Error] :1:1: Premature end of file.
2026-08-23 23:25:01,351 [ERROR] LogOutputStream:75 - [STDERR_REDIRECT] 
2026-08-23 23:25:02,348 [ERROR] LogOutputStream:75 - [STDERR_REDIRECT] [Fatal Error] :1:1: Premature end of file.
2026-08-23 23:25:02,348 [ERROR] LogOutputStream:75 - [STDERR_REDIRECT] 
2026-08-23 23:25:03,343 [ERROR] LogOutputStream:75 - [STDERR_REDIRECT] [Fatal Error] :1:1: Premature end of file.
2026-08-23 23:25:03,343 [ERROR] LogOutputStream:75 - [STDERR_REDIRECT] 
2026-08-23 23:25:04,347 [ERROR] LogOutputStream:75 - [STDERR_REDIRECT] [Fatal Error] :1:1: Premature end of file.
2026-08-23 23:25:04,347 [ERROR] LogOutputStream:75 - [STDERR_REDIRECT] 
2026-08-23 23:25:05,337 [ERROR] LogOutputStream:75 - [STDERR_REDIRECT] [Fatal Error] :1:1: Premature end of file.
2026-08-23 23:25:05,337 [ERROR] LogOutputStream:75 - [STDERR_REDIRECT] 
2026-08-23 23:25:06,348 [ERROR] LogOutputStream:75 - [STDERR_REDIRECT] [Fatal Error] :1:1: Premature end of file.
2026-08-23 23:25:06,348 [ERROR] LogOutputStream:75 - [STDERR_REDIRECT] 
2026-08-23 23:25:07,335 [ERROR] LogOutputStream:75 - [STDERR_REDIRECT] [Fatal Error] :1:1: Premature end of file.
2026-08-23 23:25:07,335 [ERROR] LogOutputStream:75 - [STDERR_REDIRECT] 
2026-08-23 23:25:08,334 [ERROR] LogOutputStream:75 - [STDERR_REDIRECT] [Fatal Error] :1:1: Premature end of file.
2026-08-23 23:25:08,334 [ERROR] LogOutputStream:75 - [STDERR_REDIRECT] 
2026-08-23 23:25:09,333 [ERROR] LogOutputStream:75 - [STDERR_REDIRECT] [Fatal Error] :1:1: Premature end of file.
2026-08-23 23:25:09,333 [ERROR] LogOutputStream:75 - [STDERR_REDIRECT] 
2026-08-23 23:25:10,339 [ERROR] LogOutputStream:75 - [STDERR_REDIRECT] [Fatal Error] :1:1: Premature end of file.
2026-08-23 23:25:10,339 [ERROR] LogOutputStream:75 - [STDERR_REDIRECT] 
2026-08-23 23:25:11,332 [ERROR] LogOutputStream:75 - [STDERR_REDIRECT] [Fatal Error] :1:1: Premature end of file.
2026-08-23 23:25:11,332 [ERROR] LogOutputStream:75 - [STDERR_REDIRECT] 
2026-08-23 23:25:12,331 [ERROR] LogOutputStream:75 - [STDERR_REDIRECT] [Fatal Error] :1:1: Premature end of file.
2026-08-23 23:25:12,331 [ERROR] LogOutputStream:75 - [STDERR_REDIRECT] 
2026-08-23 23:25:13,330 [ERROR] LogOutputStream:75 - [STDERR_REDIRECT] [Fatal Error] :1:1: Premature end of file.
2026-08-23 23:25:13,330 [ERROR] LogOutputStream:75 - [STDERR_REDIRECT] 
2026-08-23 23:25:14,329 [ERROR] LogOutputStream:75 - [STDERR_REDIRECT] [Fatal Error] :1:1: Premature end of file.
2026-08-23 23:25:14,329 [ERROR] LogOutputStream:75 - [STDERR_REDIRECT] 
2026-08-23 23:25:15,337 [ERROR] LogOutputStream:75 - [STDERR_REDIRECT] [Fatal Error] :1:1: Premature end of file.
2026-08-23 23:25:15,337 [ERROR] LogOutputStream:75 - [STDERR_REDIRECT] 
2026-08-23 23:25:16,342 [ERROR] LogOutputStream:75 - [STDERR_REDIRECT] [Fatal Error] :1:1: Premature end of file.
2026-08-23 23:25:16,342 [ERROR] LogOutputStream:75 - [STDERR_REDIRECT] 
2026-08-23 23:25:17,338 [ERROR] LogOutputStream:75 - [STDERR_REDIRECT] [Fatal Error] :1:1: Premature end of file.
2026-08-23 23:25:17,338 [ERROR] LogOutputStream:75 - [STDERR_REDIRECT] 
2026-08-23 23:25:18,332 [ERROR] LogOutputStream:75 - [STDERR_REDIRECT] [Fatal Error] :1:1: Premature end of file.
2026-08-23 23:25:18,332 [ERROR] LogOutputStream:75 - [STDERR_REDIRECT] 
2026-08-23 23:25:19,340 [ERROR] LogOutputStream:75 - [STDERR_REDIRECT] [Fatal Error] :1:1: Premature end of file.
2026-08-23 23:25:19,340 [ERROR] LogOutputStream:75 - [STDERR_REDIRECT] 
2026-08-23 23:25:20,336 [ERROR] LogOutputStream:75 - [STDERR_REDIRECT] [Fatal Error] :1:1: Premature end of file.
2026-08-23 23:25:20,337 [ERROR] LogOutputStream:75 - [STDERR_REDIRECT] 
2026-08-23 23:25:21,351 [ERROR] LogOutputStream:75 - [STDERR_REDIRECT] [Fatal Error] :1:1: Premature end of file.
2026-08-23 23:25:21,351 [ERROR] LogOutputStream:75 - [STDERR_REDIRECT] 
2026-08-23 23:25:22,350 [ERROR] LogOutputStream:75 - [STDERR_REDIRECT] [Fatal Error] :1:1: Premature end of file.
2026-08-23 23:25:22,350 [ERROR] LogOutputStream:75 - [STDERR_REDIRECT] 
2026-08-23 23:25:23,340 [ERROR] LogOutputStream:75 - [STDERR_REDIRECT] [Fatal Error] :1:1: Premature end of file.
2026-08-23 23:25:23,340 [ERROR] LogOutputStream:75 - [STDERR_REDIRECT] 
2026-08-23 23:25:24,340 [ERROR] LogOutputStream:75 - [STDERR_REDIRECT] [Fatal Error] :1:1: Premature end of file.
2026-08-23 23:25:24,352 [ERROR] LogOutputStream:75 - [STDERR_REDIRECT] 
2026-08-23 23:25:25,344 [ERROR] LogOutputStream:75 - [STDERR_REDIRECT] [Fatal Error] :1:1: Premature end of file.
2026-08-23 23:25:25,344 [ERROR] LogOutputStream:75 - [STDERR_REDIRECT] 
2026-08-23 23:25:26,342 [ERROR] LogOutputStream:75 - [STDERR_REDIRECT] [Fatal Error] :1:1: Premature end of file.
2026-08-23 23:25:26,342 [ERROR] LogOutputStream:75 - [STDERR_REDIRECT] 
2026-08-23 23:25:27,342 [ERROR] LogOutputStream:75 - [STDERR_REDIRECT] [Fatal Error] :1:1: Premature end of file.
2026-08-23 23:25:27,342 [ERROR] LogOutputStream:75 - [STDERR_REDIRECT] 
2026-08-23 23:25:28,346 [ERROR] LogOutputStream:75 - [STDERR_REDIRECT] [Fatal Error] :1:1: Premature end of file.
2026-08-23 23:25:28,346 [ERROR] LogOutputStream:75 - [STDERR_REDIRECT] 
2026-08-23 23:25:29,335 [ERROR] LogOutputStream:75 - [STDERR_REDIRECT] [Fatal Error] :1:1: Premature end of file.
2026-08-23 23:25:29,335 [ERROR] LogOutputStream:75 - [STDERR_REDIRECT] 
2026-08-23 23:25:30,334 [ERROR] LogOutputStream:75 - [STDERR_REDIRECT] [Fatal Error] :1:1: Premature end of file.
2026-08-23 23:25:30,334 [ERROR] LogOutputStream:75 - [STDERR_REDIRECT] 
2026-08-23 23:25:31,342 [ERROR] LogOutputStream:75 - [STDERR_REDIRECT] [Fatal Error] :1:1: Premature end of file.
2026-08-23 23:25:31,342 [ERROR] LogOutputStream:75 - [STDERR_REDIRECT] 
2026-08-23 23:25:32,341 [ERROR] LogOutputStream:75 - [STDERR_REDIRECT] [Fatal Error] :1:1: Premature end of file.
2026-08-23 23:25:32,341 [ERROR] LogOutputStream:75 - [STDERR_REDIRECT] 
2026-08-23 23:25:33,343 [ERROR] LogOutputStream:75 - [STDERR_REDIRECT] [Fatal Error] :1:1: Premature end of file.
2026-08-23 23:25:33,343 [ERROR] LogOutputStream:75 - [STDERR_REDIRECT] 
2026-08-23 23:25:34,348 [ERROR] LogOutputStream:75 - [STDERR_REDIRECT] [Fatal Error] :1:1: Premature end of file.
2026-08-23 23:25:34,348 [ERROR] LogOutputStream:75 - [STDERR_REDIRECT] 
2026-08-23 23:25:35,330 [ERROR] LogOutputStream:75 - [STDERR_REDIRECT] [Fatal Error] :1:1: Premature end of file.
2026-08-23 23:25:35,330 [ERROR] LogOutputStream:75 - [STDERR_REDIRECT] 
2026-08-23 23:25:36,330 [ERROR] LogOutputStream:75 - [STDERR_REDIRECT] [Fatal Error] :1:1: Premature end of file.
2026-08-23 23:25:36,330 [ERROR] LogOutputStream:75 - [STDERR_REDIRECT] 
2026-08-23 23:25:37,331 [ERROR] LogOutputStream:75 - [STDERR_REDIRECT] [Fatal Error] :1:1: Premature end of file.
2026-08-23 23:25:37,331 [ERROR] LogOutputStream:75 - [STDERR_REDIRECT] 
2026-08-23 23:25:38,328 [ERROR] LogOutputStream:75 - [STDERR_REDIRECT] [Fatal Error] :1:1: Premature end of file.
2026-08-23 23:25:38,328 [ERROR] LogOutputStream:75 - [STDERR_REDIRECT] 
2026-08-23 23:25:39,327 [ERROR] LogOutputStream:75 - [STDERR_REDIRECT] [Fatal Error] :1:1: Premature end of file.
2026-08-23 23:25:39,327 [ERROR] LogOutputStream:75 - [STDERR_REDIRECT] 
2026-08-23 23:25:40,326 [ERROR] LogOutputStream:75 - [STDERR_REDIRECT] [Fatal Error] :1:1: Premature end of file.
2026-08-23 23:25:40,326 [ERROR] LogOutputStream:75 - [STDERR_REDIRECT] 
2026-08-23 23:25:41,334 [ERROR] LogOutputStream:75 - [STDERR_REDIRECT] [Fatal Error] :1:1: Premature end of file.
2026-08-23 23:25:41,334 [ERROR] LogOutputStream:75 - [STDERR_REDIRECT] 
2026-08-23 23:25:42,324 [ERROR] LogOutputStream:75 - [STDERR_REDIRECT] [Fatal Error] :1:1: Premature end of file.
2026-08-23 23:25:42,324 [ERROR] LogOutputStream:75 - [STDERR_REDIRECT] 
2026-08-23 23:25:43,336 [ERROR] LogOutputStream:75 - [STDERR_REDIRECT] [Fatal Error] :1:1: Premature end of file.
2026-08-23 23:25:43,336 [ERROR] LogOutputStream:75 - [STDERR_REDIRECT] 
2026-08-23 23:25:44,347 [ERROR] LogOutputStream:75 - [STDERR_REDIRECT] [Fatal Error] :1:1: Premature end of file.
2026-08-23 23:25:44,347 [ERROR] LogOutputStream:75 - [STDERR_REDIRECT] 
2026-08-23 23:25:45,346 [ERROR] LogOutputStream:75 - [STDERR_REDIRECT] [Fatal Error] :1:1: Premature end of file.
2026-08-23 23:25:45,346 [ERROR] LogOutputStream:75 - [STDERR_REDIRECT] 
2026-08-23 23:25:46,342 [ERROR] LogOutputStream:75 - [STDERR_REDIRECT] [Fatal Error] :1:1: Premature end of file.
2026-08-23 23:25:46,342 [ERROR] LogOutputStream:75 - [STDERR_REDIRECT] 
2026-08-23 23:25:47,337 [ERROR] LogOutputStream:75 - [STDERR_REDIRECT] [Fatal Error] :1:1: Premature end of file.
2026-08-23 23:25:47,337 [ERROR] LogOutputStream:75 - [STDERR_REDIRECT] 
2026-08-23 23:25:48,337 [ERROR] LogOutputStream:75 - [STDERR_REDIRECT] [Fatal Error] :1:1: Premature end of file.
2026-08-23 23:25:48,337 [ERROR] LogOutputStream:75 - [STDERR_REDIRECT] 
2026-08-23 23:25:49,335 [ERROR] LogOutputStream:75 - [STDERR_REDIRECT] [Fatal Error] :1:1: Premature end of file.
2026-08-23 23:25:49,335 [ERROR] LogOutputStream:75 - [STDERR_REDIRECT] 
2026-08-23 23:25:50,339 [ERROR] LogOutputStream:75 - [STDERR_REDIRECT] [Fatal Error] :1:1: Premature end of file.
2026-08-23 23:25:50,339 [ERROR] LogOutputStream:75 - [STDERR_REDIRECT] 
2026-08-23 23:25:51,334 [ERROR] LogOutputStream:75 - [STDERR_REDIRECT] [Fatal Error] :1:1: Premature end of file.
2026-08-23 23:25:51,334 [ERROR] LogOutputStream:75 - [STDERR_REDIRECT] 
2026-08-23 23:25:52,344 [ERROR] LogOutputStream:75 - [STDERR_REDIRECT] [Fatal Error] :1:1: Premature end of file.
2026-08-23 23:25:52,344 [ERROR] LogOutputStream:75 - [STDERR_REDIRECT] 
2026-08-23 23:25:53,352 [ERROR] LogOutputStream:75 - [STDERR_REDIRECT] [Fatal Error] :1:1: Premature end of file.
2026-08-23 23:25:53,352 [ERROR] LogOutputStream:75 - [STDERR_REDIRECT] 
2026-08-23 23:25:54,330 [ERROR] LogOutputStream:75 - [STDERR_REDIRECT] [Fatal Error] :1:1: Premature end of file.
2026-08-23 23:25:54,330 [ERROR] LogOutputStream:75 - [STDERR_REDIRECT] 
2026-08-23 23:25:55,330 [ERROR] LogOutputStream:75 - [STDERR_REDIRECT] [Fatal Error] :1:1: Premature end of file.
2026-08-23 23:25:55,330 [ERROR] LogOutputStream:75 - [STDERR_REDIRECT] 
2026-08-23 23:25:56,338 [ERROR] LogOutputStream:75 - [STDERR_REDIRECT] [Fatal Error] :1:1: Premature end of file.
2026-08-23 23:25:56,338 [ERROR] LogOutputStream:75 - [STDERR_REDIRECT] 
2026-08-23 23:25:57,329 [ERROR] LogOutputStream:75 - [STDERR_REDIRECT] [Fatal Error] :1:1: Premature end of file.
2026-08-23 23:25:57,329 [ERROR] LogOutputStream:75 - [STDERR_REDIRECT] 
2026-08-23 23:25:58,331 [ERROR] LogOutputStream:75 - [STDERR_REDIRECT] [Fatal Error] :1:1: Premature end of file.
2026-08-23 23:25:58,331 [ERROR] LogOutputStream:75 - [STDERR_REDIRECT] 
2026-08-23 23:25:59,326 [ERROR] LogOutputStream:75 - [STDERR_REDIRECT] [Fatal Error] :1:1: Premature end of file.
2026-08-23 23:25:59,326 [ERROR] LogOutputStream:75 - [STDERR_REDIRECT] 
2026-08-23 23:26:00,332 [ERROR] LogOutputStream:75 - [STDERR_REDIRECT] [Fatal Error] :1:1: Premature end of file.
2026-08-23 23:26:00,332 [ERROR] LogOutputStream:75 - [STDERR_REDIRECT] 
2026-08-23 23:26:01,355 [ERROR] LogOutputStream:75 - [STDERR_REDIRECT] [Fatal Error] :1:1: Premature end of file.
2026-08-23 23:26:01,355 [ERROR] LogOutputStream:75 - [STDERR_REDIRECT] 
2026-08-23 23:26:02,341 [ERROR] LogOutputStream:75 - [STDERR_REDIRECT] [Fatal Error] :1:1: Premature end of file.
2026-08-23 23:26:02,341 [ERROR] LogOutputStream:75 - [STDERR_REDIRECT] 
2026-08-23 23:26:03,356 [ERROR] LogOutputStream:75 - [STDERR_REDIRECT] [Fatal Error] :1:1: Premature end of file.
2026-08-23 23:26:03,356 [ERROR] LogOutputStream:75 - [STDERR_REDIRECT] 
2026-08-23 23:26:04,340 [ERROR] LogOutputStream:75 - [STDERR_REDIRECT] [Fatal Error] :1:1: Premature end of file.
2026-08-23 23:26:04,340 [ERROR] LogOutputStream:75 - [STDERR_REDIRECT] 
2026-08-23 23:26:05,339 [ERROR] LogOutputStream:75 - [STDERR_REDIRECT] [Fatal Error] :1:1: Premature end of file.
2026-08-23 23:26:05,339 [ERROR] LogOutputStream:75 - [STDERR_REDIRECT] 
2026-08-23 23:26:06,338 [ERROR] LogOutputStream:75 - [STDERR_REDIRECT] [Fatal Error] :1:1: Premature end of file.
2026-08-23 23:26:06,338 [ERROR] LogOutputStream:75 - [STDERR_REDIRECT] 
2026-08-23 23:26:07,337 [ERROR] LogOutputStream:75 - [STDERR_REDIRECT] [Fatal Error] :1:1: Premature end of file.
2026-08-23 23:26:07,337 [ERROR] LogOutputStream:75 - [STDERR_REDIRECT] 
2026-08-23 23:26:08,345 [ERROR] LogOutputStream:75 - [STDERR_REDIRECT] [Fatal Error] :1:1: Premature end of file.
2026-08-23 23:26:08,345 [ERROR] LogOutputStream:75 - [STDERR_REDIRECT] 
2026-08-23 23:26:09,335 [ERROR] LogOutputStream:75 - [STDERR_REDIRECT] [Fatal Error] :1:1: Premature end of file.
2026-08-23 23:26:09,335 [ERROR] LogOutputStream:75 - [STDERR_REDIRECT] 
2026-08-23 23:26:10,334 [ERROR] LogOutputStream:75 - [STDERR_REDIRECT] [Fatal Error] :1:1: Premature end of file.
2026-08-23 23:26:10,334 [ERROR] LogOutputStream:75 - [STDERR_REDIRECT] 
2026-08-23 23:26:11,334 [ERROR] LogOutputStream:75 - [STDERR_REDIRECT] [Fatal Error] :1:1: Premature end of file.
2026-08-23 23:26:11,334 [ERROR] LogOutputStream:75 - [STDERR_REDIRECT] 
2026-08-23 23:26:12,343 [ERROR] LogOutputStream:75 - [STDERR_REDIRECT] [Fatal Error] :1:1: Premature end of file.
2026-08-23 23:26:12,343 [ERROR] LogOutputStream:75 - [STDERR_REDIRECT] 
2026-08-23 23:26:13,337 [ERROR] LogOutputStream:75 - [STDERR_REDIRECT] [Fatal Error] :1:1: Premature end of file.
2026-08-23 23:26:13,337 [ERROR] LogOutputStream:75 - [STDERR_REDIRECT] 
2026-08-23 23:26:14,335 [ERROR] LogOutputStream:75 - [STDERR_REDIRECT] [Fatal Error] :1:1: Premature end of file.
2026-08-23 23:26:14,335 [ERROR] LogOutputStream:75 - [STDERR_REDIRECT] 
2026-08-23 23:26:15,330 [ERROR] LogOutputStream:75 - [STDERR_REDIRECT] [Fatal Error] :1:1: Premature end of file.
2026-08-23 23:26:15,330 [ERROR] LogOutputStream:75 - [STDERR_REDIRECT] 
2026-08-23 23:26:16,329 [ERROR] LogOutputStream:75 - [STDERR_REDIRECT] [Fatal Error] :1:1: Premature end of file.
2026-08-23 23:26:16,329 [ERROR] LogOutputStream:75 - [STDERR_REDIRECT] 
2026-08-23 23:26:17,336 [ERROR] LogOutputStream:75 - [STDERR_REDIRECT] [Fatal Error] :1:1: Premature end of file.
2026-08-23 23:26:17,336 [ERROR] LogOutputStream:75 - [STDERR_REDIRECT] 
2026-08-23 23:26:18,328 [ERROR] LogOutputStream:75 - [STDERR_REDIRECT] [Fatal Error] :1:1: Premature end of file.
2026-08-23 23:26:18,328 [ERROR] LogOutputStream:75 - [STDERR_REDIRECT] 
2026-08-23 23:26:19,332 [ERROR] LogOutputStream:75 - [STDERR_REDIRECT] [Fatal Error] :1:1: Premature end of file.
2026-08-23 23:26:19,332 [ERROR] LogOutputStream:75 - [STDERR_REDIRECT] 
2026-08-23 23:26:20,326 [ERROR] LogOutputStream:75 - [STDERR_REDIRECT] [Fatal Error] :1:1: Premature end of file.
2026-08-23 23:26:20,326 [ERROR] LogOutputStream:75 - [STDERR_REDIRECT] 
2026-08-23 23:26:21,342 [ERROR] LogOutputStream:75 - [STDERR_REDIRECT] [Fatal Error] :1:1: Premature end of file.
2026-08-23 23:26:21,342 [ERROR] LogOutputStream:75 - [STDERR_REDIRECT] 
2026-08-23 23:26:22,328 [ERROR] LogOutputStream:75 - [STDERR_REDIRECT] [Fatal Error] :1:1: Premature end of file.
2026-08-23 23:26:22,328 [ERROR] LogOutputStream:75 - [STDERR_REDIRECT] 
2026-08-23 23:26:23,345 [ERROR] LogOutputStream:75 - [STDERR_REDIRECT] [Fatal Error] :1:1: Premature end of file.
2026-08-23 23:26:23,345 [ERROR] LogOutputStream:75 - [STDERR_REDIRECT] 
2026-08-23 23:26:24,346 [ERROR] LogOutputStream:75 - [STDERR_REDIRECT] [Fatal Error] :1:1: Premature end of file.
2026-08-23 23:26:24,346 [ERROR] LogOutputStream:75 - [STDERR_REDIRECT] 
2026-08-23 23:26:25,342 [ERROR] LogOutputStream:75 - [STDERR_REDIRECT] [Fatal Error] :1:1: Premature end of file.
2026-08-23 23:26:25,342 [ERROR] LogOutputStream:75 - [STDERR_REDIRECT] 
2026-08-23 23:26:26,349 [ERROR] LogOutputStream:75 - [STDERR_REDIRECT] [Fatal Error] :1:1: Premature end of file.
2026-08-23 23:26:26,349 [ERROR] LogOutputStream:75 - [STDERR_REDIRECT] 
2026-08-23 23:26:27,349 [ERROR] LogOutputStream:75 - [STDERR_REDIRECT] [Fatal Error] :1:1: Premature end of file.
2026-08-23 23:26:27,349 [ERROR] LogOutputStream:75 - [STDERR_REDIRECT] 
2026-08-23 23:26:28,340 [ERROR] LogOutputStream:75 - [STDERR_REDIRECT] [Fatal Error] :1:1: Premature end of file.
2026-08-23 23:26:28,340 [ERROR] LogOutputStream:75 - [STDERR_REDIRECT] 
2026-08-23 23:26:29,346 [ERROR] LogOutputStream:75 - [STDERR_REDIRECT] [Fatal Error] :1:1: Premature end of file.
2026-08-23 23:26:29,346 [ERROR] LogOutputStream:75 - [STDERR_REDIRECT] 
2026-08-23 23:26:30,346 [ERROR] LogOutputStream:75 - [STDERR_REDIRECT] [Fatal Error] :1:1: Premature end of file.
2026-08-23 23:26:30,346 [ERROR] LogOutputStream:75 - [STDERR_REDIRECT] 
2026-08-23 23:26:31,349 [ERROR] LogOutputStream:75 - [STDERR_REDIRECT] [Fatal Error] :1:1: Premature end of file.
2026-08-23 23:26:31,349 [ERROR] LogOutputStream:75 - [STDERR_REDIRECT] 
2026-08-23 23:26:32,339 [ERROR] LogOutputStream:75 - [STDERR_REDIRECT] [Fatal Error] :1:1: Premature end of file.
2026-08-23 23:26:32,339 [ERROR] LogOutputStream:75 - [STDERR_REDIRECT] 
2026-08-23 23:26:33,343 [ERROR] LogOutputStream:75 - [STDERR_REDIRECT] [Fatal Error] :1:1: Premature end of file.
2026-08-23 23:26:33,343 [ERROR] LogOutputStream:75 - [STDERR_REDIRECT] 
2026-08-23 23:26:34,340 [ERROR] LogOutputStream:75 - [STDERR_REDIRECT] [Fatal Error] :1:1: Premature end of file.
2026-08-23 23:26:34,340 [ERROR] LogOutputStream:75 - [STDERR_REDIRECT] 
2026-08-23 23:26:35,338 [ERROR] LogOutputStream:75 - [STDERR_REDIRECT] [Fatal Error] :1:1: Premature end of file.
2026-08-23 23:26:35,338 [ERROR] LogOutputStream:75 - [STDERR_REDIRECT] 
2026-08-23 23:26:36,330 [ERROR] LogOutputStream:75 - [STDERR_REDIRECT] [Fatal Error] :1:1: Premature end of file.
2026-08-23 23:26:36,330 [ERROR] LogOutputStream:75 - [STDERR_REDIRECT] 
2026-08-23 23:26:37,350 [ERROR] LogOutputStream:75 - [STDERR_REDIRECT] [Fatal Error] :1:1: Premature end of file.
2026-08-23 23:26:37,350 [ERROR] LogOutputStream:75 - [STDERR_REDIRECT] 
2026-08-23 23:26:38,328 [ERROR] LogOutputStream:75 - [STDERR_REDIRECT] [Fatal Error] :1:1: Premature end of file.
2026-08-23 23:26:38,328 [ERROR] LogOutputStream:75 - [STDERR_REDIRECT] 
2026-08-23 23:26:39,327 [ERROR] LogOutputStream:75 - [STDERR_REDIRECT] [Fatal Error] :1:1: Premature end of file.
2026-08-23 23:26:39,327 [ERROR] LogOutputStream:75 - [STDERR_REDIRECT] 
2026-08-23 23:26:40,336 [ERROR] LogOutputStream:75 - [STDERR_REDIRECT] [Fatal Error] :1:1: Premature end of file.
2026-08-23 23:26:40,336 [ERROR] LogOutputStream:75 - [STDERR_REDIRECT] 
2026-08-23 23:26:41,329 [ERROR] LogOutputStream:75 - [STDERR_REDIRECT] [Fatal Error] :1:1: Premature end of file.
2026-08-23 23:26:41,329 [ERROR] LogOutputStream:75 - [STDERR_REDIRECT] 
2026-08-23 23:26:42,324 [ERROR] LogOutputStream:75 - [STDERR_REDIRECT] [Fatal Error] :1:1: Premature end of file.
2026-08-23 23:26:42,324 [ERROR] LogOutputStream:75 - [STDERR_REDIRECT] 
2026-08-23 23:26:43,337 [ERROR] LogOutputStream:75 - [STDERR_REDIRECT] [Fatal Error] :1:1: Premature end of file.
2026-08-23 23:26:43,337 [ERROR] LogOutputStream:75 - [STDERR_REDIRECT] 
2026-08-23 23:26:44,339 [ERROR] LogOutputStream:75 - [STDERR_REDIRECT] [Fatal Error] :1:1: Premature end of file.
2026-08-23 23:26:44,339 [ERROR] LogOutputStream:75 - [STDERR_REDIRECT] 
2026-08-23 23:26:45,347 [ERROR] LogOutputStream:75 - [STDERR_REDIRECT] [Fatal Error] :1:1: Premature end of file.
2026-08-23 23:26:45,347 [ERROR] LogOutputStream:75 - [STDERR_REDIRECT] 
2026-08-23 23:26:46,338 [ERROR] LogOutputStream:75 - [STDERR_REDIRECT] [Fatal Error] :1:1: Premature end of file.
2026-08-23 23:26:46,338 [ERROR] LogOutputStream:75 - [STDERR_REDIRECT] 
2026-08-23 23:26:47,337 [ERROR] LogOutputStream:75 - [STDERR_REDIRECT] [Fatal Error] :1:1: Premature end of file.
2026-08-23 23:26:47,337 [ERROR] LogOutputStream:75 - [STDERR_REDIRECT] 
2026-08-23 23:26:48,336 [ERROR] LogOutputStream:75 - [STDERR_REDIRECT] [Fatal Error] :1:1: Premature end of file.
2026-08-23 23:26:48,336 [ERROR] LogOutputStream:75 - [STDERR_REDIRECT] 
2026-08-23 23:26:49,335 [ERROR] LogOutputStream:75 - [STDERR_REDIRECT] [Fatal Error] :1:1: Premature end of file.
2026-08-23 23:26:49,335 [ERROR] LogOutputStream:75 - [STDERR_REDIRECT] 
2026-08-23 23:26:50,342 [ERROR] LogOutputStream:75 - [STDERR_REDIRECT] [Fatal Error] :1:1: Premature end of file.
2026-08-23 23:26:50,342 [ERROR] LogOutputStream:75 - [STDERR_REDIRECT] 
2026-08-23 23:26:51,334 [ERROR] LogOutputStream:75 - [STDERR_REDIRECT] [Fatal Error] :1:1: Premature end of file.
2026-08-23 23:26:51,334 [ERROR] LogOutputStream:75 - [STDERR_REDIRECT] 
2026-08-23 23:26:52,343 [ERROR] LogOutputStream:75 - [STDERR_REDIRECT] [Fatal Error] :1:1: Premature end of file.
2026-08-23 23:26:52,343 [ERROR] LogOutputStream:75 - [STDERR_REDIRECT] 
2026-08-23 23:26:53,332 [ERROR] LogOutputStream:75 - [STDERR_REDIRECT] [Fatal Error] :1:1: Premature end of file.
2026-08-23 23:26:53,332 [ERROR] LogOutputStream:75 - [STDERR_REDIRECT] 
2026-08-23 23:26:54,337 [ERROR] LogOutputStream:75 - [STDERR_REDIRECT] [Fatal Error] :1:1: Premature end of file.
2026-08-23 23:26:54,337 [ERROR] LogOutputStream:75 - [STDERR_REDIRECT] 
2026-08-23 23:26:55,342 [ERROR] LogOutputStream:75 - [STDERR_REDIRECT] [Fatal Error] :1:1: Premature end of file.
2026-08-23 23:26:55,342 [ERROR] LogOutputStream:75 - [STDERR_REDIRECT] 
2026-08-23 23:26:56,335 [ERROR] LogOutputStream:75 - [STDERR_REDIRECT] [Fatal Error] :1:1: Premature end of file.
2026-08-23 23:26:56,337 [ERROR] LogOutputStream:75 - [STDERR_REDIRECT] 
2026-08-23 23:26:57,343 [ERROR] LogOutputStream:75 - [STDERR_REDIRECT] [Fatal Error] :1:1: Premature end of file.
2026-08-23 23:26:57,343 [ERROR] LogOutputStream:75 - [STDERR_REDIRECT] 
2026-08-23 23:26:58,337 [ERROR] LogOutputStream:75 - [STDERR_REDIRECT] [Fatal Error] :1:1: Premature end of file.
2026-08-23 23:26:58,337 [ERROR] LogOutputStream:75 - [STDERR_REDIRECT] 
2026-08-23 23:26:59,339 [ERROR] LogOutputStream:75 - [STDERR_REDIRECT] [Fatal Error] :1:1: Premature end of file.
2026-08-23 23:26:59,339 [ERROR] LogOutputStream:75 - [STDERR_REDIRECT] 
2026-08-23 23:27:00,358 [ERROR] LogOutputStream:75 - [STDERR_REDIRECT] [Fatal Error] :1:1: Premature end of file.
2026-08-23 23:27:00,358 [ERROR] LogOutputStream:75 - [STDERR_REDIRECT] 
2026-08-23 23:27:01,341 [ERROR] LogOutputStream:75 - [STDERR_REDIRECT] [Fatal Error] :1:1: Premature end of file.
2026-08-23 23:27:01,341 [ERROR] LogOutputStream:75 - [STDERR_REDIRECT] 
2026-08-23 23:27:02,356 [ERROR] LogOutputStream:75 - [STDERR_REDIRECT] [Fatal Error] :1:1: Premature end of file.
2026-08-23 23:27:02,357 [ERROR] LogOutputStream:75 - [STDERR_REDIRECT] 
2026-08-23 23:27:03,348 [ERROR] LogOutputStream:75 - [STDERR_REDIRECT] [Fatal Error] :1:1: Premature end of file.
2026-08-23 23:27:03,350 [ERROR] LogOutputStream:75 - [STDERR_REDIRECT] 
2026-08-23 23:27:04,339 [ERROR] LogOutputStream:75 - [STDERR_REDIRECT] [Fatal Error] :1:1: Premature end of file.
2026-08-23 23:27:04,354 [ERROR] LogOutputStream:75 - [STDERR_REDIRECT] 
2026-08-23 23:27:05,338 [ERROR] LogOutputStream:75 - [STDERR_REDIRECT] [Fatal Error] :1:1: Premature end of file.
2026-08-23 23:27:05,338 [ERROR] LogOutputStream:75 - [STDERR_REDIRECT] 
2026-08-23 23:27:06,341 [ERROR] LogOutputStream:75 - [STDERR_REDIRECT] [Fatal Error] :1:1: Premature end of file.
2026-08-23 23:27:06,341 [ERROR] LogOutputStream:75 - [STDERR_REDIRECT] 
2026-08-23 23:27:07,343 [ERROR] LogOutputStream:75 - [STDERR_REDIRECT] [Fatal Error] :1:1: Premature end of file.
2026-08-23 23:27:07,343 [ERROR] LogOutputStream:75 - [STDERR_REDIRECT] 
2026-08-23 23:27:08,352 [ERROR] LogOutputStream:75 - [STDERR_REDIRECT] [Fatal Error] :1:1: Premature end of file.
2026-08-23 23:27:08,352 [ERROR] LogOutputStream:75 - [STDERR_REDIRECT] 
2026-08-23 23:27:09,351 [ERROR] LogOutputStream:75 - [STDERR_REDIRECT] [Fatal Error] :1:1: Premature end of file.
2026-08-23 23:27:09,352 [ERROR] LogOutputStream:75 - [STDERR_REDIRECT] 
2026-08-23 23:27:10,334 [ERROR] LogOutputStream:75 - [STDERR_REDIRECT] [Fatal Error] :1:1: Premature end of file.
2026-08-23 23:27:10,334 [ERROR] LogOutputStream:75 - [STDERR_REDIRECT] 
2026-08-23 23:27:11,333 [ERROR] LogOutputStream:75 - [STDERR_REDIRECT] [Fatal Error] :1:1: Premature end of file.
2026-08-23 23:27:11,333 [ERROR] LogOutputStream:75 - [STDERR_REDIRECT] 
2026-08-23 23:27:12,332 [ERROR] LogOutputStream:75 - [STDERR_REDIRECT] [Fatal Error] :1:1: Premature end of file.
2026-08-23 23:27:12,332 [ERROR] LogOutputStream:75 - [STDERR_REDIRECT] 
2026-08-23 23:27:13,331 [ERROR] LogOutputStream:75 - [STDERR_REDIRECT] [Fatal Error] :1:1: Premature end of file.
2026-08-23 23:27:13,331 [ERROR] LogOutputStream:75 - [STDERR_REDIRECT] 
2026-08-23 23:27:14,330 [ERROR] LogOutputStream:75 - [STDERR_REDIRECT] [Fatal Error] :1:1: Premature end of file.
2026-08-23 23:27:14,330 [ERROR] LogOutputStream:75 - [STDERR_REDIRECT] 
2026-08-23 23:27:15,345 [ERROR] LogOutputStream:75 - [STDERR_REDIRECT] [Fatal Error] :1:1: Premature end of file.
2026-08-23 23:27:15,346 [ERROR] LogOutputStream:75 - [STDERR_REDIRECT] 
2026-08-23 23:27:16,329 [ERROR] LogOutputStream:75 - [STDERR_REDIRECT] [Fatal Error] :1:1: Premature end of file.
2026-08-23 23:27:16,329 [ERROR] LogOutputStream:75 - [STDERR_REDIRECT] 
2026-08-23 23:27:17,328 [ERROR] LogOutputStream:75 - [STDERR_REDIRECT] [Fatal Error] :1:1: Premature end of file.
2026-08-23 23:27:17,328 [ERROR] LogOutputStream:75 - [STDERR_REDIRECT] 
2026-08-23 23:27:18,342 [ERROR] LogOutputStream:75 - [STDERR_REDIRECT] [Fatal Error] :1:1: Premature end of file.
2026-08-23 23:27:18,342 [ERROR] LogOutputStream:75 - [STDERR_REDIRECT] 
2026-08-23 23:27:19,326 [ERROR] LogOutputStream:75 - [STDERR_REDIRECT] [Fatal Error] :1:1: Premature end of file.
2026-08-23 23:27:19,326 [ERROR] LogOutputStream:75 - [STDERR_REDIRECT] 
2026-08-23 23:27:20,327 [ERROR] LogOutputStream:75 - [STDERR_REDIRECT] [Fatal Error] :1:1: Premature end of file.
2026-08-23 23:27:20,327 [ERROR] LogOutputStream:75 - [STDERR_REDIRECT] 
2026-08-23 23:27:21,342 [ERROR] LogOutputStream:75 - [STDERR_REDIRECT] [Fatal Error] :1:1: Premature end of file.
2026-08-23 23:27:21,342 [ERROR] LogOutputStream:75 - [STDERR_REDIRECT] 
2026-08-23 23:27:22,339 [ERROR] LogOutputStream:75 - [STDERR_REDIRECT] [Fatal Error] :1:1: Premature end of file.
2026-08-23 23:27:22,339 [ERROR] LogOutputStream:75 - [STDERR_REDIRECT] 
2026-08-23 23:27:23,336 [ERROR] LogOutputStream:75 - [STDERR_REDIRECT] [Fatal Error] :1:1: Premature end of file.
2026-08-23 23:27:23,336 [ERROR] LogOutputStream:75 - [STDERR_REDIRECT] 
2026-08-23 23:27:24,347 [ERROR] LogOutputStream:75 - [STDERR_REDIRECT] [Fatal Error] :1:1: Premature end of file.
2026-08-23 23:27:24,347 [ERROR] LogOutputStream:75 - [STDERR_REDIRECT] 
2026-08-23 23:27:25,344 [ERROR] LogOutputStream:75 - [STDERR_REDIRECT] [Fatal Error] :1:1: Premature end of file.
2026-08-23 23:27:25,344 [ERROR] LogOutputStream:75 - [STDERR_REDIRECT] 
2026-08-23 23:27:26,338 [ERROR] LogOutputStream:75 - [STDERR_REDIRECT] [Fatal Error] :1:1: Premature end of file.
2026-08-23 23:27:26,338 [ERROR] LogOutputStream:75 - [STDERR_REDIRECT] 
2026-08-23 23:27:27,343 [ERROR] LogOutputStream:75 - [STDERR_REDIRECT] [Fatal Error] :1:1: Premature end of file.
2026-08-23 23:27:27,343 [ERROR] LogOutputStream:75 - [STDERR_REDIRECT] 
2026-08-23 23:27:28,342 [ERROR] LogOutputStream:75 - [STDERR_REDIRECT] [Fatal Error] :1:1: Premature end of file.
2026-08-23 23:27:28,342 [ERROR] LogOutputStream:75 - [STDERR_REDIRECT] 
2026-08-23 23:27:29,349 [ERROR] LogOutputStream:75 - [STDERR_REDIRECT] [Fatal Error] :1:1: Premature end of file.
2026-08-23 23:27:29,349 [ERROR] LogOutputStream:75 - [STDERR_REDIRECT] 
2026-08-23 23:27:30,331 [ERROR] LogOutputStream:75 - [STDERR_REDIRECT] [Fatal Error] :1:1: Premature end of file.
2026-08-23 23:27:30,331 [ERROR] LogOutputStream:75 - [STDERR_REDIRECT] 
2026-08-23 23:27:31,338 [ERROR] LogOutputStream:75 - [STDERR_REDIRECT] [Fatal Error] :1:1: Premature end of file.
2026-08-23 23:27:31,338 [ERROR] LogOutputStream:75 - [STDERR_REDIRECT] 
2026-08-23 23:27:32,330 [ERROR] LogOutputStream:75 - [STDERR_REDIRECT] [Fatal Error] :1:1: Premature end of file.
2026-08-23 23:27:32,330 [ERROR] LogOutputStream:75 - [STDERR_REDIRECT] 
2026-08-23 23:27:33,328 [ERROR] LogOutputStream:75 - [STDERR_REDIRECT] [Fatal Error] :1:1: Premature end of file.
2026-08-23 23:27:33,328 [ERROR] LogOutputStream:75 - [STDERR_REDIRECT] 
2026-08-23 23:27:34,328 [ERROR] LogOutputStream:75 - [STDERR_REDIRECT] [Fatal Error] :1:1: Premature end of file.
2026-08-23 23:27:34,328 [ERROR] LogOutputStream:75 - [STDERR_REDIRECT] 
2026-08-23 23:27:35,349 [ERROR] LogOutputStream:75 - [STDERR_REDIRECT] [Fatal Error] :1:1: Premature end of file.
2026-08-23 23:27:35,350 [ERROR] LogOutputStream:75 - [STDERR_REDIRECT] 
2026-08-23 23:27:36,350 [ERROR] LogOutputStream:75 - [STDERR_REDIRECT] [Fatal Error] :1:1: Premature end of file.
2026-08-23 23:27:36,350 [ERROR] LogOutputStream:75 - [STDERR_REDIRECT] 
2026-08-23 23:27:37,346 [ERROR] LogOutputStream:75 - [STDERR_REDIRECT] [Fatal Error] :1:1: Premature end of file.
2026-08-23 23:27:37,347 [ERROR] LogOutputStream:75 - [STDERR_REDIRECT] 
2026-08-23 23:27:38,339 [ERROR] LogOutputStream:75 - [STDERR_REDIRECT] [Fatal Error] :1:1: Premature end of file.
2026-08-23 23:27:38,339 [ERROR] LogOutputStream:75 - [STDERR_REDIRECT] 
2026-08-23 23:27:39,345 [ERROR] LogOutputStream:75 - [STDERR_REDIRECT] [Fatal Error] :1:1: Premature end of file.
2026-08-23 23:27:39,345 [ERROR] LogOutputStream:75 - [STDERR_REDIRECT] 
2026-08-23 23:27:40,344 [ERROR] LogOutputStream:75 - [STDERR_REDIRECT] [Fatal Error] :1:1: Premature end of file.
2026-08-23 23:27:40,358 [ERROR] LogOutputStream:75 - [STDERR_REDIRECT] 
2026-08-23 23:27:41,331 [ERROR] LogOutputStream:75 - [STDERR_REDIRECT] [Fatal Error] :1:1: Premature end of file.
2026-08-23 23:27:41,331 [ERROR] LogOutputStream:75 - [STDERR_REDIRECT] 
2026-08-23 23:27:42,357 [ERROR] LogOutputStream:75 - [STDERR_REDIRECT] [Fatal Error] :1:1: Premature end of file.
2026-08-23 23:27:42,357 [ERROR] LogOutputStream:75 - [STDERR_REDIRECT] 
2026-08-23 23:27:43,348 [ERROR] LogOutputStream:75 - [STDERR_REDIRECT] [Fatal Error] :1:1: Premature end of file.
2026-08-23 23:27:43,348 [ERROR] LogOutputStream:75 - [STDERR_REDIRECT] 
2026-08-23 23:27:44,338 [ERROR] LogOutputStream:75 - [STDERR_REDIRECT] [Fatal Error] :1:1: Premature end of file.
2026-08-23 23:27:44,338 [ERROR] LogOutputStream:75 - [STDERR_REDIRECT] 
2026-08-23 23:27:45,338 [ERROR] LogOutputStream:75 - [STDERR_REDIRECT] [Fatal Error] :1:1: Premature end of file.
2026-08-23 23:27:45,338 [ERROR] LogOutputStream:75 - [STDERR_REDIRECT] 
2026-08-23 23:27:46,348 [ERROR] LogOutputStream:75 - [STDERR_REDIRECT] [Fatal Error] :1:1: Premature end of file.
2026-08-23 23:27:46,348 [ERROR] LogOutputStream:75 - [STDERR_REDIRECT] 
2026-08-23 23:27:47,336 [ERROR] LogOutputStream:75 - [STDERR_REDIRECT] [Fatal Error] :1:1: Premature end of file.
2026-08-23 23:27:47,336 [ERROR] LogOutputStream:75 - [STDERR_REDIRECT] 
2026-08-23 23:27:48,348 [ERROR] LogOutputStream:75 - [STDERR_REDIRECT] [Fatal Error] :1:1: Premature end of file.
2026-08-23 23:27:48,348 [ERROR] LogOutputStream:75 - [STDERR_REDIRECT] 
2026-08-23 23:27:49,326 [ERROR] LogOutputStream:75 - [STDERR_REDIRECT] [Fatal Error] :1:1: Premature end of file.
2026-08-23 23:27:49,326 [ERROR] LogOutputStream:75 - [STDERR_REDIRECT] 
2026-08-23 23:27:50,330 [ERROR] LogOutputStream:75 - [STDERR_REDIRECT] [Fatal Error] :1:1: Premature end of file.
2026-08-23 23:27:50,330 [ERROR] LogOutputStream:75 - [STDERR_REDIRECT] 
2026-08-23 23:27:51,344 [ERROR] LogOutputStream:75 - [STDERR_REDIRECT] [Fatal Error] :1:1: Premature end of file.
2026-08-23 23:27:51,344 [ERROR] LogOutputStream:75 - [STDERR_REDIRECT] 
2026-08-23 23:27:52,342 [ERROR] LogOutputStream:75 - [STDERR_REDIRECT] [Fatal Error] :1:1: Premature end of file.
2026-08-23 23:27:52,342 [ERROR] LogOutputStream:75 - [STDERR_REDIRECT] 
2026-08-23 23:27:53,334 [ERROR] LogOutputStream:75 - [STDERR_REDIRECT] [Fatal Error] :1:1: Premature end of file.
2026-08-23 23:27:53,334 [ERROR] LogOutputStream:75 - [STDERR_REDIRECT] 
2026-08-23 23:27:54,329 [ERROR] LogOutputStream:75 - [STDERR_REDIRECT] [Fatal Error] :1:1: Premature end of file.
2026-08-23 23:27:54,329 [ERROR] LogOutputStream:75 - [STDERR_REDIRECT] 
2026-08-23 23:27:55,336 [ERROR] LogOutputStream:75 - [STDERR_REDIRECT] [Fatal Error] :1:1: Premature end of file.
2026-08-23 23:27:55,346 [ERROR] LogOutputStream:75 - [STDERR_REDIRECT] 
2026-08-23 23:27:56,340 [ERROR] LogOutputStream:75 - [STDERR_REDIRECT] [Fatal Error] :1:1: Premature end of file.
2026-08-23 23:27:56,340 [ERROR] LogOutputStream:75 - [STDERR_REDIRECT] 
2026-08-23 23:27:57,344 [ERROR] LogOutputStream:75 - [STDERR_REDIRECT] [Fatal Error] :1:1: Premature end of file.
2026-08-23 23:27:57,344 [ERROR] LogOutputStream:75 - [STDERR_REDIRECT] 
2026-08-23 23:27:58,332 [ERROR] LogOutputStream:75 - [STDERR_REDIRECT] [Fatal Error] :1:1: Premature end of file.
2026-08-23 23:27:58,332 [ERROR] LogOutputStream:75 - [STDERR_REDIRECT] 
2026-08-23 23:27:59,327 [ERROR] LogOutputStream:75 - [STDERR_REDIRECT] [Fatal Error] :1:1: Premature end of file.
2026-08-23 23:27:59,327 [ERROR] LogOutputStream:75 - [STDERR_REDIRECT] 
2026-08-23 23:28:00,343 [ERROR] LogOutputStream:75 - [STDERR_REDIRECT] [Fatal Error] :1:1: Premature end of file.
2026-08-23 23:28:00,343 [ERROR] LogOutputStream:75 - [STDERR_REDIRECT] 
2026-08-23 23:28:01,349 [ERROR] LogOutputStream:75 - [STDERR_REDIRECT] [Fatal Error] :1:1: Premature end of file.
2026-08-23 23:28:01,349 [ERROR] LogOutputStream:75 - [STDERR_REDIRECT] 
2026-08-23 23:28:02,346 [ERROR] LogOutputStream:75 - [STDERR_REDIRECT] [Fatal Error] :1:1: Premature end of file.
2026-08-23 23:28:02,346 [ERROR] LogOutputStream:75 - [STDERR_REDIRECT] 
2026-08-23 23:28:03,341 [ERROR] LogOutputStream:75 - [STDERR_REDIRECT] [Fatal Error] :1:1: Premature end of file.
2026-08-23 23:28:03,341 [ERROR] LogOutputStream:75 - [STDERR_REDIRECT] 
2026-08-23 23:28:04,338 [ERROR] LogOutputStream:75 - [STDERR_REDIRECT] [Fatal Error] :1:1: Premature end of file.
2026-08-23 23:28:04,338 [ERROR] LogOutputStream:75 - [STDERR_REDIRECT] 
2026-08-23 23:28:05,339 [ERROR] LogOutputStream:75 - [STDERR_REDIRECT] [Fatal Error] :1:1: Premature end of file.
2026-08-23 23:28:05,339 [ERROR] LogOutputStream:75 - [STDERR_REDIRECT] 
2026-08-23 23:28:06,338 [ERROR] LogOutputStream:75 - [STDERR_REDIRECT] [Fatal Error] :1:1: Premature end of file.
2026-08-23 23:28:06,338 [ERROR] LogOutputStream:75 - [STDERR_REDIRECT] 
2026-08-23 23:28:07,346 [ERROR] LogOutputStream:75 - [STDERR_REDIRECT] [Fatal Error] :1:1: Premature end of file.
2026-08-23 23:28:07,346 [ERROR] LogOutputStream:75 - [STDERR_REDIRECT] 
2026-08-23 23:28:08,340 [ERROR] LogOutputStream:75 - [STDERR_REDIRECT] [Fatal Error] :1:1: Premature end of file.
2026-08-23 23:28:08,340 [ERROR] LogOutputStream:75 - [STDERR_REDIRECT] 
2026-08-23 23:28:09,337 [ERROR] LogOutputStream:75 - [STDERR_REDIRECT] [Fatal Error] :1:1: Premature end of file.
2026-08-23 23:28:09,337 [ERROR] LogOutputStream:75 - [STDERR_REDIRECT] 
2026-08-23 23:28:10,328 [ERROR] LogOutputStream:75 - [STDERR_REDIRECT] [Fatal Error] :1:1: Premature end of file.
2026-08-23 23:28:10,328 [ERROR] LogOutputStream:75 - [STDERR_REDIRECT] 
2026-08-23 23:28:11,346 [ERROR] LogOutputStream:75 - [STDERR_REDIRECT] [Fatal Error] :1:1: Premature end of file.
2026-08-23 23:28:11,346 [ERROR] LogOutputStream:75 - [STDERR_REDIRECT] 
2026-08-23 23:28:12,334 [ERROR] LogOutputStream:75 - [STDERR_REDIRECT] [Fatal Error] :1:1: Premature end of file.
2026-08-23 23:28:12,334 [ERROR] LogOutputStream:75 - [STDERR_REDIRECT] 
2026-08-23 23:28:13,339 [ERROR] LogOutputStream:75 - [STDERR_REDIRECT] [Fatal Error] :1:1: Premature end of file.
2026-08-23 23:28:13,339 [ERROR] LogOutputStream:75 - [STDERR_REDIRECT] 
2026-08-23 23:28:14,347 [ERROR] LogOutputStream:75 - [STDERR_REDIRECT] [Fatal Error] :1:1: Premature end of file.
2026-08-23 23:28:14,347 [ERROR] LogOutputStream:75 - [STDERR_REDIRECT] 
2026-08-23 23:28:15,344 [ERROR] LogOutputStream:75 - [STDERR_REDIRECT] [Fatal Error] :1:1: Premature end of file.
2026-08-23 23:28:15,344 [ERROR] LogOutputStream:75 - [STDERR_REDIRECT] 
2026-08-23 23:28:16,339 [ERROR] LogOutputStream:75 - [STDERR_REDIRECT] [Fatal Error] :1:1: Premature end of file.
2026-08-23 23:28:16,339 [ERROR] LogOutputStream:75 - [STDERR_REDIRECT] 
2026-08-23 23:28:17,355 [ERROR] LogOutputStream:75 - [STDERR_REDIRECT] [Fatal Error] :1:1: Premature end of file.
2026-08-23 23:28:17,355 [ERROR] LogOutputStream:75 - [STDERR_REDIRECT] 
2026-08-23 23:28:18,344 [ERROR] LogOutputStream:75 - [STDERR_REDIRECT] [Fatal Error] :1:1: Premature end of file.
2026-08-23 23:28:18,344 [ERROR] LogOutputStream:75 - [STDERR_REDIRECT] 
2026-08-23 23:28:19,340 [ERROR] LogOutputStream:75 - [STDERR_REDIRECT] [Fatal Error] :1:1: Premature end of file.
2026-08-23 23:28:19,340 [ERROR] LogOutputStream:75 - [STDERR_REDIRECT] 
2026-08-23 23:28:20,339 [ERROR] LogOutputStream:75 - [STDERR_REDIRECT] [Fatal Error] :1:1: Premature end of file.
2026-08-23 23:28:20,339 [ERROR] LogOutputStream:75 - [STDERR_REDIRECT] 
2026-08-23 23:28:21,348 [ERROR] LogOutputStream:75 - [STDERR_REDIRECT] [Fatal Error] :1:1: Premature end of file.
2026-08-23 23:28:21,348 [ERROR] LogOutputStream:75 - [STDERR_REDIRECT] 
2026-08-23 23:28:22,353 [ERROR] LogOutputStream:75 - [STDERR_REDIRECT] [Fatal Error] :1:1: Premature end of file.
2026-08-23 23:28:22,353 [ERROR] LogOutputStream:75 - [STDERR_REDIRECT] 
2026-08-23 23:28:23,357 [ERROR] LogOutputStream:75 - [STDERR_REDIRECT] [Fatal Error] :1:1: Premature end of file.
2026-08-23 23:28:23,357 [ERROR] LogOutputStream:75 - [STDERR_REDIRECT] 
2026-08-23 23:28:24,353 [ERROR] LogOutputStream:75 - [STDERR_REDIRECT] [Fatal Error] :1:1: Premature end of file.
2026-08-23 23:28:24,353 [ERROR] LogOutputStream:75 - [STDERR_REDIRECT] 
2026-08-23 23:28:25,353 [ERROR] LogOutputStream:75 - [STDERR_REDIRECT] [Fatal Error] :1:1: Premature end of file.
2026-08-23 23:28:25,353 [ERROR] LogOutputStream:75 - [STDERR_REDIRECT] 
2026-08-23 23:28:26,347 [ERROR] LogOutputStream:75 - [STDERR_REDIRECT] [Fatal Error] :1:1: Premature end of file.
2026-08-23 23:28:26,347 [ERROR] LogOutputStream:75 - [STDERR_REDIRECT] 
2026-08-23 23:28:27,346 [ERROR] LogOutputStream:75 - [STDERR_REDIRECT] [Fatal Error] :1:1: Premature end of file.
2026-08-23 23:28:27,346 [ERROR] LogOutputStream:75 - [STDERR_REDIRECT] 
2026-08-23 23:28:28,343 [ERROR] LogOutputStream:75 - [STDERR_REDIRECT] [Fatal Error] :1:1: Premature end of file.
2026-08-23 23:28:28,343 [ERROR] LogOutputStream:75 - [STDERR_REDIRECT] 
2026-08-23 23:28:29,350 [ERROR] LogOutputStream:75 - [STDERR_REDIRECT] [Fatal Error] :1:1: Premature end of file.
2026-08-23 23:28:29,351 [ERROR] LogOutputStream:75 - [STDERR_REDIRECT] 
2026-08-23 23:28:30,345 [ERROR] LogOutputStream:75 - [STDERR_REDIRECT] [Fatal Error] :1:1: Premature end of file.
2026-08-23 23:28:30,345 [ERROR] LogOutputStream:75 - [STDERR_REDIRECT] 
2026-08-23 23:28:31,334 [ERROR] LogOutputStream:75 - [STDERR_REDIRECT] [Fatal Error] :1:1: Premature end of file.
2026-08-23 23:28:31,334 [ERROR] LogOutputStream:75 - [STDERR_REDIRECT] 
2026-08-23 23:28:32,339 [ERROR] LogOutputStream:75 - [STDERR_REDIRECT] [Fatal Error] :1:1: Premature end of file.
2026-08-23 23:28:32,339 [ERROR] LogOutputStream:75 - [STDERR_REDIRECT] 
2026-08-23 23:28:33,331 [ERROR] LogOutputStream:75 - [STDERR_REDIRECT] [Fatal Error] :1:1: Premature end of file.
2026-08-23 23:28:33,331 [ERROR] LogOutputStream:75 - [STDERR_REDIRECT] 
2026-08-23 23:28:34,350 [ERROR] LogOutputStream:75 - [STDERR_REDIRECT] [Fatal Error] :1:1: Premature end of file.
2026-08-23 23:28:34,350 [ERROR] LogOutputStream:75 - [STDERR_REDIRECT] 
2026-08-23 23:28:35,340 [ERROR] LogOutputStream:75 - [STDERR_REDIRECT] [Fatal Error] :1:1: Premature end of file.
2026-08-23 23:28:35,340 [ERROR] LogOutputStream:75 - [STDERR_REDIRECT] 
2026-08-23 23:28:36,331 [ERROR] LogOutputStream:75 - [STDERR_REDIRECT] [Fatal Error] :1:1: Premature end of file.
2026-08-23 23:28:36,331 [ERROR] LogOutputStream:75 - [STDERR_REDIRECT] 
2026-08-23 23:28:37,336 [ERROR] LogOutputStream:75 - [STDERR_REDIRECT] [Fatal Error] :1:1: Premature end of file.
2026-08-23 23:28:37,336 [ERROR] LogOutputStream:75 - [STDERR_REDIRECT] 
2026-08-23 23:28:38,326 [ERROR] LogOutputStream:75 - [STDERR_REDIRECT] [Fatal Error] :1:1: Premature end of file.
2026-08-23 23:28:38,326 [ERROR] LogOutputStream:75 - [STDERR_REDIRECT] 
2026-08-23 23:28:39,346 [ERROR] LogOutputStream:75 - [STDERR_REDIRECT] [Fatal Error] :1:1: Premature end of file.
2026-08-23 23:28:39,347 [ERROR] LogOutputStream:75 - [STDERR_REDIRECT] 
2026-08-23 23:28:40,340 [ERROR] LogOutputStream:75 - [STDERR_REDIRECT] [Fatal Error] :1:1: Premature end of file.
2026-08-23 23:28:40,340 [ERROR] LogOutputStream:75 - [STDERR_REDIRECT] 
2026-08-23 23:28:41,340 [ERROR] LogOutputStream:75 - [STDERR_REDIRECT] [Fatal Error] :1:1: Premature end of file.
2026-08-23 23:28:41,340 [ERROR] LogOutputStream:75 - [STDERR_REDIRECT] 
2026-08-23 23:28:42,347 [ERROR] LogOutputStream:75 - [STDERR_REDIRECT] [Fatal Error] :1:1: Premature end of file.
2026-08-23 23:28:42,347 [ERROR] LogOutputStream:75 - [STDERR_REDIRECT] 
2026-08-23 23:28:43,329 [ERROR] LogOutputStream:75 - [STDERR_REDIRECT] [Fatal Error] :1:1: Premature end of file.
2026-08-23 23:28:43,329 [ERROR] LogOutputStream:75 - [STDERR_REDIRECT] 
2026-08-23 23:28:44,330 [ERROR] LogOutputStream:75 - [STDERR_REDIRECT] [Fatal Error] :1:1: Premature end of file.
2026-08-23 23:28:44,330 [ERROR] LogOutputStream:75 - [STDERR_REDIRECT] 
2026-08-23 23:28:45,348 [ERROR] LogOutputStream:75 - [STDERR_REDIRECT] [Fatal Error] :1:1: Premature end of file.
2026-08-23 23:28:45,348 [ERROR] LogOutputStream:75 - [STDERR_REDIRECT] 
2026-08-23 23:28:46,354 [ERROR] LogOutputStream:75 - [STDERR_REDIRECT] [Fatal Error] :1:1: Premature end of file.
2026-08-23 23:28:46,354 [ERROR] LogOutputStream:75 - [STDERR_REDIRECT] 
2026-08-23 23:28:47,338 [ERROR] LogOutputStream:75 - [STDERR_REDIRECT] [Fatal Error] :1:1: Premature end of file.
2026-08-23 23:28:47,338 [ERROR] LogOutputStream:75 - [STDERR_REDIRECT] 
2026-08-23 23:28:48,349 [ERROR] LogOutputStream:75 - [STDERR_REDIRECT] [Fatal Error] :1:1: Premature end of file.
2026-08-23 23:28:48,349 [ERROR] LogOutputStream:75 - [STDERR_REDIRECT] 
2026-08-23 23:28:49,347 [ERROR] LogOutputStream:75 - [STDERR_REDIRECT] [Fatal Error] :1:1: Premature end of file.
2026-08-23 23:28:49,347 [ERROR] LogOutputStream:75 - [STDERR_REDIRECT] 
2026-08-23 23:28:50,343 [ERROR] LogOutputStream:75 - [STDERR_REDIRECT] [Fatal Error] :1:1: Premature end of file.
2026-08-23 23:28:50,343 [ERROR] LogOutputStream:75 - [STDERR_REDIRECT] 
2026-08-23 23:28:51,336 [ERROR] LogOutputStream:75 - [STDERR_REDIRECT] [Fatal Error] :1:1: Premature end of file.
2026-08-23 23:28:51,336 [ERROR] LogOutputStream:75 - [STDERR_REDIRECT] 
2026-08-23 23:28:52,337 [ERROR] LogOutputStream:75 - [STDERR_REDIRECT] [Fatal Error] :1:1: Premature end of file.
2026-08-23 23:28:52,337 [ERROR] LogOutputStream:75 - [STDERR_REDIRECT] 
2026-08-23 23:28:53,337 [ERROR] LogOutputStream:75 - [STDERR_REDIRECT] [Fatal Error] :1:1: Premature end of file.
2026-08-23 23:28:53,337 [ERROR] LogOutputStream:75 - [STDERR_REDIRECT] 
2026-08-23 23:28:54,347 [ERROR] LogOutputStream:75 - [STDERR_REDIRECT] [Fatal Error] :1:1: Premature end of file.
2026-08-23 23:28:54,347 [ERROR] LogOutputStream:75 - [STDERR_REDIRECT] 
2026-08-23 23:28:55,343 [ERROR] LogOutputStream:75 - [STDERR_REDIRECT] [Fatal Error] :1:1: Premature end of file.
2026-08-23 23:28:55,343 [ERROR] LogOutputStream:75 - [STDERR_REDIRECT] 
2026-08-23 23:28:56,336 [ERROR] LogOutputStream:75 - [STDERR_REDIRECT] [Fatal Error] :1:1: Premature end of file.
2026-08-23 23:28:56,336 [ERROR] LogOutputStream:75 - [STDERR_REDIRECT] 
2026-08-23 23:28:57,333 [ERROR] LogOutputStream:75 - [STDERR_REDIRECT] [Fatal Error] :1:1: Premature end of file.
2026-08-23 23:28:57,333 [ERROR] LogOutputStream:75 - [STDERR_REDIRECT] 
2026-08-23 23:28:58,341 [ERROR] LogOutputStream:75 - [STDERR_REDIRECT] [Fatal Error] :1:1: Premature end of file.
2026-08-23 23:28:58,341 [ERROR] LogOutputStream:75 - [STDERR_REDIRECT] 
2026-08-23 23:28:59,333 [ERROR] LogOutputStream:75 - [STDERR_REDIRECT] [Fatal Error] :1:1: Premature end of file.
2026-08-23 23:28:59,333 [ERROR] LogOutputStream:75 - [STDERR_REDIRECT] 
2026-08-23 23:29:00,332 [ERROR] LogOutputStream:75 - [STDERR_REDIRECT] [Fatal Error] :1:1: Premature end of file.
2026-08-23 23:29:00,332 [ERROR] LogOutputStream:75 - [STDERR_REDIRECT] 
2026-08-23 23:29:01,339 [ERROR] LogOutputStream:75 - [STDERR_REDIRECT] [Fatal Error] :1:1: Premature end of file.
2026-08-23 23:29:01,339 [ERROR] LogOutputStream:75 - [STDERR_REDIRECT] 
2026-08-23 23:29:02,329 [ERROR] LogOutputStream:75 - [STDERR_REDIRECT] [Fatal Error] :1:1: Premature end of file.
2026-08-23 23:29:02,339 [ERROR] LogOutputStream:75 - [STDERR_REDIRECT] 
2026-08-23 23:29:03,339 [ERROR] LogOutputStream:75 - [STDERR_REDIRECT] [Fatal Error] :1:1: Premature end of file.
2026-08-23 23:29:03,339 [ERROR] LogOutputStream:75 - [STDERR_REDIRECT] 
2026-08-23 23:29:04,350 [ERROR] LogOutputStream:75 - [STDERR_REDIRECT] [Fatal Error] :1:1: Premature end of file.
2026-08-23 23:29:04,350 [ERROR] LogOutputStream:75 - [STDERR_REDIRECT] 
2026-08-23 23:29:05,341 [ERROR] LogOutputStream:75 - [STDERR_REDIRECT] [Fatal Error] :1:1: Premature end of file.
2026-08-23 23:29:05,341 [ERROR] LogOutputStream:75 - [STDERR_REDIRECT] 
2026-08-23 23:29:06,346 [ERROR] LogOutputStream:75 - [STDERR_REDIRECT] [Fatal Error] :1:1: Premature end of file.
2026-08-23 23:29:06,346 [ERROR] LogOutputStream:75 - [STDERR_REDIRECT] 
2026-08-23 23:29:07,345 [ERROR] LogOutputStream:75 - [STDERR_REDIRECT] [Fatal Error] :1:1: Premature end of file.
2026-08-23 23:29:07,345 [ERROR] LogOutputStream:75 - [STDERR_REDIRECT] 
2026-08-23 23:29:08,337 [ERROR] LogOutputStream:75 - [STDERR_REDIRECT] [Fatal Error] :1:1: Premature end of file.
2026-08-23 23:29:08,337 [ERROR] LogOutputStream:75 - [STDERR_REDIRECT] 
2026-08-23 23:29:09,342 [ERROR] LogOutputStream:75 - [STDERR_REDIRECT] [Fatal Error] :1:1: Premature end of file.
2026-08-23 23:29:09,342 [ERROR] LogOutputStream:75 - [STDERR_REDIRECT] 
2026-08-23 23:29:10,338 [ERROR] LogOutputStream:75 - [STDERR_REDIRECT] [Fatal Error] :1:1: Premature end of file.
2026-08-23 23:29:10,338 [ERROR] LogOutputStream:75 - [STDERR_REDIRECT] 
2026-08-23 23:29:11,348 [ERROR] LogOutputStream:75 - [STDERR_REDIRECT] [Fatal Error] :1:1: Premature end of file.
2026-08-23 23:29:11,348 [ERROR] LogOutputStream:75 - [STDERR_REDIRECT] 
2026-08-23 23:29:12,332 [ERROR] LogOutputStream:75 - [STDERR_REDIRECT] [Fatal Error] :1:1: Premature end of file.
2026-08-23 23:29:12,332 [ERROR] LogOutputStream:75 - [STDERR_REDIRECT] 
2026-08-23 23:29:13,325 [ERROR] LogOutputStream:75 - [STDERR_REDIRECT] [Fatal Error] :1:1: Premature end of file.
2026-08-23 23:29:13,325 [ERROR] LogOutputStream:75 - [STDERR_REDIRECT] 
2026-08-23 23:29:14,334 [ERROR] LogOutputStream:75 - [STDERR_REDIRECT] [Fatal Error] :1:1: Premature end of file.
2026-08-23 23:29:14,334 [ERROR] LogOutputStream:75 - [STDERR_REDIRECT] 
2026-08-23 23:29:15,342 [ERROR] LogOutputStream:75 - [STDERR_REDIRECT] [Fatal Error] :1:1: Premature end of file.
2026-08-23 23:29:15,342 [ERROR] LogOutputStream:75 - [STDERR_REDIRECT] 
2026-08-23 23:29:16,337 [ERROR] LogOutputStream:75 - [STDERR_REDIRECT] [Fatal Error] :1:1: Premature end of file.
2026-08-23 23:29:16,337 [ERROR] LogOutputStream:75 - [STDERR_REDIRECT] 
2026-08-23 23:29:17,351 [ERROR] LogOutputStream:75 - [STDERR_REDIRECT] [Fatal Error] :1:1: Premature end of file.
2026-08-23 23:29:17,351 [ERROR] LogOutputStream:75 - [STDERR_REDIRECT] 
2026-08-23 23:29:18,326 [ERROR] LogOutputStream:75 - [STDERR_REDIRECT] [Fatal Error] :1:1: Premature end of file.
2026-08-23 23:29:18,326 [ERROR] LogOutputStream:75 - [STDERR_REDIRECT] 
2026-08-23 23:29:19,336 [ERROR] LogOutputStream:75 - [STDERR_REDIRECT] [Fatal Error] :1:1: Premature end of file.
2026-08-23 23:29:19,336 [ERROR] LogOutputStream:75 - [STDERR_REDIRECT] 
2026-08-23 23:29:20,330 [ERROR] LogOutputStream:75 - [STDERR_REDIRECT] [Fatal Error] :1:1: Premature end of file.
2026-08-23 23:29:20,330 [ERROR] LogOutputStream:75 - [STDERR_REDIRECT] 
2026-08-23 23:29:21,343 [ERROR] LogOutputStream:75 - [STDERR_REDIRECT] [Fatal Error] :1:1: Premature end of file.
2026-08-23 23:29:21,343 [ERROR] LogOutputStream:75 - [STDERR_REDIRECT] 
2026-08-23 23:29:22,341 [ERROR] LogOutputStream:75 - [STDERR_REDIRECT] [Fatal Error] :1:1: Premature end of file.
2026-08-23 23:29:22,341 [ERROR] LogOutputStream:75 - [STDERR_REDIRECT] 
2026-08-23 23:29:23,342 [ERROR] LogOutputStream:75 - [STDERR_REDIRECT] [Fatal Error] :1:1: Premature end of file.
2026-08-23 23:29:23,342 [ERROR] LogOutputStream:75 - [STDERR_REDIRECT] 
2026-08-23 23:29:24,346 [ERROR] LogOutputStream:75 - [STDERR_REDIRECT] [Fatal Error] :1:1: Premature end of file.
2026-08-23 23:29:24,346 [ERROR] LogOutputStream:75 - [STDERR_REDIRECT] 
2026-08-23 23:29:25,340 [ERROR] LogOutputStream:75 - [STDERR_REDIRECT] [Fatal Error] :1:1: Premature end of file.
2026-08-23 23:29:25,340 [ERROR] LogOutputStream:75 - [STDERR_REDIRECT] 
2026-08-23 23:29:26,341 [ERROR] LogOutputStream:75 - [STDERR_REDIRECT] [Fatal Error] :1:1: Premature end of file.
2026-08-23 23:29:26,341 [ERROR] LogOutputStream:75 - [STDERR_REDIRECT] 
2026-08-23 23:29:27,337 [ERROR] LogOutputStream:75 - [STDERR_REDIRECT] [Fatal Error] :1:1: Premature end of file.
2026-08-23 23:29:27,337 [ERROR] LogOutputStream:75 - [STDERR_REDIRECT] 
2026-08-23 23:29:28,350 [ERROR] LogOutputStream:75 - [STDERR_REDIRECT] [Fatal Error] :1:1: Premature end of file.
2026-08-23 23:29:28,350 [ERROR] LogOutputStream:75 - [STDERR_REDIRECT] 
2026-08-23 23:29:29,349 [ERROR] LogOutputStream:75 - [STDERR_REDIRECT] [Fatal Error] :1:1: Premature end of file.
2026-08-23 23:29:29,349 [ERROR] LogOutputStream:75 - [STDERR_REDIRECT] 
2026-08-23 23:29:30,335 [ERROR] LogOutputStream:75 - [STDERR_REDIRECT] [Fatal Error] :1:1: Premature end of file.
2026-08-23 23:29:30,335 [ERROR] LogOutputStream:75 - [STDERR_REDIRECT] 
2026-08-23 23:29:31,338 [ERROR] LogOutputStream:75 - [STDERR_REDIRECT] [Fatal Error] :1:1: Premature end of file.
2026-08-23 23:29:31,338 [ERROR] LogOutputStream:75 - [STDERR_REDIRECT] 
2026-08-23 23:29:32,333 [ERROR] LogOutputStream:75 - [STDERR_REDIRECT] [Fatal Error] :1:1: Premature end of file.
2026-08-23 23:29:32,333 [ERROR] LogOutputStream:75 - [STDERR_REDIRECT] 
2026-08-23 23:29:33,332 [ERROR] LogOutputStream:75 - [STDERR_REDIRECT] [Fatal Error] :1:1: Premature end of file.
2026-08-23 23:29:33,332 [ERROR] LogOutputStream:75 - [STDERR_REDIRECT] 
2026-08-23 23:29:34,332 [ERROR] LogOutputStream:75 - [STDERR_REDIRECT] [Fatal Error] :1:1: Premature end of file.
2026-08-23 23:29:34,332 [ERROR] LogOutputStream:75 - [STDERR_REDIRECT] 
2026-08-23 23:29:35,342 [ERROR] LogOutputStream:75 - [STDERR_REDIRECT] [Fatal Error] :1:1: Premature end of file.
2026-08-23 23:29:35,342 [ERROR] LogOutputStream:75 - [STDERR_REDIRECT] 
2026-08-23 23:29:36,341 [ERROR] LogOutputStream:75 - [STDERR_REDIRECT] [Fatal Error] :1:1: Premature end of file.
2026-08-23 23:29:36,341 [ERROR] LogOutputStream:75 - [STDERR_REDIRECT] 
2026-08-23 23:29:37,339 [ERROR] LogOutputStream:75 - [STDERR_REDIRECT] [Fatal Error] :1:1: Premature end of file.
2026-08-23 23:29:37,339 [ERROR] LogOutputStream:75 - [STDERR_REDIRECT] 
2026-08-23 23:29:38,335 [ERROR] LogOutputStream:75 - [STDERR_REDIRECT] [Fatal Error] :1:1: Premature end of file.
2026-08-23 23:29:38,335 [ERROR] LogOutputStream:75 - [STDERR_REDIRECT] 
2026-08-23 23:29:39,338 [ERROR] LogOutputStream:75 - [STDERR_REDIRECT] [Fatal Error] :1:1: Premature end of file.
2026-08-23 23:29:39,338 [ERROR] LogOutputStream:75 - [STDERR_REDIRECT] 
2026-08-23 23:29:40,329 [ERROR] LogOutputStream:75 - [STDERR_REDIRECT] [Fatal Error] :1:1: Premature end of file.
2026-08-23 23:29:40,329 [ERROR] LogOutputStream:75 - [STDERR_REDIRECT] 
2026-08-23 23:29:41,333 [ERROR] LogOutputStream:75 - [STDERR_REDIRECT] [Fatal Error] :1:1: Premature end of file.
2026-08-23 23:29:41,333 [ERROR] LogOutputStream:75 - [STDERR_REDIRECT] 
2026-08-23 23:29:42,337 [ERROR] LogOutputStream:75 - [STDERR_REDIRECT] [Fatal Error] :1:1: Premature end of file.
2026-08-23 23:29:42,339 [ERROR] LogOutputStream:75 - [STDERR_REDIRECT] 
2026-08-23 23:29:43,330 [ERROR] LogOutputStream:75 - [STDERR_REDIRECT] [Fatal Error] :1:1: Premature end of file.
2026-08-23 23:29:43,330 [ERROR] LogOutputStream:75 - [STDERR_REDIRECT] 
2026-08-23 23:29:44,333 [ERROR] LogOutputStream:75 - [STDERR_REDIRECT] [Fatal Error] :1:1: Premature end of file.
2026-08-23 23:29:44,333 [ERROR] LogOutputStream:75 - [STDERR_REDIRECT] 
2026-08-23 23:29:45,339 [ERROR] LogOutputStream:75 - [STDERR_REDIRECT] [Fatal Error] :1:1: Premature end of file.
2026-08-23 23:29:45,339 [ERROR] LogOutputStream:75 - [STDERR_REDIRECT] 
2026-08-23 23:29:46,355 [ERROR] LogOutputStream:75 - [STDERR_REDIRECT] [Fatal Error] :1:1: Premature end of file.
2026-08-23 23:29:46,355 [ERROR] LogOutputStream:75 - [STDERR_REDIRECT] 
2026-08-23 23:29:47,349 [ERROR] LogOutputStream:75 - [STDERR_REDIRECT] [Fatal Error] :1:1: Premature end of file.
2026-08-23 23:29:47,349 [ERROR] LogOutputStream:75 - [STDERR_REDIRECT] 
2026-08-23 23:29:48,340 [ERROR] LogOutputStream:75 - [STDERR_REDIRECT] [Fatal Error] :1:1: Premature end of file.
2026-08-23 23:29:48,340 [ERROR] LogOutputStream:75 - [STDERR_REDIRECT] 
2026-08-23 23:29:49,359 [ERROR] LogOutputStream:75 - [STDERR_REDIRECT] [Fatal Error] :1:1: Premature end of file.
2026-08-23 23:29:49,359 [ERROR] LogOutputStream:75 - [STDERR_REDIRECT] 
2026-08-23 23:29:50,360 [ERROR] LogOutputStream:75 - [STDERR_REDIRECT] [Fatal Error] :1:1: Premature end of file.
2026-08-23 23:29:50,360 [ERROR] LogOutputStream:75 - [STDERR_REDIRECT] 
2026-08-23 23:29:51,335 [ERROR] LogOutputStream:75 - [STDERR_REDIRECT] [Fatal Error] :1:1: Premature end of file.
2026-08-23 23:29:51,335 [ERROR] LogOutputStream:75 - [STDERR_REDIRECT] 
2026-08-23 23:29:52,354 [ERROR] LogOutputStream:75 - [STDERR_REDIRECT] [Fatal Error] :1:1: Premature end of file.
2026-08-23 23:29:52,354 [ERROR] LogOutputStream:75 - [STDERR_REDIRECT] 
2026-08-23 23:29:53,332 [ERROR] LogOutputStream:75 - [STDERR_REDIRECT] [Fatal Error] :1:1: Premature end of file.
2026-08-23 23:29:53,332 [ERROR] LogOutputStream:75 - [STDERR_REDIRECT] 
2026-08-23 23:29:54,355 [ERROR] LogOutputStream:75 - [STDERR_REDIRECT] [Fatal Error] :1:1: Premature end of file.
2026-08-23 23:29:54,355 [ERROR] LogOutputStream:75 - [STDERR_REDIRECT] 
2026-08-23 23:29:55,340 [ERROR] LogOutputStream:75 - [STDERR_REDIRECT] [Fatal Error] :1:1: Premature end of file.
2026-08-23 23:29:55,340 [ERROR] LogOutputStream:75 - [STDERR_REDIRECT] 
2026-08-23 23:29:56,333 [ERROR] LogOutputStream:75 - [STDERR_REDIRECT] [Fatal Error] :1:1: Premature end of file.
2026-08-23 23:29:56,333 [ERROR] LogOutputStream:75 - [STDERR_REDIRECT] 
2026-08-23 23:29:57,342 [ERROR] LogOutputStream:75 - [STDERR_REDIRECT] [Fatal Error] :1:1: Premature end of file.
2026-08-23 23:29:57,342 [ERROR] LogOutputStream:75 - [STDERR_REDIRECT] 
2026-08-23 23:29:58,335 [ERROR] LogOutputStream:75 - [STDERR_REDIRECT] [Fatal Error] :1:1: Premature end of file.
2026-08-23 23:29:58,335 [ERROR] LogOutputStream:75 - [STDERR_REDIRECT] 
2026-08-23 23:29:59,343 [ERROR] LogOutputStream:75 - [STDERR_REDIRECT] [Fatal Error] :1:1: Premature end of file.
2026-08-23 23:29:59,343 [ERROR] LogOutputStream:75 - [STDERR_REDIRECT] 
2026-08-23 23:30:00,339 [ERROR] LogOutputStream:75 - [STDERR_REDIRECT] [Fatal Error] :1:1: Premature end of file.
2026-08-23 23:30:00,339 [ERROR] LogOutputStream:75 - [STDERR_REDIRECT] 
2026-08-23 23:30:01,341 [ERROR] LogOutputStream:75 - [STDERR_REDIRECT] [Fatal Error] :1:1: Premature end of file.
2026-08-23 23:30:01,341 [ERROR] LogOutputStream:75 - [STDERR_REDIRECT] 
2026-08-23 23:30:02,338 [ERROR] LogOutputStream:75 - [STDERR_REDIRECT] [Fatal Error] :1:1: Premature end of file.
2026-08-23 23:30:02,338 [ERROR] LogOutputStream:75 - [STDERR_REDIRECT] 
2026-08-23 23:30:03,348 [ERROR] LogOutputStream:75 - [STDERR_REDIRECT] [Fatal Error] :1:1: Premature end of file.
2026-08-23 23:30:03,348 [ERROR] LogOutputStream:75 - [STDERR_REDIRECT] 
2026-08-23 23:30:04,340 [ERROR] LogOutputStream:75 - [STDERR_REDIRECT] [Fatal Error] :1:1: Premature end of file.
2026-08-23 23:30:04,340 [ERROR] LogOutputStream:75 - [STDERR_REDIRECT] 
2026-08-23 23:30:05,355 [ERROR] LogOutputStream:75 - [STDERR_REDIRECT] [Fatal Error] :1:1: Premature end of file.
2026-08-23 23:30:05,355 [ERROR] LogOutputStream:75 - [STDERR_REDIRECT] 
2026-08-23 23:30:06,348 [ERROR] LogOutputStream:75 - [STDERR_REDIRECT] [Fatal Error] :1:1: Premature end of file.
2026-08-23 23:30:06,348 [ERROR] LogOutputStream:75 - [STDERR_REDIRECT] 
2026-08-23 23:30:07,346 [ERROR] LogOutputStream:75 - [STDERR_REDIRECT] [Fatal Error] :1:1: Premature end of file.
2026-08-23 23:30:07,346 [ERROR] LogOutputStream:75 - [STDERR_REDIRECT] 
2026-08-23 23:30:08,353 [ERROR] LogOutputStream:75 - [STDERR_REDIRECT] [Fatal Error] :1:1: Premature end of file.
2026-08-23 23:30:08,353 [ERROR] LogOutputStream:75 - [STDERR_REDIRECT] 
2026-08-23 23:30:09,342 [ERROR] LogOutputStream:75 - [STDERR_REDIRECT] [Fatal Error] :1:1: Premature end of file.
2026-08-23 23:30:09,342 [ERROR] LogOutputStream:75 - [STDERR_REDIRECT] 
2026-08-23 23:30:10,343 [ERROR] LogOutputStream:75 - [STDERR_REDIRECT] [Fatal Error] :1:1: Premature end of file.
2026-08-23 23:30:10,343 [ERROR] LogOutputStream:75 - [STDERR_REDIRECT] 
2026-08-23 23:30:11,351 [ERROR] LogOutputStream:75 - [STDERR_REDIRECT] [Fatal Error] :1:1: Premature end of file.
2026-08-23 23:30:11,351 [ERROR] LogOutputStream:75 - [STDERR_REDIRECT] 
2026-08-23 23:30:12,351 [ERROR] LogOutputStream:75 - [STDERR_REDIRECT] [Fatal Error] :1:1: Premature end of file.
2026-08-23 23:30:12,351 [ERROR] LogOutputStream:75 - [STDERR_REDIRECT] 
2026-08-23 23:30:13,351 [ERROR] LogOutputStream:75 - [STDERR_REDIRECT] [Fatal Error] :1:1: Premature end of file.
2026-08-23 23:30:13,351 [ERROR] LogOutputStream:75 - [STDERR_REDIRECT] 
2026-08-23 23:30:14,340 [ERROR] LogOutputStream:75 - [STDERR_REDIRECT] [Fatal Error] :1:1: Premature end of file.
2026-08-23 23:30:14,340 [ERROR] LogOutputStream:75 - [STDERR_REDIRECT] 
2026-08-23 23:30:15,342 [ERROR] LogOutputStream:75 - [STDERR_REDIRECT] [Fatal Error] :1:1: Premature end of file.
2026-08-23 23:30:15,342 [ERROR] LogOutputStream:75 - [STDERR_REDIRECT] 
2026-08-23 23:30:16,345 [ERROR] LogOutputStream:75 - [STDERR_REDIRECT] [Fatal Error] :1:1: Premature end of file.
2026-08-23 23:30:16,346 [ERROR] LogOutputStream:75 - [STDERR_REDIRECT] 
2026-08-23 23:30:17,337 [ERROR] LogOutputStream:75 - [STDERR_REDIRECT] [Fatal Error] :1:1: Premature end of file.
2026-08-23 23:30:17,337 [ERROR] LogOutputStream:75 - [STDERR_REDIRECT] 
2026-08-23 23:30:18,342 [ERROR] LogOutputStream:75 - [STDERR_REDIRECT] [Fatal Error] :1:1: Premature end of file.
2026-08-23 23:30:18,342 [ERROR] LogOutputStream:75 - [STDERR_REDIRECT] 
2026-08-23 23:30:19,336 [ERROR] LogOutputStream:75 - [STDERR_REDIRECT] [Fatal Error] :1:1: Premature end of file.
2026-08-23 23:30:19,336 [ERROR] LogOutputStream:75 - [STDERR_REDIRECT] 
2026-08-23 23:30:20,348 [ERROR] LogOutputStream:75 - [STDERR_REDIRECT] [Fatal Error] :1:1: Premature end of file.
2026-08-23 23:30:20,348 [ERROR] LogOutputStream:75 - [STDERR_REDIRECT] 
2026-08-23 23:30:21,346 [ERROR] LogOutputStream:75 - [STDERR_REDIRECT] [Fatal Error] :1:1: Premature end of file.
2026-08-23 23:30:21,347 [ERROR] LogOutputStream:75 - [STDERR_REDIRECT] 
2026-08-23 23:30:22,354 [ERROR] LogOutputStream:75 - [STDERR_REDIRECT] [Fatal Error] :1:1: Premature end of file.
2026-08-23 23:30:22,354 [ERROR] LogOutputStream:75 - [STDERR_REDIRECT] 
2026-08-23 23:30:23,343 [ERROR] LogOutputStream:75 - [STDERR_REDIRECT] [Fatal Error] :1:1: Premature end of file.
2026-08-23 23:30:23,343 [ERROR] LogOutputStream:75 - [STDERR_REDIRECT] 
2026-08-23 23:30:24,353 [ERROR] LogOutputStream:75 - [STDERR_REDIRECT] [Fatal Error] :1:1: Premature end of file.
2026-08-23 23:30:24,353 [ERROR] LogOutputStream:75 - [STDERR_REDIRECT] 
2026-08-23 23:30:25,353 [ERROR] LogOutputStream:75 - [STDERR_REDIRECT] [Fatal Error] :1:1: Premature end of file.
2026-08-23 23:30:25,354 [ERROR] LogOutputStream:75 - [STDERR_REDIRECT] 
2026-08-23 23:30:26,350 [ERROR] LogOutputStream:75 - [STDERR_REDIRECT] [Fatal Error] :1:1: Premature end of file.
2026-08-23 23:30:26,350 [ERROR] LogOutputStream:75 - [STDERR_REDIRECT] 
2026-08-23 23:30:27,346 [ERROR] LogOutputStream:75 - [STDERR_REDIRECT] [Fatal Error] :1:1: Premature end of file.
2026-08-23 23:30:27,346 [ERROR] LogOutputStream:75 - [STDERR_REDIRECT] 
2026-08-23 23:30:28,351 [ERROR] LogOutputStream:75 - [STDERR_REDIRECT] [Fatal Error] :1:1: Premature end of file.
2026-08-23 23:30:28,351 [ERROR] LogOutputStream:75 - [STDERR_REDIRECT] 
2026-08-23 23:30:29,347 [ERROR] LogOutputStream:75 - [STDERR_REDIRECT] [Fatal Error] :1:1: Premature end of file.
2026-08-23 23:30:29,347 [ERROR] LogOutputStream:75 - [STDERR_REDIRECT] 
2026-08-23 23:30:30,346 [ERROR] LogOutputStream:75 - [STDERR_REDIRECT] [Fatal Error] :1:1: Premature end of file.
2026-08-23 23:30:30,346 [ERROR] LogOutputStream:75 - [STDERR_REDIRECT] 
2026-08-23 23:30:31,347 [ERROR] LogOutputStream:75 - [STDERR_REDIRECT] [Fatal Error] :1:1: Premature end of file.
2026-08-23 23:30:31,347 [ERROR] LogOutputStream:75 - [STDERR_REDIRECT] 
2026-08-23 23:30:32,334 [ERROR] LogOutputStream:75 - [STDERR_REDIRECT] [Fatal Error] :1:1: Premature end of file.
2026-08-23 23:30:32,334 [ERROR] LogOutputStream:75 - [STDERR_REDIRECT] 
2026-08-23 23:30:33,339 [ERROR] LogOutputStream:75 - [STDERR_REDIRECT] [Fatal Error] :1:1: Premature end of file.
2026-08-23 23:30:33,339 [ERROR] LogOutputStream:75 - [STDERR_REDIRECT] 
2026-08-23 23:30:34,343 [ERROR] LogOutputStream:75 - [STDERR_REDIRECT] [Fatal Error] :1:1: Premature end of file.
2026-08-23 23:30:34,343 [ERROR] LogOutputStream:75 - [STDERR_REDIRECT] 
2026-08-23 23:30:35,343 [ERROR] LogOutputStream:75 - [STDERR_REDIRECT] [Fatal Error] :1:1: Premature end of file.
2026-08-23 23:30:35,343 [ERROR] LogOutputStream:75 - [STDERR_REDIRECT] 
2026-08-23 23:30:36,341 [ERROR] LogOutputStream:75 - [STDERR_REDIRECT] [Fatal Error] :1:1: Premature end of file.
2026-08-23 23:30:36,341 [ERROR] LogOutputStream:75 - [STDERR_REDIRECT] 
2026-08-23 23:30:37,340 [ERROR] LogOutputStream:75 - [STDERR_REDIRECT] [Fatal Error] :1:1: Premature end of file.
2026-08-23 23:30:37,340 [ERROR] LogOutputStream:75 - [STDERR_REDIRECT] 
2026-08-23 23:30:38,343 [ERROR] LogOutputStream:75 - [STDERR_REDIRECT] [Fatal Error] :1:1: Premature end of file.
2026-08-23 23:30:38,344 [ERROR] LogOutputStream:75 - [STDERR_REDIRECT] 
2026-08-23 23:30:39,327 [ERROR] LogOutputStream:75 - [STDERR_REDIRECT] [Fatal Error] :1:1: Premature end of file.
2026-08-23 23:30:39,327 [ERROR] LogOutputStream:75 - [STDERR_REDIRECT] 
2026-08-23 23:30:40,350 [ERROR] LogOutputStream:75 - [STDERR_REDIRECT] [Fatal Error] :1:1: Premature end of file.
2026-08-23 23:30:40,350 [ERROR] LogOutputStream:75 - [STDERR_REDIRECT] 
2026-08-23 23:30:41,346 [ERROR] LogOutputStream:75 - [STDERR_REDIRECT] [Fatal Error] :1:1: Premature end of file.
2026-08-23 23:30:41,346 [ERROR] LogOutputStream:75 - [STDERR_REDIRECT] 
2026-08-23 23:30:42,340 [ERROR] LogOutputStream:75 - [STDERR_REDIRECT] [Fatal Error] :1:1: Premature end of file.
2026-08-23 23:30:42,340 [ERROR] LogOutputStream:75 - [STDERR_REDIRECT] 
2026-08-23 23:30:43,341 [ERROR] LogOutputStream:75 - [STDERR_REDIRECT] [Fatal Error] :1:1: Premature end of file.
2026-08-23 23:30:43,341 [ERROR] LogOutputStream:75 - [STDERR_REDIRECT] 
2026-08-23 23:30:44,345 [ERROR] LogOutputStream:75 - [STDERR_REDIRECT] [Fatal Error] :1:1: Premature end of file.
2026-08-23 23:30:44,345 [ERROR] LogOutputStream:75 - [STDERR_REDIRECT] 
2026-08-23 23:30:45,350 [ERROR] LogOutputStream:75 - [STDERR_REDIRECT] [Fatal Error] :1:1: Premature end of file.
2026-08-23 23:30:45,350 [ERROR] LogOutputStream:75 - [STDERR_REDIRECT] 
2026-08-23 23:30:46,339 [ERROR] LogOutputStream:75 - [STDERR_REDIRECT] [Fatal Error] :1:1: Premature end of file.
2026-08-23 23:30:46,339 [ERROR] LogOutputStream:75 - [STDERR_REDIRECT] 
2026-08-23 23:30:47,341 [ERROR] LogOutputStream:75 - [STDERR_REDIRECT] [Fatal Error] :1:1: Premature end of file.
2026-08-23 23:30:47,341 [ERROR] LogOutputStream:75 - [STDERR_REDIRECT] 
2026-08-23 23:30:48,348 [ERROR] LogOutputStream:75 - [STDERR_REDIRECT] [Fatal Error] :1:1: Premature end of file.
2026-08-23 23:30:48,348 [ERROR] LogOutputStream:75 - [STDERR_REDIRECT] 
2026-08-23 23:30:49,336 [ERROR] LogOutputStream:75 - [STDERR_REDIRECT] [Fatal Error] :1:1: Premature end of file.
2026-08-23 23:30:49,336 [ERROR] LogOutputStream:75 - [STDERR_REDIRECT] 
2026-08-23 23:30:50,347 [ERROR] LogOutputStream:75 - [STDERR_REDIRECT] [Fatal Error] :1:1: Premature end of file.
2026-08-23 23:30:50,347 [ERROR] LogOutputStream:75 - [STDERR_REDIRECT] 
2026-08-23 23:30:51,346 [ERROR] LogOutputStream:75 - [STDERR_REDIRECT] [Fatal Error] :1:1: Premature end of file.
2026-08-23 23:30:51,346 [ERROR] LogOutputStream:75 - [STDERR_REDIRECT] 
2026-08-23 23:30:52,334 [ERROR] LogOutputStream:75 - [STDERR_REDIRECT] [Fatal Error] :1:1: Premature end of file.
2026-08-23 23:30:52,334 [ERROR] LogOutputStream:75 - [STDERR_REDIRECT] 
2026-08-23 23:30:53,333 [ERROR] LogOutputStream:75 - [STDERR_REDIRECT] [Fatal Error] :1:1: Premature end of file.
2026-08-23 23:30:53,333 [ERROR] LogOutputStream:75 - [STDERR_REDIRECT] 
2026-08-23 23:30:54,337 [ERROR] LogOutputStream:75 - [STDERR_REDIRECT] [Fatal Error] :1:1: Premature end of file.
2026-08-23 23:30:54,337 [ERROR] LogOutputStream:75 - [STDERR_REDIRECT] 
2026-08-23 23:30:55,351 [ERROR] LogOutputStream:75 - [STDERR_REDIRECT] [Fatal Error] :1:1: Premature end of file.
2026-08-23 23:30:55,351 [ERROR] LogOutputStream:75 - [STDERR_REDIRECT] 
2026-08-23 23:30:56,339 [ERROR] LogOutputStream:75 - [STDERR_REDIRECT] [Fatal Error] :1:1: Premature end of file.
2026-08-23 23:30:56,339 [ERROR] LogOutputStream:75 - [STDERR_REDIRECT] 
2026-08-23 23:30:57,332 [ERROR] LogOutputStream:75 - [STDERR_REDIRECT] [Fatal Error] :1:1: Premature end of file.
2026-08-23 23:30:57,332 [ERROR] LogOutputStream:75 - [STDERR_REDIRECT] 
2026-08-23 23:30:58,332 [ERROR] LogOutputStream:75 - [STDERR_REDIRECT] [Fatal Error] :1:1: Premature end of file.
2026-08-23 23:30:58,332 [ERROR] LogOutputStream:75 - [STDERR_REDIRECT] 
2026-08-23 23:30:59,344 [ERROR] LogOutputStream:75 - [STDERR_REDIRECT] [Fatal Error] :1:1: Premature end of file.
2026-08-23 23:30:59,344 [ERROR] LogOutputStream:75 - [STDERR_REDIRECT] 
2026-08-23 23:31:00,342 [ERROR] LogOutputStream:75 - [STDERR_REDIRECT] [Fatal Error] :1:1: Premature end of file.
2026-08-23 23:31:00,342 [ERROR] LogOutputStream:75 - [STDERR_REDIRECT] 
2026-08-23 23:31:01,329 [ERROR] LogOutputStream:75 - [STDERR_REDIRECT] [Fatal Error] :1:1: Premature end of file.
2026-08-23 23:31:01,329 [ERROR] LogOutputStream:75 - [STDERR_REDIRECT] 
2026-08-23 23:31:02,341 [ERROR] LogOutputStream:75 - [STDERR_REDIRECT] [Fatal Error] :1:1: Premature end of file.
2026-08-23 23:31:02,341 [ERROR] LogOutputStream:75 - [STDERR_REDIRECT] 
2026-08-23 23:31:03,354 [ERROR] LogOutputStream:75 - [STDERR_REDIRECT] [Fatal Error] :1:1: Premature end of file.
2026-08-23 23:31:03,354 [ERROR] LogOutputStream:75 - [STDERR_REDIRECT] 
2026-08-23 23:31:04,352 [ERROR] LogOutputStream:75 - [STDERR_REDIRECT] [Fatal Error] :1:1: Premature end of file.
2026-08-23 23:31:04,352 [ERROR] LogOutputStream:75 - [STDERR_REDIRECT] 
2026-08-23 23:31:05,344 [ERROR] LogOutputStream:75 - [STDERR_REDIRECT] [Fatal Error] :1:1: Premature end of file.
2026-08-23 23:31:05,344 [ERROR] LogOutputStream:75 - [STDERR_REDIRECT] 
2026-08-23 23:31:06,347 [ERROR] LogOutputStream:75 - [STDERR_REDIRECT] [Fatal Error] :1:1: Premature end of file.
2026-08-23 23:31:06,347 [ERROR] LogOutputStream:75 - [STDERR_REDIRECT] 
2026-08-23 23:31:07,336 [ERROR] LogOutputStream:75 - [STDERR_REDIRECT] [Fatal Error] :1:1: Premature end of file.
2026-08-23 23:31:07,336 [ERROR] LogOutputStream:75 - [STDERR_REDIRECT] 
2026-08-23 23:31:08,340 [ERROR] LogOutputStream:75 - [STDERR_REDIRECT] [Fatal Error] :1:1: Premature end of file.
2026-08-23 23:31:08,340 [ERROR] LogOutputStream:75 - [STDERR_REDIRECT] 
2026-08-23 23:31:09,336 [ERROR] LogOutputStream:75 - [STDERR_REDIRECT] [Fatal Error] :1:1: Premature end of file.
2026-08-23 23:31:09,336 [ERROR] LogOutputStream:75 - [STDERR_REDIRECT] 
2026-08-23 23:31:10,342 [ERROR] LogOutputStream:75 - [STDERR_REDIRECT] [Fatal Error] :1:1: Premature end of file.
2026-08-23 23:31:10,342 [ERROR] LogOutputStream:75 - [STDERR_REDIRECT] 
2026-08-23 23:31:11,330 [ERROR] LogOutputStream:75 - [STDERR_REDIRECT] [Fatal Error] :1:1: Premature end of file.
2026-08-23 23:31:11,330 [ERROR] LogOutputStream:75 - [STDERR_REDIRECT] 
2026-08-23 23:31:12,331 [ERROR] LogOutputStream:75 - [STDERR_REDIRECT] [Fatal Error] :1:1: Premature end of file.
2026-08-23 23:31:12,331 [ERROR] LogOutputStream:75 - [STDERR_REDIRECT] 
2026-08-23 23:31:13,347 [ERROR] LogOutputStream:75 - [STDERR_REDIRECT] [Fatal Error] :1:1: Premature end of file.
2026-08-23 23:31:13,347 [ERROR] LogOutputStream:75 - [STDERR_REDIRECT] 
2026-08-23 23:31:14,343 [ERROR] LogOutputStream:75 - [STDERR_REDIRECT] [Fatal Error] :1:1: Premature end of file.
2026-08-23 23:31:14,343 [ERROR] LogOutputStream:75 - [STDERR_REDIRECT] 
2026-08-23 23:31:15,332 [ERROR] LogOutputStream:75 - [STDERR_REDIRECT] [Fatal Error] :1:1: Premature end of file.
2026-08-23 23:31:15,332 [ERROR] LogOutputStream:75 - [STDERR_REDIRECT] 
2026-08-23 23:31:16,343 [ERROR] LogOutputStream:75 - [STDERR_REDIRECT] [Fatal Error] :1:1: Premature end of file.
2026-08-23 23:31:16,343 [ERROR] LogOutputStream:75 - [STDERR_REDIRECT] 
2026-08-23 23:31:17,339 [ERROR] LogOutputStream:75 - [STDERR_REDIRECT] [Fatal Error] :1:1: Premature end of file.
2026-08-23 23:31:17,339 [ERROR] LogOutputStream:75 - [STDERR_REDIRECT] 
2026-08-23 23:31:18,341 [ERROR] LogOutputStream:75 - [STDERR_REDIRECT] [Fatal Error] :1:1: Premature end of file.
2026-08-23 23:31:18,341 [ERROR] LogOutputStream:75 - [STDERR_REDIRECT] 
2026-08-23 23:31:19,339 [ERROR] LogOutputStream:75 - [STDERR_REDIRECT] [Fatal Error] :1:1: Premature end of file.
2026-08-23 23:31:19,339 [ERROR] LogOutputStream:75 - [STDERR_REDIRECT] 
2026-08-23 23:31:20,341 [ERROR] LogOutputStream:75 - [STDERR_REDIRECT] [Fatal Error] :1:1: Premature end of file.
2026-08-23 23:31:20,341 [ERROR] LogOutputStream:75 - [STDERR_REDIRECT] 
2026-08-23 23:31:21,331 [ERROR] LogOutputStream:75 - [STDERR_REDIRECT] [Fatal Error] :1:1: Premature end of file.
2026-08-23 23:31:21,331 [ERROR] LogOutputStream:75 - [STDERR_REDIRECT] 
2026-08-23 23:31:22,346 [ERROR] LogOutputStream:75 - [STDERR_REDIRECT] [Fatal Error] :1:1: Premature end of file.
2026-08-23 23:31:22,346 [ERROR] LogOutputStream:75 - [STDERR_REDIRECT] 
2026-08-23 23:31:23,338 [ERROR] LogOutputStream:75 - [STDERR_REDIRECT] [Fatal Error] :1:1: Premature end of file.
2026-08-23 23:31:23,338 [ERROR] LogOutputStream:75 - [STDERR_REDIRECT] 
2026-08-23 23:31:24,351 [ERROR] LogOutputStream:75 - [STDERR_REDIRECT] [Fatal Error] :1:1: Premature end of file.
2026-08-23 23:31:24,352 [ERROR] LogOutputStream:75 - [STDERR_REDIRECT] 
2026-08-23 23:31:25,363 [ERROR] LogOutputStream:75 - [STDERR_REDIRECT] [Fatal Error] :1:1: Premature end of file.
2026-08-23 23:31:25,363 [ERROR] LogOutputStream:75 - [STDERR_REDIRECT] 
2026-08-23 23:31:26,345 [ERROR] LogOutputStream:75 - [STDERR_REDIRECT] [Fatal Error] :1:1: Premature end of file.
2026-08-23 23:31:26,345 [ERROR] LogOutputStream:75 - [STDERR_REDIRECT] 
2026-08-23 23:31:27,349 [ERROR] LogOutputStream:75 - [STDERR_REDIRECT] [Fatal Error] :1:1: Premature end of file.
2026-08-23 23:31:27,349 [ERROR] LogOutputStream:75 - [STDERR_REDIRECT] 
2026-08-23 23:31:28,344 [ERROR] LogOutputStream:75 - [STDERR_REDIRECT] [Fatal Error] :1:1: Premature end of file.
2026-08-23 23:31:28,344 [ERROR] LogOutputStream:75 - [STDERR_REDIRECT] 
2026-08-23 23:31:29,343 [ERROR] LogOutputStream:75 - [STDERR_REDIRECT] [Fatal Error] :1:1: Premature end of file.
2026-08-23 23:31:29,343 [ERROR] LogOutputStream:75 - [STDERR_REDIRECT] 
2026-08-23 23:31:30,361 [ERROR] LogOutputStream:75 - [STDERR_REDIRECT] [Fatal Error] :1:1: Premature end of file.
2026-08-23 23:31:30,361 [ERROR] LogOutputStream:75 - [STDERR_REDIRECT] 
2026-08-23 23:31:31,335 [ERROR] LogOutputStream:75 - [STDERR_REDIRECT] [Fatal Error] :1:1: Premature end of file.
2026-08-23 23:31:31,335 [ERROR] LogOutputStream:75 - [STDERR_REDIRECT] 
2026-08-23 23:31:32,339 [ERROR] LogOutputStream:75 - [STDERR_REDIRECT] [Fatal Error] :1:1: Premature end of file.
2026-08-23 23:31:32,339 [ERROR] LogOutputStream:75 - [STDERR_REDIRECT] 
2026-08-23 23:31:33,335 [ERROR] LogOutputStream:75 - [STDERR_REDIRECT] [Fatal Error] :1:1: Premature end of file.
2026-08-23 23:31:33,335 [ERROR] LogOutputStream:75 - [STDERR_REDIRECT] 
2026-08-23 23:31:34,345 [ERROR] LogOutputStream:75 - [STDERR_REDIRECT] [Fatal Error] :1:1: Premature end of file.
2026-08-23 23:31:34,345 [ERROR] LogOutputStream:75 - [STDERR_REDIRECT] 
2026-08-23 23:31:35,350 [ERROR] LogOutputStream:75 - [STDERR_REDIRECT] [Fatal Error] :1:1: Premature end of file.
2026-08-23 23:31:35,350 [ERROR] LogOutputStream:75 - [STDERR_REDIRECT] 
2026-08-23 23:31:36,332 [ERROR] LogOutputStream:75 - [STDERR_REDIRECT] [Fatal Error] :1:1: Premature end of file.
2026-08-23 23:31:36,332 [ERROR] LogOutputStream:75 - [STDERR_REDIRECT] 
2026-08-23 23:31:37,339 [ERROR] LogOutputStream:75 - [STDERR_REDIRECT] [Fatal Error] :1:1: Premature end of file.
2026-08-23 23:31:37,339 [ERROR] LogOutputStream:75 - [STDERR_REDIRECT] 
2026-08-23 23:31:38,334 [ERROR] LogOutputStream:75 - [STDERR_REDIRECT] [Fatal Error] :1:1: Premature end of file.
2026-08-23 23:31:38,334 [ERROR] LogOutputStream:75 - [STDERR_REDIRECT] 
2026-08-23 23:31:39,340 [ERROR] LogOutputStream:75 - [STDERR_REDIRECT] [Fatal Error] :1:1: Premature end of file.
2026-08-23 23:31:39,340 [ERROR] LogOutputStream:75 - [STDERR_REDIRECT] 
2026-08-23 23:31:40,329 [ERROR] LogOutputStream:75 - [STDERR_REDIRECT] [Fatal Error] :1:1: Premature end of file.
2026-08-23 23:31:40,329 [ERROR] LogOutputStream:75 - [STDERR_REDIRECT] 
2026-08-23 23:31:41,328 [ERROR] LogOutputStream:75 - [STDERR_REDIRECT] [Fatal Error] :1:1: Premature end of file.
2026-08-23 23:31:41,328 [ERROR] LogOutputStream:75 - [STDERR_REDIRECT] 
2026-08-23 23:31:42,337 [ERROR] LogOutputStream:75 - [STDERR_REDIRECT] [Fatal Error] :1:1: Premature end of file.
2026-08-23 23:31:42,337 [ERROR] LogOutputStream:75 - [STDERR_REDIRECT] 
2026-08-23 23:31:43,326 [ERROR] LogOutputStream:75 - [STDERR_REDIRECT] [Fatal Error] :1:1: Premature end of file.
2026-08-23 23:31:43,326 [ERROR] LogOutputStream:75 - [STDERR_REDIRECT] 
2026-08-23 23:31:44,334 [ERROR] LogOutputStream:75 - [STDERR_REDIRECT] [Fatal Error] :1:1: Premature end of file.
2026-08-23 23:31:44,334 [ERROR] LogOutputStream:75 - [STDERR_REDIRECT] 
2026-08-23 23:31:45,341 [ERROR] LogOutputStream:75 - [STDERR_REDIRECT] [Fatal Error] :1:1: Premature end of file.
2026-08-23 23:31:45,341 [ERROR] LogOutputStream:75 - [STDERR_REDIRECT] 
2026-08-23 23:31:46,341 [ERROR] LogOutputStream:75 - [STDERR_REDIRECT] [Fatal Error] :1:1: Premature end of file.
2026-08-23 23:31:46,341 [ERROR] LogOutputStream:75 - [STDERR_REDIRECT] 
2026-08-23 23:31:47,335 [ERROR] LogOutputStream:75 - [STDERR_REDIRECT] [Fatal Error] :1:1: Premature end of file.
2026-08-23 23:31:47,335 [ERROR] LogOutputStream:75 - [STDERR_REDIRECT] 
2026-08-23 23:31:48,326 [ERROR] LogOutputStream:75 - [STDERR_REDIRECT] [Fatal Error] :1:1: Premature end of file.
2026-08-23 23:31:48,326 [ERROR] LogOutputStream:75 - [STDERR_REDIRECT] 
2026-08-23 23:31:49,346 [ERROR] LogOutputStream:75 - [STDERR_REDIRECT] [Fatal Error] :1:1: Premature end of file.
2026-08-23 23:31:49,346 [ERROR] LogOutputStream:75 - [STDERR_REDIRECT] 
2026-08-23 23:31:50,337 [ERROR] LogOutputStream:75 - [STDERR_REDIRECT] [Fatal Error] :1:1: Premature end of file.
2026-08-23 23:31:50,337 [ERROR] LogOutputStream:75 - [STDERR_REDIRECT] 
2026-08-23 23:31:51,347 [ERROR] LogOutputStream:75 - [STDERR_REDIRECT] [Fatal Error] :1:1: Premature end of file.
2026-08-23 23:31:51,347 [ERROR] LogOutputStream:75 - [STDERR_REDIRECT] 
2026-08-23 23:31:52,335 [ERROR] LogOutputStream:75 - [STDERR_REDIRECT] [Fatal Error] :1:1: Premature end of file.
2026-08-23 23:31:52,335 [ERROR] LogOutputStream:75 - [STDERR_REDIRECT] 
2026-08-23 23:31:53,343 [ERROR] LogOutputStream:75 - [STDERR_REDIRECT] [Fatal Error] :1:1: Premature end of file.
2026-08-23 23:31:53,343 [ERROR] LogOutputStream:75 - [STDERR_REDIRECT] 
2026-08-23 23:31:54,340 [ERROR] LogOutputStream:75 - [STDERR_REDIRECT] [Fatal Error] :1:1: Premature end of file.
2026-08-23 23:31:54,341 [ERROR] LogOutputStream:75 - [STDERR_REDIRECT] 
2026-08-23 23:31:55,337 [ERROR] LogOutputStream:75 - [STDERR_REDIRECT] [Fatal Error] :1:1: Premature end of file.
2026-08-23 23:31:55,337 [ERROR] LogOutputStream:75 - [STDERR_REDIRECT] 
2026-08-23 23:31:56,338 [ERROR] LogOutputStream:75 - [STDERR_REDIRECT] [Fatal Error] :1:1: Premature end of file.
2026-08-23 23:31:56,338 [ERROR] LogOutputStream:75 - [STDERR_REDIRECT] 
2026-08-23 23:31:57,343 [ERROR] LogOutputStream:75 - [STDERR_REDIRECT] [Fatal Error] :1:1: Premature end of file.
2026-08-23 23:31:57,343 [ERROR] LogOutputStream:75 - [STDERR_REDIRECT] 
2026-08-23 23:31:58,331 [ERROR] LogOutputStream:75 - [STDERR_REDIRECT] [Fatal Error] :1:1: Premature end of file.
2026-08-23 23:31:58,331 [ERROR] LogOutputStream:75 - [STDERR_REDIRECT] 
2026-08-23 23:31:59,330 [ERROR] LogOutputStream:75 - [STDERR_REDIRECT] [Fatal Error] :1:1: Premature end of file.
2026-08-23 23:31:59,330 [ERROR] LogOutputStream:75 - [STDERR_REDIRECT] 
2026-08-23 23:32:00,341 [ERROR] LogOutputStream:75 - [STDERR_REDIRECT] [Fatal Error] :1:1: Premature end of file.
2026-08-23 23:32:00,341 [ERROR] LogOutputStream:75 - [STDERR_REDIRECT] 
2026-08-23 23:32:01,337 [ERROR] LogOutputStream:75 - [STDERR_REDIRECT] [Fatal Error] :1:1: Premature end of file.
2026-08-23 23:32:01,337 [ERROR] LogOutputStream:75 - [STDERR_REDIRECT] 
2026-08-23 23:32:02,338 [ERROR] LogOutputStream:75 - [STDERR_REDIRECT] [Fatal Error] :1:1: Premature end of file.
2026-08-23 23:32:02,338 [ERROR] LogOutputStream:75 - [STDERR_REDIRECT] 
2026-08-23 23:32:03,335 [ERROR] LogOutputStream:75 - [STDERR_REDIRECT] [Fatal Error] :1:1: Premature end of file.
2026-08-23 23:32:03,335 [ERROR] LogOutputStream:75 - [STDERR_REDIRECT] 
2026-08-23 23:32:04,326 [ERROR] LogOutputStream:75 - [STDERR_REDIRECT] [Fatal Error] :1:1: Premature end of file.
2026-08-23 23:32:04,326 [ERROR] LogOutputStream:75 - [STDERR_REDIRECT] 
2026-08-23 23:32:05,342 [ERROR] LogOutputStream:75 - [STDERR_REDIRECT] [Fatal Error] :1:1: Premature end of file.
2026-08-23 23:32:05,342 [ERROR] LogOutputStream:75 - [STDERR_REDIRECT] 
2026-08-23 23:32:06,324 [ERROR] LogOutputStream:75 - [STDERR_REDIRECT] [Fatal Error] :1:1: Premature end of file.
2026-08-23 23:32:06,324 [ERROR] LogOutputStream:75 - [STDERR_REDIRECT] 
2026-08-23 23:32:07,333 [ERROR] LogOutputStream:75 - [STDERR_REDIRECT] [Fatal Error] :1:1: Premature end of file.
2026-08-23 23:32:07,333 [ERROR] LogOutputStream:75 - [STDERR_REDIRECT] 
2026-08-23 23:32:08,334 [ERROR] LogOutputStream:75 - [STDERR_REDIRECT] [Fatal Error] :1:1: Premature end of file.
2026-08-23 23:32:08,334 [ERROR] LogOutputStream:75 - [STDERR_REDIRECT] 
2026-08-23 23:32:09,338 [ERROR] LogOutputStream:75 - [STDERR_REDIRECT] [Fatal Error] :1:1: Premature end of file.
2026-08-23 23:32:09,338 [ERROR] LogOutputStream:75 - [STDERR_REDIRECT] 
2026-08-23 23:32:10,337 [ERROR] LogOutputStream:75 - [STDERR_REDIRECT] [Fatal Error] :1:1: Premature end of file.
2026-08-23 23:32:10,337 [ERROR] LogOutputStream:75 - [STDERR_REDIRECT] 
2026-08-23 23:32:11,336 [ERROR] LogOutputStream:75 - [STDERR_REDIRECT] [Fatal Error] :1:1: Premature end of file.
2026-08-23 23:32:11,336 [ERROR] LogOutputStream:75 - [STDERR_REDIRECT] 
2026-08-23 23:32:12,350 [ERROR] LogOutputStream:75 - [STDERR_REDIRECT] [Fatal Error] :1:1: Premature end of file.
2026-08-23 23:32:12,350 [ERROR] LogOutputStream:75 - [STDERR_REDIRECT] 
2026-08-23 23:32:13,342 [ERROR] LogOutputStream:75 - [STDERR_REDIRECT] [Fatal Error] :1:1: Premature end of file.
2026-08-23 23:32:13,342 [ERROR] LogOutputStream:75 - [STDERR_REDIRECT] 
2026-08-23 23:32:14,334 [ERROR] LogOutputStream:75 - [STDERR_REDIRECT] [Fatal Error] :1:1: Premature end of file.
2026-08-23 23:32:14,334 [ERROR] LogOutputStream:75 - [STDERR_REDIRECT] 
2026-08-23 23:32:15,333 [ERROR] LogOutputStream:75 - [STDERR_REDIRECT] [Fatal Error] :1:1: Premature end of file.
2026-08-23 23:32:15,333 [ERROR] LogOutputStream:75 - [STDERR_REDIRECT] 
2026-08-23 23:32:16,340 [ERROR] LogOutputStream:75 - [STDERR_REDIRECT] [Fatal Error] :1:1: Premature end of file.
2026-08-23 23:32:16,340 [ERROR] LogOutputStream:75 - [STDERR_REDIRECT] 
2026-08-23 23:32:17,332 [ERROR] LogOutputStream:75 - [STDERR_REDIRECT] [Fatal Error] :1:1: Premature end of file.
2026-08-23 23:32:17,343 [ERROR] LogOutputStream:75 - [STDERR_REDIRECT] 
2026-08-23 23:32:18,331 [ERROR] LogOutputStream:75 - [STDERR_REDIRECT] [Fatal Error] :1:1: Premature end of file.
2026-08-23 23:32:18,331 [ERROR] LogOutputStream:75 - [STDERR_REDIRECT] 
2026-08-23 23:32:19,349 [ERROR] LogOutputStream:75 - [STDERR_REDIRECT] [Fatal Error] :1:1: Premature end of file.
2026-08-23 23:32:19,349 [ERROR] LogOutputStream:75 - [STDERR_REDIRECT] 
2026-08-23 23:32:20,329 [ERROR] LogOutputStream:75 - [STDERR_REDIRECT] [Fatal Error] :1:1: Premature end of file.
2026-08-23 23:32:20,329 [ERROR] LogOutputStream:75 - [STDERR_REDIRECT] 
2026-08-23 23:32:21,328 [ERROR] LogOutputStream:75 - [STDERR_REDIRECT] [Fatal Error] :1:1: Premature end of file.
2026-08-23 23:32:21,328 [ERROR] LogOutputStream:75 - [STDERR_REDIRECT] 
2026-08-23 23:32:22,338 [ERROR] LogOutputStream:75 - [STDERR_REDIRECT] [Fatal Error] :1:1: Premature end of file.
2026-08-23 23:32:22,338 [ERROR] LogOutputStream:75 - [STDERR_REDIRECT] 
2026-08-23 23:32:23,330 [ERROR] LogOutputStream:75 - [STDERR_REDIRECT] [Fatal Error] :1:1: Premature end of file.
2026-08-23 23:32:23,330 [ERROR] LogOutputStream:75 - [STDERR_REDIRECT] 
2026-08-23 23:32:24,326 [ERROR] LogOutputStream:75 - [STDERR_REDIRECT] [Fatal Error] :1:1: Premature end of file.
2026-08-23 23:32:24,326 [ERROR] LogOutputStream:75 - [STDERR_REDIRECT] 
2026-08-23 23:32:25,325 [ERROR] LogOutputStream:75 - [STDERR_REDIRECT] [Fatal Error] :1:1: Premature end of file.
2026-08-23 23:32:25,325 [ERROR] LogOutputStream:75 - [STDERR_REDIRECT] 
2026-08-23 23:32:26,358 [ERROR] LogOutputStream:75 - [STDERR_REDIRECT] [Fatal Error] :1:1: Premature end of file.
2026-08-23 23:32:26,358 [ERROR] LogOutputStream:75 - [STDERR_REDIRECT] 
2026-08-23 23:32:27,334 [ERROR] LogOutputStream:75 - [STDERR_REDIRECT] [Fatal Error] :1:1: Premature end of file.
2026-08-23 23:32:27,334 [ERROR] LogOutputStream:75 - [STDERR_REDIRECT] 
2026-08-23 23:32:28,341 [ERROR] LogOutputStream:75 - [STDERR_REDIRECT] [Fatal Error] :1:1: Premature end of file.
2026-08-23 23:32:28,341 [ERROR] LogOutputStream:75 - [STDERR_REDIRECT] 
2026-08-23 23:32:29,346 [ERROR] LogOutputStream:75 - [STDERR_REDIRECT] [Fatal Error] :1:1: Premature end of file.
2026-08-23 23:32:29,346 [ERROR] LogOutputStream:75 - [STDERR_REDIRECT] 
2026-08-23 23:32:30,346 [ERROR] LogOutputStream:75 - [STDERR_REDIRECT] [Fatal Error] :1:1: Premature end of file.
2026-08-23 23:32:30,346 [ERROR] LogOutputStream:75 - [STDERR_REDIRECT] 
2026-08-23 23:32:31,344 [ERROR] LogOutputStream:75 - [STDERR_REDIRECT] [Fatal Error] :1:1: Premature end of file.
2026-08-23 23:32:31,344 [ERROR] LogOutputStream:75 - [STDERR_REDIRECT] 
2026-08-23 23:32:32,345 [ERROR] LogOutputStream:75 - [STDERR_REDIRECT] [Fatal Error] :1:1: Premature end of file.
2026-08-23 23:32:32,345 [ERROR] LogOutputStream:75 - [STDERR_REDIRECT] 
2026-08-23 23:32:33,341 [ERROR] LogOutputStream:75 - [STDERR_REDIRECT] [Fatal Error] :1:1: Premature end of file.
2026-08-23 23:32:33,341 [ERROR] LogOutputStream:75 - [STDERR_REDIRECT] 
2026-08-23 23:32:34,344 [ERROR] LogOutputStream:75 - [STDERR_REDIRECT] [Fatal Error] :1:1: Premature end of file.
2026-08-23 23:32:34,344 [ERROR] LogOutputStream:75 - [STDERR_REDIRECT] 
2026-08-23 23:32:35,339 [ERROR] LogOutputStream:75 - [STDERR_REDIRECT] [Fatal Error] :1:1: Premature end of file.
2026-08-23 23:32:35,339 [ERROR] LogOutputStream:75 - [STDERR_REDIRECT] 
2026-08-23 23:32:36,344 [ERROR] LogOutputStream:75 - [STDERR_REDIRECT] [Fatal Error] :1:1: Premature end of file.
2026-08-23 23:32:36,344 [ERROR] LogOutputStream:75 - [STDERR_REDIRECT] 
2026-08-23 23:32:37,337 [ERROR] LogOutputStream:75 - [STDERR_REDIRECT] [Fatal Error] :1:1: Premature end of file.
2026-08-23 23:32:37,337 [ERROR] LogOutputStream:75 - [STDERR_REDIRECT] 
2026-08-23 23:32:38,331 [ERROR] LogOutputStream:75 - [STDERR_REDIRECT] [Fatal Error] :1:1: Premature end of file.
2026-08-23 23:32:38,331 [ERROR] LogOutputStream:75 - [STDERR_REDIRECT] 
2026-08-23 23:32:39,337 [ERROR] LogOutputStream:75 - [STDERR_REDIRECT] [Fatal Error] :1:1: Premature end of file.
2026-08-23 23:32:39,337 [ERROR] LogOutputStream:75 - [STDERR_REDIRECT] 
2026-08-23 23:32:40,341 [ERROR] LogOutputStream:75 - [STDERR_REDIRECT] [Fatal Error] :1:1: Premature end of file.
2026-08-23 23:32:40,341 [ERROR] LogOutputStream:75 - [STDERR_REDIRECT] 
2026-08-23 23:32:41,328 [ERROR] LogOutputStream:75 - [STDERR_REDIRECT] [Fatal Error] :1:1: Premature end of file.
2026-08-23 23:32:41,328 [ERROR] LogOutputStream:75 - [STDERR_REDIRECT] 
2026-08-23 23:32:42,334 [ERROR] LogOutputStream:75 - [STDERR_REDIRECT] [Fatal Error] :1:1: Premature end of file.
2026-08-23 23:32:42,334 [ERROR] LogOutputStream:75 - [STDERR_REDIRECT] 
2026-08-23 23:32:43,344 [ERROR] LogOutputStream:75 - [STDERR_REDIRECT] [Fatal Error] :1:1: Premature end of file.
2026-08-23 23:32:43,344 [ERROR] LogOutputStream:75 - [STDERR_REDIRECT] 
2026-08-23 23:32:44,325 [ERROR] LogOutputStream:75 - [STDERR_REDIRECT] [Fatal Error] :1:1: Premature end of file.
2026-08-23 23:32:44,325 [ERROR] LogOutputStream:75 - [STDERR_REDIRECT] 
2026-08-23 23:32:45,336 [ERROR] LogOutputStream:75 - [STDERR_REDIRECT] [Fatal Error] :1:1: Premature end of file.
2026-08-23 23:32:45,336 [ERROR] LogOutputStream:75 - [STDERR_REDIRECT] 
2026-08-23 23:32:46,324 [ERROR] LogOutputStream:75 - [STDERR_REDIRECT] [Fatal Error] :1:1: Premature end of file.
2026-08-23 23:32:46,324 [ERROR] LogOutputStream:75 - [STDERR_REDIRECT] 
2026-08-23 23:32:47,347 [ERROR] LogOutputStream:75 - [STDERR_REDIRECT] [Fatal Error] :1:1: Premature end of file.
2026-08-23 23:32:47,347 [ERROR] LogOutputStream:75 - [STDERR_REDIRECT] 
2026-08-23 23:32:48,348 [ERROR] LogOutputStream:75 - [STDERR_REDIRECT] [Fatal Error] :1:1: Premature end of file.
2026-08-23 23:32:48,349 [ERROR] LogOutputStream:75 - [STDERR_REDIRECT] 
2026-08-23 23:32:49,338 [ERROR] LogOutputStream:75 - [STDERR_REDIRECT] [Fatal Error] :1:1: Premature end of file.
2026-08-23 23:32:49,338 [ERROR] LogOutputStream:75 - [STDERR_REDIRECT] 
2026-08-23 23:32:50,346 [ERROR] LogOutputStream:75 - [STDERR_REDIRECT] [Fatal Error] :1:1: Premature end of file.
2026-08-23 23:32:50,346 [ERROR] LogOutputStream:75 - [STDERR_REDIRECT] 
2026-08-23 23:32:51,337 [ERROR] LogOutputStream:75 - [STDERR_REDIRECT] [Fatal Error] :1:1: Premature end of file.
2026-08-23 23:32:51,337 [ERROR] LogOutputStream:75 - [STDERR_REDIRECT] 
2026-08-23 23:32:52,347 [ERROR] LogOutputStream:75 - [STDERR_REDIRECT] [Fatal Error] :1:1: Premature end of file.
2026-08-23 23:32:52,347 [ERROR] LogOutputStream:75 - [STDERR_REDIRECT] 
2026-08-23 23:32:53,346 [ERROR] LogOutputStream:75 - [STDERR_REDIRECT] [Fatal Error] :1:1: Premature end of file.
2026-08-23 23:32:53,346 [ERROR] LogOutputStream:75 - [STDERR_REDIRECT] 
2026-08-23 23:32:54,334 [ERROR] LogOutputStream:75 - [STDERR_REDIRECT] [Fatal Error] :1:1: Premature end of file.
2026-08-23 23:32:54,334 [ERROR] LogOutputStream:75 - [STDERR_REDIRECT] 
2026-08-23 23:32:55,334 [ERROR] LogOutputStream:75 - [STDERR_REDIRECT] [Fatal Error] :1:1: Premature end of file.
2026-08-23 23:32:55,334 [ERROR] LogOutputStream:75 - [STDERR_REDIRECT] 
2026-08-23 23:32:56,343 [ERROR] LogOutputStream:75 - [STDERR_REDIRECT] [Fatal Error] :1:1: Premature end of file.
2026-08-23 23:32:56,343 [ERROR] LogOutputStream:75 - [STDERR_REDIRECT] 
2026-08-23 23:32:57,332 [ERROR] LogOutputStream:75 - [STDERR_REDIRECT] [Fatal Error] :1:1: Premature end of file.
2026-08-23 23:32:57,332 [ERROR] LogOutputStream:75 - [STDERR_REDIRECT] 
2026-08-23 23:32:58,349 [ERROR] LogOutputStream:75 - [STDERR_REDIRECT] [Fatal Error] :1:1: Premature end of file.
2026-08-23 23:32:58,349 [ERROR] LogOutputStream:75 - [STDERR_REDIRECT] 
2026-08-23 23:32:59,340 [ERROR] LogOutputStream:75 - [STDERR_REDIRECT] [Fatal Error] :1:1: Premature end of file.
2026-08-23 23:32:59,340 [ERROR] LogOutputStream:75 - [STDERR_REDIRECT] 
2026-08-23 23:33:00,329 [ERROR] LogOutputStream:75 - [STDERR_REDIRECT] [Fatal Error] :1:1: Premature end of file.
2026-08-23 23:33:00,329 [ERROR] LogOutputStream:75 - [STDERR_REDIRECT] 
2026-08-23 23:33:01,338 [ERROR] LogOutputStream:75 - [STDERR_REDIRECT] [Fatal Error] :1:1: Premature end of file.
2026-08-23 23:33:01,338 [ERROR] LogOutputStream:75 - [STDERR_REDIRECT] 
2026-08-23 23:33:02,328 [ERROR] LogOutputStream:75 - [STDERR_REDIRECT] [Fatal Error] :1:1: Premature end of file.
2026-08-23 23:33:02,328 [ERROR] LogOutputStream:75 - [STDERR_REDIRECT] 
2026-08-23 23:33:03,327 [ERROR] LogOutputStream:75 - [STDERR_REDIRECT] [Fatal Error] :1:1: Premature end of file.
2026-08-23 23:33:03,327 [ERROR] LogOutputStream:75 - [STDERR_REDIRECT] 
2026-08-23 23:33:04,335 [ERROR] LogOutputStream:75 - [STDERR_REDIRECT] [Fatal Error] :1:1: Premature end of file.
2026-08-23 23:33:04,335 [ERROR] LogOutputStream:75 - [STDERR_REDIRECT] 
2026-08-23 23:33:05,325 [ERROR] LogOutputStream:75 - [STDERR_REDIRECT] [Fatal Error] :1:1: Premature end of file.
2026-08-23 23:33:05,325 [ERROR] LogOutputStream:75 - [STDERR_REDIRECT] 
2026-08-23 23:33:06,325 [ERROR] LogOutputStream:75 - [STDERR_REDIRECT] [Fatal Error] :1:1: Premature end of file.
2026-08-23 23:33:06,325 [ERROR] LogOutputStream:75 - [STDERR_REDIRECT] 
2026-08-23 23:33:07,334 [ERROR] LogOutputStream:75 - [STDERR_REDIRECT] [Fatal Error] :1:1: Premature end of file.
2026-08-23 23:33:07,334 [ERROR] LogOutputStream:75 - [STDERR_REDIRECT] 
2026-08-23 23:33:08,339 [ERROR] LogOutputStream:75 - [STDERR_REDIRECT] [Fatal Error] :1:1: Premature end of file.
2026-08-23 23:33:08,339 [ERROR] LogOutputStream:75 - [STDERR_REDIRECT] 
2026-08-23 23:33:09,346 [ERROR] LogOutputStream:75 - [STDERR_REDIRECT] [Fatal Error] :1:1: Premature end of file.
2026-08-23 23:33:09,346 [ERROR] LogOutputStream:75 - [STDERR_REDIRECT] 
2026-08-23 23:33:10,338 [ERROR] LogOutputStream:75 - [STDERR_REDIRECT] [Fatal Error] :1:1: Premature end of file.
2026-08-23 23:33:10,338 [ERROR] LogOutputStream:75 - [STDERR_REDIRECT] 
2026-08-23 23:33:11,337 [ERROR] LogOutputStream:75 - [STDERR_REDIRECT] [Fatal Error] :1:1: Premature end of file.
2026-08-23 23:33:11,337 [ERROR] LogOutputStream:75 - [STDERR_REDIRECT] 
2026-08-23 23:33:12,336 [ERROR] LogOutputStream:75 - [STDERR_REDIRECT] [Fatal Error] :1:1: Premature end of file.
2026-08-23 23:33:12,336 [ERROR] LogOutputStream:75 - [STDERR_REDIRECT] 
2026-08-23 23:33:13,335 [ERROR] LogOutputStream:75 - [STDERR_REDIRECT] [Fatal Error] :1:1: Premature end of file.
2026-08-23 23:33:13,335 [ERROR] LogOutputStream:75 - [STDERR_REDIRECT] 
2026-08-23 23:33:14,343 [ERROR] LogOutputStream:75 - [STDERR_REDIRECT] [Fatal Error] :1:1: Premature end of file.
2026-08-23 23:33:14,343 [ERROR] LogOutputStream:75 - [STDERR_REDIRECT] 
2026-08-23 23:33:15,342 [ERROR] LogOutputStream:75 - [STDERR_REDIRECT] [Fatal Error] :1:1: Premature end of file.
2026-08-23 23:33:15,342 [ERROR] LogOutputStream:75 - [STDERR_REDIRECT] 
2026-08-23 23:33:16,343 [ERROR] LogOutputStream:75 - [STDERR_REDIRECT] [Fatal Error] :1:1: Premature end of file.
2026-08-23 23:33:16,343 [ERROR] LogOutputStream:75 - [STDERR_REDIRECT] 
2026-08-23 23:33:17,333 [ERROR] LogOutputStream:75 - [STDERR_REDIRECT] [Fatal Error] :1:1: Premature end of file.
2026-08-23 23:33:17,333 [ERROR] LogOutputStream:75 - [STDERR_REDIRECT] 
2026-08-23 23:33:18,343 [ERROR] LogOutputStream:75 - [STDERR_REDIRECT] [Fatal Error] :1:1: Premature end of file.
2026-08-23 23:33:18,343 [ERROR] LogOutputStream:75 - [STDERR_REDIRECT] 
2026-08-23 23:33:19,331 [ERROR] LogOutputStream:75 - [STDERR_REDIRECT] [Fatal Error] :1:1: Premature end of file.
2026-08-23 23:33:19,331 [ERROR] LogOutputStream:75 - [STDERR_REDIRECT] 
2026-08-23 23:33:20,328 [ERROR] LogOutputStream:75 - [STDERR_REDIRECT] [Fatal Error] :1:1: Premature end of file.
2026-08-23 23:33:20,328 [ERROR] LogOutputStream:75 - [STDERR_REDIRECT] 
2026-08-23 23:33:21,330 [ERROR] LogOutputStream:75 - [STDERR_REDIRECT] [Fatal Error] :1:1: Premature end of file.
2026-08-23 23:33:21,330 [ERROR] LogOutputStream:75 - [STDERR_REDIRECT] 
2026-08-23 23:33:22,327 [ERROR] LogOutputStream:75 - [STDERR_REDIRECT] [Fatal Error] :1:1: Premature end of file.
2026-08-23 23:33:22,327 [ERROR] LogOutputStream:75 - [STDERR_REDIRECT] 
2026-08-23 23:33:23,354 [ERROR] LogOutputStream:75 - [STDERR_REDIRECT] [Fatal Error] :1:1: Premature end of file.
2026-08-23 23:33:23,354 [ERROR] LogOutputStream:75 - [STDERR_REDIRECT] 
2026-08-23 23:33:24,325 [ERROR] LogOutputStream:75 - [STDERR_REDIRECT] [Fatal Error] :1:1: Premature end of file.
2026-08-23 23:33:24,325 [ERROR] LogOutputStream:75 - [STDERR_REDIRECT] 
2026-08-23 23:33:25,352 [ERROR] LogOutputStream:75 - [STDERR_REDIRECT] [Fatal Error] :1:1: Premature end of file.
2026-08-23 23:33:25,352 [ERROR] LogOutputStream:75 - [STDERR_REDIRECT] 
2026-08-23 23:33:26,340 [ERROR] LogOutputStream:75 - [STDERR_REDIRECT] [Fatal Error] :1:1: Premature end of file.
2026-08-23 23:33:26,340 [ERROR] LogOutputStream:75 - [STDERR_REDIRECT] 
2026-08-23 23:33:27,339 [ERROR] LogOutputStream:75 - [STDERR_REDIRECT] [Fatal Error] :1:1: Premature end of file.
2026-08-23 23:33:27,339 [ERROR] LogOutputStream:75 - [STDERR_REDIRECT] 
2026-08-23 23:33:28,338 [ERROR] LogOutputStream:75 - [STDERR_REDIRECT] [Fatal Error] :1:1: Premature end of file.
2026-08-23 23:33:28,338 [ERROR] LogOutputStream:75 - [STDERR_REDIRECT] 
2026-08-23 23:33:29,337 [ERROR] LogOutputStream:75 - [STDERR_REDIRECT] [Fatal Error] :1:1: Premature end of file.
2026-08-23 23:33:29,337 [ERROR] LogOutputStream:75 - [STDERR_REDIRECT] 
2026-08-23 23:33:30,348 [ERROR] LogOutputStream:75 - [STDERR_REDIRECT] [Fatal Error] :1:1: Premature end of file.
2026-08-23 23:33:30,348 [ERROR] LogOutputStream:75 - [STDERR_REDIRECT] 
2026-08-23 23:33:31,336 [ERROR] LogOutputStream:75 - [STDERR_REDIRECT] [Fatal Error] :1:1: Premature end of file.
2026-08-23 23:33:31,336 [ERROR] LogOutputStream:75 - [STDERR_REDIRECT] 
2026-08-23 23:33:32,348 [ERROR] LogOutputStream:75 - [STDERR_REDIRECT] [Fatal Error] :1:1: Premature end of file.
2026-08-23 23:33:32,348 [ERROR] LogOutputStream:75 - [STDERR_REDIRECT] 
2026-08-23 23:33:33,346 [ERROR] LogOutputStream:75 - [STDERR_REDIRECT] [Fatal Error] :1:1: Premature end of file.
2026-08-23 23:33:33,346 [ERROR] LogOutputStream:75 - [STDERR_REDIRECT] 
2026-08-23 23:33:34,346 [ERROR] LogOutputStream:75 - [STDERR_REDIRECT] [Fatal Error] :1:1: Premature end of file.
2026-08-23 23:33:34,346 [ERROR] LogOutputStream:75 - [STDERR_REDIRECT] 
2026-08-23 23:33:35,345 [ERROR] LogOutputStream:75 - [STDERR_REDIRECT] [Fatal Error] :1:1: Premature end of file.
2026-08-23 23:33:35,345 [ERROR] LogOutputStream:75 - [STDERR_REDIRECT] 
2026-08-23 23:33:36,342 [ERROR] LogOutputStream:75 - [STDERR_REDIRECT] [Fatal Error] :1:1: Premature end of file.
2026-08-23 23:33:36,342 [ERROR] LogOutputStream:75 - [STDERR_REDIRECT] 
2026-08-23 23:33:37,348 [ERROR] LogOutputStream:75 - [STDERR_REDIRECT] [Fatal Error] :1:1: Premature end of file.
2026-08-23 23:33:37,348 [ERROR] LogOutputStream:75 - [STDERR_REDIRECT] 
2026-08-23 23:33:38,331 [ERROR] LogOutputStream:75 - [STDERR_REDIRECT] [Fatal Error] :1:1: Premature end of file.
2026-08-23 23:33:38,331 [ERROR] LogOutputStream:75 - [STDERR_REDIRECT] 
2026-08-23 23:33:39,345 [ERROR] LogOutputStream:75 - [STDERR_REDIRECT] [Fatal Error] :1:1: Premature end of file.
2026-08-23 23:33:39,346 [ERROR] LogOutputStream:75 - [STDERR_REDIRECT] 
2026-08-23 23:33:40,341 [ERROR] LogOutputStream:75 - [STDERR_REDIRECT] [Fatal Error] :1:1: Premature end of file.
2026-08-23 23:33:40,341 [ERROR] LogOutputStream:75 - [STDERR_REDIRECT] 
2026-08-23 23:33:41,339 [ERROR] LogOutputStream:75 - [STDERR_REDIRECT] [Fatal Error] :1:1: Premature end of file.
2026-08-23 23:33:41,339 [ERROR] LogOutputStream:75 - [STDERR_REDIRECT] 
2026-08-23 23:33:42,324 [ERROR] LogOutputStream:75 - [STDERR_REDIRECT] [Fatal Error] :1:1: Premature end of file.
2026-08-23 23:33:42,324 [ERROR] LogOutputStream:75 - [STDERR_REDIRECT] 
2026-08-23 23:33:43,375 [ERROR] LogOutputStream:75 - [STDERR_REDIRECT] [Fatal Error] :1:1: Premature end of file.
2026-08-23 23:33:43,375 [ERROR] LogOutputStream:75 - [STDERR_REDIRECT] 
2026-08-23 23:33:44,328 [ERROR] LogOutputStream:75 - [STDERR_REDIRECT] [Fatal Error] :1:1: Premature end of file.
2026-08-23 23:33:44,328 [ERROR] LogOutputStream:75 - [STDERR_REDIRECT] 
2026-08-23 23:33:45,342 [ERROR] LogOutputStream:75 - [STDERR_REDIRECT] [Fatal Error] :1:1: Premature end of file.
2026-08-23 23:33:45,342 [ERROR] LogOutputStream:75 - [STDERR_REDIRECT] 
2026-08-23 23:33:46,340 [ERROR] LogOutputStream:75 - [STDERR_REDIRECT] [Fatal Error] :1:1: Premature end of file.
2026-08-23 23:33:46,340 [ERROR] LogOutputStream:75 - [STDERR_REDIRECT] 
2026-08-23 23:33:47,350 [ERROR] LogOutputStream:75 - [STDERR_REDIRECT] [Fatal Error] :1:1: Premature end of file.
2026-08-23 23:33:47,350 [ERROR] LogOutputStream:75 - [STDERR_REDIRECT] 
2026-08-23 23:33:48,360 [ERROR] LogOutputStream:75 - [STDERR_REDIRECT] [Fatal Error] :1:1: Premature end of file.
2026-08-23 23:33:48,360 [ERROR] LogOutputStream:75 - [STDERR_REDIRECT] 
2026-08-23 23:33:49,339 [ERROR] LogOutputStream:75 - [STDERR_REDIRECT] [Fatal Error] :1:1: Premature end of file.
2026-08-23 23:33:49,339 [ERROR] LogOutputStream:75 - [STDERR_REDIRECT] 
2026-08-23 23:33:50,338 [ERROR] LogOutputStream:75 - [STDERR_REDIRECT] [Fatal Error] :1:1: Premature end of file.
2026-08-23 23:33:50,338 [ERROR] LogOutputStream:75 - [STDERR_REDIRECT] 
2026-08-23 23:33:51,351 [ERROR] LogOutputStream:75 - [STDERR_REDIRECT] [Fatal Error] :1:1: Premature end of file.
2026-08-23 23:33:51,351 [ERROR] LogOutputStream:75 - [STDERR_REDIRECT] 
2026-08-23 23:33:52,341 [ERROR] LogOutputStream:75 - [STDERR_REDIRECT] [Fatal Error] :1:1: Premature end of file.
2026-08-23 23:33:52,341 [ERROR] LogOutputStream:75 - [STDERR_REDIRECT] 
2026-08-23 23:33:53,344 [ERROR] LogOutputStream:75 - [STDERR_REDIRECT] [Fatal Error] :1:1: Premature end of file.
2026-08-23 23:33:53,344 [ERROR] LogOutputStream:75 - [STDERR_REDIRECT] 
2026-08-23 23:33:54,343 [ERROR] LogOutputStream:75 - [STDERR_REDIRECT] [Fatal Error] :1:1: Premature end of file.
2026-08-23 23:33:54,343 [ERROR] LogOutputStream:75 - [STDERR_REDIRECT] 
2026-08-23 23:33:55,349 [ERROR] LogOutputStream:75 - [STDERR_REDIRECT] [Fatal Error] :1:1: Premature end of file.
2026-08-23 23:33:55,349 [ERROR] LogOutputStream:75 - [STDERR_REDIRECT] 
2026-08-23 23:33:56,337 [ERROR] LogOutputStream:75 - [STDERR_REDIRECT] [Fatal Error] :1:1: Premature end of file.
2026-08-23 23:33:56,337 [ERROR] LogOutputStream:75 - [STDERR_REDIRECT] 
2026-08-23 23:33:57,342 [ERROR] LogOutputStream:75 - [STDERR_REDIRECT] [Fatal Error] :1:1: Premature end of file.
2026-08-23 23:33:57,342 [ERROR] LogOutputStream:75 - [STDERR_REDIRECT] 
2026-08-23 23:33:58,337 [ERROR] LogOutputStream:75 - [STDERR_REDIRECT] [Fatal Error] :1:1: Premature end of file.
2026-08-23 23:33:58,337 [ERROR] LogOutputStream:75 - [STDERR_REDIRECT] 
2026-08-23 23:33:59,342 [ERROR] LogOutputStream:75 - [STDERR_REDIRECT] [Fatal Error] :1:1: Premature end of file.
2026-08-23 23:33:59,342 [ERROR] LogOutputStream:75 - [STDERR_REDIRECT] 
2026-08-23 23:34:00,346 [ERROR] LogOutputStream:75 - [STDERR_REDIRECT] [Fatal Error] :1:1: Premature end of file.
2026-08-23 23:34:00,346 [ERROR] LogOutputStream:75 - [STDERR_REDIRECT] 
2026-08-23 23:34:01,329 [ERROR] LogOutputStream:75 - [STDERR_REDIRECT] [Fatal Error] :1:1: Premature end of file.
2026-08-23 23:34:01,329 [ERROR] LogOutputStream:75 - [STDERR_REDIRECT] 
2026-08-23 23:34:02,328 [ERROR] LogOutputStream:75 - [STDERR_REDIRECT] [Fatal Error] :1:1: Premature end of file.
2026-08-23 23:34:02,328 [ERROR] LogOutputStream:75 - [STDERR_REDIRECT] 
2026-08-23 23:34:03,339 [ERROR] LogOutputStream:75 - [STDERR_REDIRECT] [Fatal Error] :1:1: Premature end of file.
2026-08-23 23:34:03,339 [ERROR] LogOutputStream:75 - [STDERR_REDIRECT] 
2026-08-23 23:34:04,353 [ERROR] LogOutputStream:75 - [STDERR_REDIRECT] [Fatal Error] :1:1: Premature end of file.
2026-08-23 23:34:04,353 [ERROR] LogOutputStream:75 - [STDERR_REDIRECT] 
2026-08-23 23:34:05,343 [ERROR] LogOutputStream:75 - [STDERR_REDIRECT] [Fatal Error] :1:1: Premature end of file.
2026-08-23 23:34:05,348 [ERROR] LogOutputStream:75 - [STDERR_REDIRECT] 
2026-08-23 23:34:06,335 [ERROR] LogOutputStream:75 - [STDERR_REDIRECT] [Fatal Error] :1:1: Premature end of file.
2026-08-23 23:34:06,335 [ERROR] LogOutputStream:75 - [STDERR_REDIRECT] 
2026-08-23 23:34:07,341 [ERROR] LogOutputStream:75 - [STDERR_REDIRECT] [Fatal Error] :1:1: Premature end of file.
2026-08-23 23:34:07,341 [ERROR] LogOutputStream:75 - [STDERR_REDIRECT] 
2026-08-23 23:34:08,332 [ERROR] LogOutputStream:75 - [STDERR_REDIRECT] [Fatal Error] :1:1: Premature end of file.
2026-08-23 23:34:08,332 [ERROR] LogOutputStream:75 - [STDERR_REDIRECT] 
2026-08-23 23:34:09,350 [ERROR] LogOutputStream:75 - [STDERR_REDIRECT] [Fatal Error] :1:1: Premature end of file.
2026-08-23 23:34:09,350 [ERROR] LogOutputStream:75 - [STDERR_REDIRECT] 
2026-08-23 23:34:10,337 [ERROR] LogOutputStream:75 - [STDERR_REDIRECT] [Fatal Error] :1:1: Premature end of file.
2026-08-23 23:34:10,337 [ERROR] LogOutputStream:75 - [STDERR_REDIRECT] 
2026-08-23 23:34:11,352 [ERROR] LogOutputStream:75 - [STDERR_REDIRECT] [Fatal Error] :1:1: Premature end of file.
2026-08-23 23:34:11,353 [ERROR] LogOutputStream:75 - [STDERR_REDIRECT] 
2026-08-23 23:34:12,352 [ERROR] LogOutputStream:75 - [STDERR_REDIRECT] [Fatal Error] :1:1: Premature end of file.
2026-08-23 23:34:12,352 [ERROR] LogOutputStream:75 - [STDERR_REDIRECT] 
2026-08-23 23:34:13,334 [ERROR] LogOutputStream:75 - [STDERR_REDIRECT] [Fatal Error] :1:1: Premature end of file.
2026-08-23 23:34:13,334 [ERROR] LogOutputStream:75 - [STDERR_REDIRECT] 
2026-08-23 23:34:14,350 [ERROR] LogOutputStream:75 - [STDERR_REDIRECT] [Fatal Error] :1:1: Premature end of file.
2026-08-23 23:34:14,351 [ERROR] LogOutputStream:75 - [STDERR_REDIRECT] 
2026-08-23 23:34:15,342 [ERROR] LogOutputStream:75 - [STDERR_REDIRECT] [Fatal Error] :1:1: Premature end of file.
2026-08-23 23:34:15,342 [ERROR] LogOutputStream:75 - [STDERR_REDIRECT] 
2026-08-23 23:34:16,347 [ERROR] LogOutputStream:75 - [STDERR_REDIRECT] [Fatal Error] :1:1: Premature end of file.
2026-08-23 23:34:16,347 [ERROR] LogOutputStream:75 - [STDERR_REDIRECT] 
2026-08-23 23:34:17,340 [ERROR] LogOutputStream:75 - [STDERR_REDIRECT] [Fatal Error] :1:1: Premature end of file.
2026-08-23 23:34:17,340 [ERROR] LogOutputStream:75 - [STDERR_REDIRECT] 
2026-08-23 23:34:18,345 [ERROR] LogOutputStream:75 - [STDERR_REDIRECT] [Fatal Error] :1:1: Premature end of file.
2026-08-23 23:34:18,345 [ERROR] LogOutputStream:75 - [STDERR_REDIRECT] 
2026-08-23 23:34:19,340 [ERROR] LogOutputStream:75 - [STDERR_REDIRECT] [Fatal Error] :1:1: Premature end of file.
2026-08-23 23:34:19,340 [ERROR] LogOutputStream:75 - [STDERR_REDIRECT] 
2026-08-23 23:34:20,335 [ERROR] LogOutputStream:75 - [STDERR_REDIRECT] [Fatal Error] :1:1: Premature end of file.
2026-08-23 23:34:20,335 [ERROR] LogOutputStream:75 - [STDERR_REDIRECT] 
2026-08-23 23:34:21,336 [ERROR] LogOutputStream:75 - [STDERR_REDIRECT] [Fatal Error] :1:1: Premature end of file.
2026-08-23 23:34:21,336 [ERROR] LogOutputStream:75 - [STDERR_REDIRECT] 
2026-08-23 23:34:22,327 [ERROR] LogOutputStream:75 - [STDERR_REDIRECT] [Fatal Error] :1:1: Premature end of file.
2026-08-23 23:34:22,327 [ERROR] LogOutputStream:75 - [STDERR_REDIRECT] 
2026-08-23 23:34:23,329 [ERROR] LogOutputStream:75 - [STDERR_REDIRECT] [Fatal Error] :1:1: Premature end of file.
2026-08-23 23:34:23,329 [ERROR] LogOutputStream:75 - [STDERR_REDIRECT] 
2026-08-23 23:34:24,341 [ERROR] LogOutputStream:75 - [STDERR_REDIRECT] [Fatal Error] :1:1: Premature end of file.
2026-08-23 23:34:24,341 [ERROR] LogOutputStream:75 - [STDERR_REDIRECT] 
2026-08-23 23:34:25,339 [ERROR] LogOutputStream:75 - [STDERR_REDIRECT] [Fatal Error] :1:1: Premature end of file.
2026-08-23 23:34:25,340 [ERROR] LogOutputStream:75 - [STDERR_REDIRECT] 
2026-08-23 23:34:26,349 [ERROR] LogOutputStream:75 - [STDERR_REDIRECT] [Fatal Error] :1:1: Premature end of file.
2026-08-23 23:34:26,349 [ERROR] LogOutputStream:75 - [STDERR_REDIRECT] 
2026-08-23 23:34:27,344 [ERROR] LogOutputStream:75 - [STDERR_REDIRECT] [Fatal Error] :1:1: Premature end of file.
2026-08-23 23:34:27,344 [ERROR] LogOutputStream:75 - [STDERR_REDIRECT] 
2026-08-23 23:34:28,338 [ERROR] LogOutputStream:75 - [STDERR_REDIRECT] [Fatal Error] :1:1: Premature end of file.
2026-08-23 23:34:28,338 [ERROR] LogOutputStream:75 - [STDERR_REDIRECT] 
2026-08-23 23:34:29,350 [ERROR] LogOutputStream:75 - [STDERR_REDIRECT] [Fatal Error] :1:1: Premature end of file.
2026-08-23 23:34:29,350 [ERROR] LogOutputStream:75 - [STDERR_REDIRECT] 
2026-08-23 23:34:30,337 [ERROR] LogOutputStream:75 - [STDERR_REDIRECT] [Fatal Error] :1:1: Premature end of file.
2026-08-23 23:34:30,337 [ERROR] LogOutputStream:75 - [STDERR_REDIRECT] 
2026-08-23 23:34:31,326 [ERROR] LogOutputStream:75 - [STDERR_REDIRECT] [Fatal Error] :1:1: Premature end of file.
2026-08-23 23:34:31,326 [ERROR] LogOutputStream:75 - [STDERR_REDIRECT] 
2026-08-23 23:34:32,345 [ERROR] LogOutputStream:75 - [STDERR_REDIRECT] [Fatal Error] :1:1: Premature end of file.
2026-08-23 23:34:32,345 [ERROR] LogOutputStream:75 - [STDERR_REDIRECT] 
2026-08-23 23:34:33,337 [ERROR] LogOutputStream:75 - [STDERR_REDIRECT] [Fatal Error] :1:1: Premature end of file.
2026-08-23 23:34:33,337 [ERROR] LogOutputStream:75 - [STDERR_REDIRECT] 
2026-08-23 23:34:34,338 [ERROR] LogOutputStream:75 - [STDERR_REDIRECT] [Fatal Error] :1:1: Premature end of file.
2026-08-23 23:34:34,338 [ERROR] LogOutputStream:75 - [STDERR_REDIRECT] 
2026-08-23 23:34:35,332 [ERROR] LogOutputStream:75 - [STDERR_REDIRECT] [Fatal Error] :1:1: Premature end of file.
2026-08-23 23:34:35,332 [ERROR] LogOutputStream:75 - [STDERR_REDIRECT] 
2026-08-23 23:34:36,331 [ERROR] LogOutputStream:75 - [STDERR_REDIRECT] [Fatal Error] :1:1: Premature end of file.
2026-08-23 23:34:36,331 [ERROR] LogOutputStream:75 - [STDERR_REDIRECT] 
2026-08-23 23:34:37,332 [ERROR] LogOutputStream:75 - [STDERR_REDIRECT] [Fatal Error] :1:1: Premature end of file.
2026-08-23 23:34:37,332 [ERROR] LogOutputStream:75 - [STDERR_REDIRECT] 
2026-08-23 23:34:38,334 [ERROR] LogOutputStream:75 - [STDERR_REDIRECT] [Fatal Error] :1:1: Premature end of file.
2026-08-23 23:34:38,334 [ERROR] LogOutputStream:75 - [STDERR_REDIRECT] 
2026-08-23 23:34:39,342 [ERROR] LogOutputStream:75 - [STDERR_REDIRECT] [Fatal Error] :1:1: Premature end of file.
2026-08-23 23:34:39,342 [ERROR] LogOutputStream:75 - [STDERR_REDIRECT] 
2026-08-23 23:34:40,338 [ERROR] LogOutputStream:75 - [STDERR_REDIRECT] [Fatal Error] :1:1: Premature end of file.
2026-08-23 23:34:40,338 [ERROR] LogOutputStream:75 - [STDERR_REDIRECT] 
2026-08-23 23:34:41,345 [ERROR] LogOutputStream:75 - [STDERR_REDIRECT] [Fatal Error] :1:1: Premature end of file.
2026-08-23 23:34:41,345 [ERROR] LogOutputStream:75 - [STDERR_REDIRECT] 
2026-08-23 23:34:42,344 [ERROR] LogOutputStream:75 - [STDERR_REDIRECT] [Fatal Error] :1:1: Premature end of file.
2026-08-23 23:34:42,344 [ERROR] LogOutputStream:75 - [STDERR_REDIRECT] 
2026-08-23 23:34:43,346 [ERROR] LogOutputStream:75 - [STDERR_REDIRECT] [Fatal Error] :1:1: Premature end of file.
2026-08-23 23:34:43,346 [ERROR] LogOutputStream:75 - [STDERR_REDIRECT] 
2026-08-23 23:34:44,340 [ERROR] LogOutputStream:75 - [STDERR_REDIRECT] [Fatal Error] :1:1: Premature end of file.
2026-08-23 23:34:44,340 [ERROR] LogOutputStream:75 - [STDERR_REDIRECT] 
2026-08-23 23:34:45,338 [ERROR] LogOutputStream:75 - [STDERR_REDIRECT] [Fatal Error] :1:1: Premature end of file.
2026-08-23 23:34:45,338 [ERROR] LogOutputStream:75 - [STDERR_REDIRECT] 
2026-08-23 23:34:46,334 [ERROR] LogOutputStream:75 - [STDERR_REDIRECT] [Fatal Error] :1:1: Premature end of file.
2026-08-23 23:34:46,334 [ERROR] LogOutputStream:75 - [STDERR_REDIRECT] 
2026-08-23 23:34:47,325 [ERROR] LogOutputStream:75 - [STDERR_REDIRECT] [Fatal Error] :1:1: Premature end of file.
2026-08-23 23:34:47,325 [ERROR] LogOutputStream:75 - [STDERR_REDIRECT] 
2026-08-23 23:34:48,332 [ERROR] LogOutputStream:75 - [STDERR_REDIRECT] [Fatal Error] :1:1: Premature end of file.
2026-08-23 23:34:48,332 [ERROR] LogOutputStream:75 - [STDERR_REDIRECT] 
2026-08-23 23:34:49,337 [ERROR] LogOutputStream:75 - [STDERR_REDIRECT] [Fatal Error] :1:1: Premature end of file.
2026-08-23 23:34:49,337 [ERROR] LogOutputStream:75 - [STDERR_REDIRECT] 
2026-08-23 23:34:50,337 [ERROR] LogOutputStream:75 - [STDERR_REDIRECT] [Fatal Error] :1:1: Premature end of file.
2026-08-23 23:34:50,337 [ERROR] LogOutputStream:75 - [STDERR_REDIRECT] 
2026-08-23 23:34:51,338 [ERROR] LogOutputStream:75 - [STDERR_REDIRECT] [Fatal Error] :1:1: Premature end of file.
2026-08-23 23:34:51,338 [ERROR] LogOutputStream:75 - [STDERR_REDIRECT] 
2026-08-23 23:34:52,333 [ERROR] LogOutputStream:75 - [STDERR_REDIRECT] [Fatal Error] :1:1: Premature end of file.
2026-08-23 23:34:52,333 [ERROR] LogOutputStream:75 - [STDERR_REDIRECT] 
2026-08-23 23:34:53,345 [ERROR] LogOutputStream:75 - [STDERR_REDIRECT] [Fatal Error] :1:1: Premature end of file.
2026-08-23 23:34:53,345 [ERROR] LogOutputStream:75 - [STDERR_REDIRECT] 
2026-08-23 23:34:54,339 [ERROR] LogOutputStream:75 - [STDERR_REDIRECT] [Fatal Error] :1:1: Premature end of file.
2026-08-23 23:34:54,339 [ERROR] LogOutputStream:75 - [STDERR_REDIRECT] 
2026-08-23 23:34:55,335 [ERROR] LogOutputStream:75 - [STDERR_REDIRECT] [Fatal Error] :1:1: Premature end of file.
2026-08-23 23:34:55,335 [ERROR] LogOutputStream:75 - [STDERR_REDIRECT] 
2026-08-23 23:34:56,343 [ERROR] LogOutputStream:75 - [STDERR_REDIRECT] [Fatal Error] :1:1: Premature end of file.
2026-08-23 23:34:56,343 [ERROR] LogOutputStream:75 - [STDERR_REDIRECT] 
2026-08-23 23:34:57,346 [ERROR] LogOutputStream:75 - [STDERR_REDIRECT] [Fatal Error] :1:1: Premature end of file.
2026-08-23 23:34:57,346 [ERROR] LogOutputStream:75 - [STDERR_REDIRECT] 
2026-08-23 23:34:58,348 [ERROR] LogOutputStream:75 - [STDERR_REDIRECT] [Fatal Error] :1:1: Premature end of file.
2026-08-23 23:34:58,348 [ERROR] LogOutputStream:75 - [STDERR_REDIRECT] 
2026-08-23 23:34:59,339 [ERROR] LogOutputStream:75 - [STDERR_REDIRECT] [Fatal Error] :1:1: Premature end of file.
2026-08-23 23:34:59,339 [ERROR] LogOutputStream:75 - [STDERR_REDIRECT] 
2026-08-23 23:35:00,327 [ERROR] LogOutputStream:75 - [STDERR_REDIRECT] [Fatal Error] :1:1: Premature end of file.
2026-08-23 23:35:00,327 [ERROR] LogOutputStream:75 - [STDERR_REDIRECT] 
2026-08-23 23:35:01,326 [ERROR] LogOutputStream:75 - [STDERR_REDIRECT] [Fatal Error] :1:1: Premature end of file.
2026-08-23 23:35:01,326 [ERROR] LogOutputStream:75 - [STDERR_REDIRECT] 
2026-08-23 23:35:02,328 [ERROR] LogOutputStream:75 - [STDERR_REDIRECT] [Fatal Error] :1:1: Premature end of file.
2026-08-23 23:35:02,328 [ERROR] LogOutputStream:75 - [STDERR_REDIRECT] 
2026-08-23 23:35:03,331 [ERROR] LogOutputStream:75 - [STDERR_REDIRECT] [Fatal Error] :1:1: Premature end of file.
2026-08-23 23:35:03,331 [ERROR] LogOutputStream:75 - [STDERR_REDIRECT] 
2026-08-23 23:35:04,328 [ERROR] LogOutputStream:75 - [STDERR_REDIRECT] [Fatal Error] :1:1: Premature end of file.
2026-08-23 23:35:04,328 [ERROR] LogOutputStream:75 - [STDERR_REDIRECT] 
2026-08-23 23:35:05,340 [ERROR] LogOutputStream:75 - [STDERR_REDIRECT] [Fatal Error] :1:1: Premature end of file.
2026-08-23 23:35:05,340 [ERROR] LogOutputStream:75 - [STDERR_REDIRECT] 
2026-08-23 23:35:06,337 [ERROR] LogOutputStream:75 - [STDERR_REDIRECT] [Fatal Error] :1:1: Premature end of file.
2026-08-23 23:35:06,337 [ERROR] LogOutputStream:75 - [STDERR_REDIRECT] 
2026-08-23 23:35:07,345 [ERROR] LogOutputStream:75 - [STDERR_REDIRECT] [Fatal Error] :1:1: Premature end of file.
2026-08-23 23:35:07,345 [ERROR] LogOutputStream:75 - [STDERR_REDIRECT] 
2026-08-23 23:35:08,324 [ERROR] LogOutputStream:75 - [STDERR_REDIRECT] [Fatal Error] :1:1: Premature end of file.
2026-08-23 23:35:08,324 [ERROR] LogOutputStream:75 - [STDERR_REDIRECT] 
2026-08-23 23:35:09,339 [ERROR] LogOutputStream:75 - [STDERR_REDIRECT] [Fatal Error] :1:1: Premature end of file.
2026-08-23 23:35:09,339 [ERROR] LogOutputStream:75 - [STDERR_REDIRECT] 
2026-08-23 23:35:10,338 [ERROR] LogOutputStream:75 - [STDERR_REDIRECT] [Fatal Error] :1:1: Premature end of file.
2026-08-23 23:35:10,338 [ERROR] LogOutputStream:75 - [STDERR_REDIRECT] 
2026-08-23 23:35:11,351 [ERROR] LogOutputStream:75 - [STDERR_REDIRECT] [Fatal Error] :1:1: Premature end of file.
2026-08-23 23:35:11,351 [ERROR] LogOutputStream:75 - [STDERR_REDIRECT] 
2026-08-23 23:35:12,337 [ERROR] LogOutputStream:75 - [STDERR_REDIRECT] [Fatal Error] :1:1: Premature end of file.
2026-08-23 23:35:12,337 [ERROR] LogOutputStream:75 - [STDERR_REDIRECT] 
2026-08-23 23:35:13,336 [ERROR] LogOutputStream:75 - [STDERR_REDIRECT] [Fatal Error] :1:1: Premature end of file.
2026-08-23 23:35:13,336 [ERROR] LogOutputStream:75 - [STDERR_REDIRECT] 
2026-08-23 23:35:14,335 [ERROR] LogOutputStream:75 - [STDERR_REDIRECT] [Fatal Error] :1:1: Premature end of file.
2026-08-23 23:35:14,342 [ERROR] LogOutputStream:75 - [STDERR_REDIRECT] 
2026-08-23 23:35:15,335 [ERROR] LogOutputStream:75 - [STDERR_REDIRECT] [Fatal Error] :1:1: Premature end of file.
2026-08-23 23:35:15,335 [ERROR] LogOutputStream:75 - [STDERR_REDIRECT] 
2026-08-23 23:35:16,334 [ERROR] LogOutputStream:75 - [STDERR_REDIRECT] [Fatal Error] :1:1: Premature end of file.
2026-08-23 23:35:16,334 [ERROR] LogOutputStream:75 - [STDERR_REDIRECT] 
2026-08-23 23:35:17,333 [ERROR] LogOutputStream:75 - [STDERR_REDIRECT] [Fatal Error] :1:1: Premature end of file.
2026-08-23 23:35:17,333 [ERROR] LogOutputStream:75 - [STDERR_REDIRECT] 
2026-08-23 23:35:18,332 [ERROR] LogOutputStream:75 - [STDERR_REDIRECT] [Fatal Error] :1:1: Premature end of file.
2026-08-23 23:35:18,332 [ERROR] LogOutputStream:75 - [STDERR_REDIRECT] 
2026-08-23 23:35:19,342 [ERROR] LogOutputStream:75 - [STDERR_REDIRECT] [Fatal Error] :1:1: Premature end of file.
2026-08-23 23:35:19,342 [ERROR] LogOutputStream:75 - [STDERR_REDIRECT] 
2026-08-23 23:35:20,331 [ERROR] LogOutputStream:75 - [STDERR_REDIRECT] [Fatal Error] :1:1: Premature end of file.
2026-08-23 23:35:20,331 [ERROR] LogOutputStream:75 - [STDERR_REDIRECT] 
2026-08-23 23:35:21,330 [ERROR] LogOutputStream:75 - [STDERR_REDIRECT] [Fatal Error] :1:1: Premature end of file.
2026-08-23 23:35:21,330 [ERROR] LogOutputStream:75 - [STDERR_REDIRECT] 
2026-08-23 23:35:22,331 [ERROR] LogOutputStream:75 - [STDERR_REDIRECT] [Fatal Error] :1:1: Premature end of file.
2026-08-23 23:35:22,331 [ERROR] LogOutputStream:75 - [STDERR_REDIRECT] 
2026-08-23 23:35:23,343 [ERROR] LogOutputStream:75 - [STDERR_REDIRECT] [Fatal Error] :1:1: Premature end of file.
2026-08-23 23:35:23,343 [ERROR] LogOutputStream:75 - [STDERR_REDIRECT] 
2026-08-23 23:35:24,339 [ERROR] LogOutputStream:75 - [STDERR_REDIRECT] [Fatal Error] :1:1: Premature end of file.
2026-08-23 23:35:24,339 [ERROR] LogOutputStream:75 - [STDERR_REDIRECT] 
2026-08-23 23:35:25,338 [ERROR] LogOutputStream:75 - [STDERR_REDIRECT] [Fatal Error] :1:1: Premature end of file.
2026-08-23 23:35:25,338 [ERROR] LogOutputStream:75 - [STDERR_REDIRECT] 
2026-08-23 23:35:26,342 [ERROR] LogOutputStream:75 - [STDERR_REDIRECT] [Fatal Error] :1:1: Premature end of file.
2026-08-23 23:35:26,342 [ERROR] LogOutputStream:75 - [STDERR_REDIRECT] 
2026-08-23 23:35:27,325 [ERROR] LogOutputStream:75 - [STDERR_REDIRECT] [Fatal Error] :1:1: Premature end of file.
2026-08-23 23:35:27,325 [ERROR] LogOutputStream:75 - [STDERR_REDIRECT] 
2026-08-23 23:35:28,348 [ERROR] LogOutputStream:75 - [STDERR_REDIRECT] [Fatal Error] :1:1: Premature end of file.
2026-08-23 23:35:28,348 [ERROR] LogOutputStream:75 - [STDERR_REDIRECT] 
2026-08-23 23:35:29,330 [ERROR] LogOutputStream:75 - [STDERR_REDIRECT] [Fatal Error] :1:1: Premature end of file.
2026-08-23 23:35:29,330 [ERROR] LogOutputStream:75 - [STDERR_REDIRECT] 
2026-08-23 23:35:30,339 [ERROR] LogOutputStream:75 - [STDERR_REDIRECT] [Fatal Error] :1:1: Premature end of file.
2026-08-23 23:35:30,339 [ERROR] LogOutputStream:75 - [STDERR_REDIRECT] 
2026-08-23 23:35:31,337 [ERROR] LogOutputStream:75 - [STDERR_REDIRECT] [Fatal Error] :1:1: Premature end of file.
2026-08-23 23:35:31,337 [ERROR] LogOutputStream:75 - [STDERR_REDIRECT] 
2026-08-23 23:35:32,346 [ERROR] LogOutputStream:75 - [STDERR_REDIRECT] [Fatal Error] :1:1: Premature end of file.
2026-08-23 23:35:32,346 [ERROR] LogOutputStream:75 - [STDERR_REDIRECT] 
2026-08-23 23:35:33,336 [ERROR] LogOutputStream:75 - [STDERR_REDIRECT] [Fatal Error] :1:1: Premature end of file.
2026-08-23 23:35:33,336 [ERROR] LogOutputStream:75 - [STDERR_REDIRECT] 
2026-08-23 23:35:34,342 [ERROR] LogOutputStream:75 - [STDERR_REDIRECT] [Fatal Error] :1:1: Premature end of file.
2026-08-23 23:35:34,342 [ERROR] LogOutputStream:75 - [STDERR_REDIRECT] 
2026-08-23 23:35:35,341 [ERROR] LogOutputStream:75 - [STDERR_REDIRECT] [Fatal Error] :1:1: Premature end of file.
2026-08-23 23:35:35,341 [ERROR] LogOutputStream:75 - [STDERR_REDIRECT] 
2026-08-23 23:35:36,346 [ERROR] LogOutputStream:75 - [STDERR_REDIRECT] [Fatal Error] :1:1: Premature end of file.
2026-08-23 23:35:36,346 [ERROR] LogOutputStream:75 - [STDERR_REDIRECT] 
2026-08-23 23:35:37,343 [ERROR] LogOutputStream:75 - [STDERR_REDIRECT] [Fatal Error] :1:1: Premature end of file.
2026-08-23 23:35:37,343 [ERROR] LogOutputStream:75 - [STDERR_REDIRECT] 
2026-08-23 23:35:38,332 [ERROR] LogOutputStream:75 - [STDERR_REDIRECT] [Fatal Error] :1:1: Premature end of file.
2026-08-23 23:35:38,332 [ERROR] LogOutputStream:75 - [STDERR_REDIRECT] 
2026-08-23 23:35:39,342 [ERROR] LogOutputStream:75 - [STDERR_REDIRECT] [Fatal Error] :1:1: Premature end of file.
2026-08-23 23:35:39,342 [ERROR] LogOutputStream:75 - [STDERR_REDIRECT] 
2026-08-23 23:35:40,331 [ERROR] LogOutputStream:75 - [STDERR_REDIRECT] [Fatal Error] :1:1: Premature end of file.
2026-08-23 23:35:40,331 [ERROR] LogOutputStream:75 - [STDERR_REDIRECT] 
2026-08-23 23:35:41,338 [ERROR] LogOutputStream:75 - [STDERR_REDIRECT] [Fatal Error] :1:1: Premature end of file.
2026-08-23 23:35:41,338 [ERROR] LogOutputStream:75 - [STDERR_REDIRECT] 
2026-08-23 23:35:42,334 [ERROR] LogOutputStream:75 - [STDERR_REDIRECT] [Fatal Error] :1:1: Premature end of file.
2026-08-23 23:35:42,334 [ERROR] LogOutputStream:75 - [STDERR_REDIRECT] 
2026-08-23 23:35:43,328 [ERROR] LogOutputStream:75 - [STDERR_REDIRECT] [Fatal Error] :1:1: Premature end of file.
2026-08-23 23:35:43,328 [ERROR] LogOutputStream:75 - [STDERR_REDIRECT] 
2026-08-23 23:35:44,336 [ERROR] LogOutputStream:75 - [STDERR_REDIRECT] [Fatal Error] :1:1: Premature end of file.
2026-08-23 23:35:44,336 [ERROR] LogOutputStream:75 - [STDERR_REDIRECT] 
2026-08-23 23:35:45,336 [ERROR] LogOutputStream:75 - [STDERR_REDIRECT] [Fatal Error] :1:1: Premature end of file.
2026-08-23 23:35:45,336 [ERROR] LogOutputStream:75 - [STDERR_REDIRECT] 
2026-08-23 23:35:46,336 [ERROR] LogOutputStream:75 - [STDERR_REDIRECT] [Fatal Error] :1:1: Premature end of file.
2026-08-23 23:35:46,336 [ERROR] LogOutputStream:75 - [STDERR_REDIRECT] 
2026-08-23 23:35:47,332 [ERROR] LogOutputStream:75 - [STDERR_REDIRECT] [Fatal Error] :1:1: Premature end of file.
2026-08-23 23:35:47,332 [ERROR] LogOutputStream:75 - [STDERR_REDIRECT] 
2026-08-23 23:35:48,350 [ERROR] LogOutputStream:75 - [STDERR_REDIRECT] [Fatal Error] :1:1: Premature end of file.
2026-08-23 23:35:48,350 [ERROR] LogOutputStream:75 - [STDERR_REDIRECT] 
2026-08-23 23:35:49,340 [ERROR] LogOutputStream:75 - [STDERR_REDIRECT] [Fatal Error] :1:1: Premature end of file.
2026-08-23 23:35:49,340 [ERROR] LogOutputStream:75 - [STDERR_REDIRECT] 
2026-08-23 23:35:50,348 [ERROR] LogOutputStream:75 - [STDERR_REDIRECT] [Fatal Error] :1:1: Premature end of file.
2026-08-23 23:35:50,348 [ERROR] LogOutputStream:75 - [STDERR_REDIRECT] 
2026-08-23 23:35:51,338 [ERROR] LogOutputStream:75 - [STDERR_REDIRECT] [Fatal Error] :1:1: Premature end of file.
2026-08-23 23:35:51,338 [ERROR] LogOutputStream:75 - [STDERR_REDIRECT] 
2026-08-23 23:35:52,341 [ERROR] LogOutputStream:75 - [STDERR_REDIRECT] [Fatal Error] :1:1: Premature end of file.
2026-08-23 23:35:52,341 [ERROR] LogOutputStream:75 - [STDERR_REDIRECT] 
2026-08-23 23:35:53,344 [ERROR] LogOutputStream:75 - [STDERR_REDIRECT] [Fatal Error] :1:1: Premature end of file.
2026-08-23 23:35:53,344 [ERROR] LogOutputStream:75 - [STDERR_REDIRECT] 
2026-08-23 23:35:54,351 [ERROR] LogOutputStream:75 - [STDERR_REDIRECT] [Fatal Error] :1:1: Premature end of file.
2026-08-23 23:35:54,351 [ERROR] LogOutputStream:75 - [STDERR_REDIRECT] 
2026-08-23 23:35:55,346 [ERROR] LogOutputStream:75 - [STDERR_REDIRECT] [Fatal Error] :1:1: Premature end of file.
2026-08-23 23:35:55,346 [ERROR] LogOutputStream:75 - [STDERR_REDIRECT] 
2026-08-23 23:35:56,344 [ERROR] LogOutputStream:75 - [STDERR_REDIRECT] [Fatal Error] :1:1: Premature end of file.
2026-08-23 23:35:56,344 [ERROR] LogOutputStream:75 - [STDERR_REDIRECT] 
2026-08-23 23:35:57,334 [ERROR] LogOutputStream:75 - [STDERR_REDIRECT] [Fatal Error] :1:1: Premature end of file.
2026-08-23 23:35:57,334 [ERROR] LogOutputStream:75 - [STDERR_REDIRECT] 
2026-08-23 23:35:58,343 [ERROR] LogOutputStream:75 - [STDERR_REDIRECT] [Fatal Error] :1:1: Premature end of file.
2026-08-23 23:35:58,343 [ERROR] LogOutputStream:75 - [STDERR_REDIRECT] 
2026-08-23 23:35:59,332 [ERROR] LogOutputStream:75 - [STDERR_REDIRECT] [Fatal Error] :1:1: Premature end of file.
2026-08-23 23:35:59,332 [ERROR] LogOutputStream:75 - [STDERR_REDIRECT] 
2026-08-23 23:36:00,352 [ERROR] LogOutputStream:75 - [STDERR_REDIRECT] [Fatal Error] :1:1: Premature end of file.
2026-08-23 23:36:00,352 [ERROR] LogOutputStream:75 - [STDERR_REDIRECT] 
2026-08-23 23:36:01,353 [ERROR] LogOutputStream:75 - [STDERR_REDIRECT] [Fatal Error] :1:1: Premature end of file.
2026-08-23 23:36:01,353 [ERROR] LogOutputStream:75 - [STDERR_REDIRECT] 
2026-08-23 23:36:02,346 [ERROR] LogOutputStream:75 - [STDERR_REDIRECT] [Fatal Error] :1:1: Premature end of file.
2026-08-23 23:36:02,346 [ERROR] LogOutputStream:75 - [STDERR_REDIRECT] 
2026-08-23 23:36:03,325 [ERROR] LogOutputStream:75 - [STDERR_REDIRECT] [Fatal Error] :1:1: Premature end of file.
2026-08-23 23:36:03,325 [ERROR] LogOutputStream:75 - [STDERR_REDIRECT] 
2026-08-23 23:36:04,338 [ERROR] LogOutputStream:75 - [STDERR_REDIRECT] [Fatal Error] :1:1: Premature end of file.
2026-08-23 23:36:04,338 [ERROR] LogOutputStream:75 - [STDERR_REDIRECT] 
2026-08-23 23:36:05,385 [ERROR] LogOutputStream:75 - [STDERR_REDIRECT] [Fatal Error] :1:1: Premature end of file.
2026-08-23 23:36:05,385 [ERROR] LogOutputStream:75 - [STDERR_REDIRECT] 
2026-08-23 23:36:06,327 [ERROR] LogOutputStream:75 - [STDERR_REDIRECT] [Fatal Error] :1:1: Premature end of file.
2026-08-23 23:36:06,327 [ERROR] LogOutputStream:75 - [STDERR_REDIRECT] 
2026-08-23 23:36:07,341 [ERROR] LogOutputStream:75 - [STDERR_REDIRECT] [Fatal Error] :1:1: Premature end of file.
2026-08-23 23:36:07,341 [ERROR] LogOutputStream:75 - [STDERR_REDIRECT] 
2026-08-23 23:36:08,356 [ERROR] LogOutputStream:75 - [STDERR_REDIRECT] [Fatal Error] :1:1: Premature end of file.
2026-08-23 23:36:08,356 [ERROR] LogOutputStream:75 - [STDERR_REDIRECT] 
2026-08-23 23:36:09,350 [ERROR] LogOutputStream:75 - [STDERR_REDIRECT] [Fatal Error] :1:1: Premature end of file.
2026-08-23 23:36:09,350 [ERROR] LogOutputStream:75 - [STDERR_REDIRECT] 
2026-08-23 23:36:10,340 [ERROR] LogOutputStream:75 - [STDERR_REDIRECT] [Fatal Error] :1:1: Premature end of file.
2026-08-23 23:36:10,340 [ERROR] LogOutputStream:75 - [STDERR_REDIRECT] 
2026-08-23 23:36:11,362 [ERROR] LogOutputStream:75 - [STDERR_REDIRECT] [Fatal Error] :1:1: Premature end of file.
2026-08-23 23:36:11,362 [ERROR] LogOutputStream:75 - [STDERR_REDIRECT] 
2026-08-23 23:36:12,337 [ERROR] LogOutputStream:75 - [STDERR_REDIRECT] [Fatal Error] :1:1: Premature end of file.
2026-08-23 23:36:12,337 [ERROR] LogOutputStream:75 - [STDERR_REDIRECT] 
2026-08-23 23:36:13,337 [ERROR] LogOutputStream:75 - [STDERR_REDIRECT] [Fatal Error] :1:1: Premature end of file.
2026-08-23 23:36:13,337 [ERROR] LogOutputStream:75 - [STDERR_REDIRECT] 
2026-08-23 23:36:14,343 [ERROR] LogOutputStream:75 - [STDERR_REDIRECT] [Fatal Error] :1:1: Premature end of file.
2026-08-23 23:36:14,343 [ERROR] LogOutputStream:75 - [STDERR_REDIRECT] 
2026-08-23 23:36:15,352 [ERROR] LogOutputStream:75 - [STDERR_REDIRECT] [Fatal Error] :1:1: Premature end of file.
2026-08-23 23:36:15,352 [ERROR] LogOutputStream:75 - [STDERR_REDIRECT] 
2026-08-23 23:36:16,334 [ERROR] LogOutputStream:75 - [STDERR_REDIRECT] [Fatal Error] :1:1: Premature end of file.
2026-08-23 23:36:16,334 [ERROR] LogOutputStream:75 - [STDERR_REDIRECT] 
2026-08-23 23:36:17,325 [ERROR] LogOutputStream:75 - [STDERR_REDIRECT] [Fatal Error] :1:1: Premature end of file.
2026-08-23 23:36:17,325 [ERROR] LogOutputStream:75 - [STDERR_REDIRECT] 
2026-08-23 23:36:18,329 [ERROR] LogOutputStream:75 - [STDERR_REDIRECT] [Fatal Error] :1:1: Premature end of file.
2026-08-23 23:36:18,329 [ERROR] LogOutputStream:75 - [STDERR_REDIRECT] 
2026-08-23 23:36:19,331 [ERROR] LogOutputStream:75 - [STDERR_REDIRECT] [Fatal Error] :1:1: Premature end of file.
2026-08-23 23:36:19,331 [ERROR] LogOutputStream:75 - [STDERR_REDIRECT] 
2026-08-23 23:36:20,333 [ERROR] LogOutputStream:75 - [STDERR_REDIRECT] [Fatal Error] :1:1: Premature end of file.
2026-08-23 23:36:20,333 [ERROR] LogOutputStream:75 - [STDERR_REDIRECT] 
2026-08-23 23:36:21,334 [ERROR] LogOutputStream:75 - [STDERR_REDIRECT] [Fatal Error] :1:1: Premature end of file.
2026-08-23 23:36:21,334 [ERROR] LogOutputStream:75 - [STDERR_REDIRECT] 
2026-08-23 23:36:22,330 [ERROR] LogOutputStream:75 - [STDERR_REDIRECT] [Fatal Error] :1:1: Premature end of file.
2026-08-23 23:36:22,330 [ERROR] LogOutputStream:75 - [STDERR_REDIRECT] 
2026-08-23 23:36:23,346 [ERROR] LogOutputStream:75 - [STDERR_REDIRECT] [Fatal Error] :1:1: Premature end of file.
2026-08-23 23:36:23,346 [ERROR] LogOutputStream:75 - [STDERR_REDIRECT] 
2026-08-23 23:36:24,341 [ERROR] LogOutputStream:75 - [STDERR_REDIRECT] [Fatal Error] :1:1: Premature end of file.
2026-08-23 23:36:24,341 [ERROR] LogOutputStream:75 - [STDERR_REDIRECT] 
2026-08-23 23:36:25,356 [ERROR] LogOutputStream:75 - [STDERR_REDIRECT] [Fatal Error] :1:1: Premature end of file.
2026-08-23 23:36:25,356 [ERROR] LogOutputStream:75 - [STDERR_REDIRECT] 
2026-08-23 23:36:26,354 [ERROR] LogOutputStream:75 - [STDERR_REDIRECT] [Fatal Error] :1:1: Premature end of file.
2026-08-23 23:36:26,354 [ERROR] LogOutputStream:75 - [STDERR_REDIRECT] 
2026-08-23 23:36:27,341 [ERROR] LogOutputStream:75 - [STDERR_REDIRECT] [Fatal Error] :1:1: Premature end of file.
2026-08-23 23:36:27,341 [ERROR] LogOutputStream:75 - [STDERR_REDIRECT] 
2026-08-23 23:36:28,352 [ERROR] LogOutputStream:75 - [STDERR_REDIRECT] [Fatal Error] :1:1: Premature end of file.
2026-08-23 23:36:28,352 [ERROR] LogOutputStream:75 - [STDERR_REDIRECT] 
2026-08-23 23:36:29,352 [ERROR] LogOutputStream:75 - [STDERR_REDIRECT] [Fatal Error] :1:1: Premature end of file.
2026-08-23 23:36:29,353 [ERROR] LogOutputStream:75 - [STDERR_REDIRECT] 
2026-08-23 23:36:30,352 [ERROR] LogOutputStream:75 - [STDERR_REDIRECT] [Fatal Error] :1:1: Premature end of file.
2026-08-23 23:36:30,352 [ERROR] LogOutputStream:75 - [STDERR_REDIRECT] 
2026-08-23 23:36:31,349 [ERROR] LogOutputStream:75 - [STDERR_REDIRECT] [Fatal Error] :1:1: Premature end of file.
2026-08-23 23:36:31,349 [ERROR] LogOutputStream:75 - [STDERR_REDIRECT] 
2026-08-23 23:36:32,338 [ERROR] LogOutputStream:75 - [STDERR_REDIRECT] [Fatal Error] :1:1: Premature end of file.
2026-08-23 23:36:32,338 [ERROR] LogOutputStream:75 - [STDERR_REDIRECT] 
2026-08-23 23:36:33,336 [ERROR] LogOutputStream:75 - [STDERR_REDIRECT] [Fatal Error] :1:1: Premature end of file.
2026-08-23 23:36:33,336 [ERROR] LogOutputStream:75 - [STDERR_REDIRECT] 
2026-08-23 23:36:34,348 [ERROR] LogOutputStream:75 - [STDERR_REDIRECT] [Fatal Error] :1:1: Premature end of file.
2026-08-23 23:36:34,348 [ERROR] LogOutputStream:75 - [STDERR_REDIRECT] 
2026-08-23 23:36:35,333 [ERROR] LogOutputStream:75 - [STDERR_REDIRECT] [Fatal Error] :1:1: Premature end of file.
2026-08-23 23:36:35,333 [ERROR] LogOutputStream:75 - [STDERR_REDIRECT] 
2026-08-23 23:36:36,345 [ERROR] LogOutputStream:75 - [STDERR_REDIRECT] [Fatal Error] :1:1: Premature end of file.
2026-08-23 23:36:36,345 [ERROR] LogOutputStream:75 - [STDERR_REDIRECT] 
2026-08-23 23:36:37,344 [ERROR] LogOutputStream:75 - [STDERR_REDIRECT] [Fatal Error] :1:1: Premature end of file.
2026-08-23 23:36:37,344 [ERROR] LogOutputStream:75 - [STDERR_REDIRECT] 
2026-08-23 23:36:38,341 [ERROR] LogOutputStream:75 - [STDERR_REDIRECT] [Fatal Error] :1:1: Premature end of file.
2026-08-23 23:36:38,341 [ERROR] LogOutputStream:75 - [STDERR_REDIRECT] 
2026-08-23 23:36:39,339 [ERROR] LogOutputStream:75 - [STDERR_REDIRECT] [Fatal Error] :1:1: Premature end of file.
2026-08-23 23:36:39,339 [ERROR] LogOutputStream:75 - [STDERR_REDIRECT] 
2026-08-23 23:36:40,347 [ERROR] LogOutputStream:75 - [STDERR_REDIRECT] [Fatal Error] :1:1: Premature end of file.
2026-08-23 23:36:40,347 [ERROR] LogOutputStream:75 - [STDERR_REDIRECT] 
2026-08-23 23:36:41,357 [ERROR] LogOutputStream:75 - [STDERR_REDIRECT] [Fatal Error] :1:1: Premature end of file.
2026-08-23 23:36:41,357 [ERROR] LogOutputStream:75 - [STDERR_REDIRECT] 
2026-08-23 23:36:42,340 [ERROR] LogOutputStream:75 - [STDERR_REDIRECT] [Fatal Error] :1:1: Premature end of file.
2026-08-23 23:36:42,340 [ERROR] LogOutputStream:75 - [STDERR_REDIRECT] 
2026-08-23 23:36:43,336 [ERROR] LogOutputStream:75 - [STDERR_REDIRECT] [Fatal Error] :1:1: Premature end of file.
2026-08-23 23:36:43,336 [ERROR] LogOutputStream:75 - [STDERR_REDIRECT] 
2026-08-23 23:36:44,338 [ERROR] LogOutputStream:75 - [STDERR_REDIRECT] [Fatal Error] :1:1: Premature end of file.
2026-08-23 23:36:44,338 [ERROR] LogOutputStream:75 - [STDERR_REDIRECT] 
2026-08-23 23:36:45,338 [ERROR] LogOutputStream:75 - [STDERR_REDIRECT] [Fatal Error] :1:1: Premature end of file.
2026-08-23 23:36:45,338 [ERROR] LogOutputStream:75 - [STDERR_REDIRECT] 
2026-08-23 23:36:46,350 [ERROR] LogOutputStream:75 - [STDERR_REDIRECT] [Fatal Error] :1:1: Premature end of file.
2026-08-23 23:36:46,350 [ERROR] LogOutputStream:75 - [STDERR_REDIRECT] 
2026-08-23 23:36:47,354 [ERROR] LogOutputStream:75 - [STDERR_REDIRECT] [Fatal Error] :1:1: Premature end of file.
2026-08-23 23:36:47,354 [ERROR] LogOutputStream:75 - [STDERR_REDIRECT] 
2026-08-23 23:36:48,341 [ERROR] LogOutputStream:75 - [STDERR_REDIRECT] [Fatal Error] :1:1: Premature end of file.
2026-08-23 23:36:48,341 [ERROR] LogOutputStream:75 - [STDERR_REDIRECT] 
2026-08-23 23:36:49,351 [ERROR] LogOutputStream:75 - [STDERR_REDIRECT] [Fatal Error] :1:1: Premature end of file.
2026-08-23 23:36:49,351 [ERROR] LogOutputStream:75 - [STDERR_REDIRECT] 
2026-08-23 23:36:50,346 [ERROR] LogOutputStream:75 - [STDERR_REDIRECT] [Fatal Error] :1:1: Premature end of file.
2026-08-23 23:36:50,348 [ERROR] LogOutputStream:75 - [STDERR_REDIRECT] 
2026-08-23 23:36:51,350 [ERROR] LogOutputStream:75 - [STDERR_REDIRECT] [Fatal Error] :1:1: Premature end of file.
2026-08-23 23:36:51,350 [ERROR] LogOutputStream:75 - [STDERR_REDIRECT] 
2026-08-23 23:36:52,344 [ERROR] LogOutputStream:75 - [STDERR_REDIRECT] [Fatal Error] :1:1: Premature end of file.
2026-08-23 23:36:52,344 [ERROR] LogOutputStream:75 - [STDERR_REDIRECT] 
2026-08-23 23:36:53,350 [ERROR] LogOutputStream:75 - [STDERR_REDIRECT] [Fatal Error] :1:1: Premature end of file.
2026-08-23 23:36:53,350 [ERROR] LogOutputStream:75 - [STDERR_REDIRECT] 
2026-08-23 23:36:54,347 [ERROR] LogOutputStream:75 - [STDERR_REDIRECT] [Fatal Error] :1:1: Premature end of file.
2026-08-23 23:36:54,347 [ERROR] LogOutputStream:75 - [STDERR_REDIRECT] 
2026-08-23 23:36:55,354 [ERROR] LogOutputStream:75 - [STDERR_REDIRECT] [Fatal Error] :1:1: Premature end of file.
2026-08-23 23:36:55,354 [ERROR] LogOutputStream:75 - [STDERR_REDIRECT] 
2026-08-23 23:36:56,347 [ERROR] LogOutputStream:75 - [STDERR_REDIRECT] [Fatal Error] :1:1: Premature end of file.
2026-08-23 23:36:56,347 [ERROR] LogOutputStream:75 - [STDERR_REDIRECT] 
2026-08-23 23:36:57,343 [ERROR] LogOutputStream:75 - [STDERR_REDIRECT] [Fatal Error] :1:1: Premature end of file.
2026-08-23 23:36:57,343 [ERROR] LogOutputStream:75 - [STDERR_REDIRECT] 
2026-08-23 23:36:58,348 [ERROR] LogOutputStream:75 - [STDERR_REDIRECT] [Fatal Error] :1:1: Premature end of file.
2026-08-23 23:36:58,348 [ERROR] LogOutputStream:75 - [STDERR_REDIRECT] 
2026-08-23 23:36:59,342 [ERROR] LogOutputStream:75 - [STDERR_REDIRECT] [Fatal Error] :1:1: Premature end of file.
2026-08-23 23:36:59,342 [ERROR] LogOutputStream:75 - [STDERR_REDIRECT] 
2026-08-23 23:37:00,341 [ERROR] LogOutputStream:75 - [STDERR_REDIRECT] [Fatal Error] :1:1: Premature end of file.
2026-08-23 23:37:00,341 [ERROR] LogOutputStream:75 - [STDERR_REDIRECT] 
2026-08-23 23:37:01,337 [ERROR] LogOutputStream:75 - [STDERR_REDIRECT] [Fatal Error] :1:1: Premature end of file.
2026-08-23 23:37:01,337 [ERROR] LogOutputStream:75 - [STDERR_REDIRECT] 
2026-08-23 23:37:02,336 [ERROR] LogOutputStream:75 - [STDERR_REDIRECT] [Fatal Error] :1:1: Premature end of file.
2026-08-23 23:37:02,336 [ERROR] LogOutputStream:75 - [STDERR_REDIRECT] 
2026-08-23 23:37:03,338 [ERROR] LogOutputStream:75 - [STDERR_REDIRECT] [Fatal Error] :1:1: Premature end of file.
2026-08-23 23:37:03,338 [ERROR] LogOutputStream:75 - [STDERR_REDIRECT] 
2026-08-23 23:37:04,335 [ERROR] LogOutputStream:75 - [STDERR_REDIRECT] [Fatal Error] :1:1: Premature end of file.
2026-08-23 23:37:04,335 [ERROR] LogOutputStream:75 - [STDERR_REDIRECT] 
2026-08-23 23:37:05,339 [ERROR] LogOutputStream:75 - [STDERR_REDIRECT] [Fatal Error] :1:1: Premature end of file.
2026-08-23 23:37:05,339 [ERROR] LogOutputStream:75 - [STDERR_REDIRECT] 
2026-08-23 23:37:06,336 [ERROR] LogOutputStream:75 - [STDERR_REDIRECT] [Fatal Error] :1:1: Premature end of file.
2026-08-23 23:37:06,336 [ERROR] LogOutputStream:75 - [STDERR_REDIRECT] 
2026-08-23 23:37:07,335 [ERROR] LogOutputStream:75 - [STDERR_REDIRECT] [Fatal Error] :1:1: Premature end of file.
2026-08-23 23:37:07,336 [ERROR] LogOutputStream:75 - [STDERR_REDIRECT] 
2026-08-23 23:37:08,350 [ERROR] LogOutputStream:75 - [STDERR_REDIRECT] [Fatal Error] :1:1: Premature end of file.
2026-08-23 23:37:08,350 [ERROR] LogOutputStream:75 - [STDERR_REDIRECT] 
2026-08-23 23:37:09,351 [ERROR] LogOutputStream:75 - [STDERR_REDIRECT] [Fatal Error] :1:1: Premature end of file.
2026-08-23 23:37:09,351 [ERROR] LogOutputStream:75 - [STDERR_REDIRECT] 
2026-08-23 23:37:10,348 [ERROR] LogOutputStream:75 - [STDERR_REDIRECT] [Fatal Error] :1:1: Premature end of file.
2026-08-23 23:37:10,348 [ERROR] LogOutputStream:75 - [STDERR_REDIRECT] 
2026-08-23 23:37:11,351 [ERROR] LogOutputStream:75 - [STDERR_REDIRECT] [Fatal Error] :1:1: Premature end of file.
2026-08-23 23:37:11,351 [ERROR] LogOutputStream:75 - [STDERR_REDIRECT] 
2026-08-23 23:37:12,346 [ERROR] LogOutputStream:75 - [STDERR_REDIRECT] [Fatal Error] :1:1: Premature end of file.
2026-08-23 23:37:12,346 [ERROR] LogOutputStream:75 - [STDERR_REDIRECT] 
2026-08-23 23:37:13,338 [ERROR] LogOutputStream:75 - [STDERR_REDIRECT] [Fatal Error] :1:1: Premature end of file.
2026-08-23 23:37:13,338 [ERROR] LogOutputStream:75 - [STDERR_REDIRECT] 
2026-08-23 23:37:14,349 [ERROR] LogOutputStream:75 - [STDERR_REDIRECT] [Fatal Error] :1:1: Premature end of file.
2026-08-23 23:37:14,349 [ERROR] LogOutputStream:75 - [STDERR_REDIRECT] 
2026-08-23 23:37:15,346 [ERROR] LogOutputStream:75 - [STDERR_REDIRECT] [Fatal Error] :1:1: Premature end of file.
2026-08-23 23:37:15,346 [ERROR] LogOutputStream:75 - [STDERR_REDIRECT] 
2026-08-23 23:37:16,339 [ERROR] LogOutputStream:75 - [STDERR_REDIRECT] [Fatal Error] :1:1: Premature end of file.
2026-08-23 23:37:16,339 [ERROR] LogOutputStream:75 - [STDERR_REDIRECT] 
2026-08-23 23:37:17,343 [ERROR] LogOutputStream:75 - [STDERR_REDIRECT] [Fatal Error] :1:1: Premature end of file.
2026-08-23 23:37:17,343 [ERROR] LogOutputStream:75 - [STDERR_REDIRECT] 
2026-08-23 23:37:18,335 [ERROR] LogOutputStream:75 - [STDERR_REDIRECT] [Fatal Error] :1:1: Premature end of file.
2026-08-23 23:37:18,335 [ERROR] LogOutputStream:75 - [STDERR_REDIRECT] 
2026-08-23 23:37:19,346 [ERROR] LogOutputStream:75 - [STDERR_REDIRECT] [Fatal Error] :1:1: Premature end of file.
2026-08-23 23:37:19,346 [ERROR] LogOutputStream:75 - [STDERR_REDIRECT] 
2026-08-23 23:37:20,343 [ERROR] LogOutputStream:75 - [STDERR_REDIRECT] [Fatal Error] :1:1: Premature end of file.
2026-08-23 23:37:20,343 [ERROR] LogOutputStream:75 - [STDERR_REDIRECT] 
2026-08-23 23:37:21,345 [ERROR] LogOutputStream:75 - [STDERR_REDIRECT] [Fatal Error] :1:1: Premature end of file.
2026-08-23 23:37:21,345 [ERROR] LogOutputStream:75 - [STDERR_REDIRECT] 
2026-08-23 23:37:22,341 [ERROR] LogOutputStream:75 - [STDERR_REDIRECT] [Fatal Error] :1:1: Premature end of file.
2026-08-23 23:37:22,341 [ERROR] LogOutputStream:75 - [STDERR_REDIRECT] 
2026-08-23 23:37:23,341 [ERROR] LogOutputStream:75 - [STDERR_REDIRECT] [Fatal Error] :1:1: Premature end of file.
2026-08-23 23:37:23,341 [ERROR] LogOutputStream:75 - [STDERR_REDIRECT] 
2026-08-23 23:37:24,328 [ERROR] LogOutputStream:75 - [STDERR_REDIRECT] [Fatal Error] :1:1: Premature end of file.
2026-08-23 23:37:24,328 [ERROR] LogOutputStream:75 - [STDERR_REDIRECT] 
2026-08-23 23:37:25,331 [ERROR] LogOutputStream:75 - [STDERR_REDIRECT] [Fatal Error] :1:1: Premature end of file.
2026-08-23 23:37:25,331 [ERROR] LogOutputStream:75 - [STDERR_REDIRECT] 
2026-08-23 23:37:26,326 [ERROR] LogOutputStream:75 - [STDERR_REDIRECT] [Fatal Error] :1:1: Premature end of file.
2026-08-23 23:37:26,326 [ERROR] LogOutputStream:75 - [STDERR_REDIRECT] 
2026-08-23 23:37:27,339 [ERROR] LogOutputStream:75 - [STDERR_REDIRECT] [Fatal Error] :1:1: Premature end of file.
2026-08-23 23:37:27,339 [ERROR] LogOutputStream:75 - [STDERR_REDIRECT] 
2026-08-23 23:37:28,337 [ERROR] LogOutputStream:75 - [STDERR_REDIRECT] [Fatal Error] :1:1: Premature end of file.
2026-08-23 23:37:28,337 [ERROR] LogOutputStream:75 - [STDERR_REDIRECT] 
2026-08-23 23:37:29,339 [ERROR] LogOutputStream:75 - [STDERR_REDIRECT] [Fatal Error] :1:1: Premature end of file.
2026-08-23 23:37:29,339 [ERROR] LogOutputStream:75 - [STDERR_REDIRECT] 
2026-08-23 23:37:30,342 [ERROR] LogOutputStream:75 - [STDERR_REDIRECT] [Fatal Error] :1:1: Premature end of file.
2026-08-23 23:37:30,342 [ERROR] LogOutputStream:75 - [STDERR_REDIRECT] 
2026-08-23 23:37:31,350 [ERROR] LogOutputStream:75 - [STDERR_REDIRECT] [Fatal Error] :1:1: Premature end of file.
2026-08-23 23:37:31,350 [ERROR] LogOutputStream:75 - [STDERR_REDIRECT] 
2026-08-23 23:37:32,344 [ERROR] LogOutputStream:75 - [STDERR_REDIRECT] [Fatal Error] :1:1: Premature end of file.
2026-08-23 23:37:32,344 [ERROR] LogOutputStream:75 - [STDERR_REDIRECT] 
2026-08-23 23:37:33,348 [ERROR] LogOutputStream:75 - [STDERR_REDIRECT] [Fatal Error] :1:1: Premature end of file.
2026-08-23 23:37:33,348 [ERROR] LogOutputStream:75 - [STDERR_REDIRECT] 
2026-08-23 23:37:34,339 [ERROR] LogOutputStream:75 - [STDERR_REDIRECT] [Fatal Error] :1:1: Premature end of file.
2026-08-23 23:37:34,339 [ERROR] LogOutputStream:75 - [STDERR_REDIRECT] 
2026-08-23 23:37:35,347 [ERROR] LogOutputStream:75 - [STDERR_REDIRECT] [Fatal Error] :1:1: Premature end of file.
2026-08-23 23:37:35,348 [ERROR] LogOutputStream:75 - [STDERR_REDIRECT] 
2026-08-23 23:37:36,356 [ERROR] LogOutputStream:75 - [STDERR_REDIRECT] [Fatal Error] :1:1: Premature end of file.
2026-08-23 23:37:36,357 [ERROR] LogOutputStream:75 - [STDERR_REDIRECT] 
2026-08-23 23:37:37,345 [ERROR] LogOutputStream:75 - [STDERR_REDIRECT] [Fatal Error] :1:1: Premature end of file.
2026-08-23 23:37:37,345 [ERROR] LogOutputStream:75 - [STDERR_REDIRECT] 
2026-08-23 23:37:38,341 [ERROR] LogOutputStream:75 - [STDERR_REDIRECT] [Fatal Error] :1:1: Premature end of file.
2026-08-23 23:37:38,341 [ERROR] LogOutputStream:75 - [STDERR_REDIRECT] 
2026-08-23 23:37:39,333 [ERROR] LogOutputStream:75 - [STDERR_REDIRECT] [Fatal Error] :1:1: Premature end of file.
2026-08-23 23:37:39,333 [ERROR] LogOutputStream:75 - [STDERR_REDIRECT] 
2026-08-23 23:37:40,337 [ERROR] LogOutputStream:75 - [STDERR_REDIRECT] [Fatal Error] :1:1: Premature end of file.
2026-08-23 23:37:40,337 [ERROR] LogOutputStream:75 - [STDERR_REDIRECT] 
2026-08-23 23:37:41,330 [ERROR] LogOutputStream:75 - [STDERR_REDIRECT] [Fatal Error] :1:1: Premature end of file.
2026-08-23 23:37:41,330 [ERROR] LogOutputStream:75 - [STDERR_REDIRECT] 
2026-08-23 23:37:42,330 [ERROR] LogOutputStream:75 - [STDERR_REDIRECT] [Fatal Error] :1:1: Premature end of file.
2026-08-23 23:37:42,330 [ERROR] LogOutputStream:75 - [STDERR_REDIRECT] 
2026-08-23 23:37:43,329 [ERROR] LogOutputStream:75 - [STDERR_REDIRECT] [Fatal Error] :1:1: Premature end of file.
2026-08-23 23:37:43,329 [ERROR] LogOutputStream:75 - [STDERR_REDIRECT] 
2026-08-23 23:37:44,329 [ERROR] LogOutputStream:75 - [STDERR_REDIRECT] [Fatal Error] :1:1: Premature end of file.
2026-08-23 23:37:44,329 [ERROR] LogOutputStream:75 - [STDERR_REDIRECT] 
2026-08-23 23:37:45,328 [ERROR] LogOutputStream:75 - [STDERR_REDIRECT] [Fatal Error] :1:1: Premature end of file.
2026-08-23 23:37:45,328 [ERROR] LogOutputStream:75 - [STDERR_REDIRECT] 
2026-08-23 23:37:46,329 [ERROR] LogOutputStream:75 - [STDERR_REDIRECT] [Fatal Error] :1:1: Premature end of file.
2026-08-23 23:37:46,329 [ERROR] LogOutputStream:75 - [STDERR_REDIRECT] 
2026-08-23 23:37:47,335 [ERROR] LogOutputStream:75 - [STDERR_REDIRECT] [Fatal Error] :1:1: Premature end of file.
2026-08-23 23:37:47,335 [ERROR] LogOutputStream:75 - [STDERR_REDIRECT] 
2026-08-23 23:37:48,342 [ERROR] LogOutputStream:75 - [STDERR_REDIRECT] [Fatal Error] :1:1: Premature end of file.
2026-08-23 23:37:48,342 [ERROR] LogOutputStream:75 - [STDERR_REDIRECT] 
2026-08-23 23:37:49,324 [ERROR] LogOutputStream:75 - [STDERR_REDIRECT] [Fatal Error] :1:1: Premature end of file.
2026-08-23 23:37:49,324 [ERROR] LogOutputStream:75 - [STDERR_REDIRECT] 
2026-08-23 23:37:50,324 [ERROR] LogOutputStream:75 - [STDERR_REDIRECT] [Fatal Error] :1:1: Premature end of file.
2026-08-23 23:37:50,324 [ERROR] LogOutputStream:75 - [STDERR_REDIRECT] 
2026-08-23 23:37:51,334 [ERROR] LogOutputStream:75 - [STDERR_REDIRECT] [Fatal Error] :1:1: Premature end of file.
2026-08-23 23:37:51,334 [ERROR] LogOutputStream:75 - [STDERR_REDIRECT] 
2026-08-23 23:37:52,350 [ERROR] LogOutputStream:75 - [STDERR_REDIRECT] [Fatal Error] :1:1: Premature end of file.
2026-08-23 23:37:52,350 [ERROR] LogOutputStream:75 - [STDERR_REDIRECT] 
2026-08-23 23:37:53,338 [ERROR] LogOutputStream:75 - [STDERR_REDIRECT] [Fatal Error] :1:1: Premature end of file.
2026-08-23 23:37:53,338 [ERROR] LogOutputStream:75 - [STDERR_REDIRECT] 
2026-08-23 23:37:54,346 [ERROR] LogOutputStream:75 - [STDERR_REDIRECT] [Fatal Error] :1:1: Premature end of file.
2026-08-23 23:37:54,346 [ERROR] LogOutputStream:75 - [STDERR_REDIRECT] 
2026-08-23 23:37:55,341 [ERROR] LogOutputStream:75 - [STDERR_REDIRECT] [Fatal Error] :1:1: Premature end of file.
2026-08-23 23:37:55,341 [ERROR] LogOutputStream:75 - [STDERR_REDIRECT] 
2026-08-23 23:37:56,349 [ERROR] LogOutputStream:75 - [STDERR_REDIRECT] [Fatal Error] :1:1: Premature end of file.
2026-08-23 23:37:56,350 [ERROR] LogOutputStream:75 - [STDERR_REDIRECT] 
2026-08-23 23:37:57,345 [ERROR] LogOutputStream:75 - [STDERR_REDIRECT] [Fatal Error] :1:1: Premature end of file.
2026-08-23 23:37:57,345 [ERROR] LogOutputStream:75 - [STDERR_REDIRECT] 
2026-08-23 23:37:58,344 [ERROR] LogOutputStream:75 - [STDERR_REDIRECT] [Fatal Error] :1:1: Premature end of file.
2026-08-23 23:37:58,344 [ERROR] LogOutputStream:75 - [STDERR_REDIRECT] 
2026-08-23 23:37:59,341 [ERROR] LogOutputStream:75 - [STDERR_REDIRECT] [Fatal Error] :1:1: Premature end of file.
2026-08-23 23:37:59,341 [ERROR] LogOutputStream:75 - [STDERR_REDIRECT] 
2026-08-23 23:38:00,345 [ERROR] LogOutputStream:75 - [STDERR_REDIRECT] [Fatal Error] :1:1: Premature end of file.
2026-08-23 23:38:00,345 [ERROR] LogOutputStream:75 - [STDERR_REDIRECT] 
2026-08-23 23:38:01,348 [ERROR] LogOutputStream:75 - [STDERR_REDIRECT] [Fatal Error] :1:1: Premature end of file.
2026-08-23 23:38:01,348 [ERROR] LogOutputStream:75 - [STDERR_REDIRECT] 
2026-08-23 23:38:02,334 [ERROR] LogOutputStream:75 - [STDERR_REDIRECT] [Fatal Error] :1:1: Premature end of file.
2026-08-23 23:38:02,334 [ERROR] LogOutputStream:75 - [STDERR_REDIRECT] 
2026-08-23 23:38:03,330 [ERROR] LogOutputStream:75 - [STDERR_REDIRECT] [Fatal Error] :1:1: Premature end of file.
2026-08-23 23:38:03,330 [ERROR] LogOutputStream:75 - [STDERR_REDIRECT] 
2026-08-23 23:38:04,337 [ERROR] LogOutputStream:75 - [STDERR_REDIRECT] [Fatal Error] :1:1: Premature end of file.
2026-08-23 23:38:04,337 [ERROR] LogOutputStream:75 - [STDERR_REDIRECT] 
2026-08-23 23:38:05,338 [ERROR] LogOutputStream:75 - [STDERR_REDIRECT] [Fatal Error] :1:1: Premature end of file.
2026-08-23 23:38:05,338 [ERROR] LogOutputStream:75 - [STDERR_REDIRECT] 
2026-08-23 23:38:06,327 [ERROR] LogOutputStream:75 - [STDERR_REDIRECT] [Fatal Error] :1:1: Premature end of file.
2026-08-23 23:38:06,327 [ERROR] LogOutputStream:75 - [STDERR_REDIRECT] 
2026-08-23 23:38:07,328 [ERROR] LogOutputStream:75 - [STDERR_REDIRECT] [Fatal Error] :1:1: Premature end of file.
2026-08-23 23:38:07,328 [ERROR] LogOutputStream:75 - [STDERR_REDIRECT] 
2026-08-23 23:38:08,348 [ERROR] LogOutputStream:75 - [STDERR_REDIRECT] [Fatal Error] :1:1: Premature end of file.
2026-08-23 23:38:08,348 [ERROR] LogOutputStream:75 - [STDERR_REDIRECT] 
2026-08-23 23:38:09,346 [ERROR] LogOutputStream:75 - [STDERR_REDIRECT] [Fatal Error] :1:1: Premature end of file.
2026-08-23 23:38:09,346 [ERROR] LogOutputStream:75 - [STDERR_REDIRECT] 
2026-08-23 23:38:10,347 [ERROR] LogOutputStream:75 - [STDERR_REDIRECT] [Fatal Error] :1:1: Premature end of file.
2026-08-23 23:38:10,347 [ERROR] LogOutputStream:75 - [STDERR_REDIRECT] 
2026-08-23 23:38:11,346 [ERROR] LogOutputStream:75 - [STDERR_REDIRECT] [Fatal Error] :1:1: Premature end of file.
2026-08-23 23:38:11,346 [ERROR] LogOutputStream:75 - [STDERR_REDIRECT] 
2026-08-23 23:38:12,346 [ERROR] LogOutputStream:75 - [STDERR_REDIRECT] [Fatal Error] :1:1: Premature end of file.
2026-08-23 23:38:12,346 [ERROR] LogOutputStream:75 - [STDERR_REDIRECT] 
2026-08-23 23:38:13,344 [ERROR] LogOutputStream:75 - [STDERR_REDIRECT] [Fatal Error] :1:1: Premature end of file.
2026-08-23 23:38:13,344 [ERROR] LogOutputStream:75 - [STDERR_REDIRECT] 
2026-08-23 23:38:14,336 [ERROR] LogOutputStream:75 - [STDERR_REDIRECT] [Fatal Error] :1:1: Premature end of file.
2026-08-23 23:38:14,336 [ERROR] LogOutputStream:75 - [STDERR_REDIRECT] 
2026-08-23 23:38:15,335 [ERROR] LogOutputStream:75 - [STDERR_REDIRECT] [Fatal Error] :1:1: Premature end of file.
2026-08-23 23:38:15,335 [ERROR] LogOutputStream:75 - [STDERR_REDIRECT] 
2026-08-23 23:38:16,334 [ERROR] LogOutputStream:75 - [STDERR_REDIRECT] [Fatal Error] :1:1: Premature end of file.
2026-08-23 23:38:16,334 [ERROR] LogOutputStream:75 - [STDERR_REDIRECT] 
2026-08-23 23:38:17,335 [ERROR] LogOutputStream:75 - [STDERR_REDIRECT] [Fatal Error] :1:1: Premature end of file.
2026-08-23 23:38:17,335 [ERROR] LogOutputStream:75 - [STDERR_REDIRECT] 
2026-08-23 23:38:18,341 [ERROR] LogOutputStream:75 - [STDERR_REDIRECT] [Fatal Error] :1:1: Premature end of file.
2026-08-23 23:38:18,341 [ERROR] LogOutputStream:75 - [STDERR_REDIRECT] 
2026-08-23 23:38:19,329 [ERROR] LogOutputStream:75 - [STDERR_REDIRECT] [Fatal Error] :1:1: Premature end of file.
2026-08-23 23:38:19,329 [ERROR] LogOutputStream:75 - [STDERR_REDIRECT] 
2026-08-23 23:38:20,334 [ERROR] LogOutputStream:75 - [STDERR_REDIRECT] [Fatal Error] :1:1: Premature end of file.
2026-08-23 23:38:20,334 [ERROR] LogOutputStream:75 - [STDERR_REDIRECT] 
2026-08-23 23:38:21,326 [ERROR] LogOutputStream:75 - [STDERR_REDIRECT] [Fatal Error] :1:1: Premature end of file.
2026-08-23 23:38:21,326 [ERROR] LogOutputStream:75 - [STDERR_REDIRECT] 
2026-08-23 23:38:22,343 [ERROR] LogOutputStream:75 - [STDERR_REDIRECT] [Fatal Error] :1:1: Premature end of file.
2026-08-23 23:38:22,343 [ERROR] LogOutputStream:75 - [STDERR_REDIRECT] 
2026-08-23 23:38:23,333 [ERROR] LogOutputStream:75 - [STDERR_REDIRECT] [Fatal Error] :1:1: Premature end of file.
2026-08-23 23:38:23,333 [ERROR] LogOutputStream:75 - [STDERR_REDIRECT] 
2026-08-23 23:38:24,334 [ERROR] LogOutputStream:75 - [STDERR_REDIRECT] [Fatal Error] :1:1: Premature end of file.
2026-08-23 23:38:24,334 [ERROR] LogOutputStream:75 - [STDERR_REDIRECT] 
2026-08-23 23:38:25,337 [ERROR] LogOutputStream:75 - [STDERR_REDIRECT] [Fatal Error] :1:1: Premature end of file.
2026-08-23 23:38:25,337 [ERROR] LogOutputStream:75 - [STDERR_REDIRECT] 
2026-08-23 23:38:26,337 [ERROR] LogOutputStream:75 - [STDERR_REDIRECT] [Fatal Error] :1:1: Premature end of file.
2026-08-23 23:38:26,337 [ERROR] LogOutputStream:75 - [STDERR_REDIRECT] 
2026-08-23 23:38:27,339 [ERROR] LogOutputStream:75 - [STDERR_REDIRECT] [Fatal Error] :1:1: Premature end of file.
2026-08-23 23:38:27,339 [ERROR] LogOutputStream:75 - [STDERR_REDIRECT] 
2026-08-23 23:38:28,323 [ERROR] LogOutputStream:75 - [STDERR_REDIRECT] [Fatal Error] :1:1: Premature end of file.
2026-08-23 23:38:28,323 [ERROR] LogOutputStream:75 - [STDERR_REDIRECT] 
2026-08-23 23:38:29,345 [ERROR] LogOutputStream:75 - [STDERR_REDIRECT] [Fatal Error] :1:1: Premature end of file.
2026-08-23 23:38:29,345 [ERROR] LogOutputStream:75 - [STDERR_REDIRECT] 
2026-08-23 23:38:30,327 [ERROR] LogOutputStream:75 - [STDERR_REDIRECT] [Fatal Error] :1:1: Premature end of file.
2026-08-23 23:38:30,327 [ERROR] LogOutputStream:75 - [STDERR_REDIRECT] 
2026-08-23 23:38:31,328 [ERROR] LogOutputStream:75 - [STDERR_REDIRECT] [Fatal Error] :1:1: Premature end of file.
2026-08-23 23:38:31,328 [ERROR] LogOutputStream:75 - [STDERR_REDIRECT] 
2026-08-23 23:38:32,345 [ERROR] LogOutputStream:75 - [STDERR_REDIRECT] [Fatal Error] :1:1: Premature end of file.
2026-08-23 23:38:32,345 [ERROR] LogOutputStream:75 - [STDERR_REDIRECT] 
2026-08-23 23:38:33,335 [ERROR] LogOutputStream:75 - [STDERR_REDIRECT] [Fatal Error] :1:1: Premature end of file.
2026-08-23 23:38:33,335 [ERROR] LogOutputStream:75 - [STDERR_REDIRECT] 
2026-08-23 23:38:34,332 [ERROR] LogOutputStream:75 - [STDERR_REDIRECT] [Fatal Error] :1:1: Premature end of file.
2026-08-23 23:38:34,332 [ERROR] LogOutputStream:75 - [STDERR_REDIRECT] 
2026-08-23 23:38:35,332 [ERROR] LogOutputStream:75 - [STDERR_REDIRECT] [Fatal Error] :1:1: Premature end of file.
2026-08-23 23:38:35,332 [ERROR] LogOutputStream:75 - [STDERR_REDIRECT] 
2026-08-23 23:38:36,342 [ERROR] LogOutputStream:75 - [STDERR_REDIRECT] [Fatal Error] :1:1: Premature end of file.
2026-08-23 23:38:36,342 [ERROR] LogOutputStream:75 - [STDERR_REDIRECT] 
2026-08-23 23:38:37,353 [ERROR] LogOutputStream:75 - [STDERR_REDIRECT] [Fatal Error] :1:1: Premature end of file.
2026-08-23 23:38:37,353 [ERROR] LogOutputStream:75 - [STDERR_REDIRECT] 
2026-08-23 23:38:38,350 [ERROR] LogOutputStream:75 - [STDERR_REDIRECT] [Fatal Error] :1:1: Premature end of file.
2026-08-23 23:38:38,350 [ERROR] LogOutputStream:75 - [STDERR_REDIRECT] 
2026-08-23 23:38:39,346 [ERROR] LogOutputStream:75 - [STDERR_REDIRECT] [Fatal Error] :1:1: Premature end of file.
2026-08-23 23:38:39,346 [ERROR] LogOutputStream:75 - [STDERR_REDIRECT] 
2026-08-23 23:38:40,327 [ERROR] LogOutputStream:75 - [STDERR_REDIRECT] [Fatal Error] :1:1: Premature end of file.
2026-08-23 23:38:40,327 [ERROR] LogOutputStream:75 - [STDERR_REDIRECT] 
2026-08-23 23:38:41,333 [ERROR] LogOutputStream:75 - [STDERR_REDIRECT] [Fatal Error] :1:1: Premature end of file.
2026-08-23 23:38:41,333 [ERROR] LogOutputStream:75 - [STDERR_REDIRECT] 
2026-08-23 23:38:42,339 [ERROR] LogOutputStream:75 - [STDERR_REDIRECT] [Fatal Error] :1:1: Premature end of file.
2026-08-23 23:38:42,339 [ERROR] LogOutputStream:75 - [STDERR_REDIRECT] 
2026-08-23 23:38:43,336 [ERROR] LogOutputStream:75 - [STDERR_REDIRECT] [Fatal Error] :1:1: Premature end of file.
2026-08-23 23:38:43,336 [ERROR] LogOutputStream:75 - [STDERR_REDIRECT] 
2026-08-23 23:38:44,349 [ERROR] LogOutputStream:75 - [STDERR_REDIRECT] [Fatal Error] :1:1: Premature end of file.
2026-08-23 23:38:44,349 [ERROR] LogOutputStream:75 - [STDERR_REDIRECT] 
2026-08-23 23:38:45,348 [ERROR] LogOutputStream:75 - [STDERR_REDIRECT] [Fatal Error] :1:1: Premature end of file.
2026-08-23 23:38:45,348 [ERROR] LogOutputStream:75 - [STDERR_REDIRECT] 
2026-08-23 23:38:46,324 [ERROR] LogOutputStream:75 - [STDERR_REDIRECT] [Fatal Error] :1:1: Premature end of file.
2026-08-23 23:38:46,324 [ERROR] LogOutputStream:75 - [STDERR_REDIRECT] 
2026-08-23 23:38:47,331 [ERROR] LogOutputStream:75 - [STDERR_REDIRECT] [Fatal Error] :1:1: Premature end of file.
2026-08-23 23:38:47,331 [ERROR] LogOutputStream:75 - [STDERR_REDIRECT] 
2026-08-23 23:38:48,329 [ERROR] LogOutputStream:75 - [STDERR_REDIRECT] [Fatal Error] :1:1: Premature end of file.
2026-08-23 23:38:48,329 [ERROR] LogOutputStream:75 - [STDERR_REDIRECT] 
2026-08-23 23:38:49,327 [ERROR] LogOutputStream:75 - [STDERR_REDIRECT] [Fatal Error] :1:1: Premature end of file.
2026-08-23 23:38:49,327 [ERROR] LogOutputStream:75 - [STDERR_REDIRECT] 
2026-08-23 23:38:50,327 [ERROR] LogOutputStream:75 - [STDERR_REDIRECT] [Fatal Error] :1:1: Premature end of file.
2026-08-23 23:38:50,327 [ERROR] LogOutputStream:75 - [STDERR_REDIRECT] 
2026-08-23 23:38:51,341 [ERROR] LogOutputStream:75 - [STDERR_REDIRECT] [Fatal Error] :1:1: Premature end of file.
2026-08-23 23:38:51,341 [ERROR] LogOutputStream:75 - [STDERR_REDIRECT] 
2026-08-23 23:38:52,341 [ERROR] LogOutputStream:75 - [STDERR_REDIRECT] [Fatal Error] :1:1: Premature end of file.
2026-08-23 23:38:52,341 [ERROR] LogOutputStream:75 - [STDERR_REDIRECT] 
2026-08-23 23:38:53,333 [ERROR] LogOutputStream:75 - [STDERR_REDIRECT] [Fatal Error] :1:1: Premature end of file.
2026-08-23 23:38:53,333 [ERROR] LogOutputStream:75 - [STDERR_REDIRECT] 
2026-08-23 23:38:54,338 [ERROR] LogOutputStream:75 - [STDERR_REDIRECT] [Fatal Error] :1:1: Premature end of file.
2026-08-23 23:38:54,338 [ERROR] LogOutputStream:75 - [STDERR_REDIRECT] 
2026-08-23 23:38:55,335 [ERROR] LogOutputStream:75 - [STDERR_REDIRECT] [Fatal Error] :1:1: Premature end of file.
2026-08-23 23:38:55,347 [ERROR] LogOutputStream:75 - [STDERR_REDIRECT] 
2026-08-23 23:38:56,340 [ERROR] LogOutputStream:75 - [STDERR_REDIRECT] [Fatal Error] :1:1: Premature end of file.
2026-08-23 23:38:56,340 [ERROR] LogOutputStream:75 - [STDERR_REDIRECT] 
2026-08-23 23:38:57,345 [ERROR] LogOutputStream:75 - [STDERR_REDIRECT] [Fatal Error] :1:1: Premature end of file.
2026-08-23 23:38:57,345 [ERROR] LogOutputStream:75 - [STDERR_REDIRECT] 
2026-08-23 23:38:58,345 [ERROR] LogOutputStream:75 - [STDERR_REDIRECT] [Fatal Error] :1:1: Premature end of file.
2026-08-23 23:38:58,345 [ERROR] LogOutputStream:75 - [STDERR_REDIRECT] 
2026-08-23 23:38:59,337 [ERROR] LogOutputStream:75 - [STDERR_REDIRECT] [Fatal Error] :1:1: Premature end of file.
2026-08-23 23:38:59,337 [ERROR] LogOutputStream:75 - [STDERR_REDIRECT] 
2026-08-23 23:39:00,341 [ERROR] LogOutputStream:75 - [STDERR_REDIRECT] [Fatal Error] :1:1: Premature end of file.
2026-08-23 23:39:00,341 [ERROR] LogOutputStream:75 - [STDERR_REDIRECT] 
2026-08-23 23:39:01,341 [ERROR] LogOutputStream:75 - [STDERR_REDIRECT] [Fatal Error] :1:1: Premature end of file.
2026-08-23 23:39:01,341 [ERROR] LogOutputStream:75 - [STDERR_REDIRECT] 
2026-08-23 23:39:02,337 [ERROR] LogOutputStream:75 - [STDERR_REDIRECT] [Fatal Error] :1:1: Premature end of file.
2026-08-23 23:39:02,338 [ERROR] LogOutputStream:75 - [STDERR_REDIRECT] 
2026-08-23 23:39:03,330 [ERROR] LogOutputStream:75 - [STDERR_REDIRECT] [Fatal Error] :1:1: Premature end of file.
2026-08-23 23:39:03,330 [ERROR] LogOutputStream:75 - [STDERR_REDIRECT] 
2026-08-23 23:39:04,335 [ERROR] LogOutputStream:75 - [STDERR_REDIRECT] [Fatal Error] :1:1: Premature end of file.
2026-08-23 23:39:04,335 [ERROR] LogOutputStream:75 - [STDERR_REDIRECT] 
2026-08-23 23:39:05,331 [ERROR] LogOutputStream:75 - [STDERR_REDIRECT] [Fatal Error] :1:1: Premature end of file.
2026-08-23 23:39:05,331 [ERROR] LogOutputStream:75 - [STDERR_REDIRECT] 
2026-08-23 23:39:06,336 [ERROR] LogOutputStream:75 - [STDERR_REDIRECT] [Fatal Error] :1:1: Premature end of file.
2026-08-23 23:39:06,336 [ERROR] LogOutputStream:75 - [STDERR_REDIRECT] 
2026-08-23 23:39:07,327 [ERROR] LogOutputStream:75 - [STDERR_REDIRECT] [Fatal Error] :1:1: Premature end of file.
2026-08-23 23:39:07,327 [ERROR] LogOutputStream:75 - [STDERR_REDIRECT] 
2026-08-23 23:39:08,333 [ERROR] LogOutputStream:75 - [STDERR_REDIRECT] [Fatal Error] :1:1: Premature end of file.
2026-08-23 23:39:08,334 [ERROR] LogOutputStream:75 - [STDERR_REDIRECT] 
2026-08-23 23:39:09,335 [ERROR] LogOutputStream:75 - [STDERR_REDIRECT] [Fatal Error] :1:1: Premature end of file.
2026-08-23 23:39:09,335 [ERROR] LogOutputStream:75 - [STDERR_REDIRECT] 
2026-08-23 23:39:10,342 [ERROR] LogOutputStream:75 - [STDERR_REDIRECT] [Fatal Error] :1:1: Premature end of file.
2026-08-23 23:39:10,342 [ERROR] LogOutputStream:75 - [STDERR_REDIRECT] 
2026-08-23 23:39:11,355 [ERROR] LogOutputStream:75 - [STDERR_REDIRECT] [Fatal Error] :1:1: Premature end of file.
2026-08-23 23:39:11,355 [ERROR] LogOutputStream:75 - [STDERR_REDIRECT] 
2026-08-23 23:39:12,339 [ERROR] LogOutputStream:75 - [STDERR_REDIRECT] [Fatal Error] :1:1: Premature end of file.
2026-08-23 23:39:12,339 [ERROR] LogOutputStream:75 - [STDERR_REDIRECT] 
2026-08-23 23:39:13,350 [ERROR] LogOutputStream:75 - [STDERR_REDIRECT] [Fatal Error] :1:1: Premature end of file.
2026-08-23 23:39:13,350 [ERROR] LogOutputStream:75 - [STDERR_REDIRECT] 
2026-08-23 23:39:14,343 [ERROR] LogOutputStream:75 - [STDERR_REDIRECT] [Fatal Error] :1:1: Premature end of file.
2026-08-23 23:39:14,343 [ERROR] LogOutputStream:75 - [STDERR_REDIRECT] 
2026-08-23 23:39:15,366 [ERROR] LogOutputStream:75 - [STDERR_REDIRECT] [Fatal Error] :1:1: Premature end of file.
2026-08-23 23:39:15,366 [ERROR] LogOutputStream:75 - [STDERR_REDIRECT] 
2026-08-23 23:39:16,341 [ERROR] LogOutputStream:75 - [STDERR_REDIRECT] [Fatal Error] :1:1: Premature end of file.
2026-08-23 23:39:16,341 [ERROR] LogOutputStream:75 - [STDERR_REDIRECT] 
2026-08-23 23:39:17,344 [ERROR] LogOutputStream:75 - [STDERR_REDIRECT] [Fatal Error] :1:1: Premature end of file.
2026-08-23 23:39:17,344 [ERROR] LogOutputStream:75 - [STDERR_REDIRECT] 
2026-08-23 23:39:18,343 [ERROR] LogOutputStream:75 - [STDERR_REDIRECT] [Fatal Error] :1:1: Premature end of file.
2026-08-23 23:39:18,343 [ERROR] LogOutputStream:75 - [STDERR_REDIRECT] 
2026-08-23 23:39:19,332 [ERROR] LogOutputStream:75 - [STDERR_REDIRECT] [Fatal Error] :1:1: Premature end of file.
2026-08-23 23:39:19,332 [ERROR] LogOutputStream:75 - [STDERR_REDIRECT] 
2026-08-23 23:39:20,335 [ERROR] LogOutputStream:75 - [STDERR_REDIRECT] [Fatal Error] :1:1: Premature end of file.
2026-08-23 23:39:20,335 [ERROR] LogOutputStream:75 - [STDERR_REDIRECT] 
2026-08-23 23:39:21,332 [ERROR] LogOutputStream:75 - [STDERR_REDIRECT] [Fatal Error] :1:1: Premature end of file.
2026-08-23 23:39:21,332 [ERROR] LogOutputStream:75 - [STDERR_REDIRECT] 
2026-08-23 23:39:22,330 [ERROR] LogOutputStream:75 - [STDERR_REDIRECT] [Fatal Error] :1:1: Premature end of file.
2026-08-23 23:39:22,330 [ERROR] LogOutputStream:75 - [STDERR_REDIRECT] 
2026-08-23 23:39:23,341 [ERROR] LogOutputStream:75 - [STDERR_REDIRECT] [Fatal Error] :1:1: Premature end of file.
2026-08-23 23:39:23,341 [ERROR] LogOutputStream:75 - [STDERR_REDIRECT] 
2026-08-23 23:39:24,338 [ERROR] LogOutputStream:75 - [STDERR_REDIRECT] [Fatal Error] :1:1: Premature end of file.
2026-08-23 23:39:24,338 [ERROR] LogOutputStream:75 - [STDERR_REDIRECT] 
2026-08-23 23:39:25,339 [ERROR] LogOutputStream:75 - [STDERR_REDIRECT] [Fatal Error] :1:1: Premature end of file.
2026-08-23 23:39:25,339 [ERROR] LogOutputStream:75 - [STDERR_REDIRECT] 
2026-08-23 23:39:26,336 [ERROR] LogOutputStream:75 - [STDERR_REDIRECT] [Fatal Error] :1:1: Premature end of file.
2026-08-23 23:39:26,336 [ERROR] LogOutputStream:75 - [STDERR_REDIRECT] 
2026-08-23 23:39:27,337 [ERROR] LogOutputStream:75 - [STDERR_REDIRECT] [Fatal Error] :1:1: Premature end of file.
2026-08-23 23:39:27,337 [ERROR] LogOutputStream:75 - [STDERR_REDIRECT] 
2026-08-23 23:39:28,327 [ERROR] LogOutputStream:75 - [STDERR_REDIRECT] [Fatal Error] :1:1: Premature end of file.
2026-08-23 23:39:28,327 [ERROR] LogOutputStream:75 - [STDERR_REDIRECT] 
2026-08-23 23:39:29,326 [ERROR] LogOutputStream:75 - [STDERR_REDIRECT] [Fatal Error] :1:1: Premature end of file.
2026-08-23 23:39:29,326 [ERROR] LogOutputStream:75 - [STDERR_REDIRECT] 
2026-08-23 23:39:30,350 [ERROR] LogOutputStream:75 - [STDERR_REDIRECT] [Fatal Error] :1:1: Premature end of file.
2026-08-23 23:39:30,350 [ERROR] LogOutputStream:75 - [STDERR_REDIRECT] 
2026-08-23 23:39:31,349 [ERROR] LogOutputStream:75 - [STDERR_REDIRECT] [Fatal Error] :1:1: Premature end of file.
2026-08-23 23:39:31,349 [ERROR] LogOutputStream:75 - [STDERR_REDIRECT] 
2026-08-23 23:39:32,338 [ERROR] LogOutputStream:75 - [STDERR_REDIRECT] [Fatal Error] :1:1: Premature end of file.
2026-08-23 23:39:32,338 [ERROR] LogOutputStream:75 - [STDERR_REDIRECT] 
2026-08-23 23:39:33,337 [ERROR] LogOutputStream:75 - [STDERR_REDIRECT] [Fatal Error] :1:1: Premature end of file.
2026-08-23 23:39:33,337 [ERROR] LogOutputStream:75 - [STDERR_REDIRECT] 
2026-08-23 23:39:34,347 [ERROR] LogOutputStream:75 - [STDERR_REDIRECT] [Fatal Error] :1:1: Premature end of file.
2026-08-23 23:39:34,347 [ERROR] LogOutputStream:75 - [STDERR_REDIRECT] 
2026-08-23 23:39:35,346 [ERROR] LogOutputStream:75 - [STDERR_REDIRECT] [Fatal Error] :1:1: Premature end of file.
2026-08-23 23:39:35,346 [ERROR] LogOutputStream:75 - [STDERR_REDIRECT] 
2026-08-23 23:39:36,350 [ERROR] LogOutputStream:75 - [STDERR_REDIRECT] [Fatal Error] :1:1: Premature end of file.
2026-08-23 23:39:36,350 [ERROR] LogOutputStream:75 - [STDERR_REDIRECT] 
2026-08-23 23:39:37,349 [ERROR] LogOutputStream:75 - [STDERR_REDIRECT] [Fatal Error] :1:1: Premature end of file.
2026-08-23 23:39:37,349 [ERROR] LogOutputStream:75 - [STDERR_REDIRECT] 
2026-08-23 23:39:38,344 [ERROR] LogOutputStream:75 - [STDERR_REDIRECT] [Fatal Error] :1:1: Premature end of file.
2026-08-23 23:39:38,344 [ERROR] LogOutputStream:75 - [STDERR_REDIRECT] 
2026-08-23 23:39:39,343 [ERROR] LogOutputStream:75 - [STDERR_REDIRECT] [Fatal Error] :1:1: Premature end of file.
2026-08-23 23:39:39,343 [ERROR] LogOutputStream:75 - [STDERR_REDIRECT] 
2026-08-23 23:39:40,333 [ERROR] LogOutputStream:75 - [STDERR_REDIRECT] [Fatal Error] :1:1: Premature end of file.
2026-08-23 23:39:40,333 [ERROR] LogOutputStream:75 - [STDERR_REDIRECT] 
2026-08-23 23:39:41,338 [ERROR] LogOutputStream:75 - [STDERR_REDIRECT] [Fatal Error] :1:1: Premature end of file.
2026-08-23 23:39:41,338 [ERROR] LogOutputStream:75 - [STDERR_REDIRECT] 
2026-08-23 23:39:42,331 [ERROR] LogOutputStream:75 - [STDERR_REDIRECT] [Fatal Error] :1:1: Premature end of file.
2026-08-23 23:39:42,331 [ERROR] LogOutputStream:75 - [STDERR_REDIRECT] 
2026-08-23 23:39:43,341 [ERROR] LogOutputStream:75 - [STDERR_REDIRECT] [Fatal Error] :1:1: Premature end of file.
2026-08-23 23:39:43,341 [ERROR] LogOutputStream:75 - [STDERR_REDIRECT] 
2026-08-23 23:39:44,342 [ERROR] LogOutputStream:75 - [STDERR_REDIRECT] [Fatal Error] :1:1: Premature end of file.
2026-08-23 23:39:44,342 [ERROR] LogOutputStream:75 - [STDERR_REDIRECT] 
2026-08-23 23:39:45,329 [ERROR] LogOutputStream:75 - [STDERR_REDIRECT] [Fatal Error] :1:1: Premature end of file.
2026-08-23 23:39:45,329 [ERROR] LogOutputStream:75 - [STDERR_REDIRECT] 
2026-08-23 23:39:46,347 [ERROR] LogOutputStream:75 - [STDERR_REDIRECT] [Fatal Error] :1:1: Premature end of file.
2026-08-23 23:39:46,347 [ERROR] LogOutputStream:75 - [STDERR_REDIRECT] 
2026-08-23 23:39:47,359 [ERROR] LogOutputStream:75 - [STDERR_REDIRECT] [Fatal Error] :1:1: Premature end of file.
2026-08-23 23:39:47,359 [ERROR] LogOutputStream:75 - [STDERR_REDIRECT] 
2026-08-23 23:39:48,336 [ERROR] LogOutputStream:75 - [STDERR_REDIRECT] [Fatal Error] :1:1: Premature end of file.
2026-08-23 23:39:48,336 [ERROR] LogOutputStream:75 - [STDERR_REDIRECT] 
2026-08-23 23:39:49,333 [ERROR] LogOutputStream:75 - [STDERR_REDIRECT] [Fatal Error] :1:1: Premature end of file.
2026-08-23 23:39:49,333 [ERROR] LogOutputStream:75 - [STDERR_REDIRECT] 
2026-08-23 23:39:50,339 [ERROR] LogOutputStream:75 - [STDERR_REDIRECT] [Fatal Error] :1:1: Premature end of file.
2026-08-23 23:39:50,339 [ERROR] LogOutputStream:75 - [STDERR_REDIRECT] 
2026-08-23 23:39:51,351 [ERROR] LogOutputStream:75 - [STDERR_REDIRECT] [Fatal Error] :1:1: Premature end of file.
2026-08-23 23:39:51,351 [ERROR] LogOutputStream:75 - [STDERR_REDIRECT] 
2026-08-23 23:39:52,338 [ERROR] LogOutputStream:75 - [STDERR_REDIRECT] [Fatal Error] :1:1: Premature end of file.
2026-08-23 23:39:52,338 [ERROR] LogOutputStream:75 - [STDERR_REDIRECT] 
2026-08-23 23:39:53,346 [ERROR] LogOutputStream:75 - [STDERR_REDIRECT] [Fatal Error] :1:1: Premature end of file.
2026-08-23 23:39:53,346 [ERROR] LogOutputStream:75 - [STDERR_REDIRECT] 
2026-08-23 23:39:54,336 [ERROR] LogOutputStream:75 - [STDERR_REDIRECT] [Fatal Error] :1:1: Premature end of file.
2026-08-23 23:39:54,336 [ERROR] LogOutputStream:75 - [STDERR_REDIRECT] 
2026-08-23 23:39:55,336 [ERROR] LogOutputStream:75 - [STDERR_REDIRECT] [Fatal Error] :1:1: Premature end of file.
2026-08-23 23:39:55,336 [ERROR] LogOutputStream:75 - [STDERR_REDIRECT] 
2026-08-23 23:39:56,355 [ERROR] LogOutputStream:75 - [STDERR_REDIRECT] [Fatal Error] :1:1: Premature end of file.
2026-08-23 23:39:56,355 [ERROR] LogOutputStream:75 - [STDERR_REDIRECT] 
2026-08-23 23:39:57,340 [ERROR] LogOutputStream:75 - [STDERR_REDIRECT] [Fatal Error] :1:1: Premature end of file.
2026-08-23 23:39:57,340 [ERROR] LogOutputStream:75 - [STDERR_REDIRECT] 
2026-08-23 23:39:58,335 [ERROR] LogOutputStream:75 - [STDERR_REDIRECT] [Fatal Error] :1:1: Premature end of file.
2026-08-23 23:39:58,335 [ERROR] LogOutputStream:75 - [STDERR_REDIRECT] 
2026-08-23 23:39:59,344 [ERROR] LogOutputStream:75 - [STDERR_REDIRECT] [Fatal Error] :1:1: Premature end of file.
2026-08-23 23:39:59,344 [ERROR] LogOutputStream:75 - [STDERR_REDIRECT] 
2026-08-23 23:40:00,335 [ERROR] LogOutputStream:75 - [STDERR_REDIRECT] [Fatal Error] :1:1: Premature end of file.
2026-08-23 23:40:00,335 [ERROR] LogOutputStream:75 - [STDERR_REDIRECT] 
2026-08-23 23:40:01,324 [ERROR] LogOutputStream:75 - [STDERR_REDIRECT] [Fatal Error] :1:1: Premature end of file.
2026-08-23 23:40:01,324 [ERROR] LogOutputStream:75 - [STDERR_REDIRECT] 
2026-08-23 23:40:02,330 [ERROR] LogOutputStream:75 - [STDERR_REDIRECT] [Fatal Error] :1:1: Premature end of file.
2026-08-23 23:40:02,330 [ERROR] LogOutputStream:75 - [STDERR_REDIRECT] 
2026-08-23 23:40:03,330 [ERROR] LogOutputStream:75 - [STDERR_REDIRECT] [Fatal Error] :1:1: Premature end of file.
2026-08-23 23:40:03,330 [ERROR] LogOutputStream:75 - [STDERR_REDIRECT] 
2026-08-23 23:40:04,347 [ERROR] LogOutputStream:75 - [STDERR_REDIRECT] [Fatal Error] :1:1: Premature end of file.
2026-08-23 23:40:04,347 [ERROR] LogOutputStream:75 - [STDERR_REDIRECT] 
2026-08-23 23:40:05,332 [ERROR] LogOutputStream:75 - [STDERR_REDIRECT] [Fatal Error] :1:1: Premature end of file.
2026-08-23 23:40:05,332 [ERROR] LogOutputStream:75 - [STDERR_REDIRECT] 
2026-08-23 23:40:06,335 [ERROR] LogOutputStream:75 - [STDERR_REDIRECT] [Fatal Error] :1:1: Premature end of file.
2026-08-23 23:40:06,335 [ERROR] LogOutputStream:75 - [STDERR_REDIRECT] 
2026-08-23 23:40:07,326 [ERROR] LogOutputStream:75 - [STDERR_REDIRECT] [Fatal Error] :1:1: Premature end of file.
2026-08-23 23:40:07,326 [ERROR] LogOutputStream:75 - [STDERR_REDIRECT] 
2026-08-23 23:40:08,339 [ERROR] LogOutputStream:75 - [STDERR_REDIRECT] [Fatal Error] :1:1: Premature end of file.
2026-08-23 23:40:08,339 [ERROR] LogOutputStream:75 - [STDERR_REDIRECT] 
2026-08-23 23:40:09,332 [ERROR] LogOutputStream:75 - [STDERR_REDIRECT] [Fatal Error] :1:1: Premature end of file.
2026-08-23 23:40:09,332 [ERROR] LogOutputStream:75 - [STDERR_REDIRECT] 
2026-08-23 23:40:10,335 [ERROR] LogOutputStream:75 - [STDERR_REDIRECT] [Fatal Error] :1:1: Premature end of file.
2026-08-23 23:40:10,335 [ERROR] LogOutputStream:75 - [STDERR_REDIRECT] 
2026-08-23 23:40:11,339 [ERROR] LogOutputStream:75 - [STDERR_REDIRECT] [Fatal Error] :1:1: Premature end of file.
2026-08-23 23:40:11,339 [ERROR] LogOutputStream:75 - [STDERR_REDIRECT] 
2026-08-23 23:40:12,346 [ERROR] LogOutputStream:75 - [STDERR_REDIRECT] [Fatal Error] :1:1: Premature end of file.
2026-08-23 23:40:12,346 [ERROR] LogOutputStream:75 - [STDERR_REDIRECT] 
2026-08-23 23:40:13,342 [ERROR] LogOutputStream:75 - [STDERR_REDIRECT] [Fatal Error] :1:1: Premature end of file.
2026-08-23 23:40:13,342 [ERROR] LogOutputStream:75 - [STDERR_REDIRECT] 
2026-08-23 23:40:14,340 [ERROR] LogOutputStream:75 - [STDERR_REDIRECT] [Fatal Error] :1:1: Premature end of file.
2026-08-23 23:40:14,340 [ERROR] LogOutputStream:75 - [STDERR_REDIRECT] 
2026-08-23 23:40:15,336 [ERROR] LogOutputStream:75 - [STDERR_REDIRECT] [Fatal Error] :1:1: Premature end of file.
2026-08-23 23:40:15,336 [ERROR] LogOutputStream:75 - [STDERR_REDIRECT] 
2026-08-23 23:40:16,333 [ERROR] LogOutputStream:75 - [STDERR_REDIRECT] [Fatal Error] :1:1: Premature end of file.
2026-08-23 23:40:16,333 [ERROR] LogOutputStream:75 - [STDERR_REDIRECT] 
2026-08-23 23:40:17,342 [ERROR] LogOutputStream:75 - [STDERR_REDIRECT] [Fatal Error] :1:1: Premature end of file.
2026-08-23 23:40:17,342 [ERROR] LogOutputStream:75 - [STDERR_REDIRECT] 
2026-08-23 23:40:18,328 [ERROR] LogOutputStream:75 - [STDERR_REDIRECT] [Fatal Error] :1:1: Premature end of file.
2026-08-23 23:40:18,328 [ERROR] LogOutputStream:75 - [STDERR_REDIRECT] 
2026-08-23 23:40:19,327 [ERROR] LogOutputStream:75 - [STDERR_REDIRECT] [Fatal Error] :1:1: Premature end of file.
2026-08-23 23:40:19,327 [ERROR] LogOutputStream:75 - [STDERR_REDIRECT] 
2026-08-23 23:40:20,338 [ERROR] LogOutputStream:75 - [STDERR_REDIRECT] [Fatal Error] :1:1: Premature end of file.
2026-08-23 23:40:20,338 [ERROR] LogOutputStream:75 - [STDERR_REDIRECT] 
2026-08-23 23:40:21,330 [ERROR] LogOutputStream:75 - [STDERR_REDIRECT] [Fatal Error] :1:1: Premature end of file.
2026-08-23 23:40:21,330 [ERROR] LogOutputStream:75 - [STDERR_REDIRECT] 
2026-08-23 23:40:22,330 [ERROR] LogOutputStream:75 - [STDERR_REDIRECT] [Fatal Error] :1:1: Premature end of file.
2026-08-23 23:40:22,330 [ERROR] LogOutputStream:75 - [STDERR_REDIRECT] 
2026-08-23 23:40:23,329 [ERROR] LogOutputStream:75 - [STDERR_REDIRECT] [Fatal Error] :1:1: Premature end of file.
2026-08-23 23:40:23,329 [ERROR] LogOutputStream:75 - [STDERR_REDIRECT] 
2026-08-23 23:40:24,333 [ERROR] LogOutputStream:75 - [STDERR_REDIRECT] [Fatal Error] :1:1: Premature end of file.
2026-08-23 23:40:24,333 [ERROR] LogOutputStream:75 - [STDERR_REDIRECT] 
2026-08-23 23:40:25,345 [ERROR] LogOutputStream:75 - [STDERR_REDIRECT] [Fatal Error] :1:1: Premature end of file.
2026-08-23 23:40:25,345 [ERROR] LogOutputStream:75 - [STDERR_REDIRECT] 
2026-08-23 23:40:26,331 [ERROR] LogOutputStream:75 - [STDERR_REDIRECT] [Fatal Error] :1:1: Premature end of file.
2026-08-23 23:40:26,331 [ERROR] LogOutputStream:75 - [STDERR_REDIRECT] 
2026-08-23 23:40:27,332 [ERROR] LogOutputStream:75 - [STDERR_REDIRECT] [Fatal Error] :1:1: Premature end of file.
2026-08-23 23:40:27,332 [ERROR] LogOutputStream:75 - [STDERR_REDIRECT] 
2026-08-23 23:40:28,348 [ERROR] LogOutputStream:75 - [STDERR_REDIRECT] [Fatal Error] :1:1: Premature end of file.
2026-08-23 23:40:28,348 [ERROR] LogOutputStream:75 - [STDERR_REDIRECT] 
2026-08-23 23:40:29,339 [ERROR] LogOutputStream:75 - [STDERR_REDIRECT] [Fatal Error] :1:1: Premature end of file.
2026-08-23 23:40:29,339 [ERROR] LogOutputStream:75 - [STDERR_REDIRECT] 
2026-08-23 23:40:30,342 [ERROR] LogOutputStream:75 - [STDERR_REDIRECT] [Fatal Error] :1:1: Premature end of file.
2026-08-23 23:40:30,342 [ERROR] LogOutputStream:75 - [STDERR_REDIRECT] 
2026-08-23 23:40:31,350 [ERROR] LogOutputStream:75 - [STDERR_REDIRECT] [Fatal Error] :1:1: Premature end of file.
2026-08-23 23:40:31,350 [ERROR] LogOutputStream:75 - [STDERR_REDIRECT] 
2026-08-23 23:40:32,347 [ERROR] LogOutputStream:75 - [STDERR_REDIRECT] [Fatal Error] :1:1: Premature end of file.
2026-08-23 23:40:32,347 [ERROR] LogOutputStream:75 - [STDERR_REDIRECT] 
2026-08-23 23:40:33,348 [ERROR] LogOutputStream:75 - [STDERR_REDIRECT] [Fatal Error] :1:1: Premature end of file.
2026-08-23 23:40:33,348 [ERROR] LogOutputStream:75 - [STDERR_REDIRECT] 
2026-08-23 23:40:34,328 [ERROR] LogOutputStream:75 - [STDERR_REDIRECT] [Fatal Error] :1:1: Premature end of file.
2026-08-23 23:40:34,328 [ERROR] LogOutputStream:75 - [STDERR_REDIRECT] 
2026-08-23 23:40:35,332 [ERROR] LogOutputStream:75 - [STDERR_REDIRECT] [Fatal Error] :1:1: Premature end of file.
2026-08-23 23:40:35,332 [ERROR] LogOutputStream:75 - [STDERR_REDIRECT] 
2026-08-23 23:40:36,339 [ERROR] LogOutputStream:75 - [STDERR_REDIRECT] [Fatal Error] :1:1: Premature end of file.
2026-08-23 23:40:36,339 [ERROR] LogOutputStream:75 - [STDERR_REDIRECT] 
2026-08-23 23:40:37,341 [ERROR] LogOutputStream:75 - [STDERR_REDIRECT] [Fatal Error] :1:1: Premature end of file.
2026-08-23 23:40:37,341 [ERROR] LogOutputStream:75 - [STDERR_REDIRECT] 
2026-08-23 23:40:38,330 [ERROR] LogOutputStream:75 - [STDERR_REDIRECT] [Fatal Error] :1:1: Premature end of file.
2026-08-23 23:40:38,330 [ERROR] LogOutputStream:75 - [STDERR_REDIRECT] 
2026-08-23 23:40:39,332 [ERROR] LogOutputStream:75 - [STDERR_REDIRECT] [Fatal Error] :1:1: Premature end of file.
2026-08-23 23:40:39,332 [ERROR] LogOutputStream:75 - [STDERR_REDIRECT] 
2026-08-23 23:40:40,330 [ERROR] LogOutputStream:75 - [STDERR_REDIRECT] [Fatal Error] :1:1: Premature end of file.
2026-08-23 23:40:40,330 [ERROR] LogOutputStream:75 - [STDERR_REDIRECT] 
2026-08-23 23:40:41,331 [ERROR] LogOutputStream:75 - [STDERR_REDIRECT] [Fatal Error] :1:1: Premature end of file.
2026-08-23 23:40:41,331 [ERROR] LogOutputStream:75 - [STDERR_REDIRECT] 
2026-08-23 23:40:42,330 [ERROR] LogOutputStream:75 - [STDERR_REDIRECT] [Fatal Error] :1:1: Premature end of file.
2026-08-23 23:40:42,330 [ERROR] LogOutputStream:75 - [STDERR_REDIRECT] 
2026-08-23 23:40:43,341 [ERROR] LogOutputStream:75 - [STDERR_REDIRECT] [Fatal Error] :1:1: Premature end of file.
2026-08-23 23:40:43,341 [ERROR] LogOutputStream:75 - [STDERR_REDIRECT] 
2026-08-23 23:40:44,340 [ERROR] LogOutputStream:75 - [STDERR_REDIRECT] [Fatal Error] :1:1: Premature end of file.
2026-08-23 23:40:44,340 [ERROR] LogOutputStream:75 - [STDERR_REDIRECT] 
2026-08-23 23:40:45,368 [ERROR] LogOutputStream:75 - [STDERR_REDIRECT] [Fatal Error] :1:1: Premature end of file.
2026-08-23 23:40:45,368 [ERROR] LogOutputStream:75 - [STDERR_REDIRECT] 
2026-08-23 23:40:46,343 [ERROR] LogOutputStream:75 - [STDERR_REDIRECT] [Fatal Error] :1:1: Premature end of file.
2026-08-23 23:40:46,343 [ERROR] LogOutputStream:75 - [STDERR_REDIRECT] 
2026-08-23 23:40:47,343 [ERROR] LogOutputStream:75 - [STDERR_REDIRECT] [Fatal Error] :1:1: Premature end of file.
2026-08-23 23:40:47,343 [ERROR] LogOutputStream:75 - [STDERR_REDIRECT] 
2026-08-23 23:40:48,339 [ERROR] LogOutputStream:75 - [STDERR_REDIRECT] [Fatal Error] :1:1: Premature end of file.
2026-08-23 23:40:48,339 [ERROR] LogOutputStream:75 - [STDERR_REDIRECT] 
2026-08-23 23:40:49,324 [ERROR] LogOutputStream:75 - [STDERR_REDIRECT] [Fatal Error] :1:1: Premature end of file.
2026-08-23 23:40:49,324 [ERROR] LogOutputStream:75 - [STDERR_REDIRECT] 
2026-08-23 23:40:50,353 [ERROR] LogOutputStream:75 - [STDERR_REDIRECT] [Fatal Error] :1:1: Premature end of file.
2026-08-23 23:40:50,353 [ERROR] LogOutputStream:75 - [STDERR_REDIRECT] 
2026-08-23 23:40:51,353 [ERROR] LogOutputStream:75 - [STDERR_REDIRECT] [Fatal Error] :1:1: Premature end of file.
2026-08-23 23:40:51,353 [ERROR] LogOutputStream:75 - [STDERR_REDIRECT] 
2026-08-23 23:40:52,351 [ERROR] LogOutputStream:75 - [STDERR_REDIRECT] [Fatal Error] :1:1: Premature end of file.
2026-08-23 23:40:52,351 [ERROR] LogOutputStream:75 - [STDERR_REDIRECT] 
2026-08-23 23:40:53,338 [ERROR] LogOutputStream:75 - [STDERR_REDIRECT] [Fatal Error] :1:1: Premature end of file.
2026-08-23 23:40:53,338 [ERROR] LogOutputStream:75 - [STDERR_REDIRECT] 
2026-08-23 23:40:54,337 [ERROR] LogOutputStream:75 - [STDERR_REDIRECT] [Fatal Error] :1:1: Premature end of file.
2026-08-23 23:40:54,337 [ERROR] LogOutputStream:75 - [STDERR_REDIRECT] 
2026-08-23 23:40:55,344 [ERROR] LogOutputStream:75 - [STDERR_REDIRECT] [Fatal Error] :1:1: Premature end of file.
2026-08-23 23:40:55,344 [ERROR] LogOutputStream:75 - [STDERR_REDIRECT] 
2026-08-23 23:40:56,338 [ERROR] LogOutputStream:75 - [STDERR_REDIRECT] [Fatal Error] :1:1: Premature end of file.
2026-08-23 23:40:56,338 [ERROR] LogOutputStream:75 - [STDERR_REDIRECT] 
2026-08-23 23:40:57,335 [ERROR] LogOutputStream:75 - [STDERR_REDIRECT] [Fatal Error] :1:1: Premature end of file.
2026-08-23 23:40:57,335 [ERROR] LogOutputStream:75 - [STDERR_REDIRECT] 
2026-08-23 23:40:58,343 [ERROR] LogOutputStream:75 - [STDERR_REDIRECT] [Fatal Error] :1:1: Premature end of file.
2026-08-23 23:40:58,343 [ERROR] LogOutputStream:75 - [STDERR_REDIRECT] 
2026-08-23 23:40:59,333 [ERROR] LogOutputStream:75 - [STDERR_REDIRECT] [Fatal Error] :1:1: Premature end of file.
2026-08-23 23:40:59,333 [ERROR] LogOutputStream:75 - [STDERR_REDIRECT] 
2026-08-23 23:41:00,330 [ERROR] LogOutputStream:75 - [STDERR_REDIRECT] [Fatal Error] :1:1: Premature end of file.
2026-08-23 23:41:00,330 [ERROR] LogOutputStream:75 - [STDERR_REDIRECT] 
2026-08-23 23:41:01,340 [ERROR] LogOutputStream:75 - [STDERR_REDIRECT] [Fatal Error] :1:1: Premature end of file.
2026-08-23 23:41:01,340 [ERROR] LogOutputStream:75 - [STDERR_REDIRECT] 
2026-08-23 23:41:02,336 [ERROR] LogOutputStream:75 - [STDERR_REDIRECT] [Fatal Error] :1:1: Premature end of file.
2026-08-23 23:41:02,336 [ERROR] LogOutputStream:75 - [STDERR_REDIRECT] 
2026-08-23 23:41:03,329 [ERROR] LogOutputStream:75 - [STDERR_REDIRECT] [Fatal Error] :1:1: Premature end of file.
2026-08-23 23:41:03,329 [ERROR] LogOutputStream:75 - [STDERR_REDIRECT] 
2026-08-23 23:41:04,340 [ERROR] LogOutputStream:75 - [STDERR_REDIRECT] [Fatal Error] :1:1: Premature end of file.
2026-08-23 23:41:04,340 [ERROR] LogOutputStream:75 - [STDERR_REDIRECT] 
2026-08-23 23:41:05,340 [ERROR] LogOutputStream:75 - [STDERR_REDIRECT] [Fatal Error] :1:1: Premature end of file.
2026-08-23 23:41:05,340 [ERROR] LogOutputStream:75 - [STDERR_REDIRECT] 
2026-08-23 23:41:06,342 [ERROR] LogOutputStream:75 - [STDERR_REDIRECT] [Fatal Error] :1:1: Premature end of file.
2026-08-23 23:41:06,342 [ERROR] LogOutputStream:75 - [STDERR_REDIRECT] 
2026-08-23 23:41:07,336 [ERROR] LogOutputStream:75 - [STDERR_REDIRECT] [Fatal Error] :1:1: Premature end of file.
2026-08-23 23:41:07,336 [ERROR] LogOutputStream:75 - [STDERR_REDIRECT] 
2026-08-23 23:41:08,339 [ERROR] LogOutputStream:75 - [STDERR_REDIRECT] [Fatal Error] :1:1: Premature end of file.
2026-08-23 23:41:08,339 [ERROR] LogOutputStream:75 - [STDERR_REDIRECT] 
2026-08-23 23:41:09,330 [ERROR] LogOutputStream:75 - [STDERR_REDIRECT] [Fatal Error] :1:1: Premature end of file.
2026-08-23 23:41:09,330 [ERROR] LogOutputStream:75 - [STDERR_REDIRECT] 
2026-08-23 23:41:10,329 [ERROR] LogOutputStream:75 - [STDERR_REDIRECT] [Fatal Error] :1:1: Premature end of file.
2026-08-23 23:41:10,329 [ERROR] LogOutputStream:75 - [STDERR_REDIRECT] 
2026-08-23 23:41:11,345 [ERROR] LogOutputStream:75 - [STDERR_REDIRECT] [Fatal Error] :1:1: Premature end of file.
2026-08-23 23:41:11,345 [ERROR] LogOutputStream:75 - [STDERR_REDIRECT] 
2026-08-23 23:41:12,334 [ERROR] LogOutputStream:75 - [STDERR_REDIRECT] [Fatal Error] :1:1: Premature end of file.
2026-08-23 23:41:12,334 [ERROR] LogOutputStream:75 - [STDERR_REDIRECT] 
2026-08-23 23:41:13,343 [ERROR] LogOutputStream:75 - [STDERR_REDIRECT] [Fatal Error] :1:1: Premature end of file.
2026-08-23 23:41:13,343 [ERROR] LogOutputStream:75 - [STDERR_REDIRECT] 
2026-08-23 23:41:14,350 [ERROR] LogOutputStream:75 - [STDERR_REDIRECT] [Fatal Error] :1:1: Premature end of file.
2026-08-23 23:41:14,350 [ERROR] LogOutputStream:75 - [STDERR_REDIRECT] 
2026-08-23 23:41:15,336 [ERROR] LogOutputStream:75 - [STDERR_REDIRECT] [Fatal Error] :1:1: Premature end of file.
2026-08-23 23:41:15,336 [ERROR] LogOutputStream:75 - [STDERR_REDIRECT] 
2026-08-23 23:41:16,335 [ERROR] LogOutputStream:75 - [STDERR_REDIRECT] [Fatal Error] :1:1: Premature end of file.
2026-08-23 23:41:16,335 [ERROR] LogOutputStream:75 - [STDERR_REDIRECT] 
2026-08-23 23:41:17,339 [ERROR] LogOutputStream:75 - [STDERR_REDIRECT] [Fatal Error] :1:1: Premature end of file.
2026-08-23 23:41:17,339 [ERROR] LogOutputStream:75 - [STDERR_REDIRECT] 
2026-08-23 23:41:18,340 [ERROR] LogOutputStream:75 - [STDERR_REDIRECT] [Fatal Error] :1:1: Premature end of file.
2026-08-23 23:41:18,340 [ERROR] LogOutputStream:75 - [STDERR_REDIRECT] 
2026-08-23 23:41:19,333 [ERROR] LogOutputStream:75 - [STDERR_REDIRECT] [Fatal Error] :1:1: Premature end of file.
2026-08-23 23:41:19,333 [ERROR] LogOutputStream:75 - [STDERR_REDIRECT] 
2026-08-23 23:41:20,344 [ERROR] LogOutputStream:75 - [STDERR_REDIRECT] [Fatal Error] :1:1: Premature end of file.
2026-08-23 23:41:20,344 [ERROR] LogOutputStream:75 - [STDERR_REDIRECT] 
2026-08-23 23:41:21,339 [ERROR] LogOutputStream:75 - [STDERR_REDIRECT] [Fatal Error] :1:1: Premature end of file.
2026-08-23 23:41:21,339 [ERROR] LogOutputStream:75 - [STDERR_REDIRECT] 
2026-08-23 23:41:22,335 [ERROR] LogOutputStream:75 - [STDERR_REDIRECT] [Fatal Error] :1:1: Premature end of file.
2026-08-23 23:41:22,335 [ERROR] LogOutputStream:75 - [STDERR_REDIRECT] 
2026-08-23 23:41:23,333 [ERROR] LogOutputStream:75 - [STDERR_REDIRECT] [Fatal Error] :1:1: Premature end of file.
2026-08-23 23:41:23,333 [ERROR] LogOutputStream:75 - [STDERR_REDIRECT] 
2026-08-23 23:41:24,329 [ERROR] LogOutputStream:75 - [STDERR_REDIRECT] [Fatal Error] :1:1: Premature end of file.
2026-08-23 23:41:24,329 [ERROR] LogOutputStream:75 - [STDERR_REDIRECT] 
2026-08-23 23:41:25,339 [ERROR] LogOutputStream:75 - [STDERR_REDIRECT] [Fatal Error] :1:1: Premature end of file.
2026-08-23 23:41:25,339 [ERROR] LogOutputStream:75 - [STDERR_REDIRECT] 
2026-08-23 23:41:26,338 [ERROR] LogOutputStream:75 - [STDERR_REDIRECT] [Fatal Error] :1:1: Premature end of file.
2026-08-23 23:41:26,338 [ERROR] LogOutputStream:75 - [STDERR_REDIRECT] 
2026-08-23 23:41:27,334 [ERROR] LogOutputStream:75 - [STDERR_REDIRECT] [Fatal Error] :1:1: Premature end of file.
2026-08-23 23:41:27,334 [ERROR] LogOutputStream:75 - [STDERR_REDIRECT] 
2026-08-23 23:41:28,332 [ERROR] LogOutputStream:75 - [STDERR_REDIRECT] [Fatal Error] :1:1: Premature end of file.
2026-08-23 23:41:28,332 [ERROR] LogOutputStream:75 - [STDERR_REDIRECT] 
2026-08-23 23:41:29,334 [ERROR] LogOutputStream:75 - [STDERR_REDIRECT] [Fatal Error] :1:1: Premature end of file.
2026-08-23 23:41:29,335 [ERROR] LogOutputStream:75 - [STDERR_REDIRECT] 
2026-08-23 23:41:30,333 [ERROR] LogOutputStream:75 - [STDERR_REDIRECT] [Fatal Error] :1:1: Premature end of file.
2026-08-23 23:41:30,333 [ERROR] LogOutputStream:75 - [STDERR_REDIRECT] 
2026-08-23 23:41:31,341 [ERROR] LogOutputStream:75 - [STDERR_REDIRECT] [Fatal Error] :1:1: Premature end of file.
2026-08-23 23:41:31,341 [ERROR] LogOutputStream:75 - [STDERR_REDIRECT] 
2026-08-23 23:41:32,333 [ERROR] LogOutputStream:75 - [STDERR_REDIRECT] [Fatal Error] :1:1: Premature end of file.
2026-08-23 23:41:32,333 [ERROR] LogOutputStream:75 - [STDERR_REDIRECT] 
2026-08-23 23:41:33,344 [ERROR] LogOutputStream:75 - [STDERR_REDIRECT] [Fatal Error] :1:1: Premature end of file.
2026-08-23 23:41:33,344 [ERROR] LogOutputStream:75 - [STDERR_REDIRECT] 
2026-08-23 23:41:34,336 [ERROR] LogOutputStream:75 - [STDERR_REDIRECT] [Fatal Error] :1:1: Premature end of file.
2026-08-23 23:41:34,336 [ERROR] LogOutputStream:75 - [STDERR_REDIRECT] 
2026-08-23 23:41:35,346 [ERROR] LogOutputStream:75 - [STDERR_REDIRECT] [Fatal Error] :1:1: Premature end of file.
2026-08-23 23:41:35,346 [ERROR] LogOutputStream:75 - [STDERR_REDIRECT] 
2026-08-23 23:41:36,341 [ERROR] LogOutputStream:75 - [STDERR_REDIRECT] [Fatal Error] :1:1: Premature end of file.
2026-08-23 23:41:36,341 [ERROR] LogOutputStream:75 - [STDERR_REDIRECT] 
2026-08-23 23:41:37,335 [ERROR] LogOutputStream:75 - [STDERR_REDIRECT] [Fatal Error] :1:1: Premature end of file.
2026-08-23 23:41:37,335 [ERROR] LogOutputStream:75 - [STDERR_REDIRECT] 
2026-08-23 23:41:38,339 [ERROR] LogOutputStream:75 - [STDERR_REDIRECT] [Fatal Error] :1:1: Premature end of file.
2026-08-23 23:41:38,339 [ERROR] LogOutputStream:75 - [STDERR_REDIRECT] 
2026-08-23 23:41:39,349 [ERROR] LogOutputStream:75 - [STDERR_REDIRECT] [Fatal Error] :1:1: Premature end of file.
2026-08-23 23:41:39,349 [ERROR] LogOutputStream:75 - [STDERR_REDIRECT] 
2026-08-23 23:41:40,340 [ERROR] LogOutputStream:75 - [STDERR_REDIRECT] [Fatal Error] :1:1: Premature end of file.
2026-08-23 23:41:40,340 [ERROR] LogOutputStream:75 - [STDERR_REDIRECT] 
2026-08-23 23:41:41,338 [ERROR] LogOutputStream:75 - [STDERR_REDIRECT] [Fatal Error] :1:1: Premature end of file.
2026-08-23 23:41:41,338 [ERROR] LogOutputStream:75 - [STDERR_REDIRECT] 
2026-08-23 23:41:42,336 [ERROR] LogOutputStream:75 - [STDERR_REDIRECT] [Fatal Error] :1:1: Premature end of file.
2026-08-23 23:41:42,336 [ERROR] LogOutputStream:75 - [STDERR_REDIRECT] 
2026-08-23 23:41:43,329 [ERROR] LogOutputStream:75 - [STDERR_REDIRECT] [Fatal Error] :1:1: Premature end of file.
2026-08-23 23:41:43,329 [ERROR] LogOutputStream:75 - [STDERR_REDIRECT] 
2026-08-23 23:41:44,339 [ERROR] LogOutputStream:75 - [STDERR_REDIRECT] [Fatal Error] :1:1: Premature end of file.
2026-08-23 23:41:44,339 [ERROR] LogOutputStream:75 - [STDERR_REDIRECT] 
2026-08-23 23:41:45,330 [ERROR] LogOutputStream:75 - [STDERR_REDIRECT] [Fatal Error] :1:1: Premature end of file.
2026-08-23 23:41:45,330 [ERROR] LogOutputStream:75 - [STDERR_REDIRECT] 
2026-08-23 23:41:46,331 [ERROR] LogOutputStream:75 - [STDERR_REDIRECT] [Fatal Error] :1:1: Premature end of file.
2026-08-23 23:41:46,331 [ERROR] LogOutputStream:75 - [STDERR_REDIRECT] 
2026-08-23 23:41:47,332 [ERROR] LogOutputStream:75 - [STDERR_REDIRECT] [Fatal Error] :1:1: Premature end of file.
2026-08-23 23:41:47,341 [ERROR] LogOutputStream:75 - [STDERR_REDIRECT] 
2026-08-23 23:41:48,339 [ERROR] LogOutputStream:75 - [STDERR_REDIRECT] [Fatal Error] :1:1: Premature end of file.
2026-08-23 23:41:48,339 [ERROR] LogOutputStream:75 - [STDERR_REDIRECT] 
2026-08-23 23:41:49,344 [ERROR] LogOutputStream:75 - [STDERR_REDIRECT] [Fatal Error] :1:1: Premature end of file.
2026-08-23 23:41:49,344 [ERROR] LogOutputStream:75 - [STDERR_REDIRECT] 
2026-08-23 23:41:50,347 [ERROR] LogOutputStream:75 - [STDERR_REDIRECT] [Fatal Error] :1:1: Premature end of file.
2026-08-23 23:41:50,347 [ERROR] LogOutputStream:75 - [STDERR_REDIRECT] 
2026-08-23 23:41:51,339 [ERROR] LogOutputStream:75 - [STDERR_REDIRECT] [Fatal Error] :1:1: Premature end of file.
2026-08-23 23:41:51,339 [ERROR] LogOutputStream:75 - [STDERR_REDIRECT] 
2026-08-23 23:41:52,339 [ERROR] LogOutputStream:75 - [STDERR_REDIRECT] [Fatal Error] :1:1: Premature end of file.
2026-08-23 23:41:52,339 [ERROR] LogOutputStream:75 - [STDERR_REDIRECT] 
2026-08-23 23:41:53,339 [ERROR] LogOutputStream:75 - [STDERR_REDIRECT] [Fatal Error] :1:1: Premature end of file.
2026-08-23 23:41:53,340 [ERROR] LogOutputStream:75 - [STDERR_REDIRECT] 
2026-08-23 23:41:54,333 [ERROR] LogOutputStream:75 - [STDERR_REDIRECT] [Fatal Error] :1:1: Premature end of file.
2026-08-23 23:41:54,333 [ERROR] LogOutputStream:75 - [STDERR_REDIRECT] 
2026-08-23 23:41:55,336 [ERROR] LogOutputStream:75 - [STDERR_REDIRECT] [Fatal Error] :1:1: Premature end of file.
2026-08-23 23:41:55,336 [ERROR] LogOutputStream:75 - [STDERR_REDIRECT] 
2026-08-23 23:41:56,334 [ERROR] LogOutputStream:75 - [STDERR_REDIRECT] [Fatal Error] :1:1: Premature end of file.
2026-08-23 23:41:56,334 [ERROR] LogOutputStream:75 - [STDERR_REDIRECT] 
2026-08-23 23:41:57,345 [ERROR] LogOutputStream:75 - [STDERR_REDIRECT] [Fatal Error] :1:1: Premature end of file.
2026-08-23 23:41:57,346 [ERROR] LogOutputStream:75 - [STDERR_REDIRECT] 
2026-08-23 23:41:58,336 [ERROR] LogOutputStream:75 - [STDERR_REDIRECT] [Fatal Error] :1:1: Premature end of file.
2026-08-23 23:41:58,336 [ERROR] LogOutputStream:75 - [STDERR_REDIRECT] 
2026-08-23 23:41:59,339 [ERROR] LogOutputStream:75 - [STDERR_REDIRECT] [Fatal Error] :1:1: Premature end of file.
2026-08-23 23:41:59,339 [ERROR] LogOutputStream:75 - [STDERR_REDIRECT] 
2026-08-23 23:42:00,346 [ERROR] LogOutputStream:75 - [STDERR_REDIRECT] [Fatal Error] :1:1: Premature end of file.
2026-08-23 23:42:00,346 [ERROR] LogOutputStream:75 - [STDERR_REDIRECT] 
2026-08-23 23:42:01,343 [ERROR] LogOutputStream:75 - [STDERR_REDIRECT] [Fatal Error] :1:1: Premature end of file.
2026-08-23 23:42:01,343 [ERROR] LogOutputStream:75 - [STDERR_REDIRECT] 
2026-08-23 23:42:02,330 [ERROR] LogOutputStream:75 - [STDERR_REDIRECT] [Fatal Error] :1:1: Premature end of file.
2026-08-23 23:42:02,342 [ERROR] LogOutputStream:75 - [STDERR_REDIRECT] 
2026-08-23 23:42:03,332 [ERROR] LogOutputStream:75 - [STDERR_REDIRECT] [Fatal Error] :1:1: Premature end of file.
2026-08-23 23:42:03,332 [ERROR] LogOutputStream:75 - [STDERR_REDIRECT] 
2026-08-23 23:42:04,340 [ERROR] LogOutputStream:75 - [STDERR_REDIRECT] [Fatal Error] :1:1: Premature end of file.
2026-08-23 23:42:04,340 [ERROR] LogOutputStream:75 - [STDERR_REDIRECT] 
2026-08-23 23:42:05,339 [ERROR] LogOutputStream:75 - [STDERR_REDIRECT] [Fatal Error] :1:1: Premature end of file.
2026-08-23 23:42:05,339 [ERROR] LogOutputStream:75 - [STDERR_REDIRECT] 
2026-08-23 23:42:06,336 [ERROR] LogOutputStream:75 - [STDERR_REDIRECT] [Fatal Error] :1:1: Premature end of file.
2026-08-23 23:42:06,340 [ERROR] LogOutputStream:75 - [STDERR_REDIRECT] 
2026-08-23 23:42:07,329 [ERROR] LogOutputStream:75 - [STDERR_REDIRECT] [Fatal Error] :1:1: Premature end of file.
2026-08-23 23:42:07,329 [ERROR] LogOutputStream:75 - [STDERR_REDIRECT] 
2026-08-23 23:42:08,332 [ERROR] LogOutputStream:75 - [STDERR_REDIRECT] [Fatal Error] :1:1: Premature end of file.
2026-08-23 23:42:08,332 [ERROR] LogOutputStream:75 - [STDERR_REDIRECT] 
2026-08-23 23:42:09,341 [ERROR] LogOutputStream:75 - [STDERR_REDIRECT] [Fatal Error] :1:1: Premature end of file.
2026-08-23 23:42:09,341 [ERROR] LogOutputStream:75 - [STDERR_REDIRECT] 
2026-08-23 23:42:10,339 [ERROR] LogOutputStream:75 - [STDERR_REDIRECT] [Fatal Error] :1:1: Premature end of file.
2026-08-23 23:42:10,339 [ERROR] LogOutputStream:75 - [STDERR_REDIRECT] 
2026-08-23 23:42:11,340 [ERROR] LogOutputStream:75 - [STDERR_REDIRECT] [Fatal Error] :1:1: Premature end of file.
2026-08-23 23:42:11,340 [ERROR] LogOutputStream:75 - [STDERR_REDIRECT] 
2026-08-23 23:42:12,340 [ERROR] LogOutputStream:75 - [STDERR_REDIRECT] [Fatal Error] :1:1: Premature end of file.
2026-08-23 23:42:12,340 [ERROR] LogOutputStream:75 - [STDERR_REDIRECT] 
2026-08-23 23:42:13,340 [ERROR] LogOutputStream:75 - [STDERR_REDIRECT] [Fatal Error] :1:1: Premature end of file.
2026-08-23 23:42:13,340 [ERROR] LogOutputStream:75 - [STDERR_REDIRECT] 
2026-08-23 23:42:14,335 [ERROR] LogOutputStream:75 - [STDERR_REDIRECT] [Fatal Error] :1:1: Premature end of file.
2026-08-23 23:42:14,335 [ERROR] LogOutputStream:75 - [STDERR_REDIRECT] 
2026-08-23 23:42:15,346 [ERROR] LogOutputStream:75 - [STDERR_REDIRECT] [Fatal Error] :1:1: Premature end of file.
2026-08-23 23:42:15,346 [ERROR] LogOutputStream:75 - [STDERR_REDIRECT] 
2026-08-23 23:42:16,334 [ERROR] LogOutputStream:75 - [STDERR_REDIRECT] [Fatal Error] :1:1: Premature end of file.
2026-08-23 23:42:16,334 [ERROR] LogOutputStream:75 - [STDERR_REDIRECT] 
2026-08-23 23:42:17,339 [ERROR] LogOutputStream:75 - [STDERR_REDIRECT] [Fatal Error] :1:1: Premature end of file.
2026-08-23 23:42:17,339 [ERROR] LogOutputStream:75 - [STDERR_REDIRECT] 
2026-08-23 23:42:18,325 [ERROR] LogOutputStream:75 - [STDERR_REDIRECT] [Fatal Error] :1:1: Premature end of file.
2026-08-23 23:42:18,325 [ERROR] LogOutputStream:75 - [STDERR_REDIRECT] 
2026-08-23 23:42:19,334 [ERROR] LogOutputStream:75 - [STDERR_REDIRECT] [Fatal Error] :1:1: Premature end of file.
2026-08-23 23:42:19,334 [ERROR] LogOutputStream:75 - [STDERR_REDIRECT] 
2026-08-23 23:42:20,345 [ERROR] LogOutputStream:75 - [STDERR_REDIRECT] [Fatal Error] :1:1: Premature end of file.
2026-08-23 23:42:20,345 [ERROR] LogOutputStream:75 - [STDERR_REDIRECT] 
2026-08-23 23:42:21,332 [ERROR] LogOutputStream:75 - [STDERR_REDIRECT] [Fatal Error] :1:1: Premature end of file.
2026-08-23 23:42:21,332 [ERROR] LogOutputStream:75 - [STDERR_REDIRECT] 
2026-08-23 23:42:22,331 [ERROR] LogOutputStream:75 - [STDERR_REDIRECT] [Fatal Error] :1:1: Premature end of file.
2026-08-23 23:42:22,331 [ERROR] LogOutputStream:75 - [STDERR_REDIRECT] 
2026-08-23 23:42:23,328 [ERROR] LogOutputStream:75 - [STDERR_REDIRECT] [Fatal Error] :1:1: Premature end of file.
2026-08-23 23:42:23,328 [ERROR] LogOutputStream:75 - [STDERR_REDIRECT] 
2026-08-23 23:42:24,350 [ERROR] LogOutputStream:75 - [STDERR_REDIRECT] [Fatal Error] :1:1: Premature end of file.
2026-08-23 23:42:24,350 [ERROR] LogOutputStream:75 - [STDERR_REDIRECT] 
2026-08-23 23:42:25,343 [ERROR] LogOutputStream:75 - [STDERR_REDIRECT] [Fatal Error] :1:1: Premature end of file.
2026-08-23 23:42:25,343 [ERROR] LogOutputStream:75 - [STDERR_REDIRECT] 
2026-08-23 23:42:26,334 [ERROR] LogOutputStream:75 - [STDERR_REDIRECT] [Fatal Error] :1:1: Premature end of file.
2026-08-23 23:42:26,334 [ERROR] LogOutputStream:75 - [STDERR_REDIRECT] 
2026-08-23 23:42:27,333 [ERROR] LogOutputStream:75 - [STDERR_REDIRECT] [Fatal Error] :1:1: Premature end of file.
2026-08-23 23:42:27,333 [ERROR] LogOutputStream:75 - [STDERR_REDIRECT] 
2026-08-23 23:42:28,334 [ERROR] LogOutputStream:75 - [STDERR_REDIRECT] [Fatal Error] :1:1: Premature end of file.
2026-08-23 23:42:28,334 [ERROR] LogOutputStream:75 - [STDERR_REDIRECT] 
2026-08-23 23:42:29,335 [ERROR] LogOutputStream:75 - [STDERR_REDIRECT] [Fatal Error] :1:1: Premature end of file.
2026-08-23 23:42:29,335 [ERROR] LogOutputStream:75 - [STDERR_REDIRECT] 
2026-08-23 23:42:30,336 [ERROR] LogOutputStream:75 - [STDERR_REDIRECT] [Fatal Error] :1:1: Premature end of file.
2026-08-23 23:42:30,336 [ERROR] LogOutputStream:75 - [STDERR_REDIRECT] 
2026-08-23 23:42:31,359 [ERROR] LogOutputStream:75 - [STDERR_REDIRECT] [Fatal Error] :1:1: Premature end of file.
2026-08-23 23:42:31,359 [ERROR] LogOutputStream:75 - [STDERR_REDIRECT] 
2026-08-23 23:42:32,357 [ERROR] LogOutputStream:75 - [STDERR_REDIRECT] [Fatal Error] :1:1: Premature end of file.
2026-08-23 23:42:32,357 [ERROR] LogOutputStream:75 - [STDERR_REDIRECT] 
2026-08-23 23:42:33,347 [ERROR] LogOutputStream:75 - [STDERR_REDIRECT] [Fatal Error] :1:1: Premature end of file.
2026-08-23 23:42:33,347 [ERROR] LogOutputStream:75 - [STDERR_REDIRECT] 
2026-08-23 23:42:34,344 [ERROR] LogOutputStream:75 - [STDERR_REDIRECT] [Fatal Error] :1:1: Premature end of file.
2026-08-23 23:42:34,344 [ERROR] LogOutputStream:75 - [STDERR_REDIRECT] 
2026-08-23 23:42:35,342 [ERROR] LogOutputStream:75 - [STDERR_REDIRECT] [Fatal Error] :1:1: Premature end of file.
2026-08-23 23:42:35,342 [ERROR] LogOutputStream:75 - [STDERR_REDIRECT] 
2026-08-23 23:42:36,325 [ERROR] LogOutputStream:75 - [STDERR_REDIRECT] [Fatal Error] :1:1: Premature end of file.
2026-08-23 23:42:36,325 [ERROR] LogOutputStream:75 - [STDERR_REDIRECT] 
2026-08-23 23:42:37,335 [ERROR] LogOutputStream:75 - [STDERR_REDIRECT] [Fatal Error] :1:1: Premature end of file.
2026-08-23 23:42:37,335 [ERROR] LogOutputStream:75 - [STDERR_REDIRECT] 
2026-08-23 23:42:38,332 [ERROR] LogOutputStream:75 - [STDERR_REDIRECT] [Fatal Error] :1:1: Premature end of file.
2026-08-23 23:42:38,332 [ERROR] LogOutputStream:75 - [STDERR_REDIRECT] 
2026-08-23 23:42:39,335 [ERROR] LogOutputStream:75 - [STDERR_REDIRECT] [Fatal Error] :1:1: Premature end of file.
2026-08-23 23:42:39,335 [ERROR] LogOutputStream:75 - [STDERR_REDIRECT] 
2026-08-23 23:42:40,333 [ERROR] LogOutputStream:75 - [STDERR_REDIRECT] [Fatal Error] :1:1: Premature end of file.
2026-08-23 23:42:40,333 [ERROR] LogOutputStream:75 - [STDERR_REDIRECT] 
2026-08-23 23:42:41,340 [ERROR] LogOutputStream:75 - [STDERR_REDIRECT] [Fatal Error] :1:1: Premature end of file.
2026-08-23 23:42:41,340 [ERROR] LogOutputStream:75 - [STDERR_REDIRECT] 
2026-08-23 23:42:42,330 [ERROR] LogOutputStream:75 - [STDERR_REDIRECT] [Fatal Error] :1:1: Premature end of file.
2026-08-23 23:42:42,330 [ERROR] LogOutputStream:75 - [STDERR_REDIRECT] 
2026-08-23 23:42:43,344 [ERROR] LogOutputStream:75 - [STDERR_REDIRECT] [Fatal Error] :1:1: Premature end of file.
2026-08-23 23:42:43,344 [ERROR] LogOutputStream:75 - [STDERR_REDIRECT] 
2026-08-23 23:42:44,336 [ERROR] LogOutputStream:75 - [STDERR_REDIRECT] [Fatal Error] :1:1: Premature end of file.
2026-08-23 23:42:44,336 [ERROR] LogOutputStream:75 - [STDERR_REDIRECT] 
2026-08-23 23:42:45,340 [ERROR] LogOutputStream:75 - [STDERR_REDIRECT] [Fatal Error] :1:1: Premature end of file.
2026-08-23 23:42:45,340 [ERROR] LogOutputStream:75 - [STDERR_REDIRECT] 
2026-08-23 23:42:46,342 [ERROR] LogOutputStream:75 - [STDERR_REDIRECT] [Fatal Error] :1:1: Premature end of file.
2026-08-23 23:42:46,342 [ERROR] LogOutputStream:75 - [STDERR_REDIRECT] 
2026-08-23 23:42:47,337 [ERROR] LogOutputStream:75 - [STDERR_REDIRECT] [Fatal Error] :1:1: Premature end of file.
2026-08-23 23:42:47,337 [ERROR] LogOutputStream:75 - [STDERR_REDIRECT] 
2026-08-23 23:42:48,337 [ERROR] LogOutputStream:75 - [STDERR_REDIRECT] [Fatal Error] :1:1: Premature end of file.
2026-08-23 23:42:48,337 [ERROR] LogOutputStream:75 - [STDERR_REDIRECT] 
2026-08-23 23:42:49,341 [ERROR] LogOutputStream:75 - [STDERR_REDIRECT] [Fatal Error] :1:1: Premature end of file.
2026-08-23 23:42:49,341 [ERROR] LogOutputStream:75 - [STDERR_REDIRECT] 
2026-08-23 23:42:50,335 [ERROR] LogOutputStream:75 - [STDERR_REDIRECT] [Fatal Error] :1:1: Premature end of file.
2026-08-23 23:42:50,335 [ERROR] LogOutputStream:75 - [STDERR_REDIRECT] 
2026-08-23 23:42:51,326 [ERROR] LogOutputStream:75 - [STDERR_REDIRECT] [Fatal Error] :1:1: Premature end of file.
2026-08-23 23:42:51,326 [ERROR] LogOutputStream:75 - [STDERR_REDIRECT] 
2026-08-23 23:42:52,333 [ERROR] LogOutputStream:75 - [STDERR_REDIRECT] [Fatal Error] :1:1: Premature end of file.
2026-08-23 23:42:52,333 [ERROR] LogOutputStream:75 - [STDERR_REDIRECT] 
2026-08-23 23:42:53,333 [ERROR] LogOutputStream:75 - [STDERR_REDIRECT] [Fatal Error] :1:1: Premature end of file.
2026-08-23 23:42:53,333 [ERROR] LogOutputStream:75 - [STDERR_REDIRECT] 
2026-08-23 23:42:54,342 [ERROR] LogOutputStream:75 - [STDERR_REDIRECT] [Fatal Error] :1:1: Premature end of file.
2026-08-23 23:42:54,342 [ERROR] LogOutputStream:75 - [STDERR_REDIRECT] 
2026-08-23 23:42:55,356 [ERROR] LogOutputStream:75 - [STDERR_REDIRECT] [Fatal Error] :1:1: Premature end of file.
2026-08-23 23:42:55,356 [ERROR] LogOutputStream:75 - [STDERR_REDIRECT] 
2026-08-23 23:42:56,340 [ERROR] LogOutputStream:75 - [STDERR_REDIRECT] [Fatal Error] :1:1: Premature end of file.
2026-08-23 23:42:56,340 [ERROR] LogOutputStream:75 - [STDERR_REDIRECT] 
2026-08-23 23:42:57,334 [ERROR] LogOutputStream:75 - [STDERR_REDIRECT] [Fatal Error] :1:1: Premature end of file.
2026-08-23 23:42:57,334 [ERROR] LogOutputStream:75 - [STDERR_REDIRECT] 
2026-08-23 23:42:58,343 [ERROR] LogOutputStream:75 - [STDERR_REDIRECT] [Fatal Error] :1:1: Premature end of file.
2026-08-23 23:42:58,345 [ERROR] LogOutputStream:75 - [STDERR_REDIRECT] 
2026-08-23 23:42:59,335 [ERROR] LogOutputStream:75 - [STDERR_REDIRECT] [Fatal Error] :1:1: Premature end of file.
2026-08-23 23:42:59,335 [ERROR] LogOutputStream:75 - [STDERR_REDIRECT] 
2026-08-23 23:43:00,343 [ERROR] LogOutputStream:75 - [STDERR_REDIRECT] [Fatal Error] :1:1: Premature end of file.
2026-08-23 23:43:00,343 [ERROR] LogOutputStream:75 - [STDERR_REDIRECT] 
2026-08-23 23:43:01,352 [ERROR] LogOutputStream:75 - [STDERR_REDIRECT] [Fatal Error] :1:1: Premature end of file.
2026-08-23 23:43:01,352 [ERROR] LogOutputStream:75 - [STDERR_REDIRECT] 
2026-08-23 23:43:02,332 [ERROR] LogOutputStream:75 - [STDERR_REDIRECT] [Fatal Error] :1:1: Premature end of file.
2026-08-23 23:43:02,332 [ERROR] LogOutputStream:75 - [STDERR_REDIRECT] 
2026-08-23 23:43:03,349 [ERROR] LogOutputStream:75 - [STDERR_REDIRECT] [Fatal Error] :1:1: Premature end of file.
2026-08-23 23:43:03,349 [ERROR] LogOutputStream:75 - [STDERR_REDIRECT] 
2026-08-23 23:43:04,344 [ERROR] LogOutputStream:75 - [STDERR_REDIRECT] [Fatal Error] :1:1: Premature end of file.
2026-08-23 23:43:04,345 [ERROR] LogOutputStream:75 - [STDERR_REDIRECT] 
2026-08-23 23:43:05,329 [ERROR] LogOutputStream:75 - [STDERR_REDIRECT] [Fatal Error] :1:1: Premature end of file.
2026-08-23 23:43:05,329 [ERROR] LogOutputStream:75 - [STDERR_REDIRECT] 
2026-08-23 23:43:06,330 [ERROR] LogOutputStream:75 - [STDERR_REDIRECT] [Fatal Error] :1:1: Premature end of file.
2026-08-23 23:43:06,330 [ERROR] LogOutputStream:75 - [STDERR_REDIRECT] 
2026-08-23 23:43:07,335 [ERROR] LogOutputStream:75 - [STDERR_REDIRECT] [Fatal Error] :1:1: Premature end of file.
2026-08-23 23:43:07,336 [ERROR] LogOutputStream:75 - [STDERR_REDIRECT] 
2026-08-23 23:43:08,341 [ERROR] LogOutputStream:75 - [STDERR_REDIRECT] [Fatal Error] :1:1: Premature end of file.
2026-08-23 23:43:08,341 [ERROR] LogOutputStream:75 - [STDERR_REDIRECT] 
2026-08-23 23:43:09,334 [ERROR] LogOutputStream:75 - [STDERR_REDIRECT] [Fatal Error] :1:1: Premature end of file.
2026-08-23 23:43:09,334 [ERROR] LogOutputStream:75 - [STDERR_REDIRECT] 
2026-08-23 23:43:10,342 [ERROR] LogOutputStream:75 - [STDERR_REDIRECT] [Fatal Error] :1:1: Premature end of file.
2026-08-23 23:43:10,342 [ERROR] LogOutputStream:75 - [STDERR_REDIRECT] 
2026-08-23 23:43:11,341 [ERROR] LogOutputStream:75 - [STDERR_REDIRECT] [Fatal Error] :1:1: Premature end of file.
2026-08-23 23:43:11,342 [ERROR] LogOutputStream:75 - [STDERR_REDIRECT] 
2026-08-23 23:43:12,338 [ERROR] LogOutputStream:75 - [STDERR_REDIRECT] [Fatal Error] :1:1: Premature end of file.
2026-08-23 23:43:12,338 [ERROR] LogOutputStream:75 - [STDERR_REDIRECT] 
2026-08-23 23:43:13,333 [ERROR] LogOutputStream:75 - [STDERR_REDIRECT] [Fatal Error] :1:1: Premature end of file.
2026-08-23 23:43:13,333 [ERROR] LogOutputStream:75 - [STDERR_REDIRECT] 
2026-08-23 23:43:14,346 [ERROR] LogOutputStream:75 - [STDERR_REDIRECT] [Fatal Error] :1:1: Premature end of file.
2026-08-23 23:43:14,346 [ERROR] LogOutputStream:75 - [STDERR_REDIRECT] 
2026-08-23 23:43:15,350 [ERROR] LogOutputStream:75 - [STDERR_REDIRECT] [Fatal Error] :1:1: Premature end of file.
2026-08-23 23:43:15,350 [ERROR] LogOutputStream:75 - [STDERR_REDIRECT] 
2026-08-23 23:43:16,345 [ERROR] LogOutputStream:75 - [STDERR_REDIRECT] [Fatal Error] :1:1: Premature end of file.
2026-08-23 23:43:16,345 [ERROR] LogOutputStream:75 - [STDERR_REDIRECT] 
2026-08-23 23:43:17,336 [ERROR] LogOutputStream:75 - [STDERR_REDIRECT] [Fatal Error] :1:1: Premature end of file.
2026-08-23 23:43:17,336 [ERROR] LogOutputStream:75 - [STDERR_REDIRECT] 
2026-08-23 23:43:18,344 [ERROR] LogOutputStream:75 - [STDERR_REDIRECT] [Fatal Error] :1:1: Premature end of file.
2026-08-23 23:43:18,344 [ERROR] LogOutputStream:75 - [STDERR_REDIRECT] 
2026-08-23 23:43:19,338 [ERROR] LogOutputStream:75 - [STDERR_REDIRECT] [Fatal Error] :1:1: Premature end of file.
2026-08-23 23:43:19,338 [ERROR] LogOutputStream:75 - [STDERR_REDIRECT] 
2026-08-23 23:43:20,344 [ERROR] LogOutputStream:75 - [STDERR_REDIRECT] [Fatal Error] :1:1: Premature end of file.
2026-08-23 23:43:20,344 [ERROR] LogOutputStream:75 - [STDERR_REDIRECT] 
2026-08-23 23:43:21,335 [ERROR] LogOutputStream:75 - [STDERR_REDIRECT] [Fatal Error] :1:1: Premature end of file.
2026-08-23 23:43:21,335 [ERROR] LogOutputStream:75 - [STDERR_REDIRECT] 
2026-08-23 23:43:22,337 [ERROR] LogOutputStream:75 - [STDERR_REDIRECT] [Fatal Error] :1:1: Premature end of file.
2026-08-23 23:43:22,337 [ERROR] LogOutputStream:75 - [STDERR_REDIRECT] 
2026-08-23 23:43:23,339 [ERROR] LogOutputStream:75 - [STDERR_REDIRECT] [Fatal Error] :1:1: Premature end of file.
2026-08-23 23:43:23,339 [ERROR] LogOutputStream:75 - [STDERR_REDIRECT] 
2026-08-23 23:43:24,337 [ERROR] LogOutputStream:75 - [STDERR_REDIRECT] [Fatal Error] :1:1: Premature end of file.
2026-08-23 23:43:24,337 [ERROR] LogOutputStream:75 - [STDERR_REDIRECT] 
2026-08-23 23:43:25,334 [ERROR] LogOutputStream:75 - [STDERR_REDIRECT] [Fatal Error] :1:1: Premature end of file.
2026-08-23 23:43:25,334 [ERROR] LogOutputStream:75 - [STDERR_REDIRECT] 
2026-08-23 23:43:26,352 [ERROR] LogOutputStream:75 - [STDERR_REDIRECT] [Fatal Error] :1:1: Premature end of file.
2026-08-23 23:43:26,352 [ERROR] LogOutputStream:75 - [STDERR_REDIRECT] 
2026-08-23 23:43:27,343 [ERROR] LogOutputStream:75 - [STDERR_REDIRECT] [Fatal Error] :1:1: Premature end of file.
2026-08-23 23:43:27,343 [ERROR] LogOutputStream:75 - [STDERR_REDIRECT] 
2026-08-23 23:43:28,336 [ERROR] LogOutputStream:75 - [STDERR_REDIRECT] [Fatal Error] :1:1: Premature end of file.
2026-08-23 23:43:28,336 [ERROR] LogOutputStream:75 - [STDERR_REDIRECT] 
2026-08-23 23:43:29,326 [ERROR] LogOutputStream:75 - [STDERR_REDIRECT] [Fatal Error] :1:1: Premature end of file.
2026-08-23 23:43:29,326 [ERROR] LogOutputStream:75 - [STDERR_REDIRECT] 
2026-08-23 23:43:30,325 [ERROR] LogOutputStream:75 - [STDERR_REDIRECT] [Fatal Error] :1:1: Premature end of file.
2026-08-23 23:43:30,325 [ERROR] LogOutputStream:75 - [STDERR_REDIRECT] 
2026-08-23 23:43:31,344 [ERROR] LogOutputStream:75 - [STDERR_REDIRECT] [Fatal Error] :1:1: Premature end of file.
2026-08-23 23:43:31,344 [ERROR] LogOutputStream:75 - [STDERR_REDIRECT] 
2026-08-23 23:43:32,332 [ERROR] LogOutputStream:75 - [STDERR_REDIRECT] [Fatal Error] :1:1: Premature end of file.
2026-08-23 23:43:32,332 [ERROR] LogOutputStream:75 - [STDERR_REDIRECT] 
2026-08-23 23:43:33,348 [ERROR] LogOutputStream:75 - [STDERR_REDIRECT] [Fatal Error] :1:1: Premature end of file.
2026-08-23 23:43:33,348 [ERROR] LogOutputStream:75 - [STDERR_REDIRECT] 
2026-08-23 23:43:34,348 [ERROR] LogOutputStream:75 - [STDERR_REDIRECT] [Fatal Error] :1:1: Premature end of file.
2026-08-23 23:43:34,348 [ERROR] LogOutputStream:75 - [STDERR_REDIRECT] 
2026-08-23 23:43:35,338 [ERROR] LogOutputStream:75 - [STDERR_REDIRECT] [Fatal Error] :1:1: Premature end of file.
2026-08-23 23:43:35,338 [ERROR] LogOutputStream:75 - [STDERR_REDIRECT] 
2026-08-23 23:43:36,340 [ERROR] LogOutputStream:75 - [STDERR_REDIRECT] [Fatal Error] :1:1: Premature end of file.
2026-08-23 23:43:36,340 [ERROR] LogOutputStream:75 - [STDERR_REDIRECT] 
2026-08-23 23:43:37,345 [ERROR] LogOutputStream:75 - [STDERR_REDIRECT] [Fatal Error] :1:1: Premature end of file.
2026-08-23 23:43:37,345 [ERROR] LogOutputStream:75 - [STDERR_REDIRECT] 
2026-08-23 23:43:38,341 [ERROR] LogOutputStream:75 - [STDERR_REDIRECT] [Fatal Error] :1:1: Premature end of file.
2026-08-23 23:43:38,341 [ERROR] LogOutputStream:75 - [STDERR_REDIRECT] 
2026-08-23 23:43:39,334 [ERROR] LogOutputStream:75 - [STDERR_REDIRECT] [Fatal Error] :1:1: Premature end of file.
2026-08-23 23:43:39,334 [ERROR] LogOutputStream:75 - [STDERR_REDIRECT] 
2026-08-23 23:43:40,333 [ERROR] LogOutputStream:75 - [STDERR_REDIRECT] [Fatal Error] :1:1: Premature end of file.
2026-08-23 23:43:40,333 [ERROR] LogOutputStream:75 - [STDERR_REDIRECT] 
2026-08-23 23:43:41,337 [ERROR] LogOutputStream:75 - [STDERR_REDIRECT] [Fatal Error] :1:1: Premature end of file.
2026-08-23 23:43:41,337 [ERROR] LogOutputStream:75 - [STDERR_REDIRECT] 
2026-08-23 23:43:42,339 [ERROR] LogOutputStream:75 - [STDERR_REDIRECT] [Fatal Error] :1:1: Premature end of file.
2026-08-23 23:43:42,339 [ERROR] LogOutputStream:75 - [STDERR_REDIRECT] 
2026-08-23 23:43:43,346 [ERROR] LogOutputStream:75 - [STDERR_REDIRECT] [Fatal Error] :1:1: Premature end of file.
2026-08-23 23:43:43,346 [ERROR] LogOutputStream:75 - [STDERR_REDIRECT] 
2026-08-23 23:43:44,348 [ERROR] LogOutputStream:75 - [STDERR_REDIRECT] [Fatal Error] :1:1: Premature end of file.
2026-08-23 23:43:44,348 [ERROR] LogOutputStream:75 - [STDERR_REDIRECT] 
2026-08-23 23:43:45,340 [ERROR] LogOutputStream:75 - [STDERR_REDIRECT] [Fatal Error] :1:1: Premature end of file.
2026-08-23 23:43:45,340 [ERROR] LogOutputStream:75 - [STDERR_REDIRECT] 
2026-08-23 23:43:46,341 [ERROR] LogOutputStream:75 - [STDERR_REDIRECT] [Fatal Error] :1:1: Premature end of file.
2026-08-23 23:43:46,341 [ERROR] LogOutputStream:75 - [STDERR_REDIRECT] 
2026-08-23 23:43:47,349 [ERROR] LogOutputStream:75 - [STDERR_REDIRECT] [Fatal Error] :1:1: Premature end of file.
2026-08-23 23:43:47,349 [ERROR] LogOutputStream:75 - [STDERR_REDIRECT] 
2026-08-23 23:43:48,340 [ERROR] LogOutputStream:75 - [STDERR_REDIRECT] [Fatal Error] :1:1: Premature end of file.
2026-08-23 23:43:48,340 [ERROR] LogOutputStream:75 - [STDERR_REDIRECT] 
2026-08-23 23:43:49,341 [ERROR] LogOutputStream:75 - [STDERR_REDIRECT] [Fatal Error] :1:1: Premature end of file.
2026-08-23 23:43:49,341 [ERROR] LogOutputStream:75 - [STDERR_REDIRECT] 
2026-08-23 23:43:50,334 [ERROR] LogOutputStream:75 - [STDERR_REDIRECT] [Fatal Error] :1:1: Premature end of file.
2026-08-23 23:43:50,334 [ERROR] LogOutputStream:75 - [STDERR_REDIRECT] 
2026-08-23 23:43:51,341 [ERROR] LogOutputStream:75 - [STDERR_REDIRECT] [Fatal Error] :1:1: Premature end of file.
2026-08-23 23:43:51,341 [ERROR] LogOutputStream:75 - [STDERR_REDIRECT] 
2026-08-23 23:43:52,352 [ERROR] LogOutputStream:75 - [STDERR_REDIRECT] [Fatal Error] :1:1: Premature end of file.
2026-08-23 23:43:52,352 [ERROR] LogOutputStream:75 - [STDERR_REDIRECT] 
2026-08-23 23:43:53,333 [ERROR] LogOutputStream:75 - [STDERR_REDIRECT] [Fatal Error] :1:1: Premature end of file.
2026-08-23 23:43:53,333 [ERROR] LogOutputStream:75 - [STDERR_REDIRECT] 
2026-08-23 23:43:54,348 [ERROR] LogOutputStream:75 - [STDERR_REDIRECT] [Fatal Error] :1:1: Premature end of file.
2026-08-23 23:43:54,348 [ERROR] LogOutputStream:75 - [STDERR_REDIRECT] 
2026-08-23 23:43:55,342 [ERROR] LogOutputStream:75 - [STDERR_REDIRECT] [Fatal Error] :1:1: Premature end of file.
2026-08-23 23:43:55,342 [ERROR] LogOutputStream:75 - [STDERR_REDIRECT] 
2026-08-23 23:43:56,331 [ERROR] LogOutputStream:75 - [STDERR_REDIRECT] [Fatal Error] :1:1: Premature end of file.
2026-08-23 23:43:56,331 [ERROR] LogOutputStream:75 - [STDERR_REDIRECT] 
2026-08-23 23:43:57,332 [ERROR] LogOutputStream:75 - [STDERR_REDIRECT] [Fatal Error] :1:1: Premature end of file.
2026-08-23 23:43:57,332 [ERROR] LogOutputStream:75 - [STDERR_REDIRECT] 
2026-08-23 23:43:58,344 [ERROR] LogOutputStream:75 - [STDERR_REDIRECT] [Fatal Error] :1:1: Premature end of file.
2026-08-23 23:43:58,344 [ERROR] LogOutputStream:75 - [STDERR_REDIRECT] 
2026-08-23 23:43:59,343 [ERROR] LogOutputStream:75 - [STDERR_REDIRECT] [Fatal Error] :1:1: Premature end of file.
2026-08-23 23:43:59,343 [ERROR] LogOutputStream:75 - [STDERR_REDIRECT] 
2026-08-23 23:44:00,333 [ERROR] LogOutputStream:75 - [STDERR_REDIRECT] [Fatal Error] :1:1: Premature end of file.
2026-08-23 23:44:00,333 [ERROR] LogOutputStream:75 - [STDERR_REDIRECT] 
2026-08-23 23:44:01,340 [ERROR] LogOutputStream:75 - [STDERR_REDIRECT] [Fatal Error] :1:1: Premature end of file.
2026-08-23 23:44:01,340 [ERROR] LogOutputStream:75 - [STDERR_REDIRECT] 
2026-08-23 23:44:02,336 [ERROR] LogOutputStream:75 - [STDERR_REDIRECT] [Fatal Error] :1:1: Premature end of file.
2026-08-23 23:44:02,336 [ERROR] LogOutputStream:75 - [STDERR_REDIRECT] 
2026-08-23 23:44:03,326 [ERROR] LogOutputStream:75 - [STDERR_REDIRECT] [Fatal Error] :1:1: Premature end of file.
2026-08-23 23:44:03,326 [ERROR] LogOutputStream:75 - [STDERR_REDIRECT] 
2026-08-23 23:44:04,345 [ERROR] LogOutputStream:75 - [STDERR_REDIRECT] [Fatal Error] :1:1: Premature end of file.
2026-08-23 23:44:04,345 [ERROR] LogOutputStream:75 - [STDERR_REDIRECT] 
2026-08-23 23:44:05,344 [ERROR] LogOutputStream:75 - [STDERR_REDIRECT] [Fatal Error] :1:1: Premature end of file.
2026-08-23 23:44:05,344 [ERROR] LogOutputStream:75 - [STDERR_REDIRECT] 
2026-08-23 23:44:06,339 [ERROR] LogOutputStream:75 - [STDERR_REDIRECT] [Fatal Error] :1:1: Premature end of file.
2026-08-23 23:44:06,339 [ERROR] LogOutputStream:75 - [STDERR_REDIRECT] 
2026-08-23 23:44:07,334 [ERROR] LogOutputStream:75 - [STDERR_REDIRECT] [Fatal Error] :1:1: Premature end of file.
2026-08-23 23:44:07,334 [ERROR] LogOutputStream:75 - [STDERR_REDIRECT] 
2026-08-23 23:44:08,336 [ERROR] LogOutputStream:75 - [STDERR_REDIRECT] [Fatal Error] :1:1: Premature end of file.
2026-08-23 23:44:08,336 [ERROR] LogOutputStream:75 - [STDERR_REDIRECT] 
2026-08-23 23:44:09,334 [ERROR] LogOutputStream:75 - [STDERR_REDIRECT] [Fatal Error] :1:1: Premature end of file.
2026-08-23 23:44:09,334 [ERROR] LogOutputStream:75 - [STDERR_REDIRECT] 
2026-08-23 23:44:10,335 [ERROR] LogOutputStream:75 - [STDERR_REDIRECT] [Fatal Error] :1:1: Premature end of file.
2026-08-23 23:44:10,335 [ERROR] LogOutputStream:75 - [STDERR_REDIRECT] 
2026-08-23 23:44:11,347 [ERROR] LogOutputStream:75 - [STDERR_REDIRECT] [Fatal Error] :1:1: Premature end of file.
2026-08-23 23:44:11,347 [ERROR] LogOutputStream:75 - [STDERR_REDIRECT] 
2026-08-23 23:44:12,354 [ERROR] LogOutputStream:75 - [STDERR_REDIRECT] [Fatal Error] :1:1: Premature end of file.
2026-08-23 23:44:12,354 [ERROR] LogOutputStream:75 - [STDERR_REDIRECT] 
2026-08-23 23:44:13,341 [ERROR] LogOutputStream:75 - [STDERR_REDIRECT] [Fatal Error] :1:1: Premature end of file.
2026-08-23 23:44:13,341 [ERROR] LogOutputStream:75 - [STDERR_REDIRECT] 
2026-08-23 23:44:14,343 [ERROR] LogOutputStream:75 - [STDERR_REDIRECT] [Fatal Error] :1:1: Premature end of file.
2026-08-23 23:44:14,344 [ERROR] LogOutputStream:75 - [STDERR_REDIRECT] 
2026-08-23 23:44:15,342 [ERROR] LogOutputStream:75 - [STDERR_REDIRECT] [Fatal Error] :1:1: Premature end of file.
2026-08-23 23:44:15,342 [ERROR] LogOutputStream:75 - [STDERR_REDIRECT] 
2026-08-23 23:44:16,332 [ERROR] LogOutputStream:75 - [STDERR_REDIRECT] [Fatal Error] :1:1: Premature end of file.
2026-08-23 23:44:16,332 [ERROR] LogOutputStream:75 - [STDERR_REDIRECT] 
2026-08-23 23:44:17,349 [ERROR] LogOutputStream:75 - [STDERR_REDIRECT] [Fatal Error] :1:1: Premature end of file.
2026-08-23 23:44:17,349 [ERROR] LogOutputStream:75 - [STDERR_REDIRECT] 
2026-08-23 23:44:18,342 [ERROR] LogOutputStream:75 - [STDERR_REDIRECT] [Fatal Error] :1:1: Premature end of file.
2026-08-23 23:44:18,342 [ERROR] LogOutputStream:75 - [STDERR_REDIRECT] 
2026-08-23 23:44:19,339 [ERROR] LogOutputStream:75 - [STDERR_REDIRECT] [Fatal Error] :1:1: Premature end of file.
2026-08-23 23:44:19,339 [ERROR] LogOutputStream:75 - [STDERR_REDIRECT] 
2026-08-23 23:44:20,341 [ERROR] LogOutputStream:75 - [STDERR_REDIRECT] [Fatal Error] :1:1: Premature end of file.
2026-08-23 23:44:20,341 [ERROR] LogOutputStream:75 - [STDERR_REDIRECT] 
2026-08-23 23:44:21,330 [ERROR] LogOutputStream:75 - [STDERR_REDIRECT] [Fatal Error] :1:1: Premature end of file.
2026-08-23 23:44:21,330 [ERROR] LogOutputStream:75 - [STDERR_REDIRECT] 
2026-08-23 23:44:22,329 [ERROR] LogOutputStream:75 - [STDERR_REDIRECT] [Fatal Error] :1:1: Premature end of file.
2026-08-23 23:44:22,329 [ERROR] LogOutputStream:75 - [STDERR_REDIRECT] 
2026-08-23 23:44:23,340 [ERROR] LogOutputStream:75 - [STDERR_REDIRECT] [Fatal Error] :1:1: Premature end of file.
2026-08-23 23:44:23,340 [ERROR] LogOutputStream:75 - [STDERR_REDIRECT] 
2026-08-23 23:44:24,332 [ERROR] LogOutputStream:75 - [STDERR_REDIRECT] [Fatal Error] :1:1: Premature end of file.
2026-08-23 23:44:24,332 [ERROR] LogOutputStream:75 - [STDERR_REDIRECT] 
2026-08-23 23:44:25,341 [ERROR] LogOutputStream:75 - [STDERR_REDIRECT] [Fatal Error] :1:1: Premature end of file.
2026-08-23 23:44:25,341 [ERROR] LogOutputStream:75 - [STDERR_REDIRECT] 
2026-08-23 23:44:26,348 [ERROR] LogOutputStream:75 - [STDERR_REDIRECT] [Fatal Error] :1:1: Premature end of file.
2026-08-23 23:44:26,348 [ERROR] LogOutputStream:75 - [STDERR_REDIRECT] 
2026-08-23 23:44:27,326 [ERROR] LogOutputStream:75 - [STDERR_REDIRECT] [Fatal Error] :1:1: Premature end of file.
2026-08-23 23:44:27,326 [ERROR] LogOutputStream:75 - [STDERR_REDIRECT] 
2026-08-23 23:44:28,335 [ERROR] LogOutputStream:75 - [STDERR_REDIRECT] [Fatal Error] :1:1: Premature end of file.
2026-08-23 23:44:28,335 [ERROR] LogOutputStream:75 - [STDERR_REDIRECT] 
2026-08-23 23:44:29,333 [ERROR] LogOutputStream:75 - [STDERR_REDIRECT] [Fatal Error] :1:1: Premature end of file.
2026-08-23 23:44:29,333 [ERROR] LogOutputStream:75 - [STDERR_REDIRECT] 
2026-08-23 23:44:30,325 [ERROR] LogOutputStream:75 - [STDERR_REDIRECT] [Fatal Error] :1:1: Premature end of file.
2026-08-23 23:44:30,325 [ERROR] LogOutputStream:75 - [STDERR_REDIRECT] 
2026-08-23 23:44:31,345 [ERROR] LogOutputStream:75 - [STDERR_REDIRECT] [Fatal Error] :1:1: Premature end of file.
2026-08-23 23:44:31,345 [ERROR] LogOutputStream:75 - [STDERR_REDIRECT] 
2026-08-23 23:44:32,352 [ERROR] LogOutputStream:75 - [STDERR_REDIRECT] [Fatal Error] :1:1: Premature end of file.
2026-08-23 23:44:32,352 [ERROR] LogOutputStream:75 - [STDERR_REDIRECT] 
2026-08-23 23:44:33,351 [ERROR] LogOutputStream:75 - [STDERR_REDIRECT] [Fatal Error] :1:1: Premature end of file.
2026-08-23 23:44:33,351 [ERROR] LogOutputStream:75 - [STDERR_REDIRECT] 
2026-08-23 23:44:34,343 [ERROR] LogOutputStream:75 - [STDERR_REDIRECT] [Fatal Error] :1:1: Premature end of file.
2026-08-23 23:44:34,343 [ERROR] LogOutputStream:75 - [STDERR_REDIRECT] 
2026-08-23 23:44:35,346 [ERROR] LogOutputStream:75 - [STDERR_REDIRECT] [Fatal Error] :1:1: Premature end of file.
2026-08-23 23:44:35,346 [ERROR] LogOutputStream:75 - [STDERR_REDIRECT] 
2026-08-23 23:44:36,351 [ERROR] LogOutputStream:75 - [STDERR_REDIRECT] [Fatal Error] :1:1: Premature end of file.
2026-08-23 23:44:36,351 [ERROR] LogOutputStream:75 - [STDERR_REDIRECT] 
2026-08-23 23:44:37,345 [ERROR] LogOutputStream:75 - [STDERR_REDIRECT] [Fatal Error] :1:1: Premature end of file.
2026-08-23 23:44:37,345 [ERROR] LogOutputStream:75 - [STDERR_REDIRECT] 
2026-08-23 23:44:38,346 [ERROR] LogOutputStream:75 - [STDERR_REDIRECT] [Fatal Error] :1:1: Premature end of file.
2026-08-23 23:44:38,346 [ERROR] LogOutputStream:75 - [STDERR_REDIRECT] 
2026-08-23 23:44:39,335 [ERROR] LogOutputStream:75 - [STDERR_REDIRECT] [Fatal Error] :1:1: Premature end of file.
2026-08-23 23:44:39,335 [ERROR] LogOutputStream:75 - [STDERR_REDIRECT] 
2026-08-23 23:44:40,343 [ERROR] LogOutputStream:75 - [STDERR_REDIRECT] [Fatal Error] :1:1: Premature end of file.
2026-08-23 23:44:40,343 [ERROR] LogOutputStream:75 - [STDERR_REDIRECT] 
2026-08-23 23:44:41,347 [ERROR] LogOutputStream:75 - [STDERR_REDIRECT] [Fatal Error] :1:1: Premature end of file.
2026-08-23 23:44:41,347 [ERROR] LogOutputStream:75 - [STDERR_REDIRECT] 
2026-08-23 23:44:42,347 [ERROR] LogOutputStream:75 - [STDERR_REDIRECT] [Fatal Error] :1:1: Premature end of file.
2026-08-23 23:44:42,348 [ERROR] LogOutputStream:75 - [STDERR_REDIRECT] 
2026-08-23 23:44:43,344 [ERROR] LogOutputStream:75 - [STDERR_REDIRECT] [Fatal Error] :1:1: Premature end of file.
2026-08-23 23:44:43,344 [ERROR] LogOutputStream:75 - [STDERR_REDIRECT] 
2026-08-23 23:44:44,330 [ERROR] LogOutputStream:75 - [STDERR_REDIRECT] [Fatal Error] :1:1: Premature end of file.
2026-08-23 23:44:44,330 [ERROR] LogOutputStream:75 - [STDERR_REDIRECT] 
2026-08-23 23:44:45,339 [ERROR] LogOutputStream:75 - [STDERR_REDIRECT] [Fatal Error] :1:1: Premature end of file.
2026-08-23 23:44:45,339 [ERROR] LogOutputStream:75 - [STDERR_REDIRECT] 
2026-08-23 23:44:46,338 [ERROR] LogOutputStream:75 - [STDERR_REDIRECT] [Fatal Error] :1:1: Premature end of file.
2026-08-23 23:44:46,338 [ERROR] LogOutputStream:75 - [STDERR_REDIRECT] 
2026-08-23 23:44:47,335 [ERROR] LogOutputStream:75 - [STDERR_REDIRECT] [Fatal Error] :1:1: Premature end of file.
2026-08-23 23:44:47,335 [ERROR] LogOutputStream:75 - [STDERR_REDIRECT] 
2026-08-23 23:44:48,341 [ERROR] LogOutputStream:75 - [STDERR_REDIRECT] [Fatal Error] :1:1: Premature end of file.
2026-08-23 23:44:48,341 [ERROR] LogOutputStream:75 - [STDERR_REDIRECT] 
2026-08-23 23:44:49,331 [ERROR] LogOutputStream:75 - [STDERR_REDIRECT] [Fatal Error] :1:1: Premature end of file.
2026-08-23 23:44:49,331 [ERROR] LogOutputStream:75 - [STDERR_REDIRECT] 
2026-08-23 23:44:50,342 [ERROR] LogOutputStream:75 - [STDERR_REDIRECT] [Fatal Error] :1:1: Premature end of file.
2026-08-23 23:44:50,342 [ERROR] LogOutputStream:75 - [STDERR_REDIRECT] 
2026-08-23 23:44:51,332 [ERROR] LogOutputStream:75 - [STDERR_REDIRECT] [Fatal Error] :1:1: Premature end of file.
2026-08-23 23:44:51,332 [ERROR] LogOutputStream:75 - [STDERR_REDIRECT] 
2026-08-23 23:44:52,343 [ERROR] LogOutputStream:75 - [STDERR_REDIRECT] [Fatal Error] :1:1: Premature end of file.
2026-08-23 23:44:52,345 [ERROR] LogOutputStream:75 - [STDERR_REDIRECT] 
2026-08-23 23:44:53,335 [ERROR] LogOutputStream:75 - [STDERR_REDIRECT] [Fatal Error] :1:1: Premature end of file.
2026-08-23 23:44:53,335 [ERROR] LogOutputStream:75 - [STDERR_REDIRECT] 
2026-08-23 23:44:54,341 [ERROR] LogOutputStream:75 - [STDERR_REDIRECT] [Fatal Error] :1:1: Premature end of file.
2026-08-23 23:44:54,341 [ERROR] LogOutputStream:75 - [STDERR_REDIRECT] 
2026-08-23 23:44:55,338 [ERROR] LogOutputStream:75 - [STDERR_REDIRECT] [Fatal Error] :1:1: Premature end of file.
2026-08-23 23:44:55,338 [ERROR] LogOutputStream:75 - [STDERR_REDIRECT] 
2026-08-23 23:44:56,336 [ERROR] LogOutputStream:75 - [STDERR_REDIRECT] [Fatal Error] :1:1: Premature end of file.
2026-08-23 23:44:56,336 [ERROR] LogOutputStream:75 - [STDERR_REDIRECT] 
2026-08-23 23:44:57,339 [ERROR] LogOutputStream:75 - [STDERR_REDIRECT] [Fatal Error] :1:1: Premature end of file.
2026-08-23 23:44:57,339 [ERROR] LogOutputStream:75 - [STDERR_REDIRECT] 
2026-08-23 23:44:58,344 [ERROR] LogOutputStream:75 - [STDERR_REDIRECT] [Fatal Error] :1:1: Premature end of file.
2026-08-23 23:44:58,344 [ERROR] LogOutputStream:75 - [STDERR_REDIRECT] 
2026-08-23 23:44:59,332 [ERROR] LogOutputStream:75 - [STDERR_REDIRECT] [Fatal Error] :1:1: Premature end of file.
2026-08-23 23:44:59,332 [ERROR] LogOutputStream:75 - [STDERR_REDIRECT] 
2026-08-23 23:45:00,336 [ERROR] LogOutputStream:75 - [STDERR_REDIRECT] [Fatal Error] :1:1: Premature end of file.
2026-08-23 23:45:00,336 [ERROR] LogOutputStream:75 - [STDERR_REDIRECT] 
2026-08-23 23:45:01,333 [ERROR] LogOutputStream:75 - [STDERR_REDIRECT] [Fatal Error] :1:1: Premature end of file.
2026-08-23 23:45:01,333 [ERROR] LogOutputStream:75 - [STDERR_REDIRECT] 
2026-08-23 23:45:02,330 [ERROR] LogOutputStream:75 - [STDERR_REDIRECT] [Fatal Error] :1:1: Premature end of file.
2026-08-23 23:45:02,330 [ERROR] LogOutputStream:75 - [STDERR_REDIRECT] 
2026-08-23 23:45:03,338 [ERROR] LogOutputStream:75 - [STDERR_REDIRECT] [Fatal Error] :1:1: Premature end of file.
2026-08-23 23:45:03,338 [ERROR] LogOutputStream:75 - [STDERR_REDIRECT] 
2026-08-23 23:45:04,345 [ERROR] LogOutputStream:75 - [STDERR_REDIRECT] [Fatal Error] :1:1: Premature end of file.
2026-08-23 23:45:04,345 [ERROR] LogOutputStream:75 - [STDERR_REDIRECT] 
2026-08-23 23:45:05,335 [ERROR] LogOutputStream:75 - [STDERR_REDIRECT] [Fatal Error] :1:1: Premature end of file.
2026-08-23 23:45:05,335 [ERROR] LogOutputStream:75 - [STDERR_REDIRECT] 
2026-08-23 23:45:06,330 [ERROR] LogOutputStream:75 - [STDERR_REDIRECT] [Fatal Error] :1:1: Premature end of file.
2026-08-23 23:45:06,330 [ERROR] LogOutputStream:75 - [STDERR_REDIRECT] 
2026-08-23 23:45:07,338 [ERROR] LogOutputStream:75 - [STDERR_REDIRECT] [Fatal Error] :1:1: Premature end of file.
2026-08-23 23:45:07,338 [ERROR] LogOutputStream:75 - [STDERR_REDIRECT] 
2026-08-23 23:45:08,328 [ERROR] LogOutputStream:75 - [STDERR_REDIRECT] [Fatal Error] :1:1: Premature end of file.
2026-08-23 23:45:08,328 [ERROR] LogOutputStream:75 - [STDERR_REDIRECT] 
2026-08-23 23:45:09,335 [ERROR] LogOutputStream:75 - [STDERR_REDIRECT] [Fatal Error] :1:1: Premature end of file.
2026-08-23 23:45:09,335 [ERROR] LogOutputStream:75 - [STDERR_REDIRECT] 
2026-08-23 23:45:10,351 [ERROR] LogOutputStream:75 - [STDERR_REDIRECT] [Fatal Error] :1:1: Premature end of file.
2026-08-23 23:45:10,351 [ERROR] LogOutputStream:75 - [STDERR_REDIRECT] 
2026-08-23 23:45:11,330 [ERROR] LogOutputStream:75 - [STDERR_REDIRECT] [Fatal Error] :1:1: Premature end of file.
2026-08-23 23:45:11,330 [ERROR] LogOutputStream:75 - [STDERR_REDIRECT] 
2026-08-23 23:45:12,330 [ERROR] LogOutputStream:75 - [STDERR_REDIRECT] [Fatal Error] :1:1: Premature end of file.
2026-08-23 23:45:12,330 [ERROR] LogOutputStream:75 - [STDERR_REDIRECT] 
2026-08-23 23:45:13,335 [ERROR] LogOutputStream:75 - [STDERR_REDIRECT] [Fatal Error] :1:1: Premature end of file.
2026-08-23 23:45:13,335 [ERROR] LogOutputStream:75 - [STDERR_REDIRECT] 
2026-08-23 23:45:14,334 [ERROR] LogOutputStream:75 - [STDERR_REDIRECT] [Fatal Error] :1:1: Premature end of file.
2026-08-23 23:45:14,334 [ERROR] LogOutputStream:75 - [STDERR_REDIRECT] 
2026-08-23 23:45:15,326 [ERROR] LogOutputStream:75 - [STDERR_REDIRECT] [Fatal Error] :1:1: Premature end of file.
2026-08-23 23:45:15,326 [ERROR] LogOutputStream:75 - [STDERR_REDIRECT] 
2026-08-23 23:45:16,338 [ERROR] LogOutputStream:75 - [STDERR_REDIRECT] [Fatal Error] :1:1: Premature end of file.
2026-08-23 23:45:16,338 [ERROR] LogOutputStream:75 - [STDERR_REDIRECT] 
2026-08-23 23:45:17,338 [ERROR] LogOutputStream:75 - [STDERR_REDIRECT] [Fatal Error] :1:1: Premature end of file.
2026-08-23 23:45:17,338 [ERROR] LogOutputStream:75 - [STDERR_REDIRECT] 
2026-08-23 23:45:18,341 [ERROR] LogOutputStream:75 - [STDERR_REDIRECT] [Fatal Error] :1:1: Premature end of file.
2026-08-23 23:45:18,341 [ERROR] LogOutputStream:75 - [STDERR_REDIRECT] 
2026-08-23 23:45:19,337 [ERROR] LogOutputStream:75 - [STDERR_REDIRECT] [Fatal Error] :1:1: Premature end of file.
2026-08-23 23:45:19,337 [ERROR] LogOutputStream:75 - [STDERR_REDIRECT] 
2026-08-23 23:45:20,335 [ERROR] LogOutputStream:75 - [STDERR_REDIRECT] [Fatal Error] :1:1: Premature end of file.
2026-08-23 23:45:20,335 [ERROR] LogOutputStream:75 - [STDERR_REDIRECT] 
2026-08-23 23:45:21,335 [ERROR] LogOutputStream:75 - [STDERR_REDIRECT] [Fatal Error] :1:1: Premature end of file.
2026-08-23 23:45:21,335 [ERROR] LogOutputStream:75 - [STDERR_REDIRECT] 
2026-08-23 23:45:22,339 [ERROR] LogOutputStream:75 - [STDERR_REDIRECT] [Fatal Error] :1:1: Premature end of file.
2026-08-23 23:45:22,339 [ERROR] LogOutputStream:75 - [STDERR_REDIRECT] 
2026-08-23 23:45:23,333 [ERROR] LogOutputStream:75 - [STDERR_REDIRECT] [Fatal Error] :1:1: Premature end of file.
2026-08-23 23:45:23,333 [ERROR] LogOutputStream:75 - [STDERR_REDIRECT] 
2026-08-23 23:45:24,337 [ERROR] LogOutputStream:75 - [STDERR_REDIRECT] [Fatal Error] :1:1: Premature end of file.
2026-08-23 23:45:24,337 [ERROR] LogOutputStream:75 - [STDERR_REDIRECT] 
2026-08-23 23:45:25,329 [ERROR] LogOutputStream:75 - [STDERR_REDIRECT] [Fatal Error] :1:1: Premature end of file.
2026-08-23 23:45:25,329 [ERROR] LogOutputStream:75 - [STDERR_REDIRECT] 
2026-08-23 23:45:26,338 [ERROR] LogOutputStream:75 - [STDERR_REDIRECT] [Fatal Error] :1:1: Premature end of file.
2026-08-23 23:45:26,338 [ERROR] LogOutputStream:75 - [STDERR_REDIRECT] 
2026-08-23 23:45:27,329 [ERROR] LogOutputStream:75 - [STDERR_REDIRECT] [Fatal Error] :1:1: Premature end of file.
2026-08-23 23:45:27,329 [ERROR] LogOutputStream:75 - [STDERR_REDIRECT] 
2026-08-23 23:45:28,340 [ERROR] LogOutputStream:75 - [STDERR_REDIRECT] [Fatal Error] :1:1: Premature end of file.
2026-08-23 23:45:28,340 [ERROR] LogOutputStream:75 - [STDERR_REDIRECT] 
2026-08-23 23:45:29,336 [ERROR] LogOutputStream:75 - [STDERR_REDIRECT] [Fatal Error] :1:1: Premature end of file.
2026-08-23 23:45:29,336 [ERROR] LogOutputStream:75 - [STDERR_REDIRECT] 
2026-08-23 23:45:30,327 [ERROR] LogOutputStream:75 - [STDERR_REDIRECT] [Fatal Error] :1:1: Premature end of file.
2026-08-23 23:45:30,327 [ERROR] LogOutputStream:75 - [STDERR_REDIRECT] 
2026-08-23 23:45:31,337 [ERROR] LogOutputStream:75 - [STDERR_REDIRECT] [Fatal Error] :1:1: Premature end of file.
2026-08-23 23:45:31,337 [ERROR] LogOutputStream:75 - [STDERR_REDIRECT] 
2026-08-23 23:45:32,324 [ERROR] LogOutputStream:75 - [STDERR_REDIRECT] [Fatal Error] :1:1: Premature end of file.
2026-08-23 23:45:32,324 [ERROR] LogOutputStream:75 - [STDERR_REDIRECT] 
2026-08-23 23:45:33,342 [ERROR] LogOutputStream:75 - [STDERR_REDIRECT] [Fatal Error] :1:1: Premature end of file.
2026-08-23 23:45:33,342 [ERROR] LogOutputStream:75 - [STDERR_REDIRECT] 
2026-08-23 23:45:34,360 [ERROR] LogOutputStream:75 - [STDERR_REDIRECT] [Fatal Error] :1:1: Premature end of file.
2026-08-23 23:45:34,360 [ERROR] LogOutputStream:75 - [STDERR_REDIRECT] 
2026-08-23 23:45:35,325 [ERROR] LogOutputStream:75 - [STDERR_REDIRECT] [Fatal Error] :1:1: Premature end of file.
2026-08-23 23:45:35,325 [ERROR] LogOutputStream:75 - [STDERR_REDIRECT] 
2026-08-23 23:45:36,348 [ERROR] LogOutputStream:75 - [STDERR_REDIRECT] [Fatal Error] :1:1: Premature end of file.
2026-08-23 23:45:36,348 [ERROR] LogOutputStream:75 - [STDERR_REDIRECT] 
2026-08-23 23:45:37,353 [ERROR] LogOutputStream:75 - [STDERR_REDIRECT] [Fatal Error] :1:1: Premature end of file.
2026-08-23 23:45:37,353 [ERROR] LogOutputStream:75 - [STDERR_REDIRECT] 
2026-08-23 23:45:38,356 [ERROR] LogOutputStream:75 - [STDERR_REDIRECT] [Fatal Error] :1:1: Premature end of file.
2026-08-23 23:45:38,356 [ERROR] LogOutputStream:75 - [STDERR_REDIRECT] 
2026-08-23 23:45:39,344 [ERROR] LogOutputStream:75 - [STDERR_REDIRECT] [Fatal Error] :1:1: Premature end of file.
2026-08-23 23:45:39,344 [ERROR] LogOutputStream:75 - [STDERR_REDIRECT] 
2026-08-23 23:45:40,345 [ERROR] LogOutputStream:75 - [STDERR_REDIRECT] [Fatal Error] :1:1: Premature end of file.
2026-08-23 23:45:40,345 [ERROR] LogOutputStream:75 - [STDERR_REDIRECT] 
2026-08-23 23:45:41,344 [ERROR] LogOutputStream:75 - [STDERR_REDIRECT] [Fatal Error] :1:1: Premature end of file.
2026-08-23 23:45:41,344 [ERROR] LogOutputStream:75 - [STDERR_REDIRECT] 
2026-08-23 23:45:42,340 [ERROR] LogOutputStream:75 - [STDERR_REDIRECT] [Fatal Error] :1:1: Premature end of file.
2026-08-23 23:45:42,340 [ERROR] LogOutputStream:75 - [STDERR_REDIRECT] 
2026-08-23 23:45:43,333 [ERROR] LogOutputStream:75 - [STDERR_REDIRECT] [Fatal Error] :1:1: Premature end of file.
2026-08-23 23:45:43,333 [ERROR] LogOutputStream:75 - [STDERR_REDIRECT] 
2026-08-23 23:45:44,344 [ERROR] LogOutputStream:75 - [STDERR_REDIRECT] [Fatal Error] :1:1: Premature end of file.
2026-08-23 23:45:44,344 [ERROR] LogOutputStream:75 - [STDERR_REDIRECT] 
2026-08-23 23:45:45,343 [ERROR] LogOutputStream:75 - [STDERR_REDIRECT] [Fatal Error] :1:1: Premature end of file.
2026-08-23 23:45:45,344 [ERROR] LogOutputStream:75 - [STDERR_REDIRECT] 
2026-08-23 23:45:46,337 [ERROR] LogOutputStream:75 - [STDERR_REDIRECT] [Fatal Error] :1:1: Premature end of file.
2026-08-23 23:45:46,337 [ERROR] LogOutputStream:75 - [STDERR_REDIRECT] 
2026-08-23 23:45:47,337 [ERROR] LogOutputStream:75 - [STDERR_REDIRECT] [Fatal Error] :1:1: Premature end of file.
2026-08-23 23:45:47,337 [ERROR] LogOutputStream:75 - [STDERR_REDIRECT] 
2026-08-23 23:45:48,334 [ERROR] LogOutputStream:75 - [STDERR_REDIRECT] [Fatal Error] :1:1: Premature end of file.
2026-08-23 23:45:48,334 [ERROR] LogOutputStream:75 - [STDERR_REDIRECT] 
2026-08-23 23:45:49,328 [ERROR] LogOutputStream:75 - [STDERR_REDIRECT] [Fatal Error] :1:1: Premature end of file.
2026-08-23 23:45:49,328 [ERROR] LogOutputStream:75 - [STDERR_REDIRECT] 
2026-08-23 23:45:50,327 [ERROR] LogOutputStream:75 - [STDERR_REDIRECT] [Fatal Error] :1:1: Premature end of file.
2026-08-23 23:45:50,335 [ERROR] LogOutputStream:75 - [STDERR_REDIRECT] 
2026-08-23 23:45:51,331 [ERROR] LogOutputStream:75 - [STDERR_REDIRECT] [Fatal Error] :1:1: Premature end of file.
2026-08-23 23:45:51,331 [ERROR] LogOutputStream:75 - [STDERR_REDIRECT] 
2026-08-23 23:45:52,329 [ERROR] LogOutputStream:75 - [STDERR_REDIRECT] [Fatal Error] :1:1: Premature end of file.
2026-08-23 23:45:52,329 [ERROR] LogOutputStream:75 - [STDERR_REDIRECT] 
2026-08-23 23:45:53,325 [ERROR] LogOutputStream:75 - [STDERR_REDIRECT] [Fatal Error] :1:1: Premature end of file.
2026-08-23 23:45:53,325 [ERROR] LogOutputStream:75 - [STDERR_REDIRECT] 
2026-08-23 23:45:54,346 [ERROR] LogOutputStream:75 - [STDERR_REDIRECT] [Fatal Error] :1:1: Premature end of file.
2026-08-23 23:45:54,346 [ERROR] LogOutputStream:75 - [STDERR_REDIRECT] 
2026-08-23 23:45:55,334 [ERROR] LogOutputStream:75 - [STDERR_REDIRECT] [Fatal Error] :1:1: Premature end of file.
2026-08-23 23:45:55,334 [ERROR] LogOutputStream:75 - [STDERR_REDIRECT] 
2026-08-23 23:45:56,348 [ERROR] LogOutputStream:75 - [STDERR_REDIRECT] [Fatal Error] :1:1: Premature end of file.
2026-08-23 23:45:56,348 [ERROR] LogOutputStream:75 - [STDERR_REDIRECT] 
2026-08-23 23:45:57,338 [ERROR] LogOutputStream:75 - [STDERR_REDIRECT] [Fatal Error] :1:1: Premature end of file.
2026-08-23 23:45:57,338 [ERROR] LogOutputStream:75 - [STDERR_REDIRECT] 
2026-08-23 23:45:58,338 [ERROR] LogOutputStream:75 - [STDERR_REDIRECT] [Fatal Error] :1:1: Premature end of file.
2026-08-23 23:45:58,338 [ERROR] LogOutputStream:75 - [STDERR_REDIRECT] 
2026-08-23 23:45:59,336 [ERROR] LogOutputStream:75 - [STDERR_REDIRECT] [Fatal Error] :1:1: Premature end of file.
2026-08-23 23:45:59,336 [ERROR] LogOutputStream:75 - [STDERR_REDIRECT] 
2026-08-23 23:46:00,344 [ERROR] LogOutputStream:75 - [STDERR_REDIRECT] [Fatal Error] :1:1: Premature end of file.
2026-08-23 23:46:00,344 [ERROR] LogOutputStream:75 - [STDERR_REDIRECT] 
2026-08-23 23:46:01,342 [ERROR] LogOutputStream:75 - [STDERR_REDIRECT] [Fatal Error] :1:1: Premature end of file.
2026-08-23 23:46:01,342 [ERROR] LogOutputStream:75 - [STDERR_REDIRECT] 
2026-08-23 23:46:02,342 [ERROR] LogOutputStream:75 - [STDERR_REDIRECT] [Fatal Error] :1:1: Premature end of file.
2026-08-23 23:46:02,342 [ERROR] LogOutputStream:75 - [STDERR_REDIRECT] 
2026-08-23 23:46:03,343 [ERROR] LogOutputStream:75 - [STDERR_REDIRECT] [Fatal Error] :1:1: Premature end of file.
2026-08-23 23:46:03,343 [ERROR] LogOutputStream:75 - [STDERR_REDIRECT] 
2026-08-23 23:46:04,340 [ERROR] LogOutputStream:75 - [STDERR_REDIRECT] [Fatal Error] :1:1: Premature end of file.
2026-08-23 23:46:04,340 [ERROR] LogOutputStream:75 - [STDERR_REDIRECT] 
2026-08-23 23:46:05,341 [ERROR] LogOutputStream:75 - [STDERR_REDIRECT] [Fatal Error] :1:1: Premature end of file.
2026-08-23 23:46:05,341 [ERROR] LogOutputStream:75 - [STDERR_REDIRECT] 
2026-08-23 23:46:06,331 [ERROR] LogOutputStream:75 - [STDERR_REDIRECT] [Fatal Error] :1:1: Premature end of file.
2026-08-23 23:46:06,331 [ERROR] LogOutputStream:75 - [STDERR_REDIRECT] 
2026-08-23 23:46:07,340 [ERROR] LogOutputStream:75 - [STDERR_REDIRECT] [Fatal Error] :1:1: Premature end of file.
2026-08-23 23:46:07,340 [ERROR] LogOutputStream:75 - [STDERR_REDIRECT] 
2026-08-23 23:46:08,329 [ERROR] LogOutputStream:75 - [STDERR_REDIRECT] [Fatal Error] :1:1: Premature end of file.
2026-08-23 23:46:08,329 [ERROR] LogOutputStream:75 - [STDERR_REDIRECT] 
2026-08-23 23:46:09,329 [ERROR] LogOutputStream:75 - [STDERR_REDIRECT] [Fatal Error] :1:1: Premature end of file.
2026-08-23 23:46:09,329 [ERROR] LogOutputStream:75 - [STDERR_REDIRECT] 
2026-08-23 23:46:10,327 [ERROR] LogOutputStream:75 - [STDERR_REDIRECT] [Fatal Error] :1:1: Premature end of file.
2026-08-23 23:46:10,327 [ERROR] LogOutputStream:75 - [STDERR_REDIRECT] 
2026-08-23 23:46:11,327 [ERROR] LogOutputStream:75 - [STDERR_REDIRECT] [Fatal Error] :1:1: Premature end of file.
2026-08-23 23:46:11,327 [ERROR] LogOutputStream:75 - [STDERR_REDIRECT] 
2026-08-23 23:46:12,334 [ERROR] LogOutputStream:75 - [STDERR_REDIRECT] [Fatal Error] :1:1: Premature end of file.
2026-08-23 23:46:12,336 [ERROR] LogOutputStream:75 - [STDERR_REDIRECT] 
2026-08-23 23:46:13,325 [ERROR] LogOutputStream:75 - [STDERR_REDIRECT] [Fatal Error] :1:1: Premature end of file.
2026-08-23 23:46:13,325 [ERROR] LogOutputStream:75 - [STDERR_REDIRECT] 
2026-08-23 23:46:14,348 [ERROR] LogOutputStream:75 - [STDERR_REDIRECT] [Fatal Error] :1:1: Premature end of file.
2026-08-23 23:46:14,348 [ERROR] LogOutputStream:75 - [STDERR_REDIRECT] 
2026-08-23 23:46:15,340 [ERROR] LogOutputStream:75 - [STDERR_REDIRECT] [Fatal Error] :1:1: Premature end of file.
2026-08-23 23:46:15,340 [ERROR] LogOutputStream:75 - [STDERR_REDIRECT] 
2026-08-23 23:46:16,344 [ERROR] LogOutputStream:75 - [STDERR_REDIRECT] [Fatal Error] :1:1: Premature end of file.
2026-08-23 23:46:16,344 [ERROR] LogOutputStream:75 - [STDERR_REDIRECT] 
2026-08-23 23:46:17,338 [ERROR] LogOutputStream:75 - [STDERR_REDIRECT] [Fatal Error] :1:1: Premature end of file.
2026-08-23 23:46:17,338 [ERROR] LogOutputStream:75 - [STDERR_REDIRECT] 
2026-08-23 23:46:18,343 [ERROR] LogOutputStream:75 - [STDERR_REDIRECT] [Fatal Error] :1:1: Premature end of file.
2026-08-23 23:46:18,343 [ERROR] LogOutputStream:75 - [STDERR_REDIRECT] 
2026-08-23 23:46:19,345 [ERROR] LogOutputStream:75 - [STDERR_REDIRECT] [Fatal Error] :1:1: Premature end of file.
2026-08-23 23:46:19,345 [ERROR] LogOutputStream:75 - [STDERR_REDIRECT] 
2026-08-23 23:46:20,345 [ERROR] LogOutputStream:75 - [STDERR_REDIRECT] [Fatal Error] :1:1: Premature end of file.
2026-08-23 23:46:20,345 [ERROR] LogOutputStream:75 - [STDERR_REDIRECT] 
2026-08-23 23:46:21,335 [ERROR] LogOutputStream:75 - [STDERR_REDIRECT] [Fatal Error] :1:1: Premature end of file.
2026-08-23 23:46:21,335 [ERROR] LogOutputStream:75 - [STDERR_REDIRECT] 
2026-08-23 23:46:22,344 [ERROR] LogOutputStream:75 - [STDERR_REDIRECT] [Fatal Error] :1:1: Premature end of file.
2026-08-23 23:46:22,344 [ERROR] LogOutputStream:75 - [STDERR_REDIRECT] 
2026-08-23 23:46:23,341 [ERROR] LogOutputStream:75 - [STDERR_REDIRECT] [Fatal Error] :1:1: Premature end of file.
2026-08-23 23:46:23,341 [ERROR] LogOutputStream:75 - [STDERR_REDIRECT] 
2026-08-23 23:46:24,334 [ERROR] LogOutputStream:75 - [STDERR_REDIRECT] [Fatal Error] :1:1: Premature end of file.
2026-08-23 23:46:24,334 [ERROR] LogOutputStream:75 - [STDERR_REDIRECT] 
2026-08-23 23:46:25,339 [ERROR] LogOutputStream:75 - [STDERR_REDIRECT] [Fatal Error] :1:1: Premature end of file.
2026-08-23 23:46:25,340 [ERROR] LogOutputStream:75 - [STDERR_REDIRECT] 
2026-08-23 23:46:26,333 [ERROR] LogOutputStream:75 - [STDERR_REDIRECT] [Fatal Error] :1:1: Premature end of file.
2026-08-23 23:46:26,333 [ERROR] LogOutputStream:75 - [STDERR_REDIRECT] 
2026-08-23 23:46:27,342 [ERROR] LogOutputStream:75 - [STDERR_REDIRECT] [Fatal Error] :1:1: Premature end of file.
2026-08-23 23:46:27,342 [ERROR] LogOutputStream:75 - [STDERR_REDIRECT] 
2026-08-23 23:46:28,329 [ERROR] LogOutputStream:75 - [STDERR_REDIRECT] [Fatal Error] :1:1: Premature end of file.
2026-08-23 23:46:28,329 [ERROR] LogOutputStream:75 - [STDERR_REDIRECT] 
2026-08-23 23:46:29,328 [ERROR] LogOutputStream:75 - [STDERR_REDIRECT] [Fatal Error] :1:1: Premature end of file.
2026-08-23 23:46:29,328 [ERROR] LogOutputStream:75 - [STDERR_REDIRECT] 
2026-08-23 23:46:30,340 [ERROR] LogOutputStream:75 - [STDERR_REDIRECT] [Fatal Error] :1:1: Premature end of file.
2026-08-23 23:46:30,340 [ERROR] LogOutputStream:75 - [STDERR_REDIRECT] 
2026-08-23 23:46:31,335 [ERROR] LogOutputStream:75 - [STDERR_REDIRECT] [Fatal Error] :1:1: Premature end of file.
2026-08-23 23:46:31,335 [ERROR] LogOutputStream:75 - [STDERR_REDIRECT] 
2026-08-23 23:46:32,335 [ERROR] LogOutputStream:75 - [STDERR_REDIRECT] [Fatal Error] :1:1: Premature end of file.
2026-08-23 23:46:32,337 [ERROR] LogOutputStream:75 - [STDERR_REDIRECT] 
2026-08-23 23:46:33,337 [ERROR] LogOutputStream:75 - [STDERR_REDIRECT] [Fatal Error] :1:1: Premature end of file.
2026-08-23 23:46:33,337 [ERROR] LogOutputStream:75 - [STDERR_REDIRECT] 
2026-08-23 23:46:34,346 [ERROR] LogOutputStream:75 - [STDERR_REDIRECT] [Fatal Error] :1:1: Premature end of file.
2026-08-23 23:46:34,346 [ERROR] LogOutputStream:75 - [STDERR_REDIRECT] 
2026-08-23 23:46:35,340 [ERROR] LogOutputStream:75 - [STDERR_REDIRECT] [Fatal Error] :1:1: Premature end of file.
2026-08-23 23:46:35,340 [ERROR] LogOutputStream:75 - [STDERR_REDIRECT] 
2026-08-23 23:46:36,349 [ERROR] LogOutputStream:75 - [STDERR_REDIRECT] [Fatal Error] :1:1: Premature end of file.
2026-08-23 23:46:36,349 [ERROR] LogOutputStream:75 - [STDERR_REDIRECT] 
2026-08-23 23:46:37,338 [ERROR] LogOutputStream:75 - [STDERR_REDIRECT] [Fatal Error] :1:1: Premature end of file.
2026-08-23 23:46:37,338 [ERROR] LogOutputStream:75 - [STDERR_REDIRECT] 
2026-08-23 23:46:38,347 [ERROR] LogOutputStream:75 - [STDERR_REDIRECT] [Fatal Error] :1:1: Premature end of file.
2026-08-23 23:46:38,347 [ERROR] LogOutputStream:75 - [STDERR_REDIRECT] 
2026-08-23 23:46:39,346 [ERROR] LogOutputStream:75 - [STDERR_REDIRECT] [Fatal Error] :1:1: Premature end of file.
2026-08-23 23:46:39,346 [ERROR] LogOutputStream:75 - [STDERR_REDIRECT] 
2026-08-23 23:46:40,336 [ERROR] LogOutputStream:75 - [STDERR_REDIRECT] [Fatal Error] :1:1: Premature end of file.
2026-08-23 23:46:40,336 [ERROR] LogOutputStream:75 - [STDERR_REDIRECT] 
2026-08-23 23:46:41,336 [ERROR] LogOutputStream:75 - [STDERR_REDIRECT] [Fatal Error] :1:1: Premature end of file.
2026-08-23 23:46:41,336 [ERROR] LogOutputStream:75 - [STDERR_REDIRECT] 
2026-08-23 23:46:42,345 [ERROR] LogOutputStream:75 - [STDERR_REDIRECT] [Fatal Error] :1:1: Premature end of file.
2026-08-23 23:46:42,345 [ERROR] LogOutputStream:75 - [STDERR_REDIRECT] 
2026-08-23 23:46:43,335 [ERROR] LogOutputStream:75 - [STDERR_REDIRECT] [Fatal Error] :1:1: Premature end of file.
2026-08-23 23:46:43,335 [ERROR] LogOutputStream:75 - [STDERR_REDIRECT] 
2026-08-23 23:46:44,349 [ERROR] LogOutputStream:75 - [STDERR_REDIRECT] [Fatal Error] :1:1: Premature end of file.
2026-08-23 23:46:44,349 [ERROR] LogOutputStream:75 - [STDERR_REDIRECT] 
2026-08-23 23:46:45,337 [ERROR] LogOutputStream:75 - [STDERR_REDIRECT] [Fatal Error] :1:1: Premature end of file.
2026-08-23 23:46:45,337 [ERROR] LogOutputStream:75 - [STDERR_REDIRECT] 
2026-08-23 23:46:46,338 [ERROR] LogOutputStream:75 - [STDERR_REDIRECT] [Fatal Error] :1:1: Premature end of file.
2026-08-23 23:46:46,338 [ERROR] LogOutputStream:75 - [STDERR_REDIRECT] 
2026-08-23 23:46:47,330 [ERROR] LogOutputStream:75 - [STDERR_REDIRECT] [Fatal Error] :1:1: Premature end of file.
2026-08-23 23:46:47,340 [ERROR] LogOutputStream:75 - [STDERR_REDIRECT] 
2026-08-23 23:46:48,330 [ERROR] LogOutputStream:75 - [STDERR_REDIRECT] [Fatal Error] :1:1: Premature end of file.
2026-08-23 23:46:48,330 [ERROR] LogOutputStream:75 - [STDERR_REDIRECT] 
2026-08-23 23:46:49,329 [ERROR] LogOutputStream:75 - [STDERR_REDIRECT] [Fatal Error] :1:1: Premature end of file.
2026-08-23 23:46:49,329 [ERROR] LogOutputStream:75 - [STDERR_REDIRECT] 
2026-08-23 23:46:50,327 [ERROR] LogOutputStream:75 - [STDERR_REDIRECT] [Fatal Error] :1:1: Premature end of file.
2026-08-23 23:46:50,327 [ERROR] LogOutputStream:75 - [STDERR_REDIRECT] 
2026-08-23 23:46:51,327 [ERROR] LogOutputStream:75 - [STDERR_REDIRECT] [Fatal Error] :1:1: Premature end of file.
2026-08-23 23:46:51,327 [ERROR] LogOutputStream:75 - [STDERR_REDIRECT] 
2026-08-23 23:46:52,326 [ERROR] LogOutputStream:75 - [STDERR_REDIRECT] [Fatal Error] :1:1: Premature end of file.
2026-08-23 23:46:52,326 [ERROR] LogOutputStream:75 - [STDERR_REDIRECT] 
2026-08-23 23:46:53,343 [ERROR] LogOutputStream:75 - [STDERR_REDIRECT] [Fatal Error] :1:1: Premature end of file.
2026-08-23 23:46:53,343 [ERROR] LogOutputStream:75 - [STDERR_REDIRECT] 
2026-08-23 23:46:54,333 [ERROR] LogOutputStream:75 - [STDERR_REDIRECT] [Fatal Error] :1:1: Premature end of file.
2026-08-23 23:46:54,333 [ERROR] LogOutputStream:75 - [STDERR_REDIRECT] 
2026-08-23 23:46:55,324 [ERROR] LogOutputStream:75 - [STDERR_REDIRECT] [Fatal Error] :1:1: Premature end of file.
2026-08-23 23:46:55,324 [ERROR] LogOutputStream:75 - [STDERR_REDIRECT] 
2026-08-23 23:46:56,342 [ERROR] LogOutputStream:75 - [STDERR_REDIRECT] [Fatal Error] :1:1: Premature end of file.
2026-08-23 23:46:56,342 [ERROR] LogOutputStream:75 - [STDERR_REDIRECT] 
2026-08-23 23:46:57,339 [ERROR] LogOutputStream:75 - [STDERR_REDIRECT] [Fatal Error] :1:1: Premature end of file.
2026-08-23 23:46:57,339 [ERROR] LogOutputStream:75 - [STDERR_REDIRECT] 
2026-08-23 23:46:58,338 [ERROR] LogOutputStream:75 - [STDERR_REDIRECT] [Fatal Error] :1:1: Premature end of file.
2026-08-23 23:46:58,338 [ERROR] LogOutputStream:75 - [STDERR_REDIRECT] 
2026-08-23 23:46:59,341 [ERROR] LogOutputStream:75 - [STDERR_REDIRECT] [Fatal Error] :1:1: Premature end of file.
2026-08-23 23:46:59,341 [ERROR] LogOutputStream:75 - [STDERR_REDIRECT] 
2026-08-23 23:47:00,344 [ERROR] LogOutputStream:75 - [STDERR_REDIRECT] [Fatal Error] :1:1: Premature end of file.
2026-08-23 23:47:00,344 [ERROR] LogOutputStream:75 - [STDERR_REDIRECT] 
2026-08-23 23:47:01,335 [ERROR] LogOutputStream:75 - [STDERR_REDIRECT] [Fatal Error] :1:1: Premature end of file.
2026-08-23 23:47:01,335 [ERROR] LogOutputStream:75 - [STDERR_REDIRECT] 
2026-08-23 23:47:02,340 [ERROR] LogOutputStream:75 - [STDERR_REDIRECT] [Fatal Error] :1:1: Premature end of file.
2026-08-23 23:47:02,340 [ERROR] LogOutputStream:75 - [STDERR_REDIRECT] 
2026-08-23 23:47:03,334 [ERROR] LogOutputStream:75 - [STDERR_REDIRECT] [Fatal Error] :1:1: Premature end of file.
2026-08-23 23:47:03,334 [ERROR] LogOutputStream:75 - [STDERR_REDIRECT] 
2026-08-23 23:47:04,333 [ERROR] LogOutputStream:75 - [STDERR_REDIRECT] [Fatal Error] :1:1: Premature end of file.
2026-08-23 23:47:04,333 [ERROR] LogOutputStream:75 - [STDERR_REDIRECT] 
2026-08-23 23:47:05,332 [ERROR] LogOutputStream:75 - [STDERR_REDIRECT] [Fatal Error] :1:1: Premature end of file.
2026-08-23 23:47:05,332 [ERROR] LogOutputStream:75 - [STDERR_REDIRECT] 
2026-08-23 23:47:06,341 [ERROR] LogOutputStream:75 - [STDERR_REDIRECT] [Fatal Error] :1:1: Premature end of file.
2026-08-23 23:47:06,341 [ERROR] LogOutputStream:75 - [STDERR_REDIRECT] 
2026-08-23 23:47:07,338 [ERROR] LogOutputStream:75 - [STDERR_REDIRECT] [Fatal Error] :1:1: Premature end of file.
2026-08-23 23:47:07,338 [ERROR] LogOutputStream:75 - [STDERR_REDIRECT] 
2026-08-23 23:47:08,329 [ERROR] LogOutputStream:75 - [STDERR_REDIRECT] [Fatal Error] :1:1: Premature end of file.
2026-08-23 23:47:08,329 [ERROR] LogOutputStream:75 - [STDERR_REDIRECT] 
2026-08-23 23:47:09,337 [ERROR] LogOutputStream:75 - [STDERR_REDIRECT] [Fatal Error] :1:1: Premature end of file.
2026-08-23 23:47:09,337 [ERROR] LogOutputStream:75 - [STDERR_REDIRECT] 
2026-08-23 23:47:10,328 [ERROR] LogOutputStream:75 - [STDERR_REDIRECT] [Fatal Error] :1:1: Premature end of file.
2026-08-23 23:47:10,328 [ERROR] LogOutputStream:75 - [STDERR_REDIRECT] 
2026-08-23 23:47:11,327 [ERROR] LogOutputStream:75 - [STDERR_REDIRECT] [Fatal Error] :1:1: Premature end of file.
2026-08-23 23:47:11,327 [ERROR] LogOutputStream:75 - [STDERR_REDIRECT] 
2026-08-23 23:47:12,326 [ERROR] LogOutputStream:75 - [STDERR_REDIRECT] [Fatal Error] :1:1: Premature end of file.
2026-08-23 23:47:12,326 [ERROR] LogOutputStream:75 - [STDERR_REDIRECT] 
2026-08-23 23:47:13,325 [ERROR] LogOutputStream:75 - [STDERR_REDIRECT] [Fatal Error] :1:1: Premature end of file.
2026-08-23 23:47:13,325 [ERROR] LogOutputStream:75 - [STDERR_REDIRECT] 
2026-08-23 23:47:14,324 [ERROR] LogOutputStream:75 - [STDERR_REDIRECT] [Fatal Error] :1:1: Premature end of file.
2026-08-23 23:47:14,324 [ERROR] LogOutputStream:75 - [STDERR_REDIRECT] 
2026-08-23 23:47:15,334 [ERROR] LogOutputStream:75 - [STDERR_REDIRECT] [Fatal Error] :1:1: Premature end of file.
2026-08-23 23:47:15,334 [ERROR] LogOutputStream:75 - [STDERR_REDIRECT] 
2026-08-23 23:47:16,347 [ERROR] LogOutputStream:75 - [STDERR_REDIRECT] [Fatal Error] :1:1: Premature end of file.
2026-08-23 23:47:16,347 [ERROR] LogOutputStream:75 - [STDERR_REDIRECT] 
2026-08-23 23:47:17,339 [ERROR] LogOutputStream:75 - [STDERR_REDIRECT] [Fatal Error] :1:1: Premature end of file.
2026-08-23 23:47:17,339 [ERROR] LogOutputStream:75 - [STDERR_REDIRECT] 
2026-08-23 23:47:18,343 [ERROR] LogOutputStream:75 - [STDERR_REDIRECT] [Fatal Error] :1:1: Premature end of file.
2026-08-23 23:47:18,343 [ERROR] LogOutputStream:75 - [STDERR_REDIRECT] 
2026-08-23 23:47:19,337 [ERROR] LogOutputStream:75 - [STDERR_REDIRECT] [Fatal Error] :1:1: Premature end of file.
2026-08-23 23:47:19,337 [ERROR] LogOutputStream:75 - [STDERR_REDIRECT] 
2026-08-23 23:47:20,343 [ERROR] LogOutputStream:75 - [STDERR_REDIRECT] [Fatal Error] :1:1: Premature end of file.
2026-08-23 23:47:20,343 [ERROR] LogOutputStream:75 - [STDERR_REDIRECT] 
2026-08-23 23:47:21,339 [ERROR] LogOutputStream:75 - [STDERR_REDIRECT] [Fatal Error] :1:1: Premature end of file.
2026-08-23 23:47:21,339 [ERROR] LogOutputStream:75 - [STDERR_REDIRECT] 
2026-08-23 23:47:22,366 [ERROR] LogOutputStream:75 - [STDERR_REDIRECT] [Fatal Error] :1:1: Premature end of file.
2026-08-23 23:47:22,367 [ERROR] LogOutputStream:75 - [STDERR_REDIRECT] 
2026-08-23 23:47:23,339 [ERROR] LogOutputStream:75 - [STDERR_REDIRECT] [Fatal Error] :1:1: Premature end of file.
2026-08-23 23:47:23,339 [ERROR] LogOutputStream:75 - [STDERR_REDIRECT] 
2026-08-23 23:47:24,333 [ERROR] LogOutputStream:75 - [STDERR_REDIRECT] [Fatal Error] :1:1: Premature end of file.
2026-08-23 23:47:24,333 [ERROR] LogOutputStream:75 - [STDERR_REDIRECT] 
2026-08-23 23:47:25,341 [ERROR] LogOutputStream:75 - [STDERR_REDIRECT] [Fatal Error] :1:1: Premature end of file.
2026-08-23 23:47:25,341 [ERROR] LogOutputStream:75 - [STDERR_REDIRECT] 
2026-08-23 23:47:26,341 [ERROR] LogOutputStream:75 - [STDERR_REDIRECT] [Fatal Error] :1:1: Premature end of file.
2026-08-23 23:47:26,341 [ERROR] LogOutputStream:75 - [STDERR_REDIRECT] 
2026-08-23 23:47:27,340 [ERROR] LogOutputStream:75 - [STDERR_REDIRECT] [Fatal Error] :1:1: Premature end of file.
2026-08-23 23:47:27,340 [ERROR] LogOutputStream:75 - [STDERR_REDIRECT] 
2026-08-23 23:47:28,330 [ERROR] LogOutputStream:75 - [STDERR_REDIRECT] [Fatal Error] :1:1: Premature end of file.
2026-08-23 23:47:28,330 [ERROR] LogOutputStream:75 - [STDERR_REDIRECT] 
2026-08-23 23:47:29,339 [ERROR] LogOutputStream:75 - [STDERR_REDIRECT] [Fatal Error] :1:1: Premature end of file.
2026-08-23 23:47:29,339 [ERROR] LogOutputStream:75 - [STDERR_REDIRECT] 
2026-08-23 23:47:30,335 [ERROR] LogOutputStream:75 - [STDERR_REDIRECT] [Fatal Error] :1:1: Premature end of file.
2026-08-23 23:47:30,335 [ERROR] LogOutputStream:75 - [STDERR_REDIRECT] 
2026-08-23 23:47:31,327 [ERROR] LogOutputStream:75 - [STDERR_REDIRECT] [Fatal Error] :1:1: Premature end of file.
2026-08-23 23:47:31,327 [ERROR] LogOutputStream:75 - [STDERR_REDIRECT] 
2026-08-23 23:47:32,326 [ERROR] LogOutputStream:75 - [STDERR_REDIRECT] [Fatal Error] :1:1: Premature end of file.
2026-08-23 23:47:32,326 [ERROR] LogOutputStream:75 - [STDERR_REDIRECT] 
2026-08-23 23:47:33,325 [ERROR] LogOutputStream:75 - [STDERR_REDIRECT] [Fatal Error] :1:1: Premature end of file.
2026-08-23 23:47:33,325 [ERROR] LogOutputStream:75 - [STDERR_REDIRECT] 
2026-08-23 23:47:34,325 [ERROR] LogOutputStream:75 - [STDERR_REDIRECT] [Fatal Error] :1:1: Premature end of file.
2026-08-23 23:47:34,325 [ERROR] LogOutputStream:75 - [STDERR_REDIRECT] 
2026-08-23 23:47:35,341 [ERROR] LogOutputStream:75 - [STDERR_REDIRECT] [Fatal Error] :1:1: Premature end of file.
2026-08-23 23:47:35,341 [ERROR] LogOutputStream:75 - [STDERR_REDIRECT] 
2026-08-23 23:47:36,335 [ERROR] LogOutputStream:75 - [STDERR_REDIRECT] [Fatal Error] :1:1: Premature end of file.
2026-08-23 23:47:36,335 [ERROR] LogOutputStream:75 - [STDERR_REDIRECT] 
2026-08-23 23:47:37,348 [ERROR] LogOutputStream:75 - [STDERR_REDIRECT] [Fatal Error] :1:1: Premature end of file.
2026-08-23 23:47:37,348 [ERROR] LogOutputStream:75 - [STDERR_REDIRECT] 
2026-08-23 23:47:38,342 [ERROR] LogOutputStream:75 - [STDERR_REDIRECT] [Fatal Error] :1:1: Premature end of file.
2026-08-23 23:47:38,344 [ERROR] LogOutputStream:75 - [STDERR_REDIRECT] 
2026-08-23 23:47:39,338 [ERROR] LogOutputStream:75 - [STDERR_REDIRECT] [Fatal Error] :1:1: Premature end of file.
2026-08-23 23:47:39,338 [ERROR] LogOutputStream:75 - [STDERR_REDIRECT] 
2026-08-23 23:47:40,351 [ERROR] LogOutputStream:75 - [STDERR_REDIRECT] [Fatal Error] :1:1: Premature end of file.
2026-08-23 23:47:40,351 [ERROR] LogOutputStream:75 - [STDERR_REDIRECT] 
2026-08-23 23:47:41,336 [ERROR] LogOutputStream:75 - [STDERR_REDIRECT] [Fatal Error] :1:1: Premature end of file.
2026-08-23 23:47:41,336 [ERROR] LogOutputStream:75 - [STDERR_REDIRECT] 
2026-08-23 23:47:42,337 [ERROR] LogOutputStream:75 - [STDERR_REDIRECT] [Fatal Error] :1:1: Premature end of file.
2026-08-23 23:47:42,337 [ERROR] LogOutputStream:75 - [STDERR_REDIRECT] 
2026-08-23 23:47:43,341 [ERROR] LogOutputStream:75 - [STDERR_REDIRECT] [Fatal Error] :1:1: Premature end of file.
2026-08-23 23:47:43,341 [ERROR] LogOutputStream:75 - [STDERR_REDIRECT] 
2026-08-23 23:47:44,343 [ERROR] LogOutputStream:75 - [STDERR_REDIRECT] [Fatal Error] :1:1: Premature end of file.
2026-08-23 23:47:44,343 [ERROR] LogOutputStream:75 - [STDERR_REDIRECT] 
2026-08-23 23:47:45,332 [ERROR] LogOutputStream:75 - [STDERR_REDIRECT] [Fatal Error] :1:1: Premature end of file.
2026-08-23 23:47:45,332 [ERROR] LogOutputStream:75 - [STDERR_REDIRECT] 
2026-08-23 23:47:46,338 [ERROR] LogOutputStream:75 - [STDERR_REDIRECT] [Fatal Error] :1:1: Premature end of file.
2026-08-23 23:47:46,338 [ERROR] LogOutputStream:75 - [STDERR_REDIRECT] 
2026-08-23 23:47:47,331 [ERROR] LogOutputStream:75 - [STDERR_REDIRECT] [Fatal Error] :1:1: Premature end of file.
2026-08-23 23:47:47,331 [ERROR] LogOutputStream:75 - [STDERR_REDIRECT] 
2026-08-23 23:47:48,330 [ERROR] LogOutputStream:75 - [STDERR_REDIRECT] [Fatal Error] :1:1: Premature end of file.
2026-08-23 23:47:48,330 [ERROR] LogOutputStream:75 - [STDERR_REDIRECT] 
2026-08-23 23:47:49,337 [ERROR] LogOutputStream:75 - [STDERR_REDIRECT] [Fatal Error] :1:1: Premature end of file.
2026-08-23 23:47:49,337 [ERROR] LogOutputStream:75 - [STDERR_REDIRECT] 
2026-08-23 23:47:50,328 [ERROR] LogOutputStream:75 - [STDERR_REDIRECT] [Fatal Error] :1:1: Premature end of file.
2026-08-23 23:47:50,328 [ERROR] LogOutputStream:75 - [STDERR_REDIRECT] 
2026-08-23 23:47:51,334 [ERROR] LogOutputStream:75 - [STDERR_REDIRECT] [Fatal Error] :1:1: Premature end of file.
2026-08-23 23:47:51,334 [ERROR] LogOutputStream:75 - [STDERR_REDIRECT] 
2026-08-23 23:47:52,327 [ERROR] LogOutputStream:75 - [STDERR_REDIRECT] [Fatal Error] :1:1: Premature end of file.
2026-08-23 23:47:52,327 [ERROR] LogOutputStream:75 - [STDERR_REDIRECT] 
2026-08-23 23:47:53,326 [ERROR] LogOutputStream:75 - [STDERR_REDIRECT] [Fatal Error] :1:1: Premature end of file.
2026-08-23 23:47:53,326 [ERROR] LogOutputStream:75 - [STDERR_REDIRECT] 
2026-08-23 23:47:54,347 [ERROR] LogOutputStream:75 - [STDERR_REDIRECT] [Fatal Error] :1:1: Premature end of file.
2026-08-23 23:47:54,347 [ERROR] LogOutputStream:75 - [STDERR_REDIRECT] 
2026-08-23 23:47:55,338 [ERROR] LogOutputStream:75 - [STDERR_REDIRECT] [Fatal Error] :1:1: Premature end of file.
2026-08-23 23:47:55,338 [ERROR] LogOutputStream:75 - [STDERR_REDIRECT] 
2026-08-23 23:47:56,340 [ERROR] LogOutputStream:75 - [STDERR_REDIRECT] [Fatal Error] :1:1: Premature end of file.
2026-08-23 23:47:56,340 [ERROR] LogOutputStream:75 - [STDERR_REDIRECT] 
2026-08-23 23:47:57,337 [ERROR] LogOutputStream:75 - [STDERR_REDIRECT] [Fatal Error] :1:1: Premature end of file.
2026-08-23 23:47:57,337 [ERROR] LogOutputStream:75 - [STDERR_REDIRECT] 
2026-08-23 23:47:58,329 [ERROR] LogOutputStream:75 - [STDERR_REDIRECT] [Fatal Error] :1:1: Premature end of file.
2026-08-23 23:47:58,329 [ERROR] LogOutputStream:75 - [STDERR_REDIRECT] 
2026-08-23 23:47:59,338 [ERROR] LogOutputStream:75 - [STDERR_REDIRECT] [Fatal Error] :1:1: Premature end of file.
2026-08-23 23:47:59,338 [ERROR] LogOutputStream:75 - [STDERR_REDIRECT] 
2026-08-23 23:48:00,337 [ERROR] LogOutputStream:75 - [STDERR_REDIRECT] [Fatal Error] :1:1: Premature end of file.
2026-08-23 23:48:00,337 [ERROR] LogOutputStream:75 - [STDERR_REDIRECT] 
2026-08-23 23:48:01,342 [ERROR] LogOutputStream:75 - [STDERR_REDIRECT] [Fatal Error] :1:1: Premature end of file.
2026-08-23 23:48:01,342 [ERROR] LogOutputStream:75 - [STDERR_REDIRECT] 
2026-08-23 23:48:02,350 [ERROR] LogOutputStream:75 - [STDERR_REDIRECT] [Fatal Error] :1:1: Premature end of file.
2026-08-23 23:48:02,350 [ERROR] LogOutputStream:75 - [STDERR_REDIRECT] 
2026-08-23 23:48:03,348 [ERROR] LogOutputStream:75 - [STDERR_REDIRECT] [Fatal Error] :1:1: Premature end of file.
2026-08-23 23:48:03,348 [ERROR] LogOutputStream:75 - [STDERR_REDIRECT] 
2026-08-23 23:48:04,345 [ERROR] LogOutputStream:75 - [STDERR_REDIRECT] [Fatal Error] :1:1: Premature end of file.
2026-08-23 23:48:04,345 [ERROR] LogOutputStream:75 - [STDERR_REDIRECT] 
2026-08-23 23:48:05,340 [ERROR] LogOutputStream:75 - [STDERR_REDIRECT] [Fatal Error] :1:1: Premature end of file.
2026-08-23 23:48:05,340 [ERROR] LogOutputStream:75 - [STDERR_REDIRECT] 
2026-08-23 23:48:06,342 [ERROR] LogOutputStream:75 - [STDERR_REDIRECT] [Fatal Error] :1:1: Premature end of file.
2026-08-23 23:48:06,342 [ERROR] LogOutputStream:75 - [STDERR_REDIRECT] 
2026-08-23 23:48:07,342 [ERROR] LogOutputStream:75 - [STDERR_REDIRECT] [Fatal Error] :1:1: Premature end of file.
2026-08-23 23:48:07,342 [ERROR] LogOutputStream:75 - [STDERR_REDIRECT] 
2026-08-23 23:48:08,341 [ERROR] LogOutputStream:75 - [STDERR_REDIRECT] [Fatal Error] :1:1: Premature end of file.
2026-08-23 23:48:08,341 [ERROR] LogOutputStream:75 - [STDERR_REDIRECT] 
2026-08-23 23:48:09,336 [ERROR] LogOutputStream:75 - [STDERR_REDIRECT] [Fatal Error] :1:1: Premature end of file.
2026-08-23 23:48:09,336 [ERROR] LogOutputStream:75 - [STDERR_REDIRECT] 
2026-08-23 23:48:10,340 [ERROR] LogOutputStream:75 - [STDERR_REDIRECT] [Fatal Error] :1:1: Premature end of file.
2026-08-23 23:48:10,340 [ERROR] LogOutputStream:75 - [STDERR_REDIRECT] 
2026-08-23 23:48:11,337 [ERROR] LogOutputStream:75 - [STDERR_REDIRECT] [Fatal Error] :1:1: Premature end of file.
2026-08-23 23:48:11,337 [ERROR] LogOutputStream:75 - [STDERR_REDIRECT] 
2026-08-23 23:48:12,333 [ERROR] LogOutputStream:75 - [STDERR_REDIRECT] [Fatal Error] :1:1: Premature end of file.
2026-08-23 23:48:12,333 [ERROR] LogOutputStream:75 - [STDERR_REDIRECT] 
2026-08-23 23:48:13,341 [ERROR] LogOutputStream:75 - [STDERR_REDIRECT] [Fatal Error] :1:1: Premature end of file.
2026-08-23 23:48:13,341 [ERROR] LogOutputStream:75 - [STDERR_REDIRECT] 
2026-08-23 23:48:14,350 [ERROR] LogOutputStream:75 - [STDERR_REDIRECT] [Fatal Error] :1:1: Premature end of file.
2026-08-23 23:48:14,350 [ERROR] LogOutputStream:75 - [STDERR_REDIRECT] 
2026-08-23 23:48:15,355 [ERROR] LogOutputStream:75 - [STDERR_REDIRECT] [Fatal Error] :1:1: Premature end of file.
2026-08-23 23:48:15,355 [ERROR] LogOutputStream:75 - [STDERR_REDIRECT] 
2026-08-23 23:48:16,350 [ERROR] LogOutputStream:75 - [STDERR_REDIRECT] [Fatal Error] :1:1: Premature end of file.
2026-08-23 23:48:16,350 [ERROR] LogOutputStream:75 - [STDERR_REDIRECT] 
2026-08-23 23:48:17,350 [ERROR] LogOutputStream:75 - [STDERR_REDIRECT] [Fatal Error] :1:1: Premature end of file.
2026-08-23 23:48:17,350 [ERROR] LogOutputStream:75 - [STDERR_REDIRECT] 
2026-08-23 23:48:18,351 [ERROR] LogOutputStream:75 - [STDERR_REDIRECT] [Fatal Error] :1:1: Premature end of file.
2026-08-23 23:48:18,351 [ERROR] LogOutputStream:75 - [STDERR_REDIRECT] 
2026-08-23 23:48:19,339 [ERROR] LogOutputStream:75 - [STDERR_REDIRECT] [Fatal Error] :1:1: Premature end of file.
2026-08-23 23:48:19,339 [ERROR] LogOutputStream:75 - [STDERR_REDIRECT] 
2026-08-23 23:48:20,349 [ERROR] LogOutputStream:75 - [STDERR_REDIRECT] [Fatal Error] :1:1: Premature end of file.
2026-08-23 23:48:20,350 [ERROR] LogOutputStream:75 - [STDERR_REDIRECT] 
2026-08-23 23:48:21,343 [ERROR] LogOutputStream:75 - [STDERR_REDIRECT] [Fatal Error] :1:1: Premature end of file.
2026-08-23 23:48:21,343 [ERROR] LogOutputStream:75 - [STDERR_REDIRECT] 
2026-08-23 23:48:22,338 [ERROR] LogOutputStream:75 - [STDERR_REDIRECT] [Fatal Error] :1:1: Premature end of file.
2026-08-23 23:48:22,338 [ERROR] LogOutputStream:75 - [STDERR_REDIRECT] 
2026-08-23 23:48:23,344 [ERROR] LogOutputStream:75 - [STDERR_REDIRECT] [Fatal Error] :1:1: Premature end of file.
2026-08-23 23:48:23,344 [ERROR] LogOutputStream:75 - [STDERR_REDIRECT] 
2026-08-23 23:48:24,345 [ERROR] LogOutputStream:75 - [STDERR_REDIRECT] [Fatal Error] :1:1: Premature end of file.
2026-08-23 23:48:24,345 [ERROR] LogOutputStream:75 - [STDERR_REDIRECT] 
2026-08-23 23:48:25,338 [ERROR] LogOutputStream:75 - [STDERR_REDIRECT] [Fatal Error] :1:1: Premature end of file.
2026-08-23 23:48:25,338 [ERROR] LogOutputStream:75 - [STDERR_REDIRECT] 
2026-08-23 23:48:26,337 [ERROR] LogOutputStream:75 - [STDERR_REDIRECT] [Fatal Error] :1:1: Premature end of file.
2026-08-23 23:48:26,337 [ERROR] LogOutputStream:75 - [STDERR_REDIRECT] 
2026-08-23 23:48:27,347 [ERROR] LogOutputStream:75 - [STDERR_REDIRECT] [Fatal Error] :1:1: Premature end of file.
2026-08-23 23:48:27,347 [ERROR] LogOutputStream:75 - [STDERR_REDIRECT] 
2026-08-23 23:48:28,341 [ERROR] LogOutputStream:75 - [STDERR_REDIRECT] [Fatal Error] :1:1: Premature end of file.
2026-08-23 23:48:28,341 [ERROR] LogOutputStream:75 - [STDERR_REDIRECT] 
2026-08-23 23:48:29,352 [ERROR] LogOutputStream:75 - [STDERR_REDIRECT] [Fatal Error] :1:1: Premature end of file.
2026-08-23 23:48:29,352 [ERROR] LogOutputStream:75 - [STDERR_REDIRECT] 
2026-08-23 23:48:30,350 [ERROR] LogOutputStream:75 - [STDERR_REDIRECT] [Fatal Error] :1:1: Premature end of file.
2026-08-23 23:48:30,350 [ERROR] LogOutputStream:75 - [STDERR_REDIRECT] 
2026-08-23 23:48:31,336 [ERROR] LogOutputStream:75 - [STDERR_REDIRECT] [Fatal Error] :1:1: Premature end of file.
2026-08-23 23:48:31,336 [ERROR] LogOutputStream:75 - [STDERR_REDIRECT] 
2026-08-23 23:48:32,343 [ERROR] LogOutputStream:75 - [STDERR_REDIRECT] [Fatal Error] :1:1: Premature end of file.
2026-08-23 23:48:32,343 [ERROR] LogOutputStream:75 - [STDERR_REDIRECT] 
2026-08-23 23:48:33,340 [ERROR] LogOutputStream:75 - [STDERR_REDIRECT] [Fatal Error] :1:1: Premature end of file.
2026-08-23 23:48:33,340 [ERROR] LogOutputStream:75 - [STDERR_REDIRECT] 
2026-08-23 23:48:34,349 [ERROR] LogOutputStream:75 - [STDERR_REDIRECT] [Fatal Error] :1:1: Premature end of file.
2026-08-23 23:48:34,349 [ERROR] LogOutputStream:75 - [STDERR_REDIRECT] 
2026-08-23 23:48:35,347 [ERROR] LogOutputStream:75 - [STDERR_REDIRECT] [Fatal Error] :1:1: Premature end of file.
2026-08-23 23:48:35,347 [ERROR] LogOutputStream:75 - [STDERR_REDIRECT] 
2026-08-23 23:48:36,328 [ERROR] LogOutputStream:75 - [STDERR_REDIRECT] [Fatal Error] :1:1: Premature end of file.
2026-08-23 23:48:36,328 [ERROR] LogOutputStream:75 - [STDERR_REDIRECT] 
2026-08-23 23:48:37,330 [ERROR] LogOutputStream:75 - [STDERR_REDIRECT] [Fatal Error] :1:1: Premature end of file.
2026-08-23 23:48:37,330 [ERROR] LogOutputStream:75 - [STDERR_REDIRECT] 
2026-08-23 23:48:38,339 [ERROR] LogOutputStream:75 - [STDERR_REDIRECT] [Fatal Error] :1:1: Premature end of file.
2026-08-23 23:48:38,339 [ERROR] LogOutputStream:75 - [STDERR_REDIRECT] 
2026-08-23 23:48:39,331 [ERROR] LogOutputStream:75 - [STDERR_REDIRECT] [Fatal Error] :1:1: Premature end of file.
2026-08-23 23:48:39,331 [ERROR] LogOutputStream:75 - [STDERR_REDIRECT] 
2026-08-23 23:48:40,334 [ERROR] LogOutputStream:75 - [STDERR_REDIRECT] [Fatal Error] :1:1: Premature end of file.
2026-08-23 23:48:40,334 [ERROR] LogOutputStream:75 - [STDERR_REDIRECT] 
2026-08-23 23:48:41,335 [ERROR] LogOutputStream:75 - [STDERR_REDIRECT] [Fatal Error] :1:1: Premature end of file.
2026-08-23 23:48:41,335 [ERROR] LogOutputStream:75 - [STDERR_REDIRECT] 
2026-08-23 23:48:42,332 [ERROR] LogOutputStream:75 - [STDERR_REDIRECT] [Fatal Error] :1:1: Premature end of file.
2026-08-23 23:48:42,332 [ERROR] LogOutputStream:75 - [STDERR_REDIRECT] 
2026-08-23 23:48:43,337 [ERROR] LogOutputStream:75 - [STDERR_REDIRECT] [Fatal Error] :1:1: Premature end of file.
2026-08-23 23:48:43,337 [ERROR] LogOutputStream:75 - [STDERR_REDIRECT] 
2026-08-23 23:48:44,342 [ERROR] LogOutputStream:75 - [STDERR_REDIRECT] [Fatal Error] :1:1: Premature end of file.
2026-08-23 23:48:44,342 [ERROR] LogOutputStream:75 - [STDERR_REDIRECT] 
2026-08-23 23:48:45,346 [ERROR] LogOutputStream:75 - [STDERR_REDIRECT] [Fatal Error] :1:1: Premature end of file.
2026-08-23 23:48:45,346 [ERROR] LogOutputStream:75 - [STDERR_REDIRECT] 
2026-08-23 23:48:46,341 [ERROR] LogOutputStream:75 - [STDERR_REDIRECT] [Fatal Error] :1:1: Premature end of file.
2026-08-23 23:48:46,341 [ERROR] LogOutputStream:75 - [STDERR_REDIRECT] 
2026-08-23 23:48:47,348 [ERROR] LogOutputStream:75 - [STDERR_REDIRECT] [Fatal Error] :1:1: Premature end of file.
2026-08-23 23:48:47,348 [ERROR] LogOutputStream:75 - [STDERR_REDIRECT] 
2026-08-23 23:48:48,338 [ERROR] LogOutputStream:75 - [STDERR_REDIRECT] [Fatal Error] :1:1: Premature end of file.
2026-08-23 23:48:48,338 [ERROR] LogOutputStream:75 - [STDERR_REDIRECT] 
2026-08-23 23:48:49,339 [ERROR] LogOutputStream:75 - [STDERR_REDIRECT] [Fatal Error] :1:1: Premature end of file.
2026-08-23 23:48:49,339 [ERROR] LogOutputStream:75 - [STDERR_REDIRECT] 
2026-08-23 23:48:50,338 [ERROR] LogOutputStream:75 - [STDERR_REDIRECT] [Fatal Error] :1:1: Premature end of file.
2026-08-23 23:48:50,338 [ERROR] LogOutputStream:75 - [STDERR_REDIRECT] 
2026-08-23 23:48:51,326 [ERROR] LogOutputStream:75 - [STDERR_REDIRECT] [Fatal Error] :1:1: Premature end of file.
2026-08-23 23:48:51,326 [ERROR] LogOutputStream:75 - [STDERR_REDIRECT] 
2026-08-23 23:48:52,326 [ERROR] LogOutputStream:75 - [STDERR_REDIRECT] [Fatal Error] :1:1: Premature end of file.
2026-08-23 23:48:52,326 [ERROR] LogOutputStream:75 - [STDERR_REDIRECT] 
2026-08-23 23:48:53,334 [ERROR] LogOutputStream:75 - [STDERR_REDIRECT] [Fatal Error] :1:1: Premature end of file.
2026-08-23 23:48:53,334 [ERROR] LogOutputStream:75 - [STDERR_REDIRECT] 
2026-08-23 23:48:54,338 [ERROR] LogOutputStream:75 - [STDERR_REDIRECT] [Fatal Error] :1:1: Premature end of file.
2026-08-23 23:48:54,338 [ERROR] LogOutputStream:75 - [STDERR_REDIRECT] 
2026-08-23 23:48:55,329 [ERROR] LogOutputStream:75 - [STDERR_REDIRECT] [Fatal Error] :1:1: Premature end of file.
2026-08-23 23:48:55,329 [ERROR] LogOutputStream:75 - [STDERR_REDIRECT] 
2026-08-23 23:48:56,330 [ERROR] LogOutputStream:75 - [STDERR_REDIRECT] [Fatal Error] :1:1: Premature end of file.
2026-08-23 23:48:56,330 [ERROR] LogOutputStream:75 - [STDERR_REDIRECT] 
2026-08-23 23:48:57,341 [ERROR] LogOutputStream:75 - [STDERR_REDIRECT] [Fatal Error] :1:1: Premature end of file.
2026-08-23 23:48:57,341 [ERROR] LogOutputStream:75 - [STDERR_REDIRECT] 
2026-08-23 23:48:58,337 [ERROR] LogOutputStream:75 - [STDERR_REDIRECT] [Fatal Error] :1:1: Premature end of file.
2026-08-23 23:48:58,337 [ERROR] LogOutputStream:75 - [STDERR_REDIRECT] 
2026-08-23 23:48:59,335 [ERROR] LogOutputStream:75 - [STDERR_REDIRECT] [Fatal Error] :1:1: Premature end of file.
2026-08-23 23:48:59,335 [ERROR] LogOutputStream:75 - [STDERR_REDIRECT] 
2026-08-23 23:49:00,348 [ERROR] LogOutputStream:75 - [STDERR_REDIRECT] [Fatal Error] :1:1: Premature end of file.
2026-08-23 23:49:00,348 [ERROR] LogOutputStream:75 - [STDERR_REDIRECT] 
2026-08-23 23:49:01,331 [ERROR] LogOutputStream:75 - [STDERR_REDIRECT] [Fatal Error] :1:1: Premature end of file.
2026-08-23 23:49:01,331 [ERROR] LogOutputStream:75 - [STDERR_REDIRECT] 
2026-08-23 23:49:02,344 [ERROR] LogOutputStream:75 - [STDERR_REDIRECT] [Fatal Error] :1:1: Premature end of file.
2026-08-23 23:49:02,344 [ERROR] LogOutputStream:75 - [STDERR_REDIRECT] 
2026-08-23 23:49:03,334 [ERROR] LogOutputStream:75 - [STDERR_REDIRECT] [Fatal Error] :1:1: Premature end of file.
2026-08-23 23:49:03,334 [ERROR] LogOutputStream:75 - [STDERR_REDIRECT] 
2026-08-23 23:49:04,345 [ERROR] LogOutputStream:75 - [STDERR_REDIRECT] [Fatal Error] :1:1: Premature end of file.
2026-08-23 23:49:04,345 [ERROR] LogOutputStream:75 - [STDERR_REDIRECT] 
2026-08-23 23:49:05,336 [ERROR] LogOutputStream:75 - [STDERR_REDIRECT] [Fatal Error] :1:1: Premature end of file.
2026-08-23 23:49:05,336 [ERROR] LogOutputStream:75 - [STDERR_REDIRECT] 
2026-08-23 23:49:06,327 [ERROR] LogOutputStream:75 - [STDERR_REDIRECT] [Fatal Error] :1:1: Premature end of file.
2026-08-23 23:49:06,327 [ERROR] LogOutputStream:75 - [STDERR_REDIRECT] 
2026-08-23 23:49:07,333 [ERROR] LogOutputStream:75 - [STDERR_REDIRECT] [Fatal Error] :1:1: Premature end of file.
2026-08-23 23:49:07,333 [ERROR] LogOutputStream:75 - [STDERR_REDIRECT] 
2026-08-23 23:49:08,336 [ERROR] LogOutputStream:75 - [STDERR_REDIRECT] [Fatal Error] :1:1: Premature end of file.
2026-08-23 23:49:08,336 [ERROR] LogOutputStream:75 - [STDERR_REDIRECT] 
2026-08-23 23:49:09,344 [ERROR] LogOutputStream:75 - [STDERR_REDIRECT] [Fatal Error] :1:1: Premature end of file.
2026-08-23 23:49:09,344 [ERROR] LogOutputStream:75 - [STDERR_REDIRECT] 
2026-08-23 23:49:10,354 [ERROR] LogOutputStream:75 - [STDERR_REDIRECT] [Fatal Error] :1:1: Premature end of file.
2026-08-23 23:49:10,354 [ERROR] LogOutputStream:75 - [STDERR_REDIRECT] 
2026-08-23 23:49:11,333 [ERROR] LogOutputStream:75 - [STDERR_REDIRECT] [Fatal Error] :1:1: Premature end of file.
2026-08-23 23:49:11,333 [ERROR] LogOutputStream:75 - [STDERR_REDIRECT] 
2026-08-23 23:49:12,341 [ERROR] LogOutputStream:75 - [STDERR_REDIRECT] [Fatal Error] :1:1: Premature end of file.
2026-08-23 23:49:12,341 [ERROR] LogOutputStream:75 - [STDERR_REDIRECT] 
2026-08-23 23:49:13,347 [ERROR] LogOutputStream:75 - [STDERR_REDIRECT] [Fatal Error] :1:1: Premature end of file.
2026-08-23 23:49:13,347 [ERROR] LogOutputStream:75 - [STDERR_REDIRECT] 
2026-08-23 23:49:14,337 [ERROR] LogOutputStream:75 - [STDERR_REDIRECT] [Fatal Error] :1:1: Premature end of file.
2026-08-23 23:49:14,337 [ERROR] LogOutputStream:75 - [STDERR_REDIRECT] 
2026-08-23 23:49:15,333 [ERROR] LogOutputStream:75 - [STDERR_REDIRECT] [Fatal Error] :1:1: Premature end of file.
2026-08-23 23:49:15,333 [ERROR] LogOutputStream:75 - [STDERR_REDIRECT] 
2026-08-23 23:49:16,349 [ERROR] LogOutputStream:75 - [STDERR_REDIRECT] [Fatal Error] :1:1: Premature end of file.
2026-08-23 23:49:16,349 [ERROR] LogOutputStream:75 - [STDERR_REDIRECT] 
2026-08-23 23:49:17,350 [ERROR] LogOutputStream:75 - [STDERR_REDIRECT] [Fatal Error] :1:1: Premature end of file.
2026-08-23 23:49:17,350 [ERROR] LogOutputStream:75 - [STDERR_REDIRECT] 
2026-08-23 23:49:18,343 [ERROR] LogOutputStream:75 - [STDERR_REDIRECT] [Fatal Error] :1:1: Premature end of file.
2026-08-23 23:49:18,343 [ERROR] LogOutputStream:75 - [STDERR_REDIRECT] 
2026-08-23 23:49:19,343 [ERROR] LogOutputStream:75 - [STDERR_REDIRECT] [Fatal Error] :1:1: Premature end of file.
2026-08-23 23:49:19,343 [ERROR] LogOutputStream:75 - [STDERR_REDIRECT] 
2026-08-23 23:49:20,336 [ERROR] LogOutputStream:75 - [STDERR_REDIRECT] [Fatal Error] :1:1: Premature end of file.
2026-08-23 23:49:20,336 [ERROR] LogOutputStream:75 - [STDERR_REDIRECT] 
2026-08-23 23:49:21,325 [ERROR] LogOutputStream:75 - [STDERR_REDIRECT] [Fatal Error] :1:1: Premature end of file.
2026-08-23 23:49:21,325 [ERROR] LogOutputStream:75 - [STDERR_REDIRECT] 
2026-08-23 23:49:22,334 [ERROR] LogOutputStream:75 - [STDERR_REDIRECT] [Fatal Error] :1:1: Premature end of file.
2026-08-23 23:49:22,334 [ERROR] LogOutputStream:75 - [STDERR_REDIRECT] 
2026-08-23 23:49:23,332 [ERROR] LogOutputStream:75 - [STDERR_REDIRECT] [Fatal Error] :1:1: Premature end of file.
2026-08-23 23:49:23,332 [ERROR] LogOutputStream:75 - [STDERR_REDIRECT] 
2026-08-23 23:49:24,332 [ERROR] LogOutputStream:75 - [STDERR_REDIRECT] [Fatal Error] :1:1: Premature end of file.
2026-08-23 23:49:24,332 [ERROR] LogOutputStream:75 - [STDERR_REDIRECT] 
2026-08-23 23:49:25,328 [ERROR] LogOutputStream:75 - [STDERR_REDIRECT] [Fatal Error] :1:1: Premature end of file.
2026-08-23 23:49:25,328 [ERROR] LogOutputStream:75 - [STDERR_REDIRECT] 
2026-08-23 23:49:26,331 [ERROR] LogOutputStream:75 - [STDERR_REDIRECT] [Fatal Error] :1:1: Premature end of file.
2026-08-23 23:49:26,331 [ERROR] LogOutputStream:75 - [STDERR_REDIRECT] 
2026-08-23 23:49:27,349 [ERROR] LogOutputStream:75 - [STDERR_REDIRECT] [Fatal Error] :1:1: Premature end of file.
2026-08-23 23:49:27,349 [ERROR] LogOutputStream:75 - [STDERR_REDIRECT] 
2026-08-23 23:49:28,338 [ERROR] LogOutputStream:75 - [STDERR_REDIRECT] [Fatal Error] :1:1: Premature end of file.
2026-08-23 23:49:28,338 [ERROR] LogOutputStream:75 - [STDERR_REDIRECT] 
2026-08-23 23:49:29,332 [ERROR] LogOutputStream:75 - [STDERR_REDIRECT] [Fatal Error] :1:1: Premature end of file.
2026-08-23 23:49:29,332 [ERROR] LogOutputStream:75 - [STDERR_REDIRECT] 
2026-08-23 23:49:30,337 [ERROR] LogOutputStream:75 - [STDERR_REDIRECT] [Fatal Error] :1:1: Premature end of file.
2026-08-23 23:49:30,337 [ERROR] LogOutputStream:75 - [STDERR_REDIRECT] 
2026-08-23 23:49:31,345 [ERROR] LogOutputStream:75 - [STDERR_REDIRECT] [Fatal Error] :1:1: Premature end of file.
2026-08-23 23:49:31,346 [ERROR] LogOutputStream:75 - [STDERR_REDIRECT] 
2026-08-23 23:49:32,335 [ERROR] LogOutputStream:75 - [STDERR_REDIRECT] [Fatal Error] :1:1: Premature end of file.
2026-08-23 23:49:32,335 [ERROR] LogOutputStream:75 - [STDERR_REDIRECT] 
2026-08-23 23:49:33,339 [ERROR] LogOutputStream:75 - [STDERR_REDIRECT] [Fatal Error] :1:1: Premature end of file.
2026-08-23 23:49:33,349 [ERROR] LogOutputStream:75 - [STDERR_REDIRECT] 
2026-08-23 23:49:34,351 [ERROR] LogOutputStream:75 - [STDERR_REDIRECT] [Fatal Error] :1:1: Premature end of file.
2026-08-23 23:49:34,351 [ERROR] LogOutputStream:75 - [STDERR_REDIRECT] 
2026-08-23 23:49:35,351 [ERROR] LogOutputStream:75 - [STDERR_REDIRECT] [Fatal Error] :1:1: Premature end of file.
2026-08-23 23:49:35,351 [ERROR] LogOutputStream:75 - [STDERR_REDIRECT] 
2026-08-23 23:49:36,340 [ERROR] LogOutputStream:75 - [STDERR_REDIRECT] [Fatal Error] :1:1: Premature end of file.
2026-08-23 23:49:36,340 [ERROR] LogOutputStream:75 - [STDERR_REDIRECT] 
2026-08-23 23:49:37,348 [ERROR] LogOutputStream:75 - [STDERR_REDIRECT] [Fatal Error] :1:1: Premature end of file.
2026-08-23 23:49:37,348 [ERROR] LogOutputStream:75 - [STDERR_REDIRECT] 
2026-08-23 23:49:38,334 [ERROR] LogOutputStream:75 - [STDERR_REDIRECT] [Fatal Error] :1:1: Premature end of file.
2026-08-23 23:49:38,334 [ERROR] LogOutputStream:75 - [STDERR_REDIRECT] 
2026-08-23 23:49:39,345 [ERROR] LogOutputStream:75 - [STDERR_REDIRECT] [Fatal Error] :1:1: Premature end of file.
2026-08-23 23:49:39,345 [ERROR] LogOutputStream:75 - [STDERR_REDIRECT] 
2026-08-23 23:49:40,350 [ERROR] LogOutputStream:75 - [STDERR_REDIRECT] [Fatal Error] :1:1: Premature end of file.
2026-08-23 23:49:40,351 [ERROR] LogOutputStream:75 - [STDERR_REDIRECT] 
2026-08-23 23:49:41,344 [ERROR] LogOutputStream:75 - [STDERR_REDIRECT] [Fatal Error] :1:1: Premature end of file.
2026-08-23 23:49:41,344 [ERROR] LogOutputStream:75 - [STDERR_REDIRECT] 
2026-08-23 23:49:42,349 [ERROR] LogOutputStream:75 - [STDERR_REDIRECT] [Fatal Error] :1:1: Premature end of file.
2026-08-23 23:49:42,349 [ERROR] LogOutputStream:75 - [STDERR_REDIRECT] 
2026-08-23 23:49:43,340 [ERROR] LogOutputStream:75 - [STDERR_REDIRECT] [Fatal Error] :1:1: Premature end of file.
2026-08-23 23:49:43,340 [ERROR] LogOutputStream:75 - [STDERR_REDIRECT] 
2026-08-23 23:49:44,339 [ERROR] LogOutputStream:75 - [STDERR_REDIRECT] [Fatal Error] :1:1: Premature end of file.
2026-08-23 23:49:44,339 [ERROR] LogOutputStream:75 - [STDERR_REDIRECT] 
2026-08-23 23:49:45,332 [ERROR] LogOutputStream:75 - [STDERR_REDIRECT] [Fatal Error] :1:1: Premature end of file.
2026-08-23 23:49:45,332 [ERROR] LogOutputStream:75 - [STDERR_REDIRECT] 
2026-08-23 23:49:46,345 [ERROR] LogOutputStream:75 - [STDERR_REDIRECT] [Fatal Error] :1:1: Premature end of file.
2026-08-23 23:49:46,345 [ERROR] LogOutputStream:75 - [STDERR_REDIRECT] 
2026-08-23 23:49:47,338 [ERROR] LogOutputStream:75 - [STDERR_REDIRECT] [Fatal Error] :1:1: Premature end of file.
2026-08-23 23:49:47,338 [ERROR] LogOutputStream:75 - [STDERR_REDIRECT] 
2026-08-23 23:49:48,332 [ERROR] LogOutputStream:75 - [STDERR_REDIRECT] [Fatal Error] :1:1: Premature end of file.
2026-08-23 23:49:48,332 [ERROR] LogOutputStream:75 - [STDERR_REDIRECT] 
2026-08-23 23:49:49,337 [ERROR] LogOutputStream:75 - [STDERR_REDIRECT] [Fatal Error] :1:1: Premature end of file.
2026-08-23 23:49:49,337 [ERROR] LogOutputStream:75 - [STDERR_REDIRECT] 
2026-08-23 23:49:50,340 [ERROR] LogOutputStream:75 - [STDERR_REDIRECT] [Fatal Error] :1:1: Premature end of file.
2026-08-23 23:49:50,340 [ERROR] LogOutputStream:75 - [STDERR_REDIRECT] 
2026-08-23 23:49:51,352 [ERROR] LogOutputStream:75 - [STDERR_REDIRECT] [Fatal Error] :1:1: Premature end of file.
2026-08-23 23:49:51,352 [ERROR] LogOutputStream:75 - [STDERR_REDIRECT] 
2026-08-23 23:49:52,324 [ERROR] LogOutputStream:75 - [STDERR_REDIRECT] [Fatal Error] :1:1: Premature end of file.
2026-08-23 23:49:52,324 [ERROR] LogOutputStream:75 - [STDERR_REDIRECT] 
2026-08-23 23:49:53,337 [ERROR] LogOutputStream:75 - [STDERR_REDIRECT] [Fatal Error] :1:1: Premature end of file.
2026-08-23 23:49:53,337 [ERROR] LogOutputStream:75 - [STDERR_REDIRECT] 
2026-08-23 23:49:54,345 [ERROR] LogOutputStream:75 - [STDERR_REDIRECT] [Fatal Error] :1:1: Premature end of file.
2026-08-23 23:49:54,345 [ERROR] LogOutputStream:75 - [STDERR_REDIRECT] 
2026-08-23 23:49:55,354 [ERROR] LogOutputStream:75 - [STDERR_REDIRECT] [Fatal Error] :1:1: Premature end of file.
2026-08-23 23:49:55,354 [ERROR] LogOutputStream:75 - [STDERR_REDIRECT] 
2026-08-23 23:49:56,345 [ERROR] LogOutputStream:75 - [STDERR_REDIRECT] [Fatal Error] :1:1: Premature end of file.
2026-08-23 23:49:56,345 [ERROR] LogOutputStream:75 - [STDERR_REDIRECT] 
2026-08-23 23:49:57,345 [ERROR] LogOutputStream:75 - [STDERR_REDIRECT] [Fatal Error] :1:1: Premature end of file.
2026-08-23 23:49:57,345 [ERROR] LogOutputStream:75 - [STDERR_REDIRECT] 
2026-08-23 23:49:58,339 [ERROR] LogOutputStream:75 - [STDERR_REDIRECT] [Fatal Error] :1:1: Premature end of file.
2026-08-23 23:49:58,339 [ERROR] LogOutputStream:75 - [STDERR_REDIRECT] 
2026-08-23 23:49:59,346 [ERROR] LogOutputStream:75 - [STDERR_REDIRECT] [Fatal Error] :1:1: Premature end of file.
2026-08-23 23:49:59,346 [ERROR] LogOutputStream:75 - [STDERR_REDIRECT] 
2026-08-23 23:50:00,338 [ERROR] LogOutputStream:75 - [STDERR_REDIRECT] [Fatal Error] :1:1: Premature end of file.
2026-08-23 23:50:00,338 [ERROR] LogOutputStream:75 - [STDERR_REDIRECT] 
2026-08-23 23:50:01,346 [ERROR] LogOutputStream:75 - [STDERR_REDIRECT] [Fatal Error] :1:1: Premature end of file.
2026-08-23 23:50:01,346 [ERROR] LogOutputStream:75 - [STDERR_REDIRECT] 
2026-08-23 23:50:02,343 [ERROR] LogOutputStream:75 - [STDERR_REDIRECT] [Fatal Error] :1:1: Premature end of file.
2026-08-23 23:50:02,345 [ERROR] LogOutputStream:75 - [STDERR_REDIRECT] 
2026-08-23 23:50:03,334 [ERROR] LogOutputStream:75 - [STDERR_REDIRECT] [Fatal Error] :1:1: Premature end of file.
2026-08-23 23:50:03,334 [ERROR] LogOutputStream:75 - [STDERR_REDIRECT] 
2026-08-23 23:50:04,331 [ERROR] LogOutputStream:75 - [STDERR_REDIRECT] [Fatal Error] :1:1: Premature end of file.
2026-08-23 23:50:04,331 [ERROR] LogOutputStream:75 - [STDERR_REDIRECT] 
2026-08-23 23:50:05,329 [ERROR] LogOutputStream:75 - [STDERR_REDIRECT] [Fatal Error] :1:1: Premature end of file.
2026-08-23 23:50:05,329 [ERROR] LogOutputStream:75 - [STDERR_REDIRECT] 
2026-08-23 23:50:06,337 [ERROR] LogOutputStream:75 - [STDERR_REDIRECT] [Fatal Error] :1:1: Premature end of file.
2026-08-23 23:50:06,337 [ERROR] LogOutputStream:75 - [STDERR_REDIRECT] 
2026-08-23 23:50:07,335 [ERROR] LogOutputStream:75 - [STDERR_REDIRECT] [Fatal Error] :1:1: Premature end of file.
2026-08-23 23:50:07,335 [ERROR] LogOutputStream:75 - [STDERR_REDIRECT] 
2026-08-23 23:50:08,338 [ERROR] LogOutputStream:75 - [STDERR_REDIRECT] [Fatal Error] :1:1: Premature end of file.
2026-08-23 23:50:08,338 [ERROR] LogOutputStream:75 - [STDERR_REDIRECT] 
2026-08-23 23:50:09,339 [ERROR] LogOutputStream:75 - [STDERR_REDIRECT] [Fatal Error] :1:1: Premature end of file.
2026-08-23 23:50:09,339 [ERROR] LogOutputStream:75 - [STDERR_REDIRECT] 
2026-08-23 23:50:10,325 [ERROR] LogOutputStream:75 - [STDERR_REDIRECT] [Fatal Error] :1:1: Premature end of file.
2026-08-23 23:50:10,325 [ERROR] LogOutputStream:75 - [STDERR_REDIRECT] 
2026-08-23 23:50:11,324 [ERROR] LogOutputStream:75 - [STDERR_REDIRECT] [Fatal Error] :1:1: Premature end of file.
2026-08-23 23:50:11,324 [ERROR] LogOutputStream:75 - [STDERR_REDIRECT] 
2026-08-23 23:50:12,349 [ERROR] LogOutputStream:75 - [STDERR_REDIRECT] [Fatal Error] :1:1: Premature end of file.
2026-08-23 23:50:12,349 [ERROR] LogOutputStream:75 - [STDERR_REDIRECT] 
2026-08-23 23:50:13,325 [ERROR] LogOutputStream:75 - [STDERR_REDIRECT] [Fatal Error] :1:1: Premature end of file.
2026-08-23 23:50:13,325 [ERROR] LogOutputStream:75 - [STDERR_REDIRECT] 
2026-08-23 23:50:14,350 [ERROR] LogOutputStream:75 - [STDERR_REDIRECT] [Fatal Error] :1:1: Premature end of file.
2026-08-23 23:50:14,350 [ERROR] LogOutputStream:75 - [STDERR_REDIRECT] 
2026-08-23 23:50:15,340 [ERROR] LogOutputStream:75 - [STDERR_REDIRECT] [Fatal Error] :1:1: Premature end of file.
2026-08-23 23:50:15,354 [ERROR] LogOutputStream:75 - [STDERR_REDIRECT] 
2026-08-23 23:50:16,353 [ERROR] LogOutputStream:75 - [STDERR_REDIRECT] [Fatal Error] :1:1: Premature end of file.
2026-08-23 23:50:16,353 [ERROR] LogOutputStream:75 - [STDERR_REDIRECT] 
2026-08-23 23:50:17,336 [ERROR] LogOutputStream:75 - [STDERR_REDIRECT] [Fatal Error] :1:1: Premature end of file.
2026-08-23 23:50:17,336 [ERROR] LogOutputStream:75 - [STDERR_REDIRECT] 
2026-08-23 23:50:18,349 [ERROR] LogOutputStream:75 - [STDERR_REDIRECT] [Fatal Error] :1:1: Premature end of file.
2026-08-23 23:50:18,349 [ERROR] LogOutputStream:75 - [STDERR_REDIRECT] 
2026-08-23 23:50:19,346 [ERROR] LogOutputStream:75 - [STDERR_REDIRECT] [Fatal Error] :1:1: Premature end of file.
2026-08-23 23:50:19,346 [ERROR] LogOutputStream:75 - [STDERR_REDIRECT] 
2026-08-23 23:50:20,347 [ERROR] LogOutputStream:75 - [STDERR_REDIRECT] [Fatal Error] :1:1: Premature end of file.
2026-08-23 23:50:20,347 [ERROR] LogOutputStream:75 - [STDERR_REDIRECT] 
2026-08-23 23:50:21,338 [ERROR] LogOutputStream:75 - [STDERR_REDIRECT] [Fatal Error] :1:1: Premature end of file.
2026-08-23 23:50:21,338 [ERROR] LogOutputStream:75 - [STDERR_REDIRECT] 
2026-08-23 23:50:22,334 [ERROR] LogOutputStream:75 - [STDERR_REDIRECT] [Fatal Error] :1:1: Premature end of file.
2026-08-23 23:50:22,334 [ERROR] LogOutputStream:75 - [STDERR_REDIRECT] 
2026-08-23 23:50:23,345 [ERROR] LogOutputStream:75 - [STDERR_REDIRECT] [Fatal Error] :1:1: Premature end of file.
2026-08-23 23:50:23,345 [ERROR] LogOutputStream:75 - [STDERR_REDIRECT] 
2026-08-23 23:50:24,334 [ERROR] LogOutputStream:75 - [STDERR_REDIRECT] [Fatal Error] :1:1: Premature end of file.
2026-08-23 23:50:24,334 [ERROR] LogOutputStream:75 - [STDERR_REDIRECT] 
2026-08-23 23:50:25,332 [ERROR] LogOutputStream:75 - [STDERR_REDIRECT] [Fatal Error] :1:1: Premature end of file.
2026-08-23 23:50:25,332 [ERROR] LogOutputStream:75 - [STDERR_REDIRECT] 
2026-08-23 23:50:26,338 [ERROR] LogOutputStream:75 - [STDERR_REDIRECT] [Fatal Error] :1:1: Premature end of file.
2026-08-23 23:50:26,338 [ERROR] LogOutputStream:75 - [STDERR_REDIRECT] 
2026-08-23 23:50:27,342 [ERROR] LogOutputStream:75 - [STDERR_REDIRECT] [Fatal Error] :1:1: Premature end of file.
2026-08-23 23:50:27,342 [ERROR] LogOutputStream:75 - [STDERR_REDIRECT] 
2026-08-23 23:50:28,342 [ERROR] LogOutputStream:75 - [STDERR_REDIRECT] [Fatal Error] :1:1: Premature end of file.
2026-08-23 23:50:28,342 [ERROR] LogOutputStream:75 - [STDERR_REDIRECT] 
2026-08-23 23:50:29,338 [ERROR] LogOutputStream:75 - [STDERR_REDIRECT] [Fatal Error] :1:1: Premature end of file.
2026-08-23 23:50:29,339 [ERROR] LogOutputStream:75 - [STDERR_REDIRECT] 
2026-08-23 23:50:30,340 [ERROR] LogOutputStream:75 - [STDERR_REDIRECT] [Fatal Error] :1:1: Premature end of file.
2026-08-23 23:50:30,340 [ERROR] LogOutputStream:75 - [STDERR_REDIRECT] 
2026-08-23 23:50:31,340 [ERROR] LogOutputStream:75 - [STDERR_REDIRECT] [Fatal Error] :1:1: Premature end of file.
2026-08-23 23:50:31,340 [ERROR] LogOutputStream:75 - [STDERR_REDIRECT] 
2026-08-23 23:50:32,349 [ERROR] LogOutputStream:75 - [STDERR_REDIRECT] [Fatal Error] :1:1: Premature end of file.
2026-08-23 23:50:32,349 [ERROR] LogOutputStream:75 - [STDERR_REDIRECT] 
2026-08-23 23:50:33,333 [ERROR] LogOutputStream:75 - [STDERR_REDIRECT] [Fatal Error] :1:1: Premature end of file.
2026-08-23 23:50:33,333 [ERROR] LogOutputStream:75 - [STDERR_REDIRECT] 
2026-08-23 23:50:34,331 [ERROR] LogOutputStream:75 - [STDERR_REDIRECT] [Fatal Error] :1:1: Premature end of file.
2026-08-23 23:50:34,331 [ERROR] LogOutputStream:75 - [STDERR_REDIRECT] 
2026-08-23 23:50:35,336 [ERROR] LogOutputStream:75 - [STDERR_REDIRECT] [Fatal Error] :1:1: Premature end of file.
2026-08-23 23:50:35,336 [ERROR] LogOutputStream:75 - [STDERR_REDIRECT] 
2026-08-23 23:50:36,335 [ERROR] LogOutputStream:75 - [STDERR_REDIRECT] [Fatal Error] :1:1: Premature end of file.
2026-08-23 23:50:36,335 [ERROR] LogOutputStream:75 - [STDERR_REDIRECT] 
2026-08-23 23:50:37,357 [ERROR] LogOutputStream:75 - [STDERR_REDIRECT] [Fatal Error] :1:1: Premature end of file.
2026-08-23 23:50:37,357 [ERROR] LogOutputStream:75 - [STDERR_REDIRECT] 
2026-08-23 23:50:38,336 [ERROR] LogOutputStream:75 - [STDERR_REDIRECT] [Fatal Error] :1:1: Premature end of file.
2026-08-23 23:50:38,336 [ERROR] LogOutputStream:75 - [STDERR_REDIRECT] 
2026-08-23 23:50:39,349 [ERROR] LogOutputStream:75 - [STDERR_REDIRECT] [Fatal Error] :1:1: Premature end of file.
2026-08-23 23:50:39,349 [ERROR] LogOutputStream:75 - [STDERR_REDIRECT] 
2026-08-23 23:50:40,343 [ERROR] LogOutputStream:75 - [STDERR_REDIRECT] [Fatal Error] :1:1: Premature end of file.
2026-08-23 23:50:40,343 [ERROR] LogOutputStream:75 - [STDERR_REDIRECT] 
2026-08-23 23:50:41,350 [ERROR] LogOutputStream:75 - [STDERR_REDIRECT] [Fatal Error] :1:1: Premature end of file.
2026-08-23 23:50:41,351 [ERROR] LogOutputStream:75 - [STDERR_REDIRECT] 
2026-08-23 23:50:42,328 [ERROR] LogOutputStream:75 - [STDERR_REDIRECT] [Fatal Error] :1:1: Premature end of file.
2026-08-23 23:50:42,328 [ERROR] LogOutputStream:75 - [STDERR_REDIRECT] 
2026-08-23 23:50:43,338 [ERROR] LogOutputStream:75 - [STDERR_REDIRECT] [Fatal Error] :1:1: Premature end of file.
2026-08-23 23:50:43,338 [ERROR] LogOutputStream:75 - [STDERR_REDIRECT] 
2026-08-23 23:50:44,345 [ERROR] LogOutputStream:75 - [STDERR_REDIRECT] [Fatal Error] :1:1: Premature end of file.
2026-08-23 23:50:44,345 [ERROR] LogOutputStream:75 - [STDERR_REDIRECT] 
2026-08-23 23:50:45,338 [ERROR] LogOutputStream:75 - [STDERR_REDIRECT] [Fatal Error] :1:1: Premature end of file.
2026-08-23 23:50:45,338 [ERROR] LogOutputStream:75 - [STDERR_REDIRECT] 
2026-08-23 23:50:46,340 [ERROR] LogOutputStream:75 - [STDERR_REDIRECT] [Fatal Error] :1:1: Premature end of file.
2026-08-23 23:50:46,340 [ERROR] LogOutputStream:75 - [STDERR_REDIRECT] 
2026-08-23 23:50:47,355 [ERROR] LogOutputStream:75 - [STDERR_REDIRECT] [Fatal Error] :1:1: Premature end of file.
2026-08-23 23:50:47,355 [ERROR] LogOutputStream:75 - [STDERR_REDIRECT] 
2026-08-23 23:50:48,345 [ERROR] LogOutputStream:75 - [STDERR_REDIRECT] [Fatal Error] :1:1: Premature end of file.
2026-08-23 23:50:48,345 [ERROR] LogOutputStream:75 - [STDERR_REDIRECT] 
2026-08-23 23:50:49,340 [ERROR] LogOutputStream:75 - [STDERR_REDIRECT] [Fatal Error] :1:1: Premature end of file.
2026-08-23 23:50:49,340 [ERROR] LogOutputStream:75 - [STDERR_REDIRECT] 
2026-08-23 23:50:50,347 [ERROR] LogOutputStream:75 - [STDERR_REDIRECT] [Fatal Error] :1:1: Premature end of file.
2026-08-23 23:50:50,347 [ERROR] LogOutputStream:75 - [STDERR_REDIRECT] 
2026-08-23 23:50:51,346 [ERROR] LogOutputStream:75 - [STDERR_REDIRECT] [Fatal Error] :1:1: Premature end of file.
2026-08-23 23:50:51,346 [ERROR] LogOutputStream:75 - [STDERR_REDIRECT] 
2026-08-23 23:50:52,339 [ERROR] LogOutputStream:75 - [STDERR_REDIRECT] [Fatal Error] :1:1: Premature end of file.
2026-08-23 23:50:52,339 [ERROR] LogOutputStream:75 - [STDERR_REDIRECT] 
2026-08-23 23:50:53,344 [ERROR] LogOutputStream:75 - [STDERR_REDIRECT] [Fatal Error] :1:1: Premature end of file.
2026-08-23 23:50:53,344 [ERROR] LogOutputStream:75 - [STDERR_REDIRECT] 
2026-08-23 23:50:54,345 [ERROR] LogOutputStream:75 - [STDERR_REDIRECT] [Fatal Error] :1:1: Premature end of file.
2026-08-23 23:50:54,345 [ERROR] LogOutputStream:75 - [STDERR_REDIRECT] 
2026-08-23 23:50:55,350 [ERROR] LogOutputStream:75 - [STDERR_REDIRECT] [Fatal Error] :1:1: Premature end of file.
2026-08-23 23:50:55,350 [ERROR] LogOutputStream:75 - [STDERR_REDIRECT] 
2026-08-23 23:50:56,352 [ERROR] LogOutputStream:75 - [STDERR_REDIRECT] [Fatal Error] :1:1: Premature end of file.
2026-08-23 23:50:56,352 [ERROR] LogOutputStream:75 - [STDERR_REDIRECT] 
2026-08-23 23:50:57,348 [ERROR] LogOutputStream:75 - [STDERR_REDIRECT] [Fatal Error] :1:1: Premature end of file.
2026-08-23 23:50:57,348 [ERROR] LogOutputStream:75 - [STDERR_REDIRECT] 
2026-08-23 23:50:58,337 [ERROR] LogOutputStream:75 - [STDERR_REDIRECT] [Fatal Error] :1:1: Premature end of file.
2026-08-23 23:50:58,337 [ERROR] LogOutputStream:75 - [STDERR_REDIRECT] 
2026-08-23 23:50:59,350 [ERROR] LogOutputStream:75 - [STDERR_REDIRECT] [Fatal Error] :1:1: Premature end of file.
2026-08-23 23:50:59,350 [ERROR] LogOutputStream:75 - [STDERR_REDIRECT] 
2026-08-23 23:51:00,347 [ERROR] LogOutputStream:75 - [STDERR_REDIRECT] [Fatal Error] :1:1: Premature end of file.
2026-08-23 23:51:00,347 [ERROR] LogOutputStream:75 - [STDERR_REDIRECT] 
2026-08-23 23:51:01,348 [ERROR] LogOutputStream:75 - [STDERR_REDIRECT] [Fatal Error] :1:1: Premature end of file.
2026-08-23 23:51:01,348 [ERROR] LogOutputStream:75 - [STDERR_REDIRECT] 
2026-08-23 23:51:02,348 [ERROR] LogOutputStream:75 - [STDERR_REDIRECT] [Fatal Error] :1:1: Premature end of file.
2026-08-23 23:51:02,348 [ERROR] LogOutputStream:75 - [STDERR_REDIRECT] 
2026-08-23 23:51:03,330 [ERROR] LogOutputStream:75 - [STDERR_REDIRECT] [Fatal Error] :1:1: Premature end of file.
2026-08-23 23:51:03,330 [ERROR] LogOutputStream:75 - [STDERR_REDIRECT] 
2026-08-23 23:51:04,336 [ERROR] LogOutputStream:75 - [STDERR_REDIRECT] [Fatal Error] :1:1: Premature end of file.
2026-08-23 23:51:04,336 [ERROR] LogOutputStream:75 - [STDERR_REDIRECT] 
2026-08-23 23:51:05,336 [ERROR] LogOutputStream:75 - [STDERR_REDIRECT] [Fatal Error] :1:1: Premature end of file.
2026-08-23 23:51:05,336 [ERROR] LogOutputStream:75 - [STDERR_REDIRECT] 
2026-08-23 23:51:06,342 [ERROR] LogOutputStream:75 - [STDERR_REDIRECT] [Fatal Error] :1:1: Premature end of file.
2026-08-23 23:51:06,342 [ERROR] LogOutputStream:75 - [STDERR_REDIRECT] 
2026-08-23 23:51:07,346 [ERROR] LogOutputStream:75 - [STDERR_REDIRECT] [Fatal Error] :1:1: Premature end of file.
2026-08-23 23:51:07,346 [ERROR] LogOutputStream:75 - [STDERR_REDIRECT] 
2026-08-23 23:51:08,345 [ERROR] LogOutputStream:75 - [STDERR_REDIRECT] [Fatal Error] :1:1: Premature end of file.
2026-08-23 23:51:08,345 [ERROR] LogOutputStream:75 - [STDERR_REDIRECT] 
2026-08-23 23:51:09,348 [ERROR] LogOutputStream:75 - [STDERR_REDIRECT] [Fatal Error] :1:1: Premature end of file.
2026-08-23 23:51:09,348 [ERROR] LogOutputStream:75 - [STDERR_REDIRECT] 
2026-08-23 23:51:10,335 [ERROR] LogOutputStream:75 - [STDERR_REDIRECT] [Fatal Error] :1:1: Premature end of file.
2026-08-23 23:51:10,335 [ERROR] LogOutputStream:75 - [STDERR_REDIRECT] 
2026-08-23 23:51:11,342 [ERROR] LogOutputStream:75 - [STDERR_REDIRECT] [Fatal Error] :1:1: Premature end of file.
2026-08-23 23:51:11,342 [ERROR] LogOutputStream:75 - [STDERR_REDIRECT] 
2026-08-23 23:51:12,335 [ERROR] LogOutputStream:75 - [STDERR_REDIRECT] [Fatal Error] :1:1: Premature end of file.
2026-08-23 23:51:12,335 [ERROR] LogOutputStream:75 - [STDERR_REDIRECT] 
2026-08-23 23:51:13,336 [ERROR] LogOutputStream:75 - [STDERR_REDIRECT] [Fatal Error] :1:1: Premature end of file.
2026-08-23 23:51:13,337 [ERROR] LogOutputStream:75 - [STDERR_REDIRECT] 
2026-08-23 23:51:14,342 [ERROR] LogOutputStream:75 - [STDERR_REDIRECT] [Fatal Error] :1:1: Premature end of file.
2026-08-23 23:51:14,342 [ERROR] LogOutputStream:75 - [STDERR_REDIRECT] 
2026-08-23 23:51:15,335 [ERROR] LogOutputStream:75 - [STDERR_REDIRECT] [Fatal Error] :1:1: Premature end of file.
2026-08-23 23:51:15,335 [ERROR] LogOutputStream:75 - [STDERR_REDIRECT] 
2026-08-23 23:51:16,339 [ERROR] LogOutputStream:75 - [STDERR_REDIRECT] [Fatal Error] :1:1: Premature end of file.
2026-08-23 23:51:16,339 [ERROR] LogOutputStream:75 - [STDERR_REDIRECT] 
2026-08-23 23:51:17,338 [ERROR] LogOutputStream:75 - [STDERR_REDIRECT] [Fatal Error] :1:1: Premature end of file.
2026-08-23 23:51:17,338 [ERROR] LogOutputStream:75 - [STDERR_REDIRECT] 
2026-08-23 23:51:18,355 [ERROR] LogOutputStream:75 - [STDERR_REDIRECT] [Fatal Error] :1:1: Premature end of file.
2026-08-23 23:51:18,355 [ERROR] LogOutputStream:75 - [STDERR_REDIRECT] 
2026-08-23 23:51:19,340 [ERROR] LogOutputStream:75 - [STDERR_REDIRECT] [Fatal Error] :1:1: Premature end of file.
2026-08-23 23:51:19,340 [ERROR] LogOutputStream:75 - [STDERR_REDIRECT] 
2026-08-23 23:51:20,337 [ERROR] LogOutputStream:75 - [STDERR_REDIRECT] [Fatal Error] :1:1: Premature end of file.
2026-08-23 23:51:20,337 [ERROR] LogOutputStream:75 - [STDERR_REDIRECT] 
2026-08-23 23:51:21,337 [ERROR] LogOutputStream:75 - [STDERR_REDIRECT] [Fatal Error] :1:1: Premature end of file.
2026-08-23 23:51:21,337 [ERROR] LogOutputStream:75 - [STDERR_REDIRECT] 
2026-08-23 23:51:22,340 [ERROR] LogOutputStream:75 - [STDERR_REDIRECT] [Fatal Error] :1:1: Premature end of file.
2026-08-23 23:51:22,340 [ERROR] LogOutputStream:75 - [STDERR_REDIRECT] 
2026-08-23 23:51:23,350 [ERROR] LogOutputStream:75 - [STDERR_REDIRECT] [Fatal Error] :1:1: Premature end of file.
2026-08-23 23:51:23,351 [ERROR] LogOutputStream:75 - [STDERR_REDIRECT] 
2026-08-23 23:51:24,346 [ERROR] LogOutputStream:75 - [STDERR_REDIRECT] [Fatal Error] :1:1: Premature end of file.
2026-08-23 23:51:24,346 [ERROR] LogOutputStream:75 - [STDERR_REDIRECT] 
2026-08-23 23:51:25,344 [ERROR] LogOutputStream:75 - [STDERR_REDIRECT] [Fatal Error] :1:1: Premature end of file.
2026-08-23 23:51:25,345 [ERROR] LogOutputStream:75 - [STDERR_REDIRECT] 
2026-08-23 23:51:26,339 [ERROR] LogOutputStream:75 - [STDERR_REDIRECT] [Fatal Error] :1:1: Premature end of file.
2026-08-23 23:51:26,339 [ERROR] LogOutputStream:75 - [STDERR_REDIRECT] 
2026-08-23 23:51:27,345 [ERROR] LogOutputStream:75 - [STDERR_REDIRECT] [Fatal Error] :1:1: Premature end of file.
2026-08-23 23:51:27,345 [ERROR] LogOutputStream:75 - [STDERR_REDIRECT] 
2026-08-23 23:51:28,338 [ERROR] LogOutputStream:75 - [STDERR_REDIRECT] [Fatal Error] :1:1: Premature end of file.
2026-08-23 23:51:28,338 [ERROR] LogOutputStream:75 - [STDERR_REDIRECT] 
2026-08-23 23:51:29,334 [ERROR] LogOutputStream:75 - [STDERR_REDIRECT] [Fatal Error] :1:1: Premature end of file.
2026-08-23 23:51:29,334 [ERROR] LogOutputStream:75 - [STDERR_REDIRECT] 
2026-08-23 23:51:30,353 [ERROR] LogOutputStream:75 - [STDERR_REDIRECT] [Fatal Error] :1:1: Premature end of file.
2026-08-23 23:51:30,353 [ERROR] LogOutputStream:75 - [STDERR_REDIRECT] 
2026-08-23 23:51:31,341 [ERROR] LogOutputStream:75 - [STDERR_REDIRECT] [Fatal Error] :1:1: Premature end of file.
2026-08-23 23:51:31,341 [ERROR] LogOutputStream:75 - [STDERR_REDIRECT] 
2026-08-23 23:51:32,335 [ERROR] LogOutputStream:75 - [STDERR_REDIRECT] [Fatal Error] :1:1: Premature end of file.
2026-08-23 23:51:32,335 [ERROR] LogOutputStream:75 - [STDERR_REDIRECT] 
2026-08-23 23:51:33,342 [ERROR] LogOutputStream:75 - [STDERR_REDIRECT] [Fatal Error] :1:1: Premature end of file.
2026-08-23 23:51:33,342 [ERROR] LogOutputStream:75 - [STDERR_REDIRECT] 
2026-08-23 23:51:34,333 [ERROR] LogOutputStream:75 - [STDERR_REDIRECT] [Fatal Error] :1:1: Premature end of file.
2026-08-23 23:51:34,333 [ERROR] LogOutputStream:75 - [STDERR_REDIRECT] 
2026-08-23 23:51:35,323 [ERROR] LogOutputStream:75 - [STDERR_REDIRECT] [Fatal Error] :1:1: Premature end of file.
2026-08-23 23:51:35,323 [ERROR] LogOutputStream:75 - [STDERR_REDIRECT] 
2026-08-23 23:51:36,336 [ERROR] LogOutputStream:75 - [STDERR_REDIRECT] [Fatal Error] :1:1: Premature end of file.
2026-08-23 23:51:36,336 [ERROR] LogOutputStream:75 - [STDERR_REDIRECT] 
2026-08-23 23:51:37,340 [ERROR] LogOutputStream:75 - [STDERR_REDIRECT] [Fatal Error] :1:1: Premature end of file.
2026-08-23 23:51:37,340 [ERROR] LogOutputStream:75 - [STDERR_REDIRECT] 
2026-08-23 23:51:38,329 [ERROR] LogOutputStream:75 - [STDERR_REDIRECT] [Fatal Error] :1:1: Premature end of file.
2026-08-23 23:51:38,329 [ERROR] LogOutputStream:75 - [STDERR_REDIRECT] 
2026-08-23 23:51:39,332 [ERROR] LogOutputStream:75 - [STDERR_REDIRECT] [Fatal Error] :1:1: Premature end of file.
2026-08-23 23:51:39,332 [ERROR] LogOutputStream:75 - [STDERR_REDIRECT] 
2026-08-23 23:51:40,334 [ERROR] LogOutputStream:75 - [STDERR_REDIRECT] [Fatal Error] :1:1: Premature end of file.
2026-08-23 23:51:40,334 [ERROR] LogOutputStream:75 - [STDERR_REDIRECT] 
2026-08-23 23:51:41,342 [ERROR] LogOutputStream:75 - [STDERR_REDIRECT] [Fatal Error] :1:1: Premature end of file.
2026-08-23 23:51:41,342 [ERROR] LogOutputStream:75 - [STDERR_REDIRECT] 
2026-08-23 23:51:42,344 [ERROR] LogOutputStream:75 - [STDERR_REDIRECT] [Fatal Error] :1:1: Premature end of file.
2026-08-23 23:51:42,345 [ERROR] LogOutputStream:75 - [STDERR_REDIRECT] 
2026-08-23 23:51:43,335 [ERROR] LogOutputStream:75 - [STDERR_REDIRECT] [Fatal Error] :1:1: Premature end of file.
2026-08-23 23:51:43,335 [ERROR] LogOutputStream:75 - [STDERR_REDIRECT] 
2026-08-23 23:51:44,357 [ERROR] LogOutputStream:75 - [STDERR_REDIRECT] [Fatal Error] :1:1: Premature end of file.
2026-08-23 23:51:44,357 [ERROR] LogOutputStream:75 - [STDERR_REDIRECT] 
2026-08-23 23:51:45,341 [ERROR] LogOutputStream:75 - [STDERR_REDIRECT] [Fatal Error] :1:1: Premature end of file.
2026-08-23 23:51:45,341 [ERROR] LogOutputStream:75 - [STDERR_REDIRECT] 
2026-08-23 23:51:46,347 [ERROR] LogOutputStream:75 - [STDERR_REDIRECT] [Fatal Error] :1:1: Premature end of file.
2026-08-23 23:51:46,347 [ERROR] LogOutputStream:75 - [STDERR_REDIRECT] 
2026-08-23 23:51:47,333 [ERROR] LogOutputStream:75 - [STDERR_REDIRECT] [Fatal Error] :1:1: Premature end of file.
2026-08-23 23:51:47,333 [ERROR] LogOutputStream:75 - [STDERR_REDIRECT] 
2026-08-23 23:51:48,345 [ERROR] LogOutputStream:75 - [STDERR_REDIRECT] [Fatal Error] :1:1: Premature end of file.
2026-08-23 23:51:48,345 [ERROR] LogOutputStream:75 - [STDERR_REDIRECT] 
2026-08-23 23:51:49,342 [ERROR] LogOutputStream:75 - [STDERR_REDIRECT] [Fatal Error] :1:1: Premature end of file.
2026-08-23 23:51:49,343 [ERROR] LogOutputStream:75 - [STDERR_REDIRECT] 
2026-08-23 23:51:50,337 [ERROR] LogOutputStream:75 - [STDERR_REDIRECT] [Fatal Error] :1:1: Premature end of file.
2026-08-23 23:51:50,337 [ERROR] LogOutputStream:75 - [STDERR_REDIRECT] 
2026-08-23 23:51:51,337 [ERROR] LogOutputStream:75 - [STDERR_REDIRECT] [Fatal Error] :1:1: Premature end of file.
2026-08-23 23:51:51,337 [ERROR] LogOutputStream:75 - [STDERR_REDIRECT] 
2026-08-23 23:51:52,334 [ERROR] LogOutputStream:75 - [STDERR_REDIRECT] [Fatal Error] :1:1: Premature end of file.
2026-08-23 23:51:52,334 [ERROR] LogOutputStream:75 - [STDERR_REDIRECT] 
2026-08-23 23:51:53,329 [ERROR] LogOutputStream:75 - [STDERR_REDIRECT] [Fatal Error] :1:1: Premature end of file.
2026-08-23 23:51:53,329 [ERROR] LogOutputStream:75 - [STDERR_REDIRECT] 
2026-08-23 23:51:54,343 [ERROR] LogOutputStream:75 - [STDERR_REDIRECT] [Fatal Error] :1:1: Premature end of file.
2026-08-23 23:51:54,343 [ERROR] LogOutputStream:75 - [STDERR_REDIRECT] 
2026-08-23 23:51:55,331 [ERROR] LogOutputStream:75 - [STDERR_REDIRECT] [Fatal Error] :1:1: Premature end of file.
2026-08-23 23:51:55,331 [ERROR] LogOutputStream:75 - [STDERR_REDIRECT] 
2026-08-23 23:51:56,343 [ERROR] LogOutputStream:75 - [STDERR_REDIRECT] [Fatal Error] :1:1: Premature end of file.
2026-08-23 23:51:56,343 [ERROR] LogOutputStream:75 - [STDERR_REDIRECT] 
2026-08-23 23:51:57,335 [ERROR] LogOutputStream:75 - [STDERR_REDIRECT] [Fatal Error] :1:1: Premature end of file.
2026-08-23 23:51:57,335 [ERROR] LogOutputStream:75 - [STDERR_REDIRECT] 
2026-08-23 23:51:58,336 [ERROR] LogOutputStream:75 - [STDERR_REDIRECT] [Fatal Error] :1:1: Premature end of file.
2026-08-23 23:51:58,336 [ERROR] LogOutputStream:75 - [STDERR_REDIRECT] 
2026-08-23 23:51:59,341 [ERROR] LogOutputStream:75 - [STDERR_REDIRECT] [Fatal Error] :1:1: Premature end of file.
2026-08-23 23:51:59,341 [ERROR] LogOutputStream:75 - [STDERR_REDIRECT] 
2026-08-23 23:52:00,338 [ERROR] LogOutputStream:75 - [STDERR_REDIRECT] [Fatal Error] :1:1: Premature end of file.
2026-08-23 23:52:00,338 [ERROR] LogOutputStream:75 - [STDERR_REDIRECT] 
2026-08-23 23:52:01,342 [ERROR] LogOutputStream:75 - [STDERR_REDIRECT] [Fatal Error] :1:1: Premature end of file.
2026-08-23 23:52:01,342 [ERROR] LogOutputStream:75 - [STDERR_REDIRECT] 
2026-08-23 23:52:02,340 [ERROR] LogOutputStream:75 - [STDERR_REDIRECT] [Fatal Error] :1:1: Premature end of file.
2026-08-23 23:52:02,340 [ERROR] LogOutputStream:75 - [STDERR_REDIRECT] 
2026-08-23 23:52:03,339 [ERROR] LogOutputStream:75 - [STDERR_REDIRECT] [Fatal Error] :1:1: Premature end of file.
2026-08-23 23:52:03,339 [ERROR] LogOutputStream:75 - [STDERR_REDIRECT] 
2026-08-23 23:52:04,339 [ERROR] LogOutputStream:75 - [STDERR_REDIRECT] [Fatal Error] :1:1: Premature end of file.
2026-08-23 23:52:04,339 [ERROR] LogOutputStream:75 - [STDERR_REDIRECT] 
2026-08-23 23:52:05,328 [ERROR] LogOutputStream:75 - [STDERR_REDIRECT] [Fatal Error] :1:1: Premature end of file.
2026-08-23 23:52:05,328 [ERROR] LogOutputStream:75 - [STDERR_REDIRECT] 
2026-08-23 23:52:06,332 [ERROR] LogOutputStream:75 - [STDERR_REDIRECT] [Fatal Error] :1:1: Premature end of file.
2026-08-23 23:52:06,332 [ERROR] LogOutputStream:75 - [STDERR_REDIRECT] 
2026-08-23 23:52:07,332 [ERROR] LogOutputStream:75 - [STDERR_REDIRECT] [Fatal Error] :1:1: Premature end of file.
2026-08-23 23:52:07,332 [ERROR] LogOutputStream:75 - [STDERR_REDIRECT] 
2026-08-23 23:52:08,341 [ERROR] LogOutputStream:75 - [STDERR_REDIRECT] [Fatal Error] :1:1: Premature end of file.
2026-08-23 23:52:08,341 [ERROR] LogOutputStream:75 - [STDERR_REDIRECT] 
2026-08-23 23:52:09,341 [ERROR] LogOutputStream:75 - [STDERR_REDIRECT] [Fatal Error] :1:1: Premature end of file.
2026-08-23 23:52:09,341 [ERROR] LogOutputStream:75 - [STDERR_REDIRECT] 
2026-08-23 23:52:10,349 [ERROR] LogOutputStream:75 - [STDERR_REDIRECT] [Fatal Error] :1:1: Premature end of file.
2026-08-23 23:52:10,349 [ERROR] LogOutputStream:75 - [STDERR_REDIRECT] 
2026-08-23 23:52:11,340 [ERROR] LogOutputStream:75 - [STDERR_REDIRECT] [Fatal Error] :1:1: Premature end of file.
2026-08-23 23:52:11,340 [ERROR] LogOutputStream:75 - [STDERR_REDIRECT] 
2026-08-23 23:52:12,351 [ERROR] LogOutputStream:75 - [STDERR_REDIRECT] [Fatal Error] :1:1: Premature end of file.
2026-08-23 23:52:12,351 [ERROR] LogOutputStream:75 - [STDERR_REDIRECT] 
2026-08-23 23:52:13,341 [ERROR] LogOutputStream:75 - [STDERR_REDIRECT] [Fatal Error] :1:1: Premature end of file.
2026-08-23 23:52:13,341 [ERROR] LogOutputStream:75 - [STDERR_REDIRECT] 
2026-08-23 23:52:14,337 [ERROR] LogOutputStream:75 - [STDERR_REDIRECT] [Fatal Error] :1:1: Premature end of file.
2026-08-23 23:52:14,337 [ERROR] LogOutputStream:75 - [STDERR_REDIRECT] 
2026-08-23 23:52:15,333 [ERROR] LogOutputStream:75 - [STDERR_REDIRECT] [Fatal Error] :1:1: Premature end of file.
2026-08-23 23:52:15,333 [ERROR] LogOutputStream:75 - [STDERR_REDIRECT] 
2026-08-23 23:52:16,350 [ERROR] LogOutputStream:75 - [STDERR_REDIRECT] [Fatal Error] :1:1: Premature end of file.
2026-08-23 23:52:16,350 [ERROR] LogOutputStream:75 - [STDERR_REDIRECT] 
2026-08-23 23:52:17,334 [ERROR] LogOutputStream:75 - [STDERR_REDIRECT] [Fatal Error] :1:1: Premature end of file.
2026-08-23 23:52:17,334 [ERROR] LogOutputStream:75 - [STDERR_REDIRECT] 
2026-08-23 23:52:18,355 [ERROR] LogOutputStream:75 - [STDERR_REDIRECT] [Fatal Error] :1:1: Premature end of file.
2026-08-23 23:52:18,355 [ERROR] LogOutputStream:75 - [STDERR_REDIRECT] 
2026-08-23 23:52:19,329 [ERROR] LogOutputStream:75 - [STDERR_REDIRECT] [Fatal Error] :1:1: Premature end of file.
2026-08-23 23:52:19,329 [ERROR] LogOutputStream:75 - [STDERR_REDIRECT] 
2026-08-23 23:52:20,345 [ERROR] LogOutputStream:75 - [STDERR_REDIRECT] [Fatal Error] :1:1: Premature end of file.
2026-08-23 23:52:20,345 [ERROR] LogOutputStream:75 - [STDERR_REDIRECT] 
2026-08-23 23:52:21,347 [ERROR] LogOutputStream:75 - [STDERR_REDIRECT] [Fatal Error] :1:1: Premature end of file.
2026-08-23 23:52:21,347 [ERROR] LogOutputStream:75 - [STDERR_REDIRECT] 
2026-08-23 23:52:22,343 [ERROR] LogOutputStream:75 - [STDERR_REDIRECT] [Fatal Error] :1:1: Premature end of file.
2026-08-23 23:52:22,343 [ERROR] LogOutputStream:75 - [STDERR_REDIRECT] 
2026-08-23 23:52:23,341 [ERROR] LogOutputStream:75 - [STDERR_REDIRECT] [Fatal Error] :1:1: Premature end of file.
2026-08-23 23:52:23,341 [ERROR] LogOutputStream:75 - [STDERR_REDIRECT] 
2026-08-23 23:52:24,339 [ERROR] LogOutputStream:75 - [STDERR_REDIRECT] [Fatal Error] :1:1: Premature end of file.
2026-08-23 23:52:24,339 [ERROR] LogOutputStream:75 - [STDERR_REDIRECT] 
2026-08-23 23:52:25,344 [ERROR] LogOutputStream:75 - [STDERR_REDIRECT] [Fatal Error] :1:1: Premature end of file.
2026-08-23 23:52:25,344 [ERROR] LogOutputStream:75 - [STDERR_REDIRECT] 
2026-08-23 23:52:26,342 [ERROR] LogOutputStream:75 - [STDERR_REDIRECT] [Fatal Error] :1:1: Premature end of file.
2026-08-23 23:52:26,342 [ERROR] LogOutputStream:75 - [STDERR_REDIRECT] 
2026-08-23 23:52:27,341 [ERROR] LogOutputStream:75 - [STDERR_REDIRECT] [Fatal Error] :1:1: Premature end of file.
2026-08-23 23:52:27,341 [ERROR] LogOutputStream:75 - [STDERR_REDIRECT] 
2026-08-23 23:52:28,341 [ERROR] LogOutputStream:75 - [STDERR_REDIRECT] [Fatal Error] :1:1: Premature end of file.
2026-08-23 23:52:28,341 [ERROR] LogOutputStream:75 - [STDERR_REDIRECT] 
2026-08-23 23:52:29,341 [ERROR] LogOutputStream:75 - [STDERR_REDIRECT] [Fatal Error] :1:1: Premature end of file.
2026-08-23 23:52:29,342 [ERROR] LogOutputStream:75 - [STDERR_REDIRECT] 
2026-08-23 23:52:30,333 [ERROR] LogOutputStream:75 - [STDERR_REDIRECT] [Fatal Error] :1:1: Premature end of file.
2026-08-23 23:52:30,333 [ERROR] LogOutputStream:75 - [STDERR_REDIRECT] 
2026-08-23 23:52:31,328 [ERROR] LogOutputStream:75 - [STDERR_REDIRECT] [Fatal Error] :1:1: Premature end of file.
2026-08-23 23:52:31,328 [ERROR] LogOutputStream:75 - [STDERR_REDIRECT] 
2026-08-23 23:52:32,340 [ERROR] LogOutputStream:75 - [STDERR_REDIRECT] [Fatal Error] :1:1: Premature end of file.
2026-08-23 23:52:32,340 [ERROR] LogOutputStream:75 - [STDERR_REDIRECT] 
2026-08-23 23:52:33,330 [ERROR] LogOutputStream:75 - [STDERR_REDIRECT] [Fatal Error] :1:1: Premature end of file.
2026-08-23 23:52:33,330 [ERROR] LogOutputStream:75 - [STDERR_REDIRECT] 
2026-08-23 23:52:34,338 [ERROR] LogOutputStream:75 - [STDERR_REDIRECT] [Fatal Error] :1:1: Premature end of file.
2026-08-23 23:52:34,338 [ERROR] LogOutputStream:75 - [STDERR_REDIRECT] 
2026-08-23 23:52:35,328 [ERROR] LogOutputStream:75 - [STDERR_REDIRECT] [Fatal Error] :1:1: Premature end of file.
2026-08-23 23:52:35,328 [ERROR] LogOutputStream:75 - [STDERR_REDIRECT] 
2026-08-23 23:52:36,326 [ERROR] LogOutputStream:75 - [STDERR_REDIRECT] [Fatal Error] :1:1: Premature end of file.
2026-08-23 23:52:36,326 [ERROR] LogOutputStream:75 - [STDERR_REDIRECT] 
2026-08-23 23:52:37,343 [ERROR] LogOutputStream:75 - [STDERR_REDIRECT] [Fatal Error] :1:1: Premature end of file.
2026-08-23 23:52:37,343 [ERROR] LogOutputStream:75 - [STDERR_REDIRECT] 
2026-08-23 23:52:38,342 [ERROR] LogOutputStream:75 - [STDERR_REDIRECT] [Fatal Error] :1:1: Premature end of file.
2026-08-23 23:52:38,342 [ERROR] LogOutputStream:75 - [STDERR_REDIRECT] 
2026-08-23 23:52:39,342 [ERROR] LogOutputStream:75 - [STDERR_REDIRECT] [Fatal Error] :1:1: Premature end of file.
2026-08-23 23:52:39,342 [ERROR] LogOutputStream:75 - [STDERR_REDIRECT] 
2026-08-23 23:52:40,339 [ERROR] LogOutputStream:75 - [STDERR_REDIRECT] [Fatal Error] :1:1: Premature end of file.
2026-08-23 23:52:40,339 [ERROR] LogOutputStream:75 - [STDERR_REDIRECT] 
2026-08-23 23:52:41,333 [ERROR] LogOutputStream:75 - [STDERR_REDIRECT] [Fatal Error] :1:1: Premature end of file.
2026-08-23 23:52:41,333 [ERROR] LogOutputStream:75 - [STDERR_REDIRECT] 
2026-08-23 23:52:42,347 [ERROR] LogOutputStream:75 - [STDERR_REDIRECT] [Fatal Error] :1:1: Premature end of file.
2026-08-23 23:52:42,347 [ERROR] LogOutputStream:75 - [STDERR_REDIRECT] 
2026-08-23 23:52:43,350 [ERROR] LogOutputStream:75 - [STDERR_REDIRECT] [Fatal Error] :1:1: Premature end of file.
2026-08-23 23:52:43,352 [ERROR] LogOutputStream:75 - [STDERR_REDIRECT] 
2026-08-23 23:52:44,351 [ERROR] LogOutputStream:75 - [STDERR_REDIRECT] [Fatal Error] :1:1: Premature end of file.
2026-08-23 23:52:44,351 [ERROR] LogOutputStream:75 - [STDERR_REDIRECT] 
2026-08-23 23:52:45,343 [ERROR] LogOutputStream:75 - [STDERR_REDIRECT] [Fatal Error] :1:1: Premature end of file.
2026-08-23 23:52:45,343 [ERROR] LogOutputStream:75 - [STDERR_REDIRECT] 
2026-08-23 23:52:46,342 [ERROR] LogOutputStream:75 - [STDERR_REDIRECT] [Fatal Error] :1:1: Premature end of file.
2026-08-23 23:52:46,342 [ERROR] LogOutputStream:75 - [STDERR_REDIRECT] 
2026-08-23 23:52:47,349 [ERROR] LogOutputStream:75 - [STDERR_REDIRECT] [Fatal Error] :1:1: Premature end of file.
2026-08-23 23:52:47,350 [ERROR] LogOutputStream:75 - [STDERR_REDIRECT] 
2026-08-23 23:52:48,342 [ERROR] LogOutputStream:75 - [STDERR_REDIRECT] [Fatal Error] :1:1: Premature end of file.
2026-08-23 23:52:48,342 [ERROR] LogOutputStream:75 - [STDERR_REDIRECT] 
2026-08-23 23:52:49,341 [ERROR] LogOutputStream:75 - [STDERR_REDIRECT] [Fatal Error] :1:1: Premature end of file.
2026-08-23 23:52:49,341 [ERROR] LogOutputStream:75 - [STDERR_REDIRECT] 
2026-08-23 23:52:50,325 [ERROR] LogOutputStream:75 - [STDERR_REDIRECT] [Fatal Error] :1:1: Premature end of file.
2026-08-23 23:52:50,325 [ERROR] LogOutputStream:75 - [STDERR_REDIRECT] 
2026-08-23 23:52:51,335 [ERROR] LogOutputStream:75 - [STDERR_REDIRECT] [Fatal Error] :1:1: Premature end of file.
2026-08-23 23:52:51,335 [ERROR] LogOutputStream:75 - [STDERR_REDIRECT] 
2026-08-23 23:52:52,329 [ERROR] LogOutputStream:75 - [STDERR_REDIRECT] [Fatal Error] :1:1: Premature end of file.
2026-08-23 23:52:52,329 [ERROR] LogOutputStream:75 - [STDERR_REDIRECT] 
2026-08-23 23:52:53,344 [ERROR] LogOutputStream:75 - [STDERR_REDIRECT] [Fatal Error] :1:1: Premature end of file.
2026-08-23 23:52:53,344 [ERROR] LogOutputStream:75 - [STDERR_REDIRECT] 
2026-08-23 23:52:54,336 [ERROR] LogOutputStream:75 - [STDERR_REDIRECT] [Fatal Error] :1:1: Premature end of file.
2026-08-23 23:52:54,336 [ERROR] LogOutputStream:75 - [STDERR_REDIRECT] 
2026-08-23 23:52:55,343 [ERROR] LogOutputStream:75 - [STDERR_REDIRECT] [Fatal Error] :1:1: Premature end of file.
2026-08-23 23:52:55,343 [ERROR] LogOutputStream:75 - [STDERR_REDIRECT] 
2026-08-23 23:52:56,354 [ERROR] LogOutputStream:75 - [STDERR_REDIRECT] [Fatal Error] :1:1: Premature end of file.
2026-08-23 23:52:56,354 [ERROR] LogOutputStream:75 - [STDERR_REDIRECT] 
2026-08-23 23:52:57,340 [ERROR] LogOutputStream:75 - [STDERR_REDIRECT] [Fatal Error] :1:1: Premature end of file.
2026-08-23 23:52:57,340 [ERROR] LogOutputStream:75 - [STDERR_REDIRECT] 
2026-08-23 23:52:58,347 [ERROR] LogOutputStream:75 - [STDERR_REDIRECT] [Fatal Error] :1:1: Premature end of file.
2026-08-23 23:52:58,347 [ERROR] LogOutputStream:75 - [STDERR_REDIRECT] 
2026-08-23 23:52:59,338 [ERROR] LogOutputStream:75 - [STDERR_REDIRECT] [Fatal Error] :1:1: Premature end of file.
2026-08-23 23:52:59,338 [ERROR] LogOutputStream:75 - [STDERR_REDIRECT] 
2026-08-23 23:53:00,336 [ERROR] LogOutputStream:75 - [STDERR_REDIRECT] [Fatal Error] :1:1: Premature end of file.
2026-08-23 23:53:00,336 [ERROR] LogOutputStream:75 - [STDERR_REDIRECT] 
2026-08-23 23:53:01,326 [ERROR] LogOutputStream:75 - [STDERR_REDIRECT] [Fatal Error] :1:1: Premature end of file.
2026-08-23 23:53:01,326 [ERROR] LogOutputStream:75 - [STDERR_REDIRECT] 
2026-08-23 23:53:02,337 [ERROR] LogOutputStream:75 - [STDERR_REDIRECT] [Fatal Error] :1:1: Premature end of file.
2026-08-23 23:53:02,337 [ERROR] LogOutputStream:75 - [STDERR_REDIRECT] 
2026-08-23 23:53:03,335 [ERROR] LogOutputStream:75 - [STDERR_REDIRECT] [Fatal Error] :1:1: Premature end of file.
2026-08-23 23:53:03,335 [ERROR] LogOutputStream:75 - [STDERR_REDIRECT] 
2026-08-23 23:53:04,338 [ERROR] LogOutputStream:75 - [STDERR_REDIRECT] [Fatal Error] :1:1: Premature end of file.
2026-08-23 23:53:04,338 [ERROR] LogOutputStream:75 - [STDERR_REDIRECT] 
2026-08-23 23:53:05,340 [ERROR] LogOutputStream:75 - [STDERR_REDIRECT] [Fatal Error] :1:1: Premature end of file.
2026-08-23 23:53:05,340 [ERROR] LogOutputStream:75 - [STDERR_REDIRECT] 
2026-08-23 23:53:06,331 [ERROR] LogOutputStream:75 - [STDERR_REDIRECT] [Fatal Error] :1:1: Premature end of file.
2026-08-23 23:53:06,331 [ERROR] LogOutputStream:75 - [STDERR_REDIRECT] 
2026-08-23 23:53:07,345 [ERROR] LogOutputStream:75 - [STDERR_REDIRECT] [Fatal Error] :1:1: Premature end of file.
2026-08-23 23:53:07,345 [ERROR] LogOutputStream:75 - [STDERR_REDIRECT] 
2026-08-23 23:53:08,333 [ERROR] LogOutputStream:75 - [STDERR_REDIRECT] [Fatal Error] :1:1: Premature end of file.
2026-08-23 23:53:08,333 [ERROR] LogOutputStream:75 - [STDERR_REDIRECT] 
2026-08-23 23:53:09,336 [ERROR] LogOutputStream:75 - [STDERR_REDIRECT] [Fatal Error] :1:1: Premature end of file.
2026-08-23 23:53:09,336 [ERROR] LogOutputStream:75 - [STDERR_REDIRECT] 
2026-08-23 23:53:10,343 [ERROR] LogOutputStream:75 - [STDERR_REDIRECT] [Fatal Error] :1:1: Premature end of file.
2026-08-23 23:53:10,343 [ERROR] LogOutputStream:75 - [STDERR_REDIRECT] 
2026-08-23 23:53:11,337 [ERROR] LogOutputStream:75 - [STDERR_REDIRECT] [Fatal Error] :1:1: Premature end of file.
2026-08-23 23:53:11,338 [ERROR] LogOutputStream:75 - [STDERR_REDIRECT] 
2026-08-23 23:53:12,337 [ERROR] LogOutputStream:75 - [STDERR_REDIRECT] [Fatal Error] :1:1: Premature end of file.
2026-08-23 23:53:12,337 [ERROR] LogOutputStream:75 - [STDERR_REDIRECT] 
2026-08-23 23:53:13,338 [ERROR] LogOutputStream:75 - [STDERR_REDIRECT] [Fatal Error] :1:1: Premature end of file.
2026-08-23 23:53:13,338 [ERROR] LogOutputStream:75 - [STDERR_REDIRECT] 
2026-08-23 23:53:14,350 [ERROR] LogOutputStream:75 - [STDERR_REDIRECT] [Fatal Error] :1:1: Premature end of file.
2026-08-23 23:53:14,350 [ERROR] LogOutputStream:75 - [STDERR_REDIRECT] 
2026-08-23 23:53:15,326 [ERROR] LogOutputStream:75 - [STDERR_REDIRECT] [Fatal Error] :1:1: Premature end of file.
2026-08-23 23:53:15,326 [ERROR] LogOutputStream:75 - [STDERR_REDIRECT] 
2026-08-23 23:53:16,340 [ERROR] LogOutputStream:75 - [STDERR_REDIRECT] [Fatal Error] :1:1: Premature end of file.
2026-08-23 23:53:16,340 [ERROR] LogOutputStream:75 - [STDERR_REDIRECT] 
2026-08-23 23:53:17,328 [ERROR] LogOutputStream:75 - [STDERR_REDIRECT] [Fatal Error] :1:1: Premature end of file.
2026-08-23 23:53:17,328 [ERROR] LogOutputStream:75 - [STDERR_REDIRECT] 
2026-08-23 23:53:18,338 [ERROR] LogOutputStream:75 - [STDERR_REDIRECT] [Fatal Error] :1:1: Premature end of file.
2026-08-23 23:53:18,338 [ERROR] LogOutputStream:75 - [STDERR_REDIRECT] 
2026-08-23 23:53:19,339 [ERROR] LogOutputStream:75 - [STDERR_REDIRECT] [Fatal Error] :1:1: Premature end of file.
2026-08-23 23:53:19,339 [ERROR] LogOutputStream:75 - [STDERR_REDIRECT] 
2026-08-23 23:53:20,349 [ERROR] LogOutputStream:75 - [STDERR_REDIRECT] [Fatal Error] :1:1: Premature end of file.
2026-08-23 23:53:20,349 [ERROR] LogOutputStream:75 - [STDERR_REDIRECT] 
2026-08-23 23:53:21,339 [ERROR] LogOutputStream:75 - [STDERR_REDIRECT] [Fatal Error] :1:1: Premature end of file.
2026-08-23 23:53:21,339 [ERROR] LogOutputStream:75 - [STDERR_REDIRECT] 
2026-08-23 23:53:22,336 [ERROR] LogOutputStream:75 - [STDERR_REDIRECT] [Fatal Error] :1:1: Premature end of file.
2026-08-23 23:53:22,336 [ERROR] LogOutputStream:75 - [STDERR_REDIRECT] 
2026-08-23 23:53:23,346 [ERROR] LogOutputStream:75 - [STDERR_REDIRECT] [Fatal Error] :1:1: Premature end of file.
2026-08-23 23:53:23,346 [ERROR] LogOutputStream:75 - [STDERR_REDIRECT] 
2026-08-23 23:53:24,348 [ERROR] LogOutputStream:75 - [STDERR_REDIRECT] [Fatal Error] :1:1: Premature end of file.
2026-08-23 23:53:24,348 [ERROR] LogOutputStream:75 - [STDERR_REDIRECT] 
2026-08-23 23:53:25,336 [ERROR] LogOutputStream:75 - [STDERR_REDIRECT] [Fatal Error] :1:1: Premature end of file.
2026-08-23 23:53:25,336 [ERROR] LogOutputStream:75 - [STDERR_REDIRECT] 
2026-08-23 23:53:26,325 [ERROR] LogOutputStream:75 - [STDERR_REDIRECT] [Fatal Error] :1:1: Premature end of file.
2026-08-23 23:53:26,325 [ERROR] LogOutputStream:75 - [STDERR_REDIRECT] 
2026-08-23 23:53:27,337 [ERROR] LogOutputStream:75 - [STDERR_REDIRECT] [Fatal Error] :1:1: Premature end of file.
2026-08-23 23:53:27,337 [ERROR] LogOutputStream:75 - [STDERR_REDIRECT] 
2026-08-23 23:53:28,335 [ERROR] LogOutputStream:75 - [STDERR_REDIRECT] [Fatal Error] :1:1: Premature end of file.
2026-08-23 23:53:28,335 [ERROR] LogOutputStream:75 - [STDERR_REDIRECT] 
2026-08-23 23:53:29,330 [ERROR] LogOutputStream:75 - [STDERR_REDIRECT] [Fatal Error] :1:1: Premature end of file.
2026-08-23 23:53:29,330 [ERROR] LogOutputStream:75 - [STDERR_REDIRECT] 
2026-08-23 23:53:30,342 [ERROR] LogOutputStream:75 - [STDERR_REDIRECT] [Fatal Error] :1:1: Premature end of file.
2026-08-23 23:53:30,342 [ERROR] LogOutputStream:75 - [STDERR_REDIRECT] 
2026-08-23 23:53:31,337 [ERROR] LogOutputStream:75 - [STDERR_REDIRECT] [Fatal Error] :1:1: Premature end of file.
2026-08-23 23:53:31,337 [ERROR] LogOutputStream:75 - [STDERR_REDIRECT] 
2026-08-23 23:53:32,342 [ERROR] LogOutputStream:75 - [STDERR_REDIRECT] [Fatal Error] :1:1: Premature end of file.
2026-08-23 23:53:32,342 [ERROR] LogOutputStream:75 - [STDERR_REDIRECT] 
2026-08-23 23:53:33,342 [ERROR] LogOutputStream:75 - [STDERR_REDIRECT] [Fatal Error] :1:1: Premature end of file.
2026-08-23 23:53:33,342 [ERROR] LogOutputStream:75 - [STDERR_REDIRECT] 
2026-08-23 23:53:34,336 [ERROR] LogOutputStream:75 - [STDERR_REDIRECT] [Fatal Error] :1:1: Premature end of file.
2026-08-23 23:53:34,336 [ERROR] LogOutputStream:75 - [STDERR_REDIRECT] 
2026-08-23 23:53:35,345 [ERROR] LogOutputStream:75 - [STDERR_REDIRECT] [Fatal Error] :1:1: Premature end of file.
2026-08-23 23:53:35,345 [ERROR] LogOutputStream:75 - [STDERR_REDIRECT] 
2026-08-23 23:53:36,356 [ERROR] LogOutputStream:75 - [STDERR_REDIRECT] [Fatal Error] :1:1: Premature end of file.
2026-08-23 23:53:36,356 [ERROR] LogOutputStream:75 - [STDERR_REDIRECT] 
2026-08-23 23:53:37,341 [ERROR] LogOutputStream:75 - [STDERR_REDIRECT] [Fatal Error] :1:1: Premature end of file.
2026-08-23 23:53:37,341 [ERROR] LogOutputStream:75 - [STDERR_REDIRECT] 
2026-08-23 23:53:38,344 [ERROR] LogOutputStream:75 - [STDERR_REDIRECT] [Fatal Error] :1:1: Premature end of file.
2026-08-23 23:53:38,344 [ERROR] LogOutputStream:75 - [STDERR_REDIRECT] 
2026-08-23 23:53:39,349 [ERROR] LogOutputStream:75 - [STDERR_REDIRECT] [Fatal Error] :1:1: Premature end of file.
2026-08-23 23:53:39,349 [ERROR] LogOutputStream:75 - [STDERR_REDIRECT] 
2026-08-23 23:53:40,333 [ERROR] LogOutputStream:75 - [STDERR_REDIRECT] [Fatal Error] :1:1: Premature end of file.
2026-08-23 23:53:40,333 [ERROR] LogOutputStream:75 - [STDERR_REDIRECT] 
2026-08-23 23:53:41,340 [ERROR] LogOutputStream:75 - [STDERR_REDIRECT] [Fatal Error] :1:1: Premature end of file.
2026-08-23 23:53:41,340 [ERROR] LogOutputStream:75 - [STDERR_REDIRECT] 
2026-08-23 23:53:42,327 [ERROR] LogOutputStream:75 - [STDERR_REDIRECT] [Fatal Error] :1:1: Premature end of file.
2026-08-23 23:53:42,327 [ERROR] LogOutputStream:75 - [STDERR_REDIRECT] 
2026-08-23 23:53:43,329 [ERROR] LogOutputStream:75 - [STDERR_REDIRECT] [Fatal Error] :1:1: Premature end of file.
2026-08-23 23:53:43,329 [ERROR] LogOutputStream:75 - [STDERR_REDIRECT] 
2026-08-23 23:53:44,337 [ERROR] LogOutputStream:75 - [STDERR_REDIRECT] [Fatal Error] :1:1: Premature end of file.
2026-08-23 23:53:44,337 [ERROR] LogOutputStream:75 - [STDERR_REDIRECT] 
2026-08-23 23:53:45,327 [ERROR] LogOutputStream:75 - [STDERR_REDIRECT] [Fatal Error] :1:1: Premature end of file.
2026-08-23 23:53:45,327 [ERROR] LogOutputStream:75 - [STDERR_REDIRECT] 
2026-08-23 23:53:46,343 [ERROR] LogOutputStream:75 - [STDERR_REDIRECT] [Fatal Error] :1:1: Premature end of file.
2026-08-23 23:53:46,343 [ERROR] LogOutputStream:75 - [STDERR_REDIRECT] 
2026-08-23 23:53:47,331 [ERROR] LogOutputStream:75 - [STDERR_REDIRECT] [Fatal Error] :1:1: Premature end of file.
2026-08-23 23:53:47,331 [ERROR] LogOutputStream:75 - [STDERR_REDIRECT] 
2026-08-23 23:53:48,332 [ERROR] LogOutputStream:75 - [STDERR_REDIRECT] [Fatal Error] :1:1: Premature end of file.
2026-08-23 23:53:48,332 [ERROR] LogOutputStream:75 - [STDERR_REDIRECT] 
2026-08-23 23:53:49,333 [ERROR] LogOutputStream:75 - [STDERR_REDIRECT] [Fatal Error] :1:1: Premature end of file.
2026-08-23 23:53:49,333 [ERROR] LogOutputStream:75 - [STDERR_REDIRECT] 
2026-08-23 23:53:50,332 [ERROR] LogOutputStream:75 - [STDERR_REDIRECT] [Fatal Error] :1:1: Premature end of file.
2026-08-23 23:53:50,332 [ERROR] LogOutputStream:75 - [STDERR_REDIRECT] 
2026-08-23 23:53:51,332 [ERROR] LogOutputStream:75 - [STDERR_REDIRECT] [Fatal Error] :1:1: Premature end of file.
2026-08-23 23:53:51,332 [ERROR] LogOutputStream:75 - [STDERR_REDIRECT] 
2026-08-23 23:53:52,324 [ERROR] LogOutputStream:75 - [STDERR_REDIRECT] [Fatal Error] :1:1: Premature end of file.
2026-08-23 23:53:52,324 [ERROR] LogOutputStream:75 - [STDERR_REDIRECT] 
2026-08-23 23:53:53,337 [ERROR] LogOutputStream:75 - [STDERR_REDIRECT] [Fatal Error] :1:1: Premature end of file.
2026-08-23 23:53:53,337 [ERROR] LogOutputStream:75 - [STDERR_REDIRECT] 
2026-08-23 23:53:54,339 [ERROR] LogOutputStream:75 - [STDERR_REDIRECT] [Fatal Error] :1:1: Premature end of file.
2026-08-23 23:53:54,339 [ERROR] LogOutputStream:75 - [STDERR_REDIRECT] 
2026-08-23 23:53:55,348 [ERROR] LogOutputStream:75 - [STDERR_REDIRECT] [Fatal Error] :1:1: Premature end of file.
2026-08-23 23:53:55,348 [ERROR] LogOutputStream:75 - [STDERR_REDIRECT] 
2026-08-23 23:53:56,343 [ERROR] LogOutputStream:75 - [STDERR_REDIRECT] [Fatal Error] :1:1: Premature end of file.
2026-08-23 23:53:56,343 [ERROR] LogOutputStream:75 - [STDERR_REDIRECT] 
2026-08-23 23:53:57,346 [ERROR] LogOutputStream:75 - [STDERR_REDIRECT] [Fatal Error] :1:1: Premature end of file.
2026-08-23 23:53:57,346 [ERROR] LogOutputStream:75 - [STDERR_REDIRECT] 
2026-08-23 23:53:58,325 [ERROR] LogOutputStream:75 - [STDERR_REDIRECT] [Fatal Error] :1:1: Premature end of file.
2026-08-23 23:53:58,325 [ERROR] LogOutputStream:75 - [STDERR_REDIRECT] 
2026-08-23 23:53:59,327 [ERROR] LogOutputStream:75 - [STDERR_REDIRECT] [Fatal Error] :1:1: Premature end of file.
2026-08-23 23:53:59,327 [ERROR] LogOutputStream:75 - [STDERR_REDIRECT] 
2026-08-23 23:54:00,345 [ERROR] LogOutputStream:75 - [STDERR_REDIRECT] [Fatal Error] :1:1: Premature end of file.
2026-08-23 23:54:00,345 [ERROR] LogOutputStream:75 - [STDERR_REDIRECT] 
2026-08-23 23:54:01,366 [ERROR] LogOutputStream:75 - [STDERR_REDIRECT] [Fatal Error] :1:1: Premature end of file.
2026-08-23 23:54:01,366 [ERROR] LogOutputStream:75 - [STDERR_REDIRECT] 
2026-08-23 23:54:02,348 [ERROR] LogOutputStream:75 - [STDERR_REDIRECT] [Fatal Error] :1:1: Premature end of file.
2026-08-23 23:54:02,348 [ERROR] LogOutputStream:75 - [STDERR_REDIRECT] 
2026-08-23 23:54:03,348 [ERROR] LogOutputStream:75 - [STDERR_REDIRECT] [Fatal Error] :1:1: Premature end of file.
2026-08-23 23:54:03,348 [ERROR] LogOutputStream:75 - [STDERR_REDIRECT] 
2026-08-23 23:54:04,341 [ERROR] LogOutputStream:75 - [STDERR_REDIRECT] [Fatal Error] :1:1: Premature end of file.
2026-08-23 23:54:04,341 [ERROR] LogOutputStream:75 - [STDERR_REDIRECT] 
2026-08-23 23:54:05,344 [ERROR] LogOutputStream:75 - [STDERR_REDIRECT] [Fatal Error] :1:1: Premature end of file.
2026-08-23 23:54:05,344 [ERROR] LogOutputStream:75 - [STDERR_REDIRECT] 
2026-08-23 23:54:06,344 [ERROR] LogOutputStream:75 - [STDERR_REDIRECT] [Fatal Error] :1:1: Premature end of file.
2026-08-23 23:54:06,344 [ERROR] LogOutputStream:75 - [STDERR_REDIRECT] 
2026-08-23 23:54:07,337 [ERROR] LogOutputStream:75 - [STDERR_REDIRECT] [Fatal Error] :1:1: Premature end of file.
2026-08-23 23:54:07,337 [ERROR] LogOutputStream:75 - [STDERR_REDIRECT] 
2026-08-23 23:54:08,340 [ERROR] LogOutputStream:75 - [STDERR_REDIRECT] [Fatal Error] :1:1: Premature end of file.
2026-08-23 23:54:08,340 [ERROR] LogOutputStream:75 - [STDERR_REDIRECT] 
2026-08-23 23:54:09,344 [ERROR] LogOutputStream:75 - [STDERR_REDIRECT] [Fatal Error] :1:1: Premature end of file.
2026-08-23 23:54:09,344 [ERROR] LogOutputStream:75 - [STDERR_REDIRECT] 
2026-08-23 23:54:10,355 [ERROR] LogOutputStream:75 - [STDERR_REDIRECT] [Fatal Error] :1:1: Premature end of file.
2026-08-23 23:54:10,355 [ERROR] LogOutputStream:75 - [STDERR_REDIRECT] 
2026-08-23 23:54:11,342 [ERROR] LogOutputStream:75 - [STDERR_REDIRECT] [Fatal Error] :1:1: Premature end of file.
2026-08-23 23:54:11,342 [ERROR] LogOutputStream:75 - [STDERR_REDIRECT] 
2026-08-23 23:54:12,331 [ERROR] LogOutputStream:75 - [STDERR_REDIRECT] [Fatal Error] :1:1: Premature end of file.
2026-08-23 23:54:12,331 [ERROR] LogOutputStream:75 - [STDERR_REDIRECT] 
2026-08-23 23:54:13,337 [ERROR] LogOutputStream:75 - [STDERR_REDIRECT] [Fatal Error] :1:1: Premature end of file.
2026-08-23 23:54:13,337 [ERROR] LogOutputStream:75 - [STDERR_REDIRECT] 
2026-08-23 23:54:14,326 [ERROR] LogOutputStream:75 - [STDERR_REDIRECT] [Fatal Error] :1:1: Premature end of file.
2026-08-23 23:54:14,326 [ERROR] LogOutputStream:75 - [STDERR_REDIRECT] 
2026-08-23 23:54:15,353 [ERROR] LogOutputStream:75 - [STDERR_REDIRECT] [Fatal Error] :1:1: Premature end of file.
2026-08-23 23:54:15,354 [ERROR] LogOutputStream:75 - [STDERR_REDIRECT] 
2026-08-23 23:54:16,353 [ERROR] LogOutputStream:75 - [STDERR_REDIRECT] [Fatal Error] :1:1: Premature end of file.
2026-08-23 23:54:16,354 [ERROR] LogOutputStream:75 - [STDERR_REDIRECT] 
2026-08-23 23:54:17,346 [ERROR] LogOutputStream:75 - [STDERR_REDIRECT] [Fatal Error] :1:1: Premature end of file.
2026-08-23 23:54:17,346 [ERROR] LogOutputStream:75 - [STDERR_REDIRECT] 
2026-08-23 23:54:18,348 [ERROR] LogOutputStream:75 - [STDERR_REDIRECT] [Fatal Error] :1:1: Premature end of file.
2026-08-23 23:54:18,348 [ERROR] LogOutputStream:75 - [STDERR_REDIRECT] 
2026-08-23 23:54:19,336 [ERROR] LogOutputStream:75 - [STDERR_REDIRECT] [Fatal Error] :1:1: Premature end of file.
2026-08-23 23:54:19,336 [ERROR] LogOutputStream:75 - [STDERR_REDIRECT] 
2026-08-23 23:54:20,341 [ERROR] LogOutputStream:75 - [STDERR_REDIRECT] [Fatal Error] :1:1: Premature end of file.
2026-08-23 23:54:20,342 [ERROR] LogOutputStream:75 - [STDERR_REDIRECT] 
2026-08-23 23:54:21,339 [ERROR] LogOutputStream:75 - [STDERR_REDIRECT] [Fatal Error] :1:1: Premature end of file.
2026-08-23 23:54:21,339 [ERROR] LogOutputStream:75 - [STDERR_REDIRECT] 
2026-08-23 23:54:22,349 [ERROR] LogOutputStream:75 - [STDERR_REDIRECT] [Fatal Error] :1:1: Premature end of file.
2026-08-23 23:54:22,349 [ERROR] LogOutputStream:75 - [STDERR_REDIRECT] 
2026-08-23 23:54:23,333 [ERROR] LogOutputStream:75 - [STDERR_REDIRECT] [Fatal Error] :1:1: Premature end of file.
2026-08-23 23:54:23,333 [ERROR] LogOutputStream:75 - [STDERR_REDIRECT] 
2026-08-23 23:54:24,338 [ERROR] LogOutputStream:75 - [STDERR_REDIRECT] [Fatal Error] :1:1: Premature end of file.
2026-08-23 23:54:24,338 [ERROR] LogOutputStream:75 - [STDERR_REDIRECT] 
2026-08-23 23:54:25,336 [ERROR] LogOutputStream:75 - [STDERR_REDIRECT] [Fatal Error] :1:1: Premature end of file.
2026-08-23 23:54:25,336 [ERROR] LogOutputStream:75 - [STDERR_REDIRECT] 
2026-08-23 23:54:26,344 [ERROR] LogOutputStream:75 - [STDERR_REDIRECT] [Fatal Error] :1:1: Premature end of file.
2026-08-23 23:54:26,344 [ERROR] LogOutputStream:75 - [STDERR_REDIRECT] 
2026-08-23 23:54:27,333 [ERROR] LogOutputStream:75 - [STDERR_REDIRECT] [Fatal Error] :1:1: Premature end of file.
2026-08-23 23:54:27,333 [ERROR] LogOutputStream:75 - [STDERR_REDIRECT] 
2026-08-23 23:54:28,334 [ERROR] LogOutputStream:75 - [STDERR_REDIRECT] [Fatal Error] :1:1: Premature end of file.
2026-08-23 23:54:28,334 [ERROR] LogOutputStream:75 - [STDERR_REDIRECT] 
2026-08-23 23:54:29,341 [ERROR] LogOutputStream:75 - [STDERR_REDIRECT] [Fatal Error] :1:1: Premature end of file.
2026-08-23 23:54:29,341 [ERROR] LogOutputStream:75 - [STDERR_REDIRECT] 
2026-08-23 23:54:30,349 [ERROR] LogOutputStream:75 - [STDERR_REDIRECT] [Fatal Error] :1:1: Premature end of file.
2026-08-23 23:54:30,349 [ERROR] LogOutputStream:75 - [STDERR_REDIRECT] 
2026-08-23 23:54:31,334 [ERROR] LogOutputStream:75 - [STDERR_REDIRECT] [Fatal Error] :1:1: Premature end of file.
2026-08-23 23:54:31,334 [ERROR] LogOutputStream:75 - [STDERR_REDIRECT] 
2026-08-23 23:54:32,351 [ERROR] LogOutputStream:75 - [STDERR_REDIRECT] [Fatal Error] :1:1: Premature end of file.
2026-08-23 23:54:32,351 [ERROR] LogOutputStream:75 - [STDERR_REDIRECT] 
2026-08-23 23:54:33,332 [ERROR] LogOutputStream:75 - [STDERR_REDIRECT] [Fatal Error] :1:1: Premature end of file.
2026-08-23 23:54:33,332 [ERROR] LogOutputStream:75 - [STDERR_REDIRECT] 
2026-08-23 23:54:34,324 [ERROR] LogOutputStream:75 - [STDERR_REDIRECT] [Fatal Error] :1:1: Premature end of file.
2026-08-23 23:54:34,324 [ERROR] LogOutputStream:75 - [STDERR_REDIRECT] 
2026-08-23 23:54:35,340 [ERROR] LogOutputStream:75 - [STDERR_REDIRECT] [Fatal Error] :1:1: Premature end of file.
2026-08-23 23:54:35,340 [ERROR] LogOutputStream:75 - [STDERR_REDIRECT] 
2026-08-23 23:54:36,344 [ERROR] LogOutputStream:75 - [STDERR_REDIRECT] [Fatal Error] :1:1: Premature end of file.
2026-08-23 23:54:36,344 [ERROR] LogOutputStream:75 - [STDERR_REDIRECT] 
2026-08-23 23:54:37,340 [ERROR] LogOutputStream:75 - [STDERR_REDIRECT] [Fatal Error] :1:1: Premature end of file.
2026-08-23 23:54:37,340 [ERROR] LogOutputStream:75 - [STDERR_REDIRECT] 
2026-08-23 23:54:38,342 [ERROR] LogOutputStream:75 - [STDERR_REDIRECT] [Fatal Error] :1:1: Premature end of file.
2026-08-23 23:54:38,342 [ERROR] LogOutputStream:75 - [STDERR_REDIRECT] 
2026-08-23 23:54:39,352 [ERROR] LogOutputStream:75 - [STDERR_REDIRECT] [Fatal Error] :1:1: Premature end of file.
2026-08-23 23:54:39,352 [ERROR] LogOutputStream:75 - [STDERR_REDIRECT] 
2026-08-23 23:54:40,333 [ERROR] LogOutputStream:75 - [STDERR_REDIRECT] [Fatal Error] :1:1: Premature end of file.
2026-08-23 23:54:40,333 [ERROR] LogOutputStream:75 - [STDERR_REDIRECT] 
2026-08-23 23:54:41,342 [ERROR] LogOutputStream:75 - [STDERR_REDIRECT] [Fatal Error] :1:1: Premature end of file.
2026-08-23 23:54:41,342 [ERROR] LogOutputStream:75 - [STDERR_REDIRECT] 
2026-08-23 23:54:42,335 [ERROR] LogOutputStream:75 - [STDERR_REDIRECT] [Fatal Error] :1:1: Premature end of file.
2026-08-23 23:54:42,335 [ERROR] LogOutputStream:75 - [STDERR_REDIRECT] 
2026-08-23 23:54:43,353 [ERROR] LogOutputStream:75 - [STDERR_REDIRECT] [Fatal Error] :1:1: Premature end of file.
2026-08-23 23:54:43,353 [ERROR] LogOutputStream:75 - [STDERR_REDIRECT] 
2026-08-23 23:54:44,341 [ERROR] LogOutputStream:75 - [STDERR_REDIRECT] [Fatal Error] :1:1: Premature end of file.
2026-08-23 23:54:44,341 [ERROR] LogOutputStream:75 - [STDERR_REDIRECT] 
2026-08-23 23:54:45,332 [ERROR] LogOutputStream:75 - [STDERR_REDIRECT] [Fatal Error] :1:1: Premature end of file.
2026-08-23 23:54:45,332 [ERROR] LogOutputStream:75 - [STDERR_REDIRECT] 
2026-08-23 23:54:46,340 [ERROR] LogOutputStream:75 - [STDERR_REDIRECT] [Fatal Error] :1:1: Premature end of file.
2026-08-23 23:54:46,340 [ERROR] LogOutputStream:75 - [STDERR_REDIRECT] 
2026-08-23 23:54:47,345 [ERROR] LogOutputStream:75 - [STDERR_REDIRECT] [Fatal Error] :1:1: Premature end of file.
2026-08-23 23:54:47,345 [ERROR] LogOutputStream:75 - [STDERR_REDIRECT] 
2026-08-23 23:54:48,340 [ERROR] LogOutputStream:75 - [STDERR_REDIRECT] [Fatal Error] :1:1: Premature end of file.
2026-08-23 23:54:48,340 [ERROR] LogOutputStream:75 - [STDERR_REDIRECT] 
2026-08-23 23:54:49,332 [ERROR] LogOutputStream:75 - [STDERR_REDIRECT] [Fatal Error] :1:1: Premature end of file.
2026-08-23 23:54:49,332 [ERROR] LogOutputStream:75 - [STDERR_REDIRECT] 
2026-08-23 23:54:50,338 [ERROR] LogOutputStream:75 - [STDERR_REDIRECT] [Fatal Error] :1:1: Premature end of file.
2026-08-23 23:54:50,338 [ERROR] LogOutputStream:75 - [STDERR_REDIRECT] 
2026-08-23 23:54:51,342 [ERROR] LogOutputStream:75 - [STDERR_REDIRECT] [Fatal Error] :1:1: Premature end of file.
2026-08-23 23:54:51,342 [ERROR] LogOutputStream:75 - [STDERR_REDIRECT] 
2026-08-23 23:54:52,357 [ERROR] LogOutputStream:75 - [STDERR_REDIRECT] [Fatal Error] :1:1: Premature end of file.
2026-08-23 23:54:52,357 [ERROR] LogOutputStream:75 - [STDERR_REDIRECT] 
2026-08-23 23:54:53,333 [ERROR] LogOutputStream:75 - [STDERR_REDIRECT] [Fatal Error] :1:1: Premature end of file.
2026-08-23 23:54:53,333 [ERROR] LogOutputStream:75 - [STDERR_REDIRECT] 
2026-08-23 23:54:54,341 [ERROR] LogOutputStream:75 - [STDERR_REDIRECT] [Fatal Error] :1:1: Premature end of file.
2026-08-23 23:54:54,341 [ERROR] LogOutputStream:75 - [STDERR_REDIRECT] 
2026-08-23 23:54:55,349 [ERROR] LogOutputStream:75 - [STDERR_REDIRECT] [Fatal Error] :1:1: Premature end of file.
2026-08-23 23:54:55,349 [ERROR] LogOutputStream:75 - [STDERR_REDIRECT] 
2026-08-23 23:54:56,337 [ERROR] LogOutputStream:75 - [STDERR_REDIRECT] [Fatal Error] :1:1: Premature end of file.
2026-08-23 23:54:56,338 [ERROR] LogOutputStream:75 - [STDERR_REDIRECT] 
2026-08-23 23:54:57,354 [ERROR] LogOutputStream:75 - [STDERR_REDIRECT] [Fatal Error] :1:1: Premature end of file.
2026-08-23 23:54:57,354 [ERROR] LogOutputStream:75 - [STDERR_REDIRECT] 
2026-08-23 23:54:58,339 [ERROR] LogOutputStream:75 - [STDERR_REDIRECT] [Fatal Error] :1:1: Premature end of file.
2026-08-23 23:54:58,339 [ERROR] LogOutputStream:75 - [STDERR_REDIRECT] 
2026-08-23 23:54:59,355 [ERROR] LogOutputStream:75 - [STDERR_REDIRECT] [Fatal Error] :1:1: Premature end of file.
2026-08-23 23:54:59,355 [ERROR] LogOutputStream:75 - [STDERR_REDIRECT] 
2026-08-23 23:55:00,345 [ERROR] LogOutputStream:75 - [STDERR_REDIRECT] [Fatal Error] :1:1: Premature end of file.
2026-08-23 23:55:00,345 [ERROR] LogOutputStream:75 - [STDERR_REDIRECT] 
2026-08-23 23:55:01,338 [ERROR] LogOutputStream:75 - [STDERR_REDIRECT] [Fatal Error] :1:1: Premature end of file.
2026-08-23 23:55:01,338 [ERROR] LogOutputStream:75 - [STDERR_REDIRECT] 
2026-08-23 23:55:02,336 [ERROR] LogOutputStream:75 - [STDERR_REDIRECT] [Fatal Error] :1:1: Premature end of file.
2026-08-23 23:55:02,336 [ERROR] LogOutputStream:75 - [STDERR_REDIRECT] 
2026-08-23 23:55:03,340 [ERROR] LogOutputStream:75 - [STDERR_REDIRECT] [Fatal Error] :1:1: Premature end of file.
2026-08-23 23:55:03,340 [ERROR] LogOutputStream:75 - [STDERR_REDIRECT] 
2026-08-23 23:55:04,336 [ERROR] LogOutputStream:75 - [STDERR_REDIRECT] [Fatal Error] :1:1: Premature end of file.
2026-08-23 23:55:04,336 [ERROR] LogOutputStream:75 - [STDERR_REDIRECT] 
2026-08-23 23:55:05,344 [ERROR] LogOutputStream:75 - [STDERR_REDIRECT] [Fatal Error] :1:1: Premature end of file.
2026-08-23 23:55:05,344 [ERROR] LogOutputStream:75 - [STDERR_REDIRECT] 
2026-08-23 23:55:06,347 [ERROR] LogOutputStream:75 - [STDERR_REDIRECT] [Fatal Error] :1:1: Premature end of file.
2026-08-23 23:55:06,348 [ERROR] LogOutputStream:75 - [STDERR_REDIRECT] 
2026-08-23 23:55:07,348 [ERROR] LogOutputStream:75 - [STDERR_REDIRECT] [Fatal Error] :1:1: Premature end of file.
2026-08-23 23:55:07,348 [ERROR] LogOutputStream:75 - [STDERR_REDIRECT] 
2026-08-23 23:55:08,332 [ERROR] LogOutputStream:75 - [STDERR_REDIRECT] [Fatal Error] :1:1: Premature end of file.
2026-08-23 23:55:08,332 [ERROR] LogOutputStream:75 - [STDERR_REDIRECT] 
2026-08-23 23:55:09,342 [ERROR] LogOutputStream:75 - [STDERR_REDIRECT] [Fatal Error] :1:1: Premature end of file.
2026-08-23 23:55:09,342 [ERROR] LogOutputStream:75 - [STDERR_REDIRECT] 
2026-08-23 23:55:10,347 [ERROR] LogOutputStream:75 - [STDERR_REDIRECT] [Fatal Error] :1:1: Premature end of file.
2026-08-23 23:55:10,347 [ERROR] LogOutputStream:75 - [STDERR_REDIRECT] 
2026-08-23 23:55:11,340 [ERROR] LogOutputStream:75 - [STDERR_REDIRECT] [Fatal Error] :1:1: Premature end of file.
2026-08-23 23:55:11,340 [ERROR] LogOutputStream:75 - [STDERR_REDIRECT] 
2026-08-23 23:55:12,329 [ERROR] LogOutputStream:75 - [STDERR_REDIRECT] [Fatal Error] :1:1: Premature end of file.
2026-08-23 23:55:12,329 [ERROR] LogOutputStream:75 - [STDERR_REDIRECT] 
2026-08-23 23:55:13,327 [ERROR] LogOutputStream:75 - [STDERR_REDIRECT] [Fatal Error] :1:1: Premature end of file.
2026-08-23 23:55:13,327 [ERROR] LogOutputStream:75 - [STDERR_REDIRECT] 
2026-08-23 23:55:14,352 [ERROR] LogOutputStream:75 - [STDERR_REDIRECT] [Fatal Error] :1:1: Premature end of file.
2026-08-23 23:55:14,352 [ERROR] LogOutputStream:75 - [STDERR_REDIRECT] 
2026-08-23 23:55:15,336 [ERROR] LogOutputStream:75 - [STDERR_REDIRECT] [Fatal Error] :1:1: Premature end of file.
2026-08-23 23:55:15,336 [ERROR] LogOutputStream:75 - [STDERR_REDIRECT] 
2026-08-23 23:55:16,342 [ERROR] LogOutputStream:75 - [STDERR_REDIRECT] [Fatal Error] :1:1: Premature end of file.
2026-08-23 23:55:16,342 [ERROR] LogOutputStream:75 - [STDERR_REDIRECT] 
2026-08-23 23:55:17,342 [ERROR] LogOutputStream:75 - [STDERR_REDIRECT] [Fatal Error] :1:1: Premature end of file.
2026-08-23 23:55:17,342 [ERROR] LogOutputStream:75 - [STDERR_REDIRECT] 
2026-08-23 23:55:18,351 [ERROR] LogOutputStream:75 - [STDERR_REDIRECT] [Fatal Error] :1:1: Premature end of file.
2026-08-23 23:55:18,351 [ERROR] LogOutputStream:75 - [STDERR_REDIRECT] 
2026-08-23 23:55:19,339 [ERROR] LogOutputStream:75 - [STDERR_REDIRECT] [Fatal Error] :1:1: Premature end of file.
2026-08-23 23:55:19,339 [ERROR] LogOutputStream:75 - [STDERR_REDIRECT] 
2026-08-23 23:55:20,346 [ERROR] LogOutputStream:75 - [STDERR_REDIRECT] [Fatal Error] :1:1: Premature end of file.
2026-08-23 23:55:20,346 [ERROR] LogOutputStream:75 - [STDERR_REDIRECT] 
2026-08-23 23:55:21,349 [ERROR] LogOutputStream:75 - [STDERR_REDIRECT] [Fatal Error] :1:1: Premature end of file.
2026-08-23 23:55:21,349 [ERROR] LogOutputStream:75 - [STDERR_REDIRECT] 
2026-08-23 23:55:22,335 [ERROR] LogOutputStream:75 - [STDERR_REDIRECT] [Fatal Error] :1:1: Premature end of file.
2026-08-23 23:55:22,336 [ERROR] LogOutputStream:75 - [STDERR_REDIRECT] 
2026-08-23 23:55:23,345 [ERROR] LogOutputStream:75 - [STDERR_REDIRECT] [Fatal Error] :1:1: Premature end of file.
2026-08-23 23:55:23,345 [ERROR] LogOutputStream:75 - [STDERR_REDIRECT] 
2026-08-23 23:55:24,350 [ERROR] LogOutputStream:75 - [STDERR_REDIRECT] [Fatal Error] :1:1: Premature end of file.
2026-08-23 23:55:24,350 [ERROR] LogOutputStream:75 - [STDERR_REDIRECT] 
2026-08-23 23:55:25,335 [ERROR] LogOutputStream:75 - [STDERR_REDIRECT] [Fatal Error] :1:1: Premature end of file.
2026-08-23 23:55:25,335 [ERROR] LogOutputStream:75 - [STDERR_REDIRECT] 
2026-08-23 23:55:26,336 [ERROR] LogOutputStream:75 - [STDERR_REDIRECT] [Fatal Error] :1:1: Premature end of file.
2026-08-23 23:55:26,336 [ERROR] LogOutputStream:75 - [STDERR_REDIRECT] 
2026-08-23 23:55:27,356 [ERROR] LogOutputStream:75 - [STDERR_REDIRECT] [Fatal Error] :1:1: Premature end of file.
2026-08-23 23:55:27,356 [ERROR] LogOutputStream:75 - [STDERR_REDIRECT] 
2026-08-23 23:55:28,341 [ERROR] LogOutputStream:75 - [STDERR_REDIRECT] [Fatal Error] :1:1: Premature end of file.
2026-08-23 23:55:28,341 [ERROR] LogOutputStream:75 - [STDERR_REDIRECT] 
2026-08-23 23:55:29,355 [ERROR] LogOutputStream:75 - [STDERR_REDIRECT] [Fatal Error] :1:1: Premature end of file.
2026-08-23 23:55:29,355 [ERROR] LogOutputStream:75 - [STDERR_REDIRECT] 
2026-08-23 23:55:30,349 [ERROR] LogOutputStream:75 - [STDERR_REDIRECT] [Fatal Error] :1:1: Premature end of file.
2026-08-23 23:55:30,349 [ERROR] LogOutputStream:75 - [STDERR_REDIRECT] 
2026-08-23 23:55:31,330 [ERROR] LogOutputStream:75 - [STDERR_REDIRECT] [Fatal Error] :1:1: Premature end of file.
2026-08-23 23:55:31,330 [ERROR] LogOutputStream:75 - [STDERR_REDIRECT] 
2026-08-23 23:55:32,329 [ERROR] LogOutputStream:75 - [STDERR_REDIRECT] [Fatal Error] :1:1: Premature end of file.
2026-08-23 23:55:32,329 [ERROR] LogOutputStream:75 - [STDERR_REDIRECT] 
2026-08-23 23:55:33,339 [ERROR] LogOutputStream:75 - [STDERR_REDIRECT] [Fatal Error] :1:1: Premature end of file.
2026-08-23 23:55:33,339 [ERROR] LogOutputStream:75 - [STDERR_REDIRECT] 
2026-08-23 23:55:34,334 [ERROR] LogOutputStream:75 - [STDERR_REDIRECT] [Fatal Error] :1:1: Premature end of file.
2026-08-23 23:55:34,334 [ERROR] LogOutputStream:75 - [STDERR_REDIRECT] 
2026-08-23 23:55:35,340 [ERROR] LogOutputStream:75 - [STDERR_REDIRECT] [Fatal Error] :1:1: Premature end of file.
2026-08-23 23:55:35,340 [ERROR] LogOutputStream:75 - [STDERR_REDIRECT] 
2026-08-23 23:55:36,335 [ERROR] LogOutputStream:75 - [STDERR_REDIRECT] [Fatal Error] :1:1: Premature end of file.
2026-08-23 23:55:36,335 [ERROR] LogOutputStream:75 - [STDERR_REDIRECT] 
2026-08-23 23:55:37,342 [ERROR] LogOutputStream:75 - [STDERR_REDIRECT] [Fatal Error] :1:1: Premature end of file.
2026-08-23 23:55:37,343 [ERROR] LogOutputStream:75 - [STDERR_REDIRECT] 
2026-08-23 23:55:38,347 [ERROR] LogOutputStream:75 - [STDERR_REDIRECT] [Fatal Error] :1:1: Premature end of file.
2026-08-23 23:55:38,347 [ERROR] LogOutputStream:75 - [STDERR_REDIRECT] 
2026-08-23 23:55:39,351 [ERROR] LogOutputStream:75 - [STDERR_REDIRECT] [Fatal Error] :1:1: Premature end of file.
2026-08-23 23:55:39,352 [ERROR] LogOutputStream:75 - [STDERR_REDIRECT] 
2026-08-23 23:55:40,346 [ERROR] LogOutputStream:75 - [STDERR_REDIRECT] [Fatal Error] :1:1: Premature end of file.
2026-08-23 23:55:40,346 [ERROR] LogOutputStream:75 - [STDERR_REDIRECT] 
2026-08-23 23:55:41,338 [ERROR] LogOutputStream:75 - [STDERR_REDIRECT] [Fatal Error] :1:1: Premature end of file.
2026-08-23 23:55:41,338 [ERROR] LogOutputStream:75 - [STDERR_REDIRECT] 
2026-08-23 23:55:42,337 [ERROR] LogOutputStream:75 - [STDERR_REDIRECT] [Fatal Error] :1:1: Premature end of file.
2026-08-23 23:55:42,337 [ERROR] LogOutputStream:75 - [STDERR_REDIRECT] 
2026-08-23 23:55:43,325 [ERROR] LogOutputStream:75 - [STDERR_REDIRECT] [Fatal Error] :1:1: Premature end of file.
2026-08-23 23:55:43,325 [ERROR] LogOutputStream:75 - [STDERR_REDIRECT] 
2026-08-23 23:55:44,335 [ERROR] LogOutputStream:75 - [STDERR_REDIRECT] [Fatal Error] :1:1: Premature end of file.
2026-08-23 23:55:44,335 [ERROR] LogOutputStream:75 - [STDERR_REDIRECT] 
2026-08-23 23:55:45,350 [ERROR] LogOutputStream:75 - [STDERR_REDIRECT] [Fatal Error] :1:1: Premature end of file.
2026-08-23 23:55:45,350 [ERROR] LogOutputStream:75 - [STDERR_REDIRECT] 
2026-08-23 23:55:46,325 [ERROR] LogOutputStream:75 - [STDERR_REDIRECT] [Fatal Error] :1:1: Premature end of file.
2026-08-23 23:55:46,325 [ERROR] LogOutputStream:75 - [STDERR_REDIRECT] 
2026-08-23 23:55:47,332 [ERROR] LogOutputStream:75 - [STDERR_REDIRECT] [Fatal Error] :1:1: Premature end of file.
2026-08-23 23:55:47,332 [ERROR] LogOutputStream:75 - [STDERR_REDIRECT] 
2026-08-23 23:55:48,339 [ERROR] LogOutputStream:75 - [STDERR_REDIRECT] [Fatal Error] :1:1: Premature end of file.
2026-08-23 23:55:48,339 [ERROR] LogOutputStream:75 - [STDERR_REDIRECT] 
2026-08-23 23:55:49,332 [ERROR] LogOutputStream:75 - [STDERR_REDIRECT] [Fatal Error] :1:1: Premature end of file.
2026-08-23 23:55:49,332 [ERROR] LogOutputStream:75 - [STDERR_REDIRECT] 
2026-08-23 23:55:50,338 [ERROR] LogOutputStream:75 - [STDERR_REDIRECT] [Fatal Error] :1:1: Premature end of file.
2026-08-23 23:55:50,338 [ERROR] LogOutputStream:75 - [STDERR_REDIRECT] 
2026-08-23 23:55:51,338 [ERROR] LogOutputStream:75 - [STDERR_REDIRECT] [Fatal Error] :1:1: Premature end of file.
2026-08-23 23:55:51,338 [ERROR] LogOutputStream:75 - [STDERR_REDIRECT] 
2026-08-23 23:55:52,341 [ERROR] LogOutputStream:75 - [STDERR_REDIRECT] [Fatal Error] :1:1: Premature end of file.
2026-08-23 23:55:52,341 [ERROR] LogOutputStream:75 - [STDERR_REDIRECT] 
2026-08-23 23:55:53,337 [ERROR] LogOutputStream:75 - [STDERR_REDIRECT] [Fatal Error] :1:1: Premature end of file.
2026-08-23 23:55:53,337 [ERROR] LogOutputStream:75 - [STDERR_REDIRECT] 
2026-08-23 23:55:54,336 [ERROR] LogOutputStream:75 - [STDERR_REDIRECT] [Fatal Error] :1:1: Premature end of file.
2026-08-23 23:55:54,336 [ERROR] LogOutputStream:75 - [STDERR_REDIRECT] 
2026-08-23 23:55:55,337 [ERROR] LogOutputStream:75 - [STDERR_REDIRECT] [Fatal Error] :1:1: Premature end of file.
2026-08-23 23:55:55,337 [ERROR] LogOutputStream:75 - [STDERR_REDIRECT] 
2026-08-23 23:55:56,330 [ERROR] LogOutputStream:75 - [STDERR_REDIRECT] [Fatal Error] :1:1: Premature end of file.
2026-08-23 23:55:56,336 [ERROR] LogOutputStream:75 - [STDERR_REDIRECT] 
2026-08-23 23:55:57,336 [ERROR] LogOutputStream:75 - [STDERR_REDIRECT] [Fatal Error] :1:1: Premature end of file.
2026-08-23 23:55:57,336 [ERROR] LogOutputStream:75 - [STDERR_REDIRECT] 
2026-08-23 23:55:58,338 [ERROR] LogOutputStream:75 - [STDERR_REDIRECT] [Fatal Error] :1:1: Premature end of file.
2026-08-23 23:55:58,338 [ERROR] LogOutputStream:75 - [STDERR_REDIRECT] 
2026-08-23 23:55:59,337 [ERROR] LogOutputStream:75 - [STDERR_REDIRECT] [Fatal Error] :1:1: Premature end of file.
2026-08-23 23:55:59,338 [ERROR] LogOutputStream:75 - [STDERR_REDIRECT] 
2026-08-23 23:56:00,351 [ERROR] LogOutputStream:75 - [STDERR_REDIRECT] [Fatal Error] :1:1: Premature end of file.
2026-08-23 23:56:00,351 [ERROR] LogOutputStream:75 - [STDERR_REDIRECT] 
2026-08-23 23:56:01,353 [ERROR] LogOutputStream:75 - [STDERR_REDIRECT] [Fatal Error] :1:1: Premature end of file.
2026-08-23 23:56:01,354 [ERROR] LogOutputStream:75 - [STDERR_REDIRECT] 
2026-08-23 23:56:02,340 [ERROR] LogOutputStream:75 - [STDERR_REDIRECT] [Fatal Error] :1:1: Premature end of file.
2026-08-23 23:56:02,340 [ERROR] LogOutputStream:75 - [STDERR_REDIRECT] 
2026-08-23 23:56:03,338 [ERROR] LogOutputStream:75 - [STDERR_REDIRECT] [Fatal Error] :1:1: Premature end of file.
2026-08-23 23:56:03,338 [ERROR] LogOutputStream:75 - [STDERR_REDIRECT] 
2026-08-23 23:56:04,348 [ERROR] LogOutputStream:75 - [STDERR_REDIRECT] [Fatal Error] :1:1: Premature end of file.
2026-08-23 23:56:04,348 [ERROR] LogOutputStream:75 - [STDERR_REDIRECT] 
2026-08-23 23:56:05,335 [ERROR] LogOutputStream:75 - [STDERR_REDIRECT] [Fatal Error] :1:1: Premature end of file.
2026-08-23 23:56:05,335 [ERROR] LogOutputStream:75 - [STDERR_REDIRECT] 
2026-08-23 23:56:06,345 [ERROR] LogOutputStream:75 - [STDERR_REDIRECT] [Fatal Error] :1:1: Premature end of file.
2026-08-23 23:56:06,345 [ERROR] LogOutputStream:75 - [STDERR_REDIRECT] 
2026-08-23 23:56:07,345 [ERROR] LogOutputStream:75 - [STDERR_REDIRECT] [Fatal Error] :1:1: Premature end of file.
2026-08-23 23:56:07,345 [ERROR] LogOutputStream:75 - [STDERR_REDIRECT] 
2026-08-23 23:56:08,349 [ERROR] LogOutputStream:75 - [STDERR_REDIRECT] [Fatal Error] :1:1: Premature end of file.
2026-08-23 23:56:08,349 [ERROR] LogOutputStream:75 - [STDERR_REDIRECT] 
2026-08-23 23:56:09,337 [ERROR] LogOutputStream:75 - [STDERR_REDIRECT] [Fatal Error] :1:1: Premature end of file.
2026-08-23 23:56:09,337 [ERROR] LogOutputStream:75 - [STDERR_REDIRECT] 
2026-08-23 23:56:10,343 [ERROR] LogOutputStream:75 - [STDERR_REDIRECT] [Fatal Error] :1:1: Premature end of file.
2026-08-23 23:56:10,343 [ERROR] LogOutputStream:75 - [STDERR_REDIRECT] 
2026-08-23 23:56:11,331 [ERROR] LogOutputStream:75 - [STDERR_REDIRECT] [Fatal Error] :1:1: Premature end of file.
2026-08-23 23:56:11,331 [ERROR] LogOutputStream:75 - [STDERR_REDIRECT] 
2026-08-23 23:56:12,340 [ERROR] LogOutputStream:75 - [STDERR_REDIRECT] [Fatal Error] :1:1: Premature end of file.
2026-08-23 23:56:12,340 [ERROR] LogOutputStream:75 - [STDERR_REDIRECT] 
2026-08-23 23:56:13,328 [ERROR] LogOutputStream:75 - [STDERR_REDIRECT] [Fatal Error] :1:1: Premature end of file.
2026-08-23 23:56:13,328 [ERROR] LogOutputStream:75 - [STDERR_REDIRECT] 
2026-08-23 23:56:14,339 [ERROR] LogOutputStream:75 - [STDERR_REDIRECT] [Fatal Error] :1:1: Premature end of file.
2026-08-23 23:56:14,339 [ERROR] LogOutputStream:75 - [STDERR_REDIRECT] 
2026-08-23 23:56:15,325 [ERROR] LogOutputStream:75 - [STDERR_REDIRECT] [Fatal Error] :1:1: Premature end of file.
2026-08-23 23:56:15,325 [ERROR] LogOutputStream:75 - [STDERR_REDIRECT] 
2026-08-23 23:56:16,343 [ERROR] LogOutputStream:75 - [STDERR_REDIRECT] [Fatal Error] :1:1: Premature end of file.
2026-08-23 23:56:16,343 [ERROR] LogOutputStream:75 - [STDERR_REDIRECT] 
2026-08-23 23:56:17,349 [ERROR] LogOutputStream:75 - [STDERR_REDIRECT] [Fatal Error] :1:1: Premature end of file.
2026-08-23 23:56:17,349 [ERROR] LogOutputStream:75 - [STDERR_REDIRECT] 
2026-08-23 23:56:18,354 [ERROR] LogOutputStream:75 - [STDERR_REDIRECT] [Fatal Error] :1:1: Premature end of file.
2026-08-23 23:56:18,354 [ERROR] LogOutputStream:75 - [STDERR_REDIRECT] 
2026-08-23 23:56:19,342 [ERROR] LogOutputStream:75 - [STDERR_REDIRECT] [Fatal Error] :1:1: Premature end of file.
2026-08-23 23:56:19,342 [ERROR] LogOutputStream:75 - [STDERR_REDIRECT] 
2026-08-23 23:56:20,341 [ERROR] LogOutputStream:75 - [STDERR_REDIRECT] [Fatal Error] :1:1: Premature end of file.
2026-08-23 23:56:20,341 [ERROR] LogOutputStream:75 - [STDERR_REDIRECT] 
2026-08-23 23:56:21,337 [ERROR] LogOutputStream:75 - [STDERR_REDIRECT] [Fatal Error] :1:1: Premature end of file.
2026-08-23 23:56:21,337 [ERROR] LogOutputStream:75 - [STDERR_REDIRECT] 
2026-08-23 23:56:22,338 [ERROR] LogOutputStream:75 - [STDERR_REDIRECT] [Fatal Error] :1:1: Premature end of file.
2026-08-23 23:56:22,338 [ERROR] LogOutputStream:75 - [STDERR_REDIRECT] 
2026-08-23 23:56:23,343 [ERROR] LogOutputStream:75 - [STDERR_REDIRECT] [Fatal Error] :1:1: Premature end of file.
2026-08-23 23:56:23,343 [ERROR] LogOutputStream:75 - [STDERR_REDIRECT] 
2026-08-23 23:56:24,342 [ERROR] LogOutputStream:75 - [STDERR_REDIRECT] [Fatal Error] :1:1: Premature end of file.
2026-08-23 23:56:24,342 [ERROR] LogOutputStream:75 - [STDERR_REDIRECT] 
2026-08-23 23:56:25,343 [ERROR] LogOutputStream:75 - [STDERR_REDIRECT] [Fatal Error] :1:1: Premature end of file.
2026-08-23 23:56:25,343 [ERROR] LogOutputStream:75 - [STDERR_REDIRECT] 
2026-08-23 23:56:26,333 [ERROR] LogOutputStream:75 - [STDERR_REDIRECT] [Fatal Error] :1:1: Premature end of file.
2026-08-23 23:56:26,333 [ERROR] LogOutputStream:75 - [STDERR_REDIRECT] 
2026-08-23 23:56:27,350 [ERROR] LogOutputStream:75 - [STDERR_REDIRECT] [Fatal Error] :1:1: Premature end of file.
2026-08-23 23:56:27,350 [ERROR] LogOutputStream:75 - [STDERR_REDIRECT] 
2026-08-23 23:56:28,344 [ERROR] LogOutputStream:75 - [STDERR_REDIRECT] [Fatal Error] :1:1: Premature end of file.
2026-08-23 23:56:28,344 [ERROR] LogOutputStream:75 - [STDERR_REDIRECT] 
2026-08-23 23:56:29,332 [ERROR] LogOutputStream:75 - [STDERR_REDIRECT] [Fatal Error] :1:1: Premature end of file.
2026-08-23 23:56:29,332 [ERROR] LogOutputStream:75 - [STDERR_REDIRECT] 
2026-08-23 23:56:30,357 [ERROR] LogOutputStream:75 - [STDERR_REDIRECT] [Fatal Error] :1:1: Premature end of file.
2026-08-23 23:56:30,357 [ERROR] LogOutputStream:75 - [STDERR_REDIRECT] 
2026-08-23 23:56:31,346 [ERROR] LogOutputStream:75 - [STDERR_REDIRECT] [Fatal Error] :1:1: Premature end of file.
2026-08-23 23:56:31,346 [ERROR] LogOutputStream:75 - [STDERR_REDIRECT] 
2026-08-23 23:56:32,336 [ERROR] LogOutputStream:75 - [STDERR_REDIRECT] [Fatal Error] :1:1: Premature end of file.
2026-08-23 23:56:32,336 [ERROR] LogOutputStream:75 - [STDERR_REDIRECT] 
2026-08-23 23:56:33,336 [ERROR] LogOutputStream:75 - [STDERR_REDIRECT] [Fatal Error] :1:1: Premature end of file.
2026-08-23 23:56:33,336 [ERROR] LogOutputStream:75 - [STDERR_REDIRECT] 
2026-08-23 23:56:34,339 [ERROR] LogOutputStream:75 - [STDERR_REDIRECT] [Fatal Error] :1:1: Premature end of file.
2026-08-23 23:56:34,339 [ERROR] LogOutputStream:75 - [STDERR_REDIRECT] 
2026-08-23 23:56:35,329 [ERROR] LogOutputStream:75 - [STDERR_REDIRECT] [Fatal Error] :1:1: Premature end of file.
2026-08-23 23:56:35,329 [ERROR] LogOutputStream:75 - [STDERR_REDIRECT] 
2026-08-23 23:56:36,334 [ERROR] LogOutputStream:75 - [STDERR_REDIRECT] [Fatal Error] :1:1: Premature end of file.
2026-08-23 23:56:36,334 [ERROR] LogOutputStream:75 - [STDERR_REDIRECT] 
2026-08-23 23:56:37,333 [ERROR] LogOutputStream:75 - [STDERR_REDIRECT] [Fatal Error] :1:1: Premature end of file.
2026-08-23 23:56:37,333 [ERROR] LogOutputStream:75 - [STDERR_REDIRECT] 
2026-08-23 23:56:38,338 [ERROR] LogOutputStream:75 - [STDERR_REDIRECT] [Fatal Error] :1:1: Premature end of file.
2026-08-23 23:56:38,338 [ERROR] LogOutputStream:75 - [STDERR_REDIRECT] 
2026-08-23 23:56:39,340 [ERROR] LogOutputStream:75 - [STDERR_REDIRECT] [Fatal Error] :1:1: Premature end of file.
2026-08-23 23:56:39,340 [ERROR] LogOutputStream:75 - [STDERR_REDIRECT] 
2026-08-23 23:56:40,350 [ERROR] LogOutputStream:75 - [STDERR_REDIRECT] [Fatal Error] :1:1: Premature end of file.
2026-08-23 23:56:40,350 [ERROR] LogOutputStream:75 - [STDERR_REDIRECT] 
2026-08-23 23:56:41,355 [ERROR] LogOutputStream:75 - [STDERR_REDIRECT] [Fatal Error] :1:1: Premature end of file.
2026-08-23 23:56:41,355 [ERROR] LogOutputStream:75 - [STDERR_REDIRECT] 
2026-08-23 23:56:42,342 [ERROR] LogOutputStream:75 - [STDERR_REDIRECT] [Fatal Error] :1:1: Premature end of file.
2026-08-23 23:56:42,342 [ERROR] LogOutputStream:75 - [STDERR_REDIRECT] 
2026-08-23 23:56:43,335 [ERROR] LogOutputStream:75 - [STDERR_REDIRECT] [Fatal Error] :1:1: Premature end of file.
2026-08-23 23:56:43,335 [ERROR] LogOutputStream:75 - [STDERR_REDIRECT] 
2026-08-23 23:56:44,345 [ERROR] LogOutputStream:75 - [STDERR_REDIRECT] [Fatal Error] :1:1: Premature end of file.
2026-08-23 23:56:44,345 [ERROR] LogOutputStream:75 - [STDERR_REDIRECT] 
2026-08-23 23:56:45,339 [ERROR] LogOutputStream:75 - [STDERR_REDIRECT] [Fatal Error] :1:1: Premature end of file.
2026-08-23 23:56:45,339 [ERROR] LogOutputStream:75 - [STDERR_REDIRECT] 
2026-08-23 23:56:46,347 [ERROR] LogOutputStream:75 - [STDERR_REDIRECT] [Fatal Error] :1:1: Premature end of file.
2026-08-23 23:56:46,347 [ERROR] LogOutputStream:75 - [STDERR_REDIRECT] 
2026-08-23 23:56:47,352 [ERROR] LogOutputStream:75 - [STDERR_REDIRECT] [Fatal Error] :1:1: Premature end of file.
2026-08-23 23:56:47,352 [ERROR] LogOutputStream:75 - [STDERR_REDIRECT] 
2026-08-23 23:56:48,349 [ERROR] LogOutputStream:75 - [STDERR_REDIRECT] [Fatal Error] :1:1: Premature end of file.
2026-08-23 23:56:48,349 [ERROR] LogOutputStream:75 - [STDERR_REDIRECT] 
2026-08-23 23:56:49,325 [ERROR] LogOutputStream:75 - [STDERR_REDIRECT] [Fatal Error] :1:1: Premature end of file.
2026-08-23 23:56:49,325 [ERROR] LogOutputStream:75 - [STDERR_REDIRECT] 
2026-08-23 23:56:50,343 [ERROR] LogOutputStream:75 - [STDERR_REDIRECT] [Fatal Error] :1:1: Premature end of file.
2026-08-23 23:56:50,343 [ERROR] LogOutputStream:75 - [STDERR_REDIRECT] 
2026-08-23 23:56:51,340 [ERROR] LogOutputStream:75 - [STDERR_REDIRECT] [Fatal Error] :1:1: Premature end of file.
2026-08-23 23:56:51,340 [ERROR] LogOutputStream:75 - [STDERR_REDIRECT] 
2026-08-23 23:56:52,335 [ERROR] LogOutputStream:75 - [STDERR_REDIRECT] [Fatal Error] :1:1: Premature end of file.
2026-08-23 23:56:52,335 [ERROR] LogOutputStream:75 - [STDERR_REDIRECT] 
2026-08-23 23:56:53,329 [ERROR] LogOutputStream:75 - [STDERR_REDIRECT] [Fatal Error] :1:1: Premature end of file.
2026-08-23 23:56:53,329 [ERROR] LogOutputStream:75 - [STDERR_REDIRECT] 
2026-08-23 23:56:54,333 [ERROR] LogOutputStream:75 - [STDERR_REDIRECT] [Fatal Error] :1:1: Premature end of file.
2026-08-23 23:56:54,333 [ERROR] LogOutputStream:75 - [STDERR_REDIRECT] 
2026-08-23 23:56:55,334 [ERROR] LogOutputStream:75 - [STDERR_REDIRECT] [Fatal Error] :1:1: Premature end of file.
2026-08-23 23:56:55,334 [ERROR] LogOutputStream:75 - [STDERR_REDIRECT] 
2026-08-23 23:56:56,333 [ERROR] LogOutputStream:75 - [STDERR_REDIRECT] [Fatal Error] :1:1: Premature end of file.
2026-08-23 23:56:56,333 [ERROR] LogOutputStream:75 - [STDERR_REDIRECT] 
2026-08-23 23:56:57,325 [ERROR] LogOutputStream:75 - [STDERR_REDIRECT] [Fatal Error] :1:1: Premature end of file.
2026-08-23 23:56:57,325 [ERROR] LogOutputStream:75 - [STDERR_REDIRECT] 
2026-08-23 23:56:58,348 [ERROR] LogOutputStream:75 - [STDERR_REDIRECT] [Fatal Error] :1:1: Premature end of file.
2026-08-23 23:56:58,348 [ERROR] LogOutputStream:75 - [STDERR_REDIRECT] 
2026-08-23 23:56:59,343 [ERROR] LogOutputStream:75 - [STDERR_REDIRECT] [Fatal Error] :1:1: Premature end of file.
2026-08-23 23:56:59,343 [ERROR] LogOutputStream:75 - [STDERR_REDIRECT] 
2026-08-23 23:57:00,347 [ERROR] LogOutputStream:75 - [STDERR_REDIRECT] [Fatal Error] :1:1: Premature end of file.
2026-08-23 23:57:00,347 [ERROR] LogOutputStream:75 - [STDERR_REDIRECT] 
2026-08-23 23:57:01,346 [ERROR] LogOutputStream:75 - [STDERR_REDIRECT] [Fatal Error] :1:1: Premature end of file.
2026-08-23 23:57:01,346 [ERROR] LogOutputStream:75 - [STDERR_REDIRECT] 
2026-08-23 23:57:02,334 [ERROR] LogOutputStream:75 - [STDERR_REDIRECT] [Fatal Error] :1:1: Premature end of file.
2026-08-23 23:57:02,334 [ERROR] LogOutputStream:75 - [STDERR_REDIRECT] 
2026-08-23 23:57:03,337 [ERROR] LogOutputStream:75 - [STDERR_REDIRECT] [Fatal Error] :1:1: Premature end of file.
2026-08-23 23:57:03,337 [ERROR] LogOutputStream:75 - [STDERR_REDIRECT] 
2026-08-23 23:57:04,338 [ERROR] LogOutputStream:75 - [STDERR_REDIRECT] [Fatal Error] :1:1: Premature end of file.
2026-08-23 23:57:04,338 [ERROR] LogOutputStream:75 - [STDERR_REDIRECT] 
2026-08-23 23:57:05,336 [ERROR] LogOutputStream:75 - [STDERR_REDIRECT] [Fatal Error] :1:1: Premature end of file.
2026-08-23 23:57:05,336 [ERROR] LogOutputStream:75 - [STDERR_REDIRECT] 
2026-08-23 23:57:06,338 [ERROR] LogOutputStream:75 - [STDERR_REDIRECT] [Fatal Error] :1:1: Premature end of file.
2026-08-23 23:57:06,338 [ERROR] LogOutputStream:75 - [STDERR_REDIRECT] 
2026-08-23 23:57:07,332 [ERROR] LogOutputStream:75 - [STDERR_REDIRECT] [Fatal Error] :1:1: Premature end of file.
2026-08-23 23:57:07,332 [ERROR] LogOutputStream:75 - [STDERR_REDIRECT] 
2026-08-23 23:57:08,339 [ERROR] LogOutputStream:75 - [STDERR_REDIRECT] [Fatal Error] :1:1: Premature end of file.
2026-08-23 23:57:08,339 [ERROR] LogOutputStream:75 - [STDERR_REDIRECT] 
2026-08-23 23:57:09,336 [ERROR] LogOutputStream:75 - [STDERR_REDIRECT] [Fatal Error] :1:1: Premature end of file.
2026-08-23 23:57:09,336 [ERROR] LogOutputStream:75 - [STDERR_REDIRECT] 
2026-08-23 23:57:10,328 [ERROR] LogOutputStream:75 - [STDERR_REDIRECT] [Fatal Error] :1:1: Premature end of file.
2026-08-23 23:57:10,338 [ERROR] LogOutputStream:75 - [STDERR_REDIRECT] 
2026-08-23 23:57:11,338 [ERROR] LogOutputStream:75 - [STDERR_REDIRECT] [Fatal Error] :1:1: Premature end of file.
2026-08-23 23:57:11,338 [ERROR] LogOutputStream:75 - [STDERR_REDIRECT] 
2026-08-23 23:57:12,341 [ERROR] LogOutputStream:75 - [STDERR_REDIRECT] [Fatal Error] :1:1: Premature end of file.
2026-08-23 23:57:12,341 [ERROR] LogOutputStream:75 - [STDERR_REDIRECT] 
2026-08-23 23:57:13,332 [ERROR] LogOutputStream:75 - [STDERR_REDIRECT] [Fatal Error] :1:1: Premature end of file.
2026-08-23 23:57:13,332 [ERROR] LogOutputStream:75 - [STDERR_REDIRECT] 
2026-08-23 23:57:14,340 [ERROR] LogOutputStream:75 - [STDERR_REDIRECT] [Fatal Error] :1:1: Premature end of file.
2026-08-23 23:57:14,340 [ERROR] LogOutputStream:75 - [STDERR_REDIRECT] 
2026-08-23 23:57:15,348 [ERROR] LogOutputStream:75 - [STDERR_REDIRECT] [Fatal Error] :1:1: Premature end of file.
2026-08-23 23:57:15,348 [ERROR] LogOutputStream:75 - [STDERR_REDIRECT] 
2026-08-23 23:57:16,340 [ERROR] LogOutputStream:75 - [STDERR_REDIRECT] [Fatal Error] :1:1: Premature end of file.
2026-08-23 23:57:16,340 [ERROR] LogOutputStream:75 - [STDERR_REDIRECT] 
2026-08-23 23:57:17,345 [ERROR] LogOutputStream:75 - [STDERR_REDIRECT] [Fatal Error] :1:1: Premature end of file.
2026-08-23 23:57:17,345 [ERROR] LogOutputStream:75 - [STDERR_REDIRECT] 
2026-08-23 23:57:18,342 [ERROR] LogOutputStream:75 - [STDERR_REDIRECT] [Fatal Error] :1:1: Premature end of file.
2026-08-23 23:57:18,342 [ERROR] LogOutputStream:75 - [STDERR_REDIRECT] 
2026-08-23 23:57:19,341 [ERROR] LogOutputStream:75 - [STDERR_REDIRECT] [Fatal Error] :1:1: Premature end of file.
2026-08-23 23:57:19,341 [ERROR] LogOutputStream:75 - [STDERR_REDIRECT] 
2026-08-23 23:57:20,328 [ERROR] LogOutputStream:75 - [STDERR_REDIRECT] [Fatal Error] :1:1: Premature end of file.
2026-08-23 23:57:20,328 [ERROR] LogOutputStream:75 - [STDERR_REDIRECT] 
2026-08-23 23:57:21,338 [ERROR] LogOutputStream:75 - [STDERR_REDIRECT] [Fatal Error] :1:1: Premature end of file.
2026-08-23 23:57:21,339 [ERROR] LogOutputStream:75 - [STDERR_REDIRECT] 
2026-08-23 23:57:22,340 [ERROR] LogOutputStream:75 - [STDERR_REDIRECT] [Fatal Error] :1:1: Premature end of file.
2026-08-23 23:57:22,340 [ERROR] LogOutputStream:75 - [STDERR_REDIRECT] 
2026-08-23 23:57:23,350 [ERROR] LogOutputStream:75 - [STDERR_REDIRECT] [Fatal Error] :1:1: Premature end of file.
2026-08-23 23:57:23,350 [ERROR] LogOutputStream:75 - [STDERR_REDIRECT] 
2026-08-23 23:57:24,330 [ERROR] LogOutputStream:75 - [STDERR_REDIRECT] [Fatal Error] :1:1: Premature end of file.
2026-08-23 23:57:24,341 [ERROR] LogOutputStream:75 - [STDERR_REDIRECT] 
2026-08-23 23:57:25,341 [ERROR] LogOutputStream:75 - [STDERR_REDIRECT] [Fatal Error] :1:1: Premature end of file.
2026-08-23 23:57:25,341 [ERROR] LogOutputStream:75 - [STDERR_REDIRECT] 
2026-08-23 23:57:26,348 [ERROR] LogOutputStream:75 - [STDERR_REDIRECT] [Fatal Error] :1:1: Premature end of file.
2026-08-23 23:57:26,348 [ERROR] LogOutputStream:75 - [STDERR_REDIRECT] 
2026-08-23 23:57:27,345 [ERROR] LogOutputStream:75 - [STDERR_REDIRECT] [Fatal Error] :1:1: Premature end of file.
2026-08-23 23:57:27,345 [ERROR] LogOutputStream:75 - [STDERR_REDIRECT] 
2026-08-23 23:57:28,332 [ERROR] LogOutputStream:75 - [STDERR_REDIRECT] [Fatal Error] :1:1: Premature end of file.
2026-08-23 23:57:28,332 [ERROR] LogOutputStream:75 - [STDERR_REDIRECT] 
2026-08-23 23:57:29,351 [ERROR] LogOutputStream:75 - [STDERR_REDIRECT] [Fatal Error] :1:1: Premature end of file.
2026-08-23 23:57:29,351 [ERROR] LogOutputStream:75 - [STDERR_REDIRECT] 
2026-08-23 23:57:30,341 [ERROR] LogOutputStream:75 - [STDERR_REDIRECT] [Fatal Error] :1:1: Premature end of file.
2026-08-23 23:57:30,341 [ERROR] LogOutputStream:75 - [STDERR_REDIRECT] 
2026-08-23 23:57:31,335 [ERROR] LogOutputStream:75 - [STDERR_REDIRECT] [Fatal Error] :1:1: Premature end of file.
2026-08-23 23:57:31,335 [ERROR] LogOutputStream:75 - [STDERR_REDIRECT] 
2026-08-23 23:57:32,352 [ERROR] LogOutputStream:75 - [STDERR_REDIRECT] [Fatal Error] :1:1: Premature end of file.
2026-08-23 23:57:32,352 [ERROR] LogOutputStream:75 - [STDERR_REDIRECT] 
2026-08-23 23:57:33,334 [ERROR] LogOutputStream:75 - [STDERR_REDIRECT] [Fatal Error] :1:1: Premature end of file.
2026-08-23 23:57:33,334 [ERROR] LogOutputStream:75 - [STDERR_REDIRECT] 
2026-08-23 23:57:34,328 [ERROR] LogOutputStream:75 - [STDERR_REDIRECT] [Fatal Error] :1:1: Premature end of file.
2026-08-23 23:57:34,328 [ERROR] LogOutputStream:75 - [STDERR_REDIRECT] 
2026-08-23 23:57:35,333 [ERROR] LogOutputStream:75 - [STDERR_REDIRECT] [Fatal Error] :1:1: Premature end of file.
2026-08-23 23:57:35,333 [ERROR] LogOutputStream:75 - [STDERR_REDIRECT] 
2026-08-23 23:57:36,333 [ERROR] LogOutputStream:75 - [STDERR_REDIRECT] [Fatal Error] :1:1: Premature end of file.
2026-08-23 23:57:36,333 [ERROR] LogOutputStream:75 - [STDERR_REDIRECT] 
2026-08-23 23:57:37,347 [ERROR] LogOutputStream:75 - [STDERR_REDIRECT] [Fatal Error] :1:1: Premature end of file.
2026-08-23 23:57:37,347 [ERROR] LogOutputStream:75 - [STDERR_REDIRECT] 
2026-08-23 23:57:38,348 [ERROR] LogOutputStream:75 - [STDERR_REDIRECT] [Fatal Error] :1:1: Premature end of file.
2026-08-23 23:57:38,348 [ERROR] LogOutputStream:75 - [STDERR_REDIRECT] 
2026-08-23 23:57:39,328 [ERROR] LogOutputStream:75 - [STDERR_REDIRECT] [Fatal Error] :1:1: Premature end of file.
2026-08-23 23:57:39,328 [ERROR] LogOutputStream:75 - [STDERR_REDIRECT] 
2026-08-23 23:57:40,339 [ERROR] LogOutputStream:75 - [STDERR_REDIRECT] [Fatal Error] :1:1: Premature end of file.
2026-08-23 23:57:40,339 [ERROR] LogOutputStream:75 - [STDERR_REDIRECT] 
2026-08-23 23:57:41,346 [ERROR] LogOutputStream:75 - [STDERR_REDIRECT] [Fatal Error] :1:1: Premature end of file.
2026-08-23 23:57:41,346 [ERROR] LogOutputStream:75 - [STDERR_REDIRECT] 
2026-08-23 23:57:42,340 [ERROR] LogOutputStream:75 - [STDERR_REDIRECT] [Fatal Error] :1:1: Premature end of file.
2026-08-23 23:57:42,340 [ERROR] LogOutputStream:75 - [STDERR_REDIRECT] 
2026-08-23 23:57:43,342 [ERROR] LogOutputStream:75 - [STDERR_REDIRECT] [Fatal Error] :1:1: Premature end of file.
2026-08-23 23:57:43,342 [ERROR] LogOutputStream:75 - [STDERR_REDIRECT] 
2026-08-23 23:57:44,339 [ERROR] LogOutputStream:75 - [STDERR_REDIRECT] [Fatal Error] :1:1: Premature end of file.
2026-08-23 23:57:44,339 [ERROR] LogOutputStream:75 - [STDERR_REDIRECT] 
2026-08-23 23:57:45,341 [ERROR] LogOutputStream:75 - [STDERR_REDIRECT] [Fatal Error] :1:1: Premature end of file.
2026-08-23 23:57:45,342 [ERROR] LogOutputStream:75 - [STDERR_REDIRECT] 
2026-08-23 23:57:46,345 [ERROR] LogOutputStream:75 - [STDERR_REDIRECT] [Fatal Error] :1:1: Premature end of file.
2026-08-23 23:57:46,345 [ERROR] LogOutputStream:75 - [STDERR_REDIRECT] 
2026-08-23 23:57:47,341 [ERROR] LogOutputStream:75 - [STDERR_REDIRECT] [Fatal Error] :1:1: Premature end of file.
2026-08-23 23:57:47,341 [ERROR] LogOutputStream:75 - [STDERR_REDIRECT] 
2026-08-23 23:57:48,335 [ERROR] LogOutputStream:75 - [STDERR_REDIRECT] [Fatal Error] :1:1: Premature end of file.
2026-08-23 23:57:48,335 [ERROR] LogOutputStream:75 - [STDERR_REDIRECT] 
2026-08-23 23:57:49,351 [ERROR] LogOutputStream:75 - [STDERR_REDIRECT] [Fatal Error] :1:1: Premature end of file.
2026-08-23 23:57:49,351 [ERROR] LogOutputStream:75 - [STDERR_REDIRECT] 
2026-08-23 23:57:50,343 [ERROR] LogOutputStream:75 - [STDERR_REDIRECT] [Fatal Error] :1:1: Premature end of file.
2026-08-23 23:57:50,343 [ERROR] LogOutputStream:75 - [STDERR_REDIRECT] 
2026-08-23 23:57:51,339 [ERROR] LogOutputStream:75 - [STDERR_REDIRECT] [Fatal Error] :1:1: Premature end of file.
2026-08-23 23:57:51,339 [ERROR] LogOutputStream:75 - [STDERR_REDIRECT] 
2026-08-23 23:57:52,337 [ERROR] LogOutputStream:75 - [STDERR_REDIRECT] [Fatal Error] :1:1: Premature end of file.
2026-08-23 23:57:52,338 [ERROR] LogOutputStream:75 - [STDERR_REDIRECT] 
2026-08-23 23:57:53,337 [ERROR] LogOutputStream:75 - [STDERR_REDIRECT] [Fatal Error] :1:1: Premature end of file.
2026-08-23 23:57:53,337 [ERROR] LogOutputStream:75 - [STDERR_REDIRECT] 
2026-08-23 23:57:54,338 [ERROR] LogOutputStream:75 - [STDERR_REDIRECT] [Fatal Error] :1:1: Premature end of file.
2026-08-23 23:57:54,338 [ERROR] LogOutputStream:75 - [STDERR_REDIRECT] 
2026-08-23 23:57:55,339 [ERROR] LogOutputStream:75 - [STDERR_REDIRECT] [Fatal Error] :1:1: Premature end of file.
2026-08-23 23:57:55,339 [ERROR] LogOutputStream:75 - [STDERR_REDIRECT] 
2026-08-23 23:57:56,341 [ERROR] LogOutputStream:75 - [STDERR_REDIRECT] [Fatal Error] :1:1: Premature end of file.
2026-08-23 23:57:56,341 [ERROR] LogOutputStream:75 - [STDERR_REDIRECT] 
2026-08-23 23:57:57,360 [ERROR] LogOutputStream:75 - [STDERR_REDIRECT] [Fatal Error] :1:1: Premature end of file.
2026-08-23 23:57:57,360 [ERROR] LogOutputStream:75 - [STDERR_REDIRECT] 
2026-08-23 23:57:58,341 [ERROR] LogOutputStream:75 - [STDERR_REDIRECT] [Fatal Error] :1:1: Premature end of file.
2026-08-23 23:57:58,341 [ERROR] LogOutputStream:75 - [STDERR_REDIRECT] 
2026-08-23 23:57:59,358 [ERROR] LogOutputStream:75 - [STDERR_REDIRECT] [Fatal Error] :1:1: Premature end of file.
2026-08-23 23:57:59,358 [ERROR] LogOutputStream:75 - [STDERR_REDIRECT] 
2026-08-23 23:58:00,332 [ERROR] LogOutputStream:75 - [STDERR_REDIRECT] [Fatal Error] :1:1: Premature end of file.
2026-08-23 23:58:00,332 [ERROR] LogOutputStream:75 - [STDERR_REDIRECT] 
2026-08-23 23:58:01,357 [ERROR] LogOutputStream:75 - [STDERR_REDIRECT] [Fatal Error] :1:1: Premature end of file.
2026-08-23 23:58:01,357 [ERROR] LogOutputStream:75 - [STDERR_REDIRECT] 
2026-08-23 23:58:02,344 [ERROR] LogOutputStream:75 - [STDERR_REDIRECT] [Fatal Error] :1:1: Premature end of file.
2026-08-23 23:58:02,344 [ERROR] LogOutputStream:75 - [STDERR_REDIRECT] 
2026-08-23 23:58:03,338 [ERROR] LogOutputStream:75 - [STDERR_REDIRECT] [Fatal Error] :1:1: Premature end of file.
2026-08-23 23:58:03,338 [ERROR] LogOutputStream:75 - [STDERR_REDIRECT] 
2026-08-23 23:58:04,336 [ERROR] LogOutputStream:75 - [STDERR_REDIRECT] [Fatal Error] :1:1: Premature end of file.
2026-08-23 23:58:04,336 [ERROR] LogOutputStream:75 - [STDERR_REDIRECT] 
2026-08-23 23:58:05,341 [ERROR] LogOutputStream:75 - [STDERR_REDIRECT] [Fatal Error] :1:1: Premature end of file.
2026-08-23 23:58:05,341 [ERROR] LogOutputStream:75 - [STDERR_REDIRECT] 
2026-08-23 23:58:06,332 [ERROR] LogOutputStream:75 - [STDERR_REDIRECT] [Fatal Error] :1:1: Premature end of file.
2026-08-23 23:58:06,332 [ERROR] LogOutputStream:75 - [STDERR_REDIRECT] 
2026-08-23 23:58:07,346 [ERROR] LogOutputStream:75 - [STDERR_REDIRECT] [Fatal Error] :1:1: Premature end of file.
2026-08-23 23:58:07,346 [ERROR] LogOutputStream:75 - [STDERR_REDIRECT] 
2026-08-23 23:58:08,334 [ERROR] LogOutputStream:75 - [STDERR_REDIRECT] [Fatal Error] :1:1: Premature end of file.
2026-08-23 23:58:08,334 [ERROR] LogOutputStream:75 - [STDERR_REDIRECT] 
2026-08-23 23:58:09,357 [ERROR] LogOutputStream:75 - [STDERR_REDIRECT] [Fatal Error] :1:1: Premature end of file.
2026-08-23 23:58:09,357 [ERROR] LogOutputStream:75 - [STDERR_REDIRECT] 
2026-08-23 23:58:10,341 [ERROR] LogOutputStream:75 - [STDERR_REDIRECT] [Fatal Error] :1:1: Premature end of file.
2026-08-23 23:58:10,341 [ERROR] LogOutputStream:75 - [STDERR_REDIRECT] 
2026-08-23 23:58:11,340 [ERROR] LogOutputStream:75 - [STDERR_REDIRECT] [Fatal Error] :1:1: Premature end of file.
2026-08-23 23:58:11,340 [ERROR] LogOutputStream:75 - [STDERR_REDIRECT] 
2026-08-23 23:58:12,340 [ERROR] LogOutputStream:75 - [STDERR_REDIRECT] [Fatal Error] :1:1: Premature end of file.
2026-08-23 23:58:12,340 [ERROR] LogOutputStream:75 - [STDERR_REDIRECT] 
2026-08-23 23:58:13,340 [ERROR] LogOutputStream:75 - [STDERR_REDIRECT] [Fatal Error] :1:1: Premature end of file.
2026-08-23 23:58:13,340 [ERROR] LogOutputStream:75 - [STDERR_REDIRECT] 
2026-08-23 23:58:14,331 [ERROR] LogOutputStream:75 - [STDERR_REDIRECT] [Fatal Error] :1:1: Premature end of file.
2026-08-23 23:58:14,331 [ERROR] LogOutputStream:75 - [STDERR_REDIRECT] 
2026-08-23 23:58:15,337 [ERROR] LogOutputStream:75 - [STDERR_REDIRECT] [Fatal Error] :1:1: Premature end of file.
2026-08-23 23:58:15,337 [ERROR] LogOutputStream:75 - [STDERR_REDIRECT] 
2026-08-23 23:58:16,350 [ERROR] LogOutputStream:75 - [STDERR_REDIRECT] [Fatal Error] :1:1: Premature end of file.
2026-08-23 23:58:16,350 [ERROR] LogOutputStream:75 - [STDERR_REDIRECT] 
2026-08-23 23:58:17,339 [ERROR] LogOutputStream:75 - [STDERR_REDIRECT] [Fatal Error] :1:1: Premature end of file.
2026-08-23 23:58:17,339 [ERROR] LogOutputStream:75 - [STDERR_REDIRECT] 
2026-08-23 23:58:18,327 [ERROR] LogOutputStream:75 - [STDERR_REDIRECT] [Fatal Error] :1:1: Premature end of file.
2026-08-23 23:58:18,327 [ERROR] LogOutputStream:75 - [STDERR_REDIRECT] 
2026-08-23 23:58:19,332 [ERROR] LogOutputStream:75 - [STDERR_REDIRECT] [Fatal Error] :1:1: Premature end of file.
2026-08-23 23:58:19,332 [ERROR] LogOutputStream:75 - [STDERR_REDIRECT] 
2026-08-23 23:58:20,332 [ERROR] LogOutputStream:75 - [STDERR_REDIRECT] [Fatal Error] :1:1: Premature end of file.
2026-08-23 23:58:20,332 [ERROR] LogOutputStream:75 - [STDERR_REDIRECT] 
2026-08-23 23:58:21,341 [ERROR] LogOutputStream:75 - [STDERR_REDIRECT] [Fatal Error] :1:1: Premature end of file.
2026-08-23 23:58:21,341 [ERROR] LogOutputStream:75 - [STDERR_REDIRECT] 
2026-08-23 23:58:22,342 [ERROR] LogOutputStream:75 - [STDERR_REDIRECT] [Fatal Error] :1:1: Premature end of file.
2026-08-23 23:58:22,342 [ERROR] LogOutputStream:75 - [STDERR_REDIRECT] 
2026-08-23 23:58:23,338 [ERROR] LogOutputStream:75 - [STDERR_REDIRECT] [Fatal Error] :1:1: Premature end of file.
2026-08-23 23:58:23,338 [ERROR] LogOutputStream:75 - [STDERR_REDIRECT] 
2026-08-23 23:58:24,349 [ERROR] LogOutputStream:75 - [STDERR_REDIRECT] [Fatal Error] :1:1: Premature end of file.
2026-08-23 23:58:24,349 [ERROR] LogOutputStream:75 - [STDERR_REDIRECT] 
2026-08-23 23:58:25,339 [ERROR] LogOutputStream:75 - [STDERR_REDIRECT] [Fatal Error] :1:1: Premature end of file.
2026-08-23 23:58:25,339 [ERROR] LogOutputStream:75 - [STDERR_REDIRECT] 
2026-08-23 23:58:26,338 [ERROR] LogOutputStream:75 - [STDERR_REDIRECT] [Fatal Error] :1:1: Premature end of file.
2026-08-23 23:58:26,338 [ERROR] LogOutputStream:75 - [STDERR_REDIRECT] 
2026-08-23 23:58:27,350 [ERROR] LogOutputStream:75 - [STDERR_REDIRECT] [Fatal Error] :1:1: Premature end of file.
2026-08-23 23:58:27,350 [ERROR] LogOutputStream:75 - [STDERR_REDIRECT] 
2026-08-23 23:58:28,352 [ERROR] LogOutputStream:75 - [STDERR_REDIRECT] [Fatal Error] :1:1: Premature end of file.
2026-08-23 23:58:28,352 [ERROR] LogOutputStream:75 - [STDERR_REDIRECT] 
2026-08-23 23:58:29,324 [ERROR] LogOutputStream:75 - [STDERR_REDIRECT] [Fatal Error] :1:1: Premature end of file.
2026-08-23 23:58:29,324 [ERROR] LogOutputStream:75 - [STDERR_REDIRECT] 
2026-08-23 23:58:30,350 [ERROR] LogOutputStream:75 - [STDERR_REDIRECT] [Fatal Error] :1:1: Premature end of file.
2026-08-23 23:58:30,350 [ERROR] LogOutputStream:75 - [STDERR_REDIRECT] 
2026-08-23 23:58:31,325 [ERROR] LogOutputStream:75 - [STDERR_REDIRECT] [Fatal Error] :1:1: Premature end of file.
2026-08-23 23:58:31,325 [ERROR] LogOutputStream:75 - [STDERR_REDIRECT] 
2026-08-23 23:58:32,341 [ERROR] LogOutputStream:75 - [STDERR_REDIRECT] [Fatal Error] :1:1: Premature end of file.
2026-08-23 23:58:32,341 [ERROR] LogOutputStream:75 - [STDERR_REDIRECT] 
2026-08-23 23:58:33,334 [ERROR] LogOutputStream:75 - [STDERR_REDIRECT] [Fatal Error] :1:1: Premature end of file.
2026-08-23 23:58:33,334 [ERROR] LogOutputStream:75 - [STDERR_REDIRECT] 
2026-08-23 23:58:34,342 [ERROR] LogOutputStream:75 - [STDERR_REDIRECT] [Fatal Error] :1:1: Premature end of file.
2026-08-23 23:58:34,343 [ERROR] LogOutputStream:75 - [STDERR_REDIRECT] 
2026-08-23 23:58:35,673 [ERROR] LogOutputStream:75 - [STDERR_REDIRECT] [Fatal Error] :1:1: Premature end of file.
2026-08-23 23:58:35,677 [ERROR] LogOutputStream:75 - [STDERR_REDIRECT] 
2026-08-23 23:58:36,330 [ERROR] LogOutputStream:75 - [STDERR_REDIRECT] [Fatal Error] :1:1: Premature end of file.
2026-08-23 23:58:36,330 [ERROR] LogOutputStream:75 - [STDERR_REDIRECT] 
2026-08-23 23:58:37,343 [ERROR] LogOutputStream:75 - [STDERR_REDIRECT] [Fatal Error] :1:1: Premature end of file.
2026-08-23 23:58:37,343 [ERROR] LogOutputStream:75 - [STDERR_REDIRECT] 
2026-08-23 23:58:38,332 [ERROR] LogOutputStream:75 - [STDERR_REDIRECT] [Fatal Error] :1:1: Premature end of file.
2026-08-23 23:58:38,332 [ERROR] LogOutputStream:75 - [STDERR_REDIRECT] 
2026-08-23 23:58:39,337 [ERROR] LogOutputStream:75 - [STDERR_REDIRECT] [Fatal Error] :1:1: Premature end of file.
2026-08-23 23:58:39,337 [ERROR] LogOutputStream:75 - [STDERR_REDIRECT] 
2026-08-23 23:58:40,333 [ERROR] LogOutputStream:75 - [STDERR_REDIRECT] [Fatal Error] :1:1: Premature end of file.
2026-08-23 23:58:40,333 [ERROR] LogOutputStream:75 - [STDERR_REDIRECT] 
2026-08-23 23:58:41,341 [ERROR] LogOutputStream:75 - [STDERR_REDIRECT] [Fatal Error] :1:1: Premature end of file.
2026-08-23 23:58:41,341 [ERROR] LogOutputStream:75 - [STDERR_REDIRECT] 
2026-08-23 23:58:42,337 [ERROR] LogOutputStream:75 - [STDERR_REDIRECT] [Fatal Error] :1:1: Premature end of file.
2026-08-23 23:58:42,337 [ERROR] LogOutputStream:75 - [STDERR_REDIRECT] 
2026-08-23 23:58:43,338 [ERROR] LogOutputStream:75 - [STDERR_REDIRECT] [Fatal Error] :1:1: Premature end of file.
2026-08-23 23:58:43,338 [ERROR] LogOutputStream:75 - [STDERR_REDIRECT] 
2026-08-23 23:58:44,325 [ERROR] LogOutputStream:75 - [STDERR_REDIRECT] [Fatal Error] :1:1: Premature end of file.
2026-08-23 23:58:44,325 [ERROR] LogOutputStream:75 - [STDERR_REDIRECT] 
2026-08-23 23:58:45,338 [ERROR] LogOutputStream:75 - [STDERR_REDIRECT] [Fatal Error] :1:1: Premature end of file.
2026-08-23 23:58:45,338 [ERROR] LogOutputStream:75 - [STDERR_REDIRECT] 
2026-08-23 23:58:46,324 [ERROR] LogOutputStream:75 - [STDERR_REDIRECT] [Fatal Error] :1:1: Premature end of file.
2026-08-23 23:58:46,324 [ERROR] LogOutputStream:75 - [STDERR_REDIRECT] 
2026-08-23 23:58:47,340 [ERROR] LogOutputStream:75 - [STDERR_REDIRECT] [Fatal Error] :1:1: Premature end of file.
2026-08-23 23:58:47,340 [ERROR] LogOutputStream:75 - [STDERR_REDIRECT] 
2026-08-23 23:58:48,327 [ERROR] LogOutputStream:75 - [STDERR_REDIRECT] [Fatal Error] :1:1: Premature end of file.
2026-08-23 23:58:48,327 [ERROR] LogOutputStream:75 - [STDERR_REDIRECT] 
2026-08-23 23:58:49,335 [ERROR] LogOutputStream:75 - [STDERR_REDIRECT] [Fatal Error] :1:1: Premature end of file.
2026-08-23 23:58:49,335 [ERROR] LogOutputStream:75 - [STDERR_REDIRECT] 
2026-08-23 23:58:50,329 [ERROR] LogOutputStream:75 - [STDERR_REDIRECT] [Fatal Error] :1:1: Premature end of file.
2026-08-23 23:58:50,329 [ERROR] LogOutputStream:75 - [STDERR_REDIRECT] 
2026-08-23 23:58:51,337 [ERROR] LogOutputStream:75 - [STDERR_REDIRECT] [Fatal Error] :1:1: Premature end of file.
2026-08-23 23:58:51,337 [ERROR] LogOutputStream:75 - [STDERR_REDIRECT] 
2026-08-23 23:58:52,332 [ERROR] LogOutputStream:75 - [STDERR_REDIRECT] [Fatal Error] :1:1: Premature end of file.
2026-08-23 23:58:52,332 [ERROR] LogOutputStream:75 - [STDERR_REDIRECT] 
2026-08-23 23:58:53,332 [ERROR] LogOutputStream:75 - [STDERR_REDIRECT] [Fatal Error] :1:1: Premature end of file.
2026-08-23 23:58:53,332 [ERROR] LogOutputStream:75 - [STDERR_REDIRECT] 
2026-08-23 23:58:54,346 [ERROR] LogOutputStream:75 - [STDERR_REDIRECT] [Fatal Error] :1:1: Premature end of file.
2026-08-23 23:58:54,346 [ERROR] LogOutputStream:75 - [STDERR_REDIRECT] 
2026-08-23 23:58:55,344 [ERROR] LogOutputStream:75 - [STDERR_REDIRECT] [Fatal Error] :1:1: Premature end of file.
2026-08-23 23:58:55,344 [ERROR] LogOutputStream:75 - [STDERR_REDIRECT] 
2026-08-23 23:58:56,331 [ERROR] LogOutputStream:75 - [STDERR_REDIRECT] [Fatal Error] :1:1: Premature end of file.
2026-08-23 23:58:56,331 [ERROR] LogOutputStream:75 - [STDERR_REDIRECT] 
2026-08-23 23:58:57,337 [ERROR] LogOutputStream:75 - [STDERR_REDIRECT] [Fatal Error] :1:1: Premature end of file.
2026-08-23 23:58:57,337 [ERROR] LogOutputStream:75 - [STDERR_REDIRECT] 
2026-08-23 23:58:58,360 [ERROR] LogOutputStream:75 - [STDERR_REDIRECT] [Fatal Error] :1:1: Premature end of file.
2026-08-23 23:58:58,360 [ERROR] LogOutputStream:75 - [STDERR_REDIRECT] 
2026-08-23 23:58:59,353 [ERROR] LogOutputStream:75 - [STDERR_REDIRECT] [Fatal Error] :1:1: Premature end of file.
2026-08-23 23:58:59,353 [ERROR] LogOutputStream:75 - [STDERR_REDIRECT] 
2026-08-23 23:59:00,353 [ERROR] LogOutputStream:75 - [STDERR_REDIRECT] [Fatal Error] :1:1: Premature end of file.
2026-08-23 23:59:00,353 [ERROR] LogOutputStream:75 - [STDERR_REDIRECT] 
2026-08-23 23:59:01,344 [ERROR] LogOutputStream:75 - [STDERR_REDIRECT] [Fatal Error] :1:1: Premature end of file.
2026-08-23 23:59:01,344 [ERROR] LogOutputStream:75 - [STDERR_REDIRECT] 
2026-08-23 23:59:02,349 [ERROR] LogOutputStream:75 - [STDERR_REDIRECT] [Fatal Error] :1:1: Premature end of file.
2026-08-23 23:59:02,350 [ERROR] LogOutputStream:75 - [STDERR_REDIRECT] 
2026-08-23 23:59:03,353 [ERROR] LogOutputStream:75 - [STDERR_REDIRECT] [Fatal Error] :1:1: Premature end of file.
2026-08-23 23:59:03,353 [ERROR] LogOutputStream:75 - [STDERR_REDIRECT] 
2026-08-23 23:59:04,345 [ERROR] LogOutputStream:75 - [STDERR_REDIRECT] [Fatal Error] :1:1: Premature end of file.
2026-08-23 23:59:04,345 [ERROR] LogOutputStream:75 - [STDERR_REDIRECT] 
2026-08-23 23:59:05,351 [ERROR] LogOutputStream:75 - [STDERR_REDIRECT] [Fatal Error] :1:1: Premature end of file.
2026-08-23 23:59:05,351 [ERROR] LogOutputStream:75 - [STDERR_REDIRECT] 
2026-08-23 23:59:06,352 [ERROR] LogOutputStream:75 - [STDERR_REDIRECT] [Fatal Error] :1:1: Premature end of file.
2026-08-23 23:59:06,352 [ERROR] LogOutputStream:75 - [STDERR_REDIRECT] 
2026-08-23 23:59:07,342 [ERROR] LogOutputStream:75 - [STDERR_REDIRECT] [Fatal Error] :1:1: Premature end of file.
2026-08-23 23:59:07,342 [ERROR] LogOutputStream:75 - [STDERR_REDIRECT] 
2026-08-23 23:59:08,345 [ERROR] LogOutputStream:75 - [STDERR_REDIRECT] [Fatal Error] :1:1: Premature end of file.
2026-08-23 23:59:08,345 [ERROR] LogOutputStream:75 - [STDERR_REDIRECT] 
2026-08-23 23:59:09,348 [ERROR] LogOutputStream:75 - [STDERR_REDIRECT] [Fatal Error] :1:1: Premature end of file.
2026-08-23 23:59:09,348 [ERROR] LogOutputStream:75 - [STDERR_REDIRECT] 
2026-08-23 23:59:10,344 [ERROR] LogOutputStream:75 - [STDERR_REDIRECT] [Fatal Error] :1:1: Premature end of file.
2026-08-23 23:59:10,344 [ERROR] LogOutputStream:75 - [STDERR_REDIRECT] 
2026-08-23 23:59:11,331 [ERROR] LogOutputStream:75 - [STDERR_REDIRECT] [Fatal Error] :1:1: Premature end of file.
2026-08-23 23:59:11,331 [ERROR] LogOutputStream:75 - [STDERR_REDIRECT] 
2026-08-23 23:59:12,339 [ERROR] LogOutputStream:75 - [STDERR_REDIRECT] [Fatal Error] :1:1: Premature end of file.
2026-08-23 23:59:12,339 [ERROR] LogOutputStream:75 - [STDERR_REDIRECT] 
2026-08-23 23:59:13,329 [ERROR] LogOutputStream:75 - [STDERR_REDIRECT] [Fatal Error] :1:1: Premature end of file.
2026-08-23 23:59:13,329 [ERROR] LogOutputStream:75 - [STDERR_REDIRECT] 
2026-08-23 23:59:14,330 [ERROR] LogOutputStream:75 - [STDERR_REDIRECT] [Fatal Error] :1:1: Premature end of file.
2026-08-23 23:59:14,330 [ERROR] LogOutputStream:75 - [STDERR_REDIRECT] 
2026-08-23 23:59:15,338 [ERROR] LogOutputStream:75 - [STDERR_REDIRECT] [Fatal Error] :1:1: Premature end of file.
2026-08-23 23:59:15,338 [ERROR] LogOutputStream:75 - [STDERR_REDIRECT] 
2026-08-23 23:59:16,330 [ERROR] LogOutputStream:75 - [STDERR_REDIRECT] [Fatal Error] :1:1: Premature end of file.
2026-08-23 23:59:16,330 [ERROR] LogOutputStream:75 - [STDERR_REDIRECT] 
2026-08-23 23:59:17,332 [ERROR] LogOutputStream:75 - [STDERR_REDIRECT] [Fatal Error] :1:1: Premature end of file.
2026-08-23 23:59:17,332 [ERROR] LogOutputStream:75 - [STDERR_REDIRECT] 
2026-08-23 23:59:18,332 [ERROR] LogOutputStream:75 - [STDERR_REDIRECT] [Fatal Error] :1:1: Premature end of file.
2026-08-23 23:59:18,332 [ERROR] LogOutputStream:75 - [STDERR_REDIRECT] 
2026-08-23 23:59:19,328 [ERROR] LogOutputStream:75 - [STDERR_REDIRECT] [Fatal Error] :1:1: Premature end of file.
2026-08-23 23:59:19,328 [ERROR] LogOutputStream:75 - [STDERR_REDIRECT] 
2026-08-23 23:59:20,349 [ERROR] LogOutputStream:75 - [STDERR_REDIRECT] [Fatal Error] :1:1: Premature end of file.
2026-08-23 23:59:20,350 [ERROR] LogOutputStream:75 - [STDERR_REDIRECT] 
2026-08-23 23:59:21,346 [ERROR] LogOutputStream:75 - [STDERR_REDIRECT] [Fatal Error] :1:1: Premature end of file.
2026-08-23 23:59:21,346 [ERROR] LogOutputStream:75 - [STDERR_REDIRECT] 
2026-08-23 23:59:22,348 [ERROR] LogOutputStream:75 - [STDERR_REDIRECT] [Fatal Error] :1:1: Premature end of file.
2026-08-23 23:59:22,348 [ERROR] LogOutputStream:75 - [STDERR_REDIRECT] 
2026-08-23 23:59:23,336 [ERROR] LogOutputStream:75 - [STDERR_REDIRECT] [Fatal Error] :1:1: Premature end of file.
2026-08-23 23:59:23,336 [ERROR] LogOutputStream:75 - [STDERR_REDIRECT] 
2026-08-23 23:59:24,355 [ERROR] LogOutputStream:75 - [STDERR_REDIRECT] [Fatal Error] :1:1: Premature end of file.
2026-08-23 23:59:24,356 [ERROR] LogOutputStream:75 - [STDERR_REDIRECT] 
2026-08-23 23:59:25,339 [ERROR] LogOutputStream:75 - [STDERR_REDIRECT] [Fatal Error] :1:1: Premature end of file.
2026-08-23 23:59:25,339 [ERROR] LogOutputStream:75 - [STDERR_REDIRECT] 
2026-08-23 23:59:26,335 [ERROR] LogOutputStream:75 - [STDERR_REDIRECT] [Fatal Error] :1:1: Premature end of file.
2026-08-23 23:59:26,335 [ERROR] LogOutputStream:75 - [STDERR_REDIRECT] 
2026-08-23 23:59:27,346 [ERROR] LogOutputStream:75 - [STDERR_REDIRECT] [Fatal Error] :1:1: Premature end of file.
2026-08-23 23:59:27,346 [ERROR] LogOutputStream:75 - [STDERR_REDIRECT] 
2026-08-23 23:59:28,334 [ERROR] LogOutputStream:75 - [STDERR_REDIRECT] [Fatal Error] :1:1: Premature end of file.
2026-08-23 23:59:28,334 [ERROR] LogOutputStream:75 - [STDERR_REDIRECT] 
2026-08-23 23:59:29,334 [ERROR] LogOutputStream:75 - [STDERR_REDIRECT] [Fatal Error] :1:1: Premature end of file.
2026-08-23 23:59:29,334 [ERROR] LogOutputStream:75 - [STDERR_REDIRECT] 
2026-08-23 23:59:30,338 [ERROR] LogOutputStream:75 - [STDERR_REDIRECT] [Fatal Error] :1:1: Premature end of file.
2026-08-23 23:59:30,338 [ERROR] LogOutputStream:75 - [STDERR_REDIRECT] 
2026-08-23 23:59:31,343 [ERROR] LogOutputStream:75 - [STDERR_REDIRECT] [Fatal Error] :1:1: Premature end of file.
2026-08-23 23:59:31,343 [ERROR] LogOutputStream:75 - [STDERR_REDIRECT] 
2026-08-23 23:59:32,340 [ERROR] LogOutputStream:75 - [STDERR_REDIRECT] [Fatal Error] :1:1: Premature end of file.
2026-08-23 23:59:32,341 [ERROR] LogOutputStream:75 - [STDERR_REDIRECT] 
2026-08-23 23:59:33,345 [ERROR] LogOutputStream:75 - [STDERR_REDIRECT] [Fatal Error] :1:1: Premature end of file.
2026-08-23 23:59:33,345 [ERROR] LogOutputStream:75 - [STDERR_REDIRECT] 
2026-08-23 23:59:34,340 [ERROR] LogOutputStream:75 - [STDERR_REDIRECT] [Fatal Error] :1:1: Premature end of file.
2026-08-23 23:59:34,340 [ERROR] LogOutputStream:75 - [STDERR_REDIRECT] 
2026-08-23 23:59:35,353 [ERROR] LogOutputStream:75 - [STDERR_REDIRECT] [Fatal Error] :1:1: Premature end of file.
2026-08-23 23:59:35,353 [ERROR] LogOutputStream:75 - [STDERR_REDIRECT] 
2026-08-23 23:59:36,338 [ERROR] LogOutputStream:75 - [STDERR_REDIRECT] [Fatal Error] :1:1: Premature end of file.
2026-08-23 23:59:36,338 [ERROR] LogOutputStream:75 - [STDERR_REDIRECT] 
2026-08-23 23:59:37,351 [ERROR] LogOutputStream:75 - [STDERR_REDIRECT] [Fatal Error] :1:1: Premature end of file.
2026-08-23 23:59:37,351 [ERROR] LogOutputStream:75 - [STDERR_REDIRECT] 
2026-08-23 23:59:38,339 [ERROR] LogOutputStream:75 - [STDERR_REDIRECT] [Fatal Error] :1:1: Premature end of file.
2026-08-23 23:59:38,339 [ERROR] LogOutputStream:75 - [STDERR_REDIRECT] 
2026-08-23 23:59:39,337 [ERROR] LogOutputStream:75 - [STDERR_REDIRECT] [Fatal Error] :1:1: Premature end of file.
2026-08-23 23:59:39,337 [ERROR] LogOutputStream:75 - [STDERR_REDIRECT] 
2026-08-23 23:59:40,335 [ERROR] LogOutputStream:75 - [STDERR_REDIRECT] [Fatal Error] :1:1: Premature end of file.
2026-08-23 23:59:40,335 [ERROR] LogOutputStream:75 - [STDERR_REDIRECT] 
2026-08-23 23:59:41,358 [ERROR] LogOutputStream:75 - [STDERR_REDIRECT] [Fatal Error] :1:1: Premature end of file.
2026-08-23 23:59:41,359 [ERROR] LogOutputStream:75 - [STDERR_REDIRECT] 
2026-08-23 23:59:42,347 [ERROR] LogOutputStream:75 - [STDERR_REDIRECT] [Fatal Error] :1:1: Premature end of file.
2026-08-23 23:59:42,347 [ERROR] LogOutputStream:75 - [STDERR_REDIRECT] 
2026-08-23 23:59:43,350 [ERROR] LogOutputStream:75 - [STDERR_REDIRECT] [Fatal Error] :1:1: Premature end of file.
2026-08-23 23:59:43,350 [ERROR] LogOutputStream:75 - [STDERR_REDIRECT] 
2026-08-23 23:59:44,351 [ERROR] LogOutputStream:75 - [STDERR_REDIRECT] [Fatal Error] :1:1: Premature end of file.
2026-08-23 23:59:44,351 [ERROR] LogOutputStream:75 - [STDERR_REDIRECT] 
2026-08-23 23:59:45,349 [ERROR] LogOutputStream:75 - [STDERR_REDIRECT] [Fatal Error] :1:1: Premature end of file.
2026-08-23 23:59:45,349 [ERROR] LogOutputStream:75 - [STDERR_REDIRECT] 
2026-08-23 23:59:46,345 [ERROR] LogOutputStream:75 - [STDERR_REDIRECT] [Fatal Error] :1:1: Premature end of file.
2026-08-23 23:59:46,345 [ERROR] LogOutputStream:75 - [STDERR_REDIRECT] 
2026-08-23 23:59:47,352 [ERROR] LogOutputStream:75 - [STDERR_REDIRECT] [Fatal Error] :1:1: Premature end of file.
2026-08-23 23:59:47,352 [ERROR] LogOutputStream:75 - [STDERR_REDIRECT] 
2026-08-23 23:59:48,334 [ERROR] LogOutputStream:75 - [STDERR_REDIRECT] [Fatal Error] :1:1: Premature end of file.
2026-08-23 23:59:48,334 [ERROR] LogOutputStream:75 - [STDERR_REDIRECT] 
2026-08-23 23:59:49,352 [ERROR] LogOutputStream:75 - [STDERR_REDIRECT] [Fatal Error] :1:1: Premature end of file.
2026-08-23 23:59:49,352 [ERROR] LogOutputStream:75 - [STDERR_REDIRECT] 
2026-08-23 23:59:50,356 [ERROR] LogOutputStream:75 - [STDERR_REDIRECT] [Fatal Error] :1:1: Premature end of file.
2026-08-23 23:59:50,356 [ERROR] LogOutputStream:75 - [STDERR_REDIRECT] 
2026-08-23 23:59:51,331 [ERROR] LogOutputStream:75 - [STDERR_REDIRECT] [Fatal Error] :1:1: Premature end of file.
2026-08-23 23:59:51,331 [ERROR] LogOutputStream:75 - [STDERR_REDIRECT] 
2026-08-23 23:59:52,353 [ERROR] LogOutputStream:75 - [STDERR_REDIRECT] [Fatal Error] :1:1: Premature end of file.
2026-08-23 23:59:52,353 [ERROR] LogOutputStream:75 - [STDERR_REDIRECT] 
2026-08-23 23:59:53,340 [ERROR] LogOutputStream:75 - [STDERR_REDIRECT] [Fatal Error] :1:1: Premature end of file.
2026-08-23 23:59:53,340 [ERROR] LogOutputStream:75 - [STDERR_REDIRECT] 
2026-08-23 23:59:54,349 [ERROR] LogOutputStream:75 - [STDERR_REDIRECT] [Fatal Error] :1:1: Premature end of file.
2026-08-23 23:59:54,349 [ERROR] LogOutputStream:75 - [STDERR_REDIRECT] 
2026-08-23 23:59:55,361 [ERROR] LogOutputStream:75 - [STDERR_REDIRECT] [Fatal Error] :1:1: Premature end of file.
2026-08-23 23:59:55,361 [ERROR] LogOutputStream:75 - [STDERR_REDIRECT] 
2026-08-23 23:59:56,328 [ERROR] LogOutputStream:75 - [STDERR_REDIRECT] [Fatal Error] :1:1: Premature end of file.
2026-08-23 23:59:56,328 [ERROR] LogOutputStream:75 - [STDERR_REDIRECT] 
2026-08-23 23:59:57,337 [ERROR] LogOutputStream:75 - [STDERR_REDIRECT] [Fatal Error] :1:1: Premature end of file.
2026-08-23 23:59:57,337 [ERROR] LogOutputStream:75 - [STDERR_REDIRECT] 
2026-08-23 23:59:58,340 [ERROR] LogOutputStream:75 - [STDERR_REDIRECT] [Fatal Error] :1:1: Premature end of file.
2026-08-23 23:59:58,340 [ERROR] LogOutputStream:75 - [STDERR_REDIRECT] 
2026-08-23 23:59:59,339 [ERROR] LogOutputStream:75 - [STDERR_REDIRECT] [Fatal Error] :1:1: Premature end of file.
2026-08-23 23:59:59,339 [ERROR] LogOutputStream:75 - [STDERR_REDIRECT] 
