2026-06-29 16:14:40,340 [INFO] Activator:176 - 


2026-06-29 16:14:40,346 [INFO] Activator:177 - !SESSION log4j initialized
2026-06-29 16:14:48,469 [INFO] LogOutputStream:77 - [STDOUT_REDIRECT] 
2026-06-29 16:14:50,973 [ERROR] LogOutputStream:75 - [STDERR_REDIRECT] [Fatal Error] :1:1: Fin prématurée du fichier.
2026-06-29 16:14:50,975 [ERROR] LogOutputStream:75 - [STDERR_REDIRECT] 
2026-06-29 16:14:51,836 [INFO] ApplicationProperties:184 - Using Application install path: C:\ST\STM32CubeIDE_1.18.0\STM32CubeIDE\plugins\com.st.stm32cube.common.mx_6.15.0.202507011659
2026-06-29 16:14:51,863 [INFO] McuFinderGlobals:63 - Set McuFinder mode to 2 (CubeIDE integrated)
2026-06-29 16:14:51,876 [ERROR] LogOutputStream:75 - [STDERR_REDIRECT] [Fatal Error] :1:1: Fin prématurée du fichier.
2026-06-29 16:14:51,877 [ERROR] LogOutputStream:75 - [STDERR_REDIRECT] 
2026-06-29 16:14:51,897 [INFO] DbMcusXml:78 - Set database path to: C:\ST\STM32CubeIDE_1.18.0\STM32CubeIDE\plugins\com.st.stm32cube.common.mx_6.15.0.202507011659\\db\/mcu/
2026-06-29 16:14:51,898 [INFO] ApiDb:274 - Set plugin database path to: C:\ST\STM32CubeIDE_1.18.0\STM32CubeIDE\plugins\com.st.stm32cube.common.mx_6.15.0.202507011659\\db\/plugins/boardmanager/
2026-06-29 16:14:51,899 [WARN] ApiDb:259 - Overriding images path with different value:  => C:\ST\STM32CubeIDE_1.18.0\STM32CubeIDE\plugins\com.st.stm32cube.common.mx_6.15.0.202507011659\\db\/plugins/mcufinder/images/
2026-06-29 16:14:51,914 [INFO] ApiDb:250 - Set database path to: C:\Users\Mowibox\.stmcufinder\plugins\mcufinder//mcu/
2026-06-29 16:14:51,916 [INFO] DbMcusAds:125 - Set database path to: C:\Users\Mowibox\.stmcufinder\plugins\mcufinder//mcu/
2026-06-29 16:14:51,919 [INFO] CrossReferenceDbSqlite:203 - Set database path to: C:\Users\Mowibox\.stmcufinder\plugins\mcufinder//mcu/cs/
2026-06-29 16:14:52,052 [INFO] RulesReader:64 - Compatibility file has been processed (317 Rules)
2026-06-29 16:14:52,171 [INFO] DbMcusXml:78 - Set database path to: C:\ST\STM32CubeIDE_1.18.0\STM32CubeIDE\plugins\com.st.stm32cube.common.mx_6.15.0.202507011659\\db\/mcu/
2026-06-29 16:14:52,172 [INFO] ApiDb:274 - Set plugin database path to: C:\ST\STM32CubeIDE_1.18.0\STM32CubeIDE\plugins\com.st.stm32cube.common.mx_6.15.0.202507011659\\db\/plugins/boardmanager/
2026-06-29 16:14:52,172 [INFO] ApiDb:261 - Set plugin images path to: C:\ST\STM32CubeIDE_1.18.0\STM32CubeIDE\plugins\com.st.stm32cube.common.mx_6.15.0.202507011659\\db\/plugins/mcufinder/images/
2026-06-29 16:14:52,172 [WARN] DbFile:41 - Overriding database path with different value: C:\Users\Mowibox\.stmcufinder\plugins\mcufinder/ => C:\Users\Mowibox\.stmcufinder\plugins\mcufinder
2026-06-29 16:14:52,172 [INFO] ApiDb:250 - Set database path to: C:\Users\Mowibox\.stmcufinder\plugins\mcufinder//mcu/
2026-06-29 16:14:52,172 [WARN] DbFile:41 - Overriding database path with different value: C:\Users\Mowibox\.stmcufinder\plugins\mcufinder/ => C:\Users\Mowibox\.stmcufinder\plugins\mcufinder
2026-06-29 16:14:52,172 [INFO] DbMcusAds:125 - Set database path to: C:\Users\Mowibox\.stmcufinder\plugins\mcufinder//mcu/
2026-06-29 16:14:52,172 [WARN] DbFile:41 - Overriding database path with different value: C:\Users\Mowibox\.stmcufinder\plugins\mcufinder/ => C:\Users\Mowibox\.stmcufinder\plugins\mcufinder
2026-06-29 16:14:52,172 [WARN] DbFile:41 - Overriding database path with different value: C:\Users\Mowibox\.stmcufinder\plugins\mcufinder/ => C:\Users\Mowibox\.stmcufinder\plugins\mcufinder
2026-06-29 16:14:52,172 [INFO] CrossReferenceDbSqlite:203 - Set database path to: C:\Users\Mowibox\.stmcufinder\plugins\mcufinder//mcu/cs/
2026-06-29 16:14:52,272 [INFO] MainPanel:274 - HeapMemory: 268435456
2026-06-29 16:14:52,402 [INFO] DbMcusXml:78 - Set database path to: C:\ST\STM32CubeIDE_1.18.0\STM32CubeIDE\plugins\com.st.stm32cube.common.mx_6.15.0.202507011659\\db\/mcu/
2026-06-29 16:14:52,402 [INFO] ApiDb:274 - Set plugin database path to: C:\ST\STM32CubeIDE_1.18.0\STM32CubeIDE\plugins\com.st.stm32cube.common.mx_6.15.0.202507011659\\db\/plugins/boardmanager/
2026-06-29 16:14:52,402 [INFO] ApiDb:261 - Set plugin images path to: C:\ST\STM32CubeIDE_1.18.0\STM32CubeIDE\plugins\com.st.stm32cube.common.mx_6.15.0.202507011659\\db\/plugins/mcufinder/images/
2026-06-29 16:14:52,402 [WARN] DbFile:41 - Overriding database path with different value: C:\Users\Mowibox\.stmcufinder\plugins\mcufinder/ => C:\Users\Mowibox\.stmcufinder\plugins\mcufinder
2026-06-29 16:14:52,402 [INFO] ApiDb:250 - Set database path to: C:\Users\Mowibox\.stmcufinder\plugins\mcufinder//mcu/
2026-06-29 16:14:52,402 [WARN] DbFile:41 - Overriding database path with different value: C:\Users\Mowibox\.stmcufinder\plugins\mcufinder/ => C:\Users\Mowibox\.stmcufinder\plugins\mcufinder
2026-06-29 16:14:52,403 [INFO] DbMcusAds:125 - Set database path to: C:\Users\Mowibox\.stmcufinder\plugins\mcufinder//mcu/
2026-06-29 16:14:52,403 [WARN] DbFile:41 - Overriding database path with different value: C:\Users\Mowibox\.stmcufinder\plugins\mcufinder/ => C:\Users\Mowibox\.stmcufinder\plugins\mcufinder
2026-06-29 16:14:52,403 [WARN] DbFile:41 - Overriding database path with different value: C:\Users\Mowibox\.stmcufinder\plugins\mcufinder/ => C:\Users\Mowibox\.stmcufinder\plugins\mcufinder
2026-06-29 16:14:52,403 [INFO] CrossReferenceDbSqlite:203 - Set database path to: C:\Users\Mowibox\.stmcufinder\plugins\mcufinder//mcu/cs/
2026-06-29 16:14:52,423 [INFO] ApplicationProperties:184 - Using Application install path: C:\ST\STM32CubeIDE_1.18.0\STM32CubeIDE\plugins\com.st.stm32cube.common.mx_6.15.0.202507011659
2026-06-29 16:14:52,424 [INFO] PluginManage:196 - Search for loadable plugins [exclusion list=, ]
2026-06-29 16:14:52,426 [INFO] PluginManage:310 - Check plugin analytics
2026-06-29 16:14:52,828 [INFO] AnalyticsPlugin:253 - Accepted Software Licenses: 
2026-06-29 16:14:52,829 [INFO] AnalyticsPlugin:255 - Accepted CMSIS Pack Licenses: 
2026-06-29 16:14:52,829 [INFO] AnalyticsPlugin:257 - Accepted Firmware Licenses: 
2026-06-29 16:14:52,840 [INFO] PluginManage:359 - Loaded plugin analytics (category:tool,tabindex:-1)
2026-06-29 16:14:52,841 [INFO] PluginManage:310 - Check plugin cadmodel
2026-06-29 16:14:52,857 [ERROR] LogOutputStream:75 - [STDERR_REDIRECT] [Fatal Error] :1:1: Premature end of file.
2026-06-29 16:14:52,858 [ERROR] LogOutputStream:75 - [STDERR_REDIRECT] 
2026-06-29 16:14:52,861 [INFO] CADModel:105 - Init CAD model plugin
2026-06-29 16:14:52,862 [INFO] PluginManage:359 - Loaded plugin cadmodel (category:power,tabindex:5)
2026-06-29 16:14:52,863 [INFO] PluginManage:310 - Check plugin clock
2026-06-29 16:14:52,893 [INFO] PluginManage:359 - Loaded plugin clock (category:base,tabindex:2)
2026-06-29 16:14:52,893 [INFO] PluginManage:310 - Check plugin ddr
2026-06-29 16:14:52,900 [INFO] PluginManage:359 - Loaded plugin ddr (category:tool,tabindex:6)
2026-06-29 16:14:52,900 [INFO] PluginManage:310 - Check plugin filemanager
2026-06-29 16:14:53,119 [INFO] PluginManage:359 - Loaded plugin filemanager (category:base,tabindex:10)
2026-06-29 16:14:53,119 [INFO] PluginManage:310 - Check plugin ipmanager
2026-06-29 16:14:53,128 [INFO] PluginManage:359 - Loaded plugin ipmanager (category:base,tabindex:5)
2026-06-29 16:14:53,128 [INFO] PluginManage:310 - Check plugin lpbam
2026-06-29 16:14:53,138 [INFO] PluginManage:359 - Loaded plugin lpbam (category:base,tabindex:0)
2026-06-29 16:14:53,139 [INFO] PluginManage:310 - Check plugin memorymap
2026-06-29 16:14:53,172 [INFO] PluginManage:359 - Loaded plugin memorymap (category:base,tabindex:4)
2026-06-29 16:14:53,173 [INFO] PluginManage:310 - Check plugin pinoutandconfiguration
2026-06-29 16:14:53,188 [INFO] PluginManage:359 - Loaded plugin pinoutandconfiguration (category:base,tabindex:1)
2026-06-29 16:14:53,188 [INFO] PluginManage:310 - Check plugin pinoutconfig
2026-06-29 16:14:53,356 [WARN] SupportedApi:132 - Cannot load RTOS API schema: s4s-elt-must-match.1: The content of 'definitions' must match (annotation?, (simpleType | complexType)?, (unique | key | keyref)*)). A problem was found starting at: attribute.
2026-06-29 16:14:53,586 [INFO] PluginManage:359 - Loaded plugin pinoutconfig (category:base,tabindex:0)
2026-06-29 16:14:53,587 [INFO] PluginManage:310 - Check plugin power
2026-06-29 16:14:53,600 [INFO] PluginManage:359 - Loaded plugin power (category:power,tabindex:4)
2026-06-29 16:14:53,600 [INFO] PluginManage:310 - Check plugin projectmanager
2026-06-29 16:14:53,626 [INFO] PluginManage:359 - Loaded plugin projectmanager (category:projectmanager,tabindex:4)
2026-06-29 16:14:53,627 [INFO] PluginManage:310 - Check plugin rif
2026-06-29 16:14:53,642 [INFO] PluginManage:359 - Loaded plugin rif (category:base,tabindex:3)
2026-06-29 16:14:53,642 [INFO] PluginManage:310 - Check plugin thirdparty
2026-06-29 16:14:53,864 [ERROR] LogOutputStream:75 - [STDERR_REDIRECT] [Fatal Error] :1:1: Premature end of file.
2026-06-29 16:14:53,865 [ERROR] LogOutputStream:75 - [STDERR_REDIRECT] 
2026-06-29 16:14:53,879 [WARN] IntegrityCheckThread:84 - waiting for thirdparty lock release [integrity check]
2026-06-29 16:14:53,880 [INFO] IntegrityCheckThread:86 - entering critical section [integrity check]
2026-06-29 16:14:53,881 [INFO] ThirdPartyUpdaterWithRetryManager:70 - Updater plugin not ready yet. [1/15]
2026-06-29 16:14:53,881 [INFO] PluginManage:359 - Loaded plugin thirdparty (category:base,tabindex:-1)
2026-06-29 16:14:53,881 [INFO] PluginManage:310 - Check plugin tools
2026-06-29 16:14:53,890 [INFO] PluginManage:359 - Loaded plugin tools (category:base,tabindex:7)
2026-06-29 16:14:53,891 [INFO] PluginManage:310 - Check plugin tutovideos
2026-06-29 16:14:54,149 [INFO] PluginManage:359 - Loaded plugin tutovideos (category:base,tabindex:-1)
2026-06-29 16:14:54,149 [INFO] PluginManage:310 - Check plugin updater
2026-06-29 16:14:54,177 [INFO] PluginManage:359 - Loaded plugin updater (category:base,tabindex:12)
2026-06-29 16:14:54,177 [INFO] PluginManage:310 - Check plugin userauth
2026-06-29 16:14:54,184 [INFO] UserAuth:118 - Init User Auth plugin
2026-06-29 16:14:54,186 [INFO] PluginManage:359 - Loaded plugin userauth (category:base,tabindex:14)
2026-06-29 16:14:54,186 [INFO] PluginManage:283 - PluginManage : Loaded plugins [18]
2026-06-29 16:14:54,492 [INFO] PinOutPanel:1589 - setPackage(No Configuration,No Configuration)
2026-06-29 16:14:54,618 [INFO] CADModel:165 - CPN selected for project level
2026-06-29 16:14:54,618 [INFO] CADModel:114 - Register for checkConnection events
2026-06-29 16:14:54,655 [INFO] IPUIPlugin:80 - create IPUIPlugin
2026-06-29 16:14:54,656 [INFO] PluginManager:220 - loadIPPluginJar : add adc
2026-06-29 16:14:54,662 [INFO] IPUIPlugin:80 - create IPUIPlugin
2026-06-29 16:14:54,662 [INFO] PluginManager:220 - loadIPPluginJar : add aes
2026-06-29 16:14:54,667 [INFO] IPUIPlugin:80 - create IPUIPlugin
2026-06-29 16:14:54,667 [INFO] PluginManager:220 - loadIPPluginJar : add can
2026-06-29 16:14:54,671 [INFO] IPUIPlugin:80 - create IPUIPlugin
2026-06-29 16:14:54,671 [INFO] PluginManager:220 - loadIPPluginJar : add comp
2026-06-29 16:14:54,675 [INFO] IPUIPlugin:80 - create IPUIPlugin
2026-06-29 16:14:54,675 [INFO] PluginManager:220 - loadIPPluginJar : add cryp
2026-06-29 16:14:54,679 [INFO] IPUIPlugin:80 - create IPUIPlugin
2026-06-29 16:14:54,679 [INFO] PluginManager:220 - loadIPPluginJar : add ddr_ctrl_phy
2026-06-29 16:14:54,683 [INFO] IPUIPlugin:80 - create IPUIPlugin
2026-06-29 16:14:54,683 [INFO] PluginManager:220 - loadIPPluginJar : add dfsdm
2026-06-29 16:14:54,691 [INFO] IPUIPlugin:80 - create IPUIPlugin
2026-06-29 16:14:54,692 [INFO] PluginManager:220 - loadIPPluginJar : add dma
2026-06-29 16:14:54,696 [INFO] IPUIPlugin:80 - create IPUIPlugin
2026-06-29 16:14:54,697 [INFO] PluginManager:220 - loadIPPluginJar : add dma3
2026-06-29 16:14:54,704 [INFO] IPUIPlugin:80 - create IPUIPlugin
2026-06-29 16:14:54,705 [INFO] PluginManager:220 - loadIPPluginJar : add extmemmanager
2026-06-29 16:14:54,710 [INFO] IPUIPlugin:80 - create IPUIPlugin
2026-06-29 16:14:54,710 [INFO] PluginManager:220 - loadIPPluginJar : add fatfs
2026-06-29 16:14:54,720 [INFO] IPUIPlugin:80 - create IPUIPlugin
2026-06-29 16:14:54,720 [INFO] PluginManager:220 - loadIPPluginJar : add fmc
2026-06-29 16:14:54,730 [INFO] IPUIPlugin:80 - create IPUIPlugin
2026-06-29 16:14:54,730 [INFO] PluginManager:220 - loadIPPluginJar : add freertos
2026-06-29 16:14:54,733 [INFO] IPUIPlugin:80 - create IPUIPlugin
2026-06-29 16:14:54,733 [INFO] PluginManager:220 - loadIPPluginJar : add genericplugin
2026-06-29 16:14:54,736 [INFO] IPUIPlugin:80 - create IPUIPlugin
2026-06-29 16:14:54,736 [INFO] PluginManager:220 - loadIPPluginJar : add gfxmmu
2026-06-29 16:14:54,743 [INFO] IPUIPlugin:80 - create IPUIPlugin
2026-06-29 16:14:54,743 [INFO] PluginManager:220 - loadIPPluginJar : add gic
2026-06-29 16:14:54,751 [INFO] IPUIPlugin:80 - create IPUIPlugin
2026-06-29 16:14:54,751 [INFO] PluginManager:220 - loadIPPluginJar : add gpio
2026-06-29 16:14:54,755 [INFO] IPUIPlugin:80 - create IPUIPlugin
2026-06-29 16:14:54,755 [INFO] PluginManager:220 - loadIPPluginJar : add gtzc
2026-06-29 16:14:54,760 [INFO] IPUIPlugin:80 - create IPUIPlugin
2026-06-29 16:14:54,760 [INFO] PluginManager:220 - loadIPPluginJar : add hash
2026-06-29 16:14:54,767 [INFO] IPUIPlugin:80 - create IPUIPlugin
2026-06-29 16:14:54,767 [INFO] PluginManager:220 - loadIPPluginJar : add i2c
2026-06-29 16:14:54,773 [INFO] IPUIPlugin:80 - create IPUIPlugin
2026-06-29 16:14:54,773 [INFO] PluginManager:220 - loadIPPluginJar : add i2s
2026-06-29 16:14:54,782 [INFO] IPUIPlugin:80 - create IPUIPlugin
2026-06-29 16:14:54,782 [INFO] PluginManager:220 - loadIPPluginJar : add i3c
2026-06-29 16:14:54,791 [INFO] IPUIPlugin:80 - create IPUIPlugin
2026-06-29 16:14:54,791 [INFO] PluginManager:220 - loadIPPluginJar : add ipddr
2026-06-29 16:14:54,803 [INFO] IPUIPlugin:80 - create IPUIPlugin
2026-06-29 16:14:54,803 [INFO] PluginManager:220 - loadIPPluginJar : add linkedlist
2026-06-29 16:14:54,811 [INFO] IPUIPlugin:80 - create IPUIPlugin
2026-06-29 16:14:54,812 [INFO] PluginManager:220 - loadIPPluginJar : add lorawan
2026-06-29 16:14:54,816 [INFO] IPUIPlugin:80 - create IPUIPlugin
2026-06-29 16:14:54,816 [INFO] PluginManager:220 - loadIPPluginJar : add ltdc
2026-06-29 16:14:54,826 [INFO] IPUIPlugin:80 - create IPUIPlugin
2026-06-29 16:14:54,827 [INFO] PluginManager:220 - loadIPPluginJar : add mdma
2026-06-29 16:14:54,835 [INFO] IPUIPlugin:80 - create IPUIPlugin
2026-06-29 16:14:54,835 [INFO] PluginManager:220 - loadIPPluginJar : add nvic
2026-06-29 16:14:54,844 [INFO] IPUIPlugin:80 - create IPUIPlugin
2026-06-29 16:14:54,845 [INFO] PluginManager:220 - loadIPPluginJar : add opamp
2026-06-29 16:14:54,853 [INFO] IPUIPlugin:80 - create IPUIPlugin
2026-06-29 16:14:54,853 [INFO] PluginManager:220 - loadIPPluginJar : add openamp
2026-06-29 16:14:54,865 [INFO] IPUIPlugin:80 - create IPUIPlugin
2026-06-29 16:14:54,865 [INFO] PluginManager:220 - loadIPPluginJar : add pdm2pcm
2026-06-29 16:14:54,882 [INFO] IPUIPlugin:80 - create IPUIPlugin
2026-06-29 16:14:54,887 [ERROR] LogOutputStream:75 - [STDERR_REDIRECT] [Fatal Error] :1:1: Premature end of file.
2026-06-29 16:14:54,888 [ERROR] LogOutputStream:75 - [STDERR_REDIRECT] 
2026-06-29 16:14:54,895 [INFO] PluginManager:220 - loadIPPluginJar : add plateformsettings
2026-06-29 16:14:54,900 [INFO] IPUIPlugin:80 - create IPUIPlugin
2026-06-29 16:14:54,900 [INFO] PluginManager:220 - loadIPPluginJar : add quadspi
2026-06-29 16:14:54,905 [INFO] IPUIPlugin:80 - create IPUIPlugin
2026-06-29 16:14:54,909 [INFO] PluginManager:220 - loadIPPluginJar : add radio
2026-06-29 16:14:54,925 [INFO] IPUIPlugin:80 - create IPUIPlugin
2026-06-29 16:14:54,926 [INFO] PluginManager:220 - loadIPPluginJar : add resmgrutility
2026-06-29 16:14:54,938 [INFO] IPUIPlugin:80 - create IPUIPlugin
2026-06-29 16:14:54,939 [INFO] PluginManager:220 - loadIPPluginJar : add sai
2026-06-29 16:14:54,949 [INFO] IPUIPlugin:80 - create IPUIPlugin
2026-06-29 16:14:54,950 [INFO] PluginManager:220 - loadIPPluginJar : add spi
2026-06-29 16:14:54,971 [INFO] IPUIPlugin:80 - create IPUIPlugin
2026-06-29 16:14:54,972 [INFO] PluginManager:220 - loadIPPluginJar : add stm32_wpan
2026-06-29 16:14:54,979 [INFO] IPUIPlugin:80 - create IPUIPlugin
2026-06-29 16:14:54,980 [INFO] PluginManager:220 - loadIPPluginJar : add tim
2026-06-29 16:14:54,985 [INFO] IPUIPlugin:80 - create IPUIPlugin
2026-06-29 16:14:54,985 [INFO] PluginManager:220 - loadIPPluginJar : add touchsensing
2026-06-29 16:14:54,990 [INFO] IPUIPlugin:80 - create IPUIPlugin
2026-06-29 16:14:54,990 [INFO] PluginManager:220 - loadIPPluginJar : add tracer_emb
2026-06-29 16:14:54,994 [INFO] IPUIPlugin:80 - create IPUIPlugin
2026-06-29 16:14:54,994 [INFO] PluginManager:220 - loadIPPluginJar : add ts
2026-06-29 16:14:54,996 [INFO] IPUIPlugin:80 - create IPUIPlugin
2026-06-29 16:14:54,996 [INFO] PluginManager:220 - loadIPPluginJar : add tsc
2026-06-29 16:14:54,999 [INFO] IPUIPlugin:80 - create IPUIPlugin
2026-06-29 16:14:54,999 [INFO] PluginManager:220 - loadIPPluginJar : add ucpd
2026-06-29 16:14:55,002 [INFO] IPUIPlugin:80 - create IPUIPlugin
2026-06-29 16:14:55,002 [INFO] PluginManager:220 - loadIPPluginJar : add usart
2026-06-29 16:14:55,006 [INFO] IPUIPlugin:80 - create IPUIPlugin
2026-06-29 16:14:55,006 [INFO] PluginManager:220 - loadIPPluginJar : add usbx
2026-06-29 16:14:55,150 [FATAL] Updater:351 - Updater called before beeing initialized
2026-06-29 16:14:55,201 [INFO] RulesReader:64 - Compatibility file has been processed (317 Rules)
2026-06-29 16:14:55,218 [INFO] RulesReader:64 - Compatibility file has been processed (317 Rules)
2026-06-29 16:14:55,234 [INFO] CADModel:165 - CPN selected for project level
2026-06-29 16:14:55,235 [INFO] CADModel:114 - Register for checkConnection events
2026-06-29 16:14:55,235 [FATAL] Updater:351 - Updater called before beeing initialized
2026-06-29 16:14:55,235 [ERROR] CADModel:125 - Updater not yet initialized, retry later 
2026-06-29 16:14:55,494 [FATAL] Updater:351 - Updater called before beeing initialized
2026-06-29 16:14:55,498 [INFO] CADModel:165 - CPN selected for project level
2026-06-29 16:14:55,498 [INFO] CADModel:114 - Register for checkConnection events
2026-06-29 16:14:55,499 [FATAL] Updater:351 - Updater called before beeing initialized
2026-06-29 16:14:55,499 [ERROR] CADModel:125 - Updater not yet initialized, retry later 
2026-06-29 16:14:55,504 [FATAL] Updater:351 - Updater called before beeing initialized
2026-06-29 16:14:55,678 [FATAL] Updater:351 - Updater called before beeing initialized
2026-06-29 16:14:55,683 [INFO] DbMcusAds:53 - JSON generation date=Thu Mar 05 15:32:53 CET 2026 (1772721173050)
2026-06-29 16:14:55,683 [FATAL] Updater:351 - Updater called before beeing initialized
2026-06-29 16:14:55,731 [WARN] DetailPanel:346 - Failed to get advertising image, set to default
2026-06-29 16:14:55,911 [ERROR] LogOutputStream:75 - [STDERR_REDIRECT] [Fatal Error] :1:1: Premature end of file.
2026-06-29 16:14:55,912 [ERROR] LogOutputStream:75 - [STDERR_REDIRECT] 
2026-06-29 16:14:55,997 [FATAL] Updater:351 - Updater called before beeing initialized
2026-06-29 16:14:56,002 [FATAL] Updater:351 - Updater called before beeing initialized
2026-06-29 16:14:56,002 [FATAL] Updater:351 - Updater called before beeing initialized
2026-06-29 16:14:56,003 [WARN] DetailPanel:346 - Failed to get advertising image, set to default
2026-06-29 16:14:56,004 [FATAL] Updater:351 - Updater called before beeing initialized
2026-06-29 16:14:56,059 [ERROR] Updater:1198 - MainUpdater not yet initialized. External WinMGr cannot be set.
2026-06-29 16:14:56,062 [INFO] Updater:1134 - Updater Version found : 6.15.0
2026-06-29 16:14:56,080 [INFO] ApplicationProperties:184 - Using Application install path: C:\ST\STM32CubeIDE_1.18.0\STM32CubeIDE\plugins\com.st.stm32cube.common.mx_6.15.0.202507011659
2026-06-29 16:14:56,820 [ERROR] LogOutputStream:75 - [STDERR_REDIRECT] [Fatal Error] :1:1: Premature end of file.
2026-06-29 16:14:56,821 [ERROR] LogOutputStream:75 - [STDERR_REDIRECT] 
2026-06-29 16:14:56,882 [INFO] ThirdPartyUpdaterWithRetryManager:70 - Updater plugin not ready yet. [2/15]
2026-06-29 16:14:57,658 [ERROR] LogOutputStream:75 - [STDERR_REDIRECT] Jun 29, 2026 4:14:57 PM java.util.prefs.WindowsPreferences <init>
2026-06-29 16:14:57,661 [ERROR] LogOutputStream:75 - [STDERR_REDIRECT] WARNING: Could not open/create prefs root node Software\JavaSoft\Prefs at root 0xffffffff80000002. Windows RegCreateKeyEx(...) returned error code 5.
2026-06-29 16:14:57,661 [ERROR] LogOutputStream:75 - [STDERR_REDIRECT] 
2026-06-29 16:14:57,871 [ERROR] LogOutputStream:75 - [STDERR_REDIRECT] [Fatal Error] :1:1: Premature end of file.
2026-06-29 16:14:57,871 [ERROR] LogOutputStream:75 - [STDERR_REDIRECT] 
2026-06-29 16:14:58,796 [INFO] MainUpdater:2872 - connection check result : 10
2026-06-29 16:14:58,796 [INFO] MainUpdater:3604 - Updater definition file requires update
2026-06-29 16:14:58,798 [INFO] MainUpdater:289 - Updater Check For Update Now.
2026-06-29 16:14:58,798 [INFO] MicroXplorer:498 - Change Database Version : DB.6.0.150
2026-06-29 16:14:58,814 [INFO] McuFinderGlobals:63 - Set McuFinder mode to 2 (CubeIDE integrated)
2026-06-29 16:14:58,817 [INFO] UserAuth:487 - Internet connection configuration mode: 1
2026-06-29 16:14:58,851 [INFO] JxBrowserEngine:152 - Initiate JxBrowser Engine with user profile folder
2026-06-29 16:14:58,865 [ERROR] LogOutputStream:75 - [STDERR_REDIRECT] [Fatal Error] :1:1: Premature end of file.
2026-06-29 16:14:58,866 [ERROR] LogOutputStream:75 - [STDERR_REDIRECT] 
2026-06-29 16:14:59,086 [INFO] ServerAccessManage:452 - Complete download http(s) 200
2026-06-29 16:14:59,087 [INFO] ServerAccessManage:509 - Download File updaters.zip
2026-06-29 16:14:59,403 [INFO] FileExtend:248 - Unzip File : updaters.zip
2026-06-29 16:14:59,404 [INFO] FileExtend:263 - Standard Zip Deflate
2026-06-29 16:14:59,883 [WARN] MainUpdater:1193 - Updater busy. Cannot search thirdparties
2026-06-29 16:14:59,885 [INFO] ThirdPartyUpdaterWithRetryManager:96 - Updater plugin is busy. [1/15]
2026-06-29 16:14:59,918 [ERROR] LogOutputStream:75 - [STDERR_REDIRECT] [Fatal Error] :1:1: Premature end of file.
2026-06-29 16:14:59,920 [ERROR] LogOutputStream:75 - [STDERR_REDIRECT] 
2026-06-29 16:15:00,808 [INFO] ServerAccessManage:452 - Complete download http(s) 200
2026-06-29 16:15:00,809 [INFO] ServerAccessManage:509 - Download File PacksControlFlags.xml
2026-06-29 16:15:00,874 [ERROR] LogOutputStream:75 - [STDERR_REDIRECT] [Fatal Error] :1:1: Premature end of file.
2026-06-29 16:15:00,876 [ERROR] LogOutputStream:75 - [STDERR_REDIRECT] 
2026-06-29 16:15:00,948 [INFO] ServerAccessManage:452 - Complete download http(s) 200
2026-06-29 16:15:00,949 [INFO] ServerAccessManage:509 - Download File cubemx.pidx
2026-06-29 16:15:01,094 [INFO] WebApp:169 - Instantiating new browser for Auth
2026-06-29 16:15:01,913 [ERROR] LogOutputStream:75 - [STDERR_REDIRECT] [Fatal Error] :1:1: Premature end of file.
2026-06-29 16:15:01,915 [ERROR] LogOutputStream:75 - [STDERR_REDIRECT] 
2026-06-29 16:15:02,386 [INFO] ServerAccessManage:452 - Complete download http(s) 200
2026-06-29 16:15:02,386 [INFO] ServerAccessManage:509 - Download File STMicroelectronics.X-CUBE-FREERTOS.pdsc
2026-06-29 16:15:02,868 [ERROR] LogOutputStream:75 - [STDERR_REDIRECT] [Fatal Error] :1:1: Premature end of file.
2026-06-29 16:15:02,870 [ERROR] LogOutputStream:75 - [STDERR_REDIRECT] 
2026-06-29 16:15:02,886 [WARN] MainUpdater:1193 - Updater busy. Cannot search thirdparties
2026-06-29 16:15:02,886 [INFO] ThirdPartyUpdaterWithRetryManager:96 - Updater plugin is busy. [2/15]
2026-06-29 16:15:03,971 [ERROR] LogOutputStream:75 - [STDERR_REDIRECT] [Fatal Error] :1:1: Premature end of file.
2026-06-29 16:15:03,973 [ERROR] LogOutputStream:75 - [STDERR_REDIRECT] 
2026-06-29 16:15:03,985 [INFO] WebApp:463 - Apply proxy settings
2026-06-29 16:15:03,986 [INFO] WebApp:548 - Chromium requires no authentication
2026-06-29 16:15:04,053 [INFO] WebApp:491 - Direct internet connection detected
2026-06-29 16:15:04,279 [INFO] WebApp:900 - Register for checkConnection events
2026-06-29 16:15:04,280 [INFO] WebApp:463 - Apply proxy settings
2026-06-29 16:15:04,280 [INFO] WebApp:548 - Chromium requires no authentication
2026-06-29 16:15:04,281 [INFO] WebApp:491 - Direct internet connection detected
2026-06-29 16:15:04,532 [INFO] ServerAccessManage:452 - Complete download http(s) 200
2026-06-29 16:15:04,533 [INFO] ServerAccessManage:509 - Download File STMicroelectronics.X-CUBE-AZRTOS-H7RS.pdsc
2026-06-29 16:15:04,870 [ERROR] LogOutputStream:75 - [STDERR_REDIRECT] [Fatal Error] :1:1: Premature end of file.
2026-06-29 16:15:04,872 [ERROR] LogOutputStream:75 - [STDERR_REDIRECT] 
2026-06-29 16:15:05,201 [INFO] WebApp:191 - Connection restablished
2026-06-29 16:15:05,515 [INFO] ServerAccessManage:452 - Complete download http(s) 200
2026-06-29 16:15:05,515 [INFO] ServerAccessManage:509 - Download File STMicroelectronics.X-CUBE-WBA.pdsc
2026-06-29 16:15:05,868 [INFO] WebApp:225 - Starting web application
2026-06-29 16:15:05,868 [INFO] WebApp:593 - Web application path used C:\ST\STM32CubeIDE_1.18.0\STM32CubeIDE\plugins\com.st.stm32cube.common.mx_6.15.0.202507011659\db\plugins\mcufinder\reactClient1\index.html
2026-06-29 16:15:05,888 [WARN] MainUpdater:1193 - Updater busy. Cannot search thirdparties
2026-06-29 16:15:05,888 [INFO] ThirdPartyUpdaterWithRetryManager:96 - Updater plugin is busy. [3/15]
2026-06-29 16:15:06,029 [ERROR] LogOutputStream:75 - [STDERR_REDIRECT] [Fatal Error] :1:1: Premature end of file.
2026-06-29 16:15:06,031 [ERROR] LogOutputStream:75 - [STDERR_REDIRECT] 
2026-06-29 16:15:06,254 [INFO] UserAuth:487 - Internet connection configuration mode: 1
2026-06-29 16:15:06,601 [WARN] PackLoader:240 - Cannot read IP mode file for STMicroelectronics.X-CUBE-FREERTOS.1.6.0
2026-06-29 16:15:06,621 [INFO] CheckServerUpdateThread:120 - End of CheckServer Thread
2026-06-29 16:15:06,679 [WARN] PackLoader:240 - Cannot read IP mode file for STMicroelectronics.X-CUBE-AZRTOS-H7RS.1.3.0
2026-06-29 16:15:06,685 [INFO] MainUpdater:2872 - connection check result : 10
2026-06-29 16:15:06,690 [INFO] MainUpdater:2872 - connection check result : 10
2026-06-29 16:15:06,700 [WARN] PopulateThirdPartyThread:106 - Error when creating pack: C:/Users/Mowibox/.stm32cubemx/thirdparties/pdsc/STMicroelectronics.X-CUBE-WBA.pdsc
2026-06-29 16:15:06,700 [INFO] PopulateThirdPartyThread:66 - Ending populate Thread
2026-06-29 16:15:06,704 [INFO] ThirdParty:1030 - CMSIS Pack Vendor :STMicroelectronics X-CUBE-AZRTOS-H7RS 1.3.0
2026-06-29 16:15:06,704 [INFO] ThirdParty:1030 - CMSIS Pack Vendor :STMicroelectronics X-CUBE-FREERTOS 1.6.0
2026-06-29 16:15:06,704 [INFO] LoadServerUpdatesThread:375 - End of LoadServerUpdate Thread
2026-06-29 16:15:06,839 [INFO] MicroXplorer:468 - Change Database Path : 
2026-06-29 16:15:06,841 [INFO] MicroXplorer:498 - Change Database Version : DB.6.0.150
2026-06-29 16:15:06,855 [WARN] ThirdParty:871 - waiting for thirdparty lock release [close project]
2026-06-29 16:15:06,988 [ERROR] LogOutputStream:75 - [STDERR_REDIRECT] [Fatal Error] :1:1: Premature end of file.
2026-06-29 16:15:06,988 [ERROR] LogOutputStream:75 - [STDERR_REDIRECT] 
2026-06-29 16:15:07,977 [ERROR] LogOutputStream:75 - [STDERR_REDIRECT] [Fatal Error] :1:1: Premature end of file.
2026-06-29 16:15:07,977 [ERROR] LogOutputStream:75 - [STDERR_REDIRECT] 
2026-06-29 16:15:08,851 [ERROR] LogOutputStream:75 - [STDERR_REDIRECT] [Fatal Error] :1:1: Premature end of file.
2026-06-29 16:15:08,852 [ERROR] LogOutputStream:75 - [STDERR_REDIRECT] 
2026-06-29 16:15:09,373 [WARN] PackLoader:240 - Cannot read IP mode file for STMicroelectronics.X-CUBE-AZRTOS-H7.3.5.0
2026-06-29 16:15:09,393 [WARN] PackLoader:240 - Cannot read IP mode file for STMicroelectronics.FP-SNS-MOTENVWB1.1.4.0
2026-06-29 16:15:09,409 [WARN] PackLoader:240 - Cannot read IP mode file for STMicroelectronics.FP-ATR-ASTRA1.2.0.2
2026-06-29 16:15:09,422 [ERROR] Engine:466 - C:\Users\Mowibox\.stm32cubemx\thirdparties\pdsc\STMicroelectronics.X-CUBE-SMBUS.2.1.1.pdsc: PDSC version is not supported
2026-06-29 16:15:09,430 [WARN] PackLoader:240 - Cannot read IP mode file for STMicroelectronics.X-CUBE-SMBUS.2.1.0
2026-06-29 16:15:09,451 [WARN] PackLoader:240 - Cannot read IP mode file for STMicroelectronics.X-CUBE-WB05N.1.1.0
2026-06-29 16:15:09,481 [WARN] PackLoader:240 - Cannot read IP mode file for STMicroelectronics.X-CUBE-AZRTOS-F7.1.1.0
2026-06-29 16:15:09,503 [WARN] PackLoader:240 - Cannot read IP mode file for STMicroelectronics.X-CUBE-FREERTOS.1.6.0
2026-06-29 16:15:09,516 [WARN] PackLoader:240 - Cannot read IP mode file for STMicroelectronics.FP-SNS-MOTENV1.5.1.0
2026-06-29 16:15:09,553 [WARN] PackLoader:240 - Cannot read IP mode file for STMicroelectronics.X-CUBE-AZRTOS-H7RS.1.3.0
2026-06-29 16:15:09,569 [WARN] PackLoader:240 - Cannot read IP mode file for STMicroelectronics.FP-SNS-FLIGHT1.5.0.2
2026-06-29 16:15:09,615 [WARN] PackLoader:240 - Cannot read IP mode file for Infineon.AIROC-Wi-Fi-Bluetooth-STM32.1.7.0
2026-06-29 16:15:09,667 [WARN] PackLoader:240 - Cannot read IP mode file for STMicroelectronics.X-CUBE-AZRTOS-H7.3.4.0
2026-06-29 16:15:09,685 [WARN] PackLoader:240 - Cannot read IP mode file for STMicroelectronics.X-CUBE-DISPLAY.3.0.0
2026-06-29 16:15:09,699 [WARN] PackLoader:240 - Cannot read IP mode file for STMicroelectronics.X-CUBE-GNSS1.7.1.1
2026-06-29 16:15:09,706 [WARN] PackLoader:240 - Cannot read IP mode file for STMicroelectronics.FP-SNS-MOTENVWB1.1.5.0
2026-06-29 16:15:09,723 [WARN] PackLoader:240 - Cannot read IP mode file for STMicroelectronics.X-CUBE-NFC10.1.0.0
2026-06-29 16:15:09,749 [WARN] PackLoader:240 - Cannot read IP mode file for STMicroelectronics.X-CUBE-BLEMGR.4.0.0
2026-06-29 16:15:09,759 [WARN] PackLoader:240 - Cannot read IP mode file for STMicroelectronics.X-CUBE-ST60.1.1.0
2026-06-29 16:15:09,772 [WARN] PackLoader:240 - Cannot read IP mode file for emotas.I-CUBE-CANOPEN.1.3.0
2026-06-29 16:15:09,777 [ERROR] Engine:466 - C:\Users\Mowibox\.stm32cubemx\thirdparties\pdsc\STMicroelectronics.X-CUBE-WBA.1.1.0.pdsc: PDSC version is not supported
2026-06-29 16:15:09,786 [WARN] PackLoader:240 - Cannot read IP mode file for STMicroelectronics.X-CUBE-GNSS1.7.1.0
2026-06-29 16:15:09,797 [WARN] ConditionMgr:438 - getConditionDescription Invalid condition id : Cortex-A Device cause : null
2026-06-29 16:15:09,824 [WARN] ConditionMgr:1044 - genDependencies : Invalid condition id : Cortex-A Device cause : null
2026-06-29 16:15:09,824 [WARN] ConditionMgr:1044 - genDependencies : Invalid condition id : Cortex-A Device cause : null
2026-06-29 16:15:09,825 [WARN] ConditionMgr:1044 - genDependencies : Invalid condition id : Cortex-A Device cause : null
2026-06-29 16:15:09,834 [WARN] PackLoader:240 - Cannot read IP mode file for STMicroelectronics.X-CUBE-AI.10.0.0
2026-06-29 16:15:09,851 [WARN] PackLoader:240 - Cannot read IP mode file for STMicroelectronics.FP-SNS-STBOX1.2.1.0
2026-06-29 16:15:09,865 [WARN] PackLoader:240 - Cannot read IP mode file for STMicroelectronics.FP-SNS-SMARTAG2.1.2.0
2026-06-29 16:15:09,872 [WARN] PackLoader:240 - Cannot read IP mode file for STMicroelectronics.FP-SNS-FLIGHT1.5.1.0
2026-06-29 16:15:09,975 [WARN] PackLoader:240 - Cannot read IP mode file for STMicroelectronics.X-CUBE-MEMS1.11.1.0
2026-06-29 16:15:10,000 [ERROR] LogOutputStream:75 - [STDERR_REDIRECT] [Fatal Error] :1:1: Premature end of file.
2026-06-29 16:15:10,001 [ERROR] LogOutputStream:75 - [STDERR_REDIRECT] 
2026-06-29 16:15:10,205 [INFO] LogOutputStream:77 - [STDOUT_REDIRECT] 1 : Invalid condition id : UX_CORESTACK_Condition cause : null
2026-06-29 16:15:10,206 [INFO] LogOutputStream:77 - [STDOUT_REDIRECT] 1 : Invalid condition id : UX_CORESTACK_Condition cause : null
2026-06-29 16:15:10,210 [INFO] LogOutputStream:77 - [STDOUT_REDIRECT] 1 : Invalid condition id : UX_CORESTACK_Condition cause : null
2026-06-29 16:15:10,214 [INFO] LogOutputStream:77 - [STDOUT_REDIRECT] 1 : Invalid condition id : UX_CORESTACK_Condition cause : null
2026-06-29 16:15:10,217 [INFO] LogOutputStream:77 - [STDOUT_REDIRECT] 1 : Invalid condition id : UX_CORESTACK_Condition cause : null
2026-06-29 16:15:10,221 [WARN] PackLoader:240 - Cannot read IP mode file for STMicroelectronics.X-CUBE-AZRTOS-WL.2.0.0
2026-06-29 16:15:10,232 [WARN] PackLoader:240 - Cannot read IP mode file for STMicroelectronics.FP-SNS-MOTENV1.5.0.0
2026-06-29 16:15:10,254 [WARN] PackLoader:240 - Cannot read IP mode file for STMicroelectronics.X-CUBE-AZRTOS-H7RS.1.2.0
2026-06-29 16:15:10,272 [WARN] PackLoader:240 - Cannot read IP mode file for WES.I-CUBE-Cesium.1.3.0
2026-06-29 16:15:10,280 [WARN] PackLoader:240 - Cannot read IP mode file for STMicroelectronics.X-CUBE-BLE2.3.3.0
2026-06-29 16:15:10,317 [WARN] PackLoader:240 - Cannot read IP mode file for STMicroelectronics.X-CUBE-NFC9.1.0.0
2026-06-29 16:15:10,330 [WARN] PackLoader:240 - Cannot read IP mode file for STMicroelectronics.X-CUBE-BLE1.7.1.0
2026-06-29 16:15:10,344 [WARN] PackLoader:240 - Cannot read IP mode file for wolfSSL.I-CUBE-wolfMQTT.1.19.2
2026-06-29 16:15:10,353 [WARN] PackLoader:240 - Cannot read IP mode file for STMicroelectronics.X-CUBE-FREERTOS.1.4.0
2026-06-29 16:15:10,372 [WARN] PackLoader:240 - Cannot read IP mode file for STMicroelectronics.X-CUBE-EEPRMA1.5.2.0
2026-06-29 16:15:10,388 [WARN] PackLoader:240 - Cannot read IP mode file for STMicroelectronics.X-CUBE-ST67W61.1.1.0
2026-06-29 16:15:10,403 [WARN] PackLoader:240 - Cannot read IP mode file for STMicroelectronics.FP-SNS-STAIOTCFT.1.1.0
2026-06-29 16:15:10,474 [WARN] PackLoader:240 - Cannot read IP mode file for STMicroelectronics.X-CUBE-MEMS1.12.0.0
2026-06-29 16:15:10,725 [WARN] PackLoader:240 - Cannot read IP mode file for STMicroelectronics.X-CUBE-AZRTOS-G0.1.1.0
2026-06-29 16:15:10,751 [WARN] PackLoader:240 - Cannot read IP mode file for STMicroelectronics.X-CUBE-SAFEA1.1.2.2
2026-06-29 16:15:10,781 [WARN] PackLoader:240 - Cannot read IP mode file for STMicroelectronics.X-CUBE-NFC4.3.0.0
2026-06-29 16:15:10,841 [WARN] PackLoader:240 - Cannot read IP mode file for EmbeddedOffice.I-CUBE-FS-RTOS.1.0.1
2026-06-29 16:15:10,854 [WARN] PackLoader:240 - Cannot read IP mode file for STMicroelectronics.X-CUBE-WB05N.2.0.0
2026-06-29 16:15:10,865 [WARN] PackLoader:240 - Cannot read IP mode file for wolfSSL.I-CUBE-wolfTPM.3.8.0
2026-06-29 16:15:10,883 [WARN] PackLoader:240 - Cannot read IP mode file for STMicroelectronics.X-CUBE-TCPP.4.2.0
2026-06-29 16:15:10,903 [WARN] PackLoader:240 - Cannot read IP mode file for RealThread.X-CUBE-RT-Thread_Nano.4.1.1
2026-06-29 16:15:10,913 [WARN] PackLoader:240 - Cannot read IP mode file for STMicroelectronics.FP-ATR-SIGFOX1.3.2.0
2026-06-29 16:15:10,931 [WARN] PackLoader:240 - Cannot read IP mode file for STMicroelectronics.X-CUBE-EEPRMA1.5.1.0
2026-06-29 16:15:10,954 [WARN] PackLoader:240 - Cannot read IP mode file for STMicroelectronics.X-CUBE-FREERTOS.1.5.0
2026-06-29 16:15:10,972 [WARN] PackLoader:240 - Cannot read IP mode file for wolfSSL.I-CUBE-wolfSSL.5.7.6
2026-06-29 16:15:10,988 [WARN] PackLoader:240 - Cannot read IP mode file for ITTIA_DB.I-CUBE-ITTIADB.8.9.0
2026-06-29 16:15:11,000 [WARN] PackLoader:240 - Cannot read IP mode file for STMicroelectronics.X-CUBE-NFC6.3.2.0
2026-06-29 16:15:11,008 [WARN] PackLoader:240 - Cannot read IP mode file for STMicroelectronics.X-CUBE-AI.10.2.1
2026-06-29 16:15:11,019 [WARN] PackLoader:240 - Cannot read IP mode file for STMicroelectronics.X-CUBE-AI.10.2.0
2026-06-29 16:15:11,023 [ERROR] LogOutputStream:75 - [STDERR_REDIRECT] [Fatal Error] :1:1: Premature end of file.
2026-06-29 16:15:11,025 [ERROR] LogOutputStream:75 - [STDERR_REDIRECT] 
2026-06-29 16:15:11,075 [WARN] PackLoader:240 - Cannot read IP mode file for STMicroelectronics.X-CUBE-MEMS1.12.1.0
2026-06-29 16:15:11,254 [WARN] PackLoader:240 - Cannot read IP mode file for SEGGER.I-CUBE-embOS.1.3.1
2026-06-29 16:15:11,332 [WARN] PackLoader:240 - Cannot read IP mode file for STMicroelectronics.X-CUBE-ALGOBUILD.1.4.0
2026-06-29 16:15:11,419 [WARN] PackLoader:240 - Cannot read IP mode file for STMicroelectronics.X-CUBE-MEMS1.11.3.0
2026-06-29 16:15:11,649 [WARN] PackLoader:240 - Cannot read IP mode file for STMicroelectronics.X-CUBE-NFC13.1.0.0
2026-06-29 16:15:11,658 [WARN] PackLoader:240 - Cannot read IP mode file for STMicroelectronics.X-CUBE-PM33A1.1.0.0
2026-06-29 16:15:11,682 [WARN] PackLoader:240 - Cannot read IP mode file for STMicroelectronics.X-CUBE-AZRTOS-F4.1.1.0
2026-06-29 16:15:11,692 [WARN] PackLoader:240 - Cannot read IP mode file for STMicroelectronics.X-CUBE-ISPU.2.1.0
2026-06-29 16:15:11,708 [WARN] PackLoader:240 - Cannot read IP mode file for STMicroelectronics.X-CUBE-IPS.3.2.0
2026-06-29 16:15:11,723 [WARN] PackLoader:240 - Cannot read IP mode file for STMicroelectronics.eDS-WB_DPC_TT-BIDIR.2.1.1
2026-06-29 16:15:11,734 [WARN] PackLoader:240 - Cannot read IP mode file for STMicroelectronics.X-CUBE-NFC12.1.0.0
2026-06-29 16:15:11,754 [WARN] PackLoader:240 - Cannot read IP mode file for STMicroelectronics.X-CUBE-AZRTOS-L5.2.0.0
2026-06-29 16:15:11,769 [WARN] PackLoader:240 - Cannot read IP mode file for STMicroelectronics.X-CUBE-NFC6.3.1.0
2026-06-29 16:15:11,780 [WARN] PackLoader:240 - Cannot read IP mode file for STMicroelectronics.X-CUBE-ALGOBUILD.1.5.0
2026-06-29 16:15:11,795 [WARN] PackLoader:240 - Cannot read IP mode file for STMicroelectronics.X-CUBE-DPower.1.2.0
2026-06-29 16:15:11,808 [WARN] PackLoader:240 - Cannot read IP mode file for STMicroelectronics.eDS-WB_DPC_VIENNA.1.2.0
2026-06-29 16:15:11,821 [WARN] PackLoader:240 - Cannot read IP mode file for STMicroelectronics.eDS-WB_DPC_3PH2L-BIDIR.1.1.1
2026-06-29 16:15:11,827 [ERROR] Engine:466 - C:\Users\Mowibox\.stm32cubemx\thirdparties\pdsc\STMicroelectronics.X-CUBE-ST67W61.1.3.0.pdsc: PDSC version is not supported
2026-06-29 16:15:11,838 [WARN] PackLoader:240 - Cannot read IP mode file for STMicroelectronics.X-CUBE-FREERTOS.1.3.1
2026-06-29 16:15:11,851 [WARN] PackLoader:240 - Cannot read IP mode file for STMicroelectronics.X-CUBE-FREERTOS.1.3.0
2026-06-29 16:15:11,865 [WARN] PackLoader:240 - Cannot read IP mode file for STMicroelectronics.X-CUBE-NFC7.1.0.1
2026-06-29 16:15:11,881 [WARN] PackLoader:240 - Cannot read IP mode file for STMicroelectronics.X-CUBE-TOUCHGFX.4.26.0
2026-06-29 16:15:11,888 [WARN] PackLoader:240 - Cannot read IP mode file for STMicroelectronics.X-CUBE-TOUCHGFX.4.26.1
2026-06-29 16:15:11,896 [WARN] PackLoader:240 - Cannot read IP mode file for STMicroelectronics.FP-SNS-STAIOTCFT.1.0.0
2026-06-29 16:15:11,908 [WARN] PackLoader:240 - Cannot read IP mode file for STMicroelectronics.X-CUBE-DPower.1.3.0
2026-06-29 16:15:11,931 [WARN] ConditionMgr:438 - getConditionDescription Invalid condition id : LAN8742 Phy interface Condition cause : null
2026-06-29 16:15:11,932 [WARN] PackLoader:240 - Cannot read IP mode file for STMicroelectronics.X-CUBE-AZRTOS-L4.2.0.0
2026-06-29 16:15:11,934 [WARN] ConditionMgr:1044 - genDependencies : Invalid condition id : LAN8742 Phy interface Condition cause : null
2026-06-29 16:15:11,934 [WARN] ConditionMgr:1044 - genDependencies : Invalid condition id : LAN8742 Phy interface Condition cause : null
2026-06-29 16:15:11,934 [WARN] ConditionMgr:1044 - genDependencies : Invalid condition id : LAN8742 Phy interface Condition cause : null
2026-06-29 16:15:11,956 [WARN] PackLoader:240 - Cannot read IP mode file for STMicroelectronics.X-CUBE-SFXS2LP1.4.0.0
2026-06-29 16:15:11,968 [WARN] PackLoader:240 - Cannot read IP mode file for STMicroelectronics.X-CUBE-WB05N.2.1.0
2026-06-29 16:15:11,985 [WARN] PackLoader:240 - Cannot read IP mode file for STMicroelectronics.X-CUBE-ST67W61.1.2.0
2026-06-29 16:15:11,994 [ERROR] LogOutputStream:75 - [STDERR_REDIRECT] [Fatal Error] :1:1: Premature end of file.
2026-06-29 16:15:11,997 [ERROR] LogOutputStream:75 - [STDERR_REDIRECT] 
2026-06-29 16:15:12,018 [WARN] PackLoader:240 - Cannot read IP mode file for STMicroelectronics.X-CUBE-AZRTOS-H7.3.3.0
2026-06-29 16:15:12,032 [WARN] PackLoader:240 - Cannot read IP mode file for STMicroelectronics.X-CUBE-BLEMGR.4.1.0
2026-06-29 16:15:12,049 [WARN] ConditionMgr:438 - getConditionDescription Invalid condition id : UX DEVICE CLASS RTOS Condition cause : null
2026-06-29 16:15:12,049 [WARN] ConditionMgr:438 - getConditionDescription Invalid condition id : UX DEVICE CLASS RTOS Condition cause : null
2026-06-29 16:15:12,051 [WARN] PackLoader:240 - Cannot read IP mode file for STMicroelectronics.X-CUBE-AZRTOS-WB.2.0.0
2026-06-29 16:15:12,052 [WARN] ConditionMgr:1044 - genDependencies : Invalid condition id : UX DEVICE CLASS RTOS Condition cause : null
2026-06-29 16:15:12,052 [WARN] ConditionMgr:1044 - genDependencies : Invalid condition id : UX DEVICE CLASS RTOS Condition cause : null
2026-06-29 16:15:12,052 [WARN] ConditionMgr:1044 - genDependencies : Invalid condition id : UX DEVICE CLASS RTOS Condition cause : null
2026-06-29 16:15:12,053 [WARN] ConditionMgr:1044 - genDependencies : Invalid condition id : UX DEVICE CLASS RTOS Condition cause : null
2026-06-29 16:15:12,053 [WARN] ConditionMgr:1044 - genDependencies : Invalid condition id : UX DEVICE CLASS RTOS Condition cause : null
2026-06-29 16:15:12,060 [WARN] PackLoader:240 - Cannot read IP mode file for STMicroelectronics.X-CUBE-GNSS1.7.0.1
2026-06-29 16:15:12,067 [WARN] PackLoader:240 - Cannot read IP mode file for STMicroelectronics.X-CUBE-TOUCHGFX.4.25.0
2026-06-29 16:15:12,074 [WARN] PackLoader:240 - Cannot read IP mode file for STMicroelectronics.FP-SNS-STBOX1.2.0.0
2026-06-29 16:15:12,088 [WARN] PackLoader:240 - Cannot read IP mode file for STMicroelectronics.X-CUBE-STSE01.2.0.0
2026-06-29 16:15:12,105 [WARN] PackLoader:240 - Cannot read IP mode file for STMicroelectronics.X-CUBE-SUBG2.5.0.0
2026-06-29 16:15:12,137 [WARN] PackLoader:240 - Cannot read IP mode file for STMicroelectronics.X-CUBE-AZRTOS-H7RS.1.1.0
2026-06-29 16:15:12,152 [WARN] PackLoader:240 - Cannot read IP mode file for Cesanta.I-CUBE-Mongoose.7.13.0
2026-06-29 16:15:12,186 [WARN] PackLoader:240 - Cannot read IP mode file for STMicroelectronics.X-CUBE-AZRTOS-G4.2.0.0
2026-06-29 16:15:12,201 [WARN] PackLoader:240 - Cannot read IP mode file for wolfSSL.I-CUBE-wolfSSH.1.4.20
2026-06-29 16:15:12,215 [WARN] PackLoader:240 - Cannot read IP mode file for STMicroelectronics.X-CUBE-NFC7.2.0.0
2026-06-29 16:15:12,251 [WARN] PackLoader:240 - Cannot read IP mode file for STMicroelectronics.X-CUBE-IPS.3.1.0
2026-06-29 16:15:12,276 [WARN] PackLoader:240 - Cannot read IP mode file for STMicroelectronics.X-CUBE-ALS.1.0.2
2026-06-29 16:15:12,286 [WARN] PackLoader:240 - Cannot read IP mode file for STMicroelectronics.X-CUBE-TOUCHGFX.4.24.2
2026-06-29 16:15:12,300 [WARN] PackLoader:240 - Cannot read IP mode file for STMicroelectronics.X-CUBE-STSE01.1.0.0
2026-06-29 16:15:12,316 [WARN] PackLoader:240 - Cannot read IP mode file for portGmbH.I-Cube-SoM-uGOAL.1.1.0
2026-06-29 16:15:12,336 [WARN] PackLoader:240 - Cannot read IP mode file for STMicroelectronics.X-CUBE-AZRTOS-H7RS.1.0.0
2026-06-29 16:15:12,487 [WARN] PackLoader:240 - Cannot read IP mode file for STMicroelectronics.X-CUBE-TOF1.3.4.2
2026-06-29 16:15:12,513 [WARN] PackLoader:240 - Cannot read IP mode file for STMicroelectronics.X-CUBE-TOF1.3.4.3
2026-06-29 16:15:12,528 [INFO] ThirdParty:978 - Integrity check success = true
2026-06-29 16:15:12,529 [INFO] IntegrityCheckThread:100 - exiting critical section [integrity check]
2026-06-29 16:15:12,529 [INFO] IntegrityCheckThread:103 - End integrity checks thread
2026-06-29 16:15:12,529 [INFO] ThirdParty:873 - entering critical section [close project]
2026-06-29 16:15:12,531 [INFO] ThirdParty:883 - exiting critical section [close project]
2026-06-29 16:15:12,537 [INFO] PinOutPanel:1589 - setPackage(No Configuration,No Configuration)
2026-06-29 16:15:12,542 [INFO] UtilMem:75 - Begin LoadConfig() Used Memory: 191122488 Bytes (442499072)
2026-06-29 16:15:12,547 [INFO] MicroXplorer:468 - Change Database Path : 
2026-06-29 16:15:12,547 [INFO] MicroXplorer:498 - Change Database Version : DB.6.0.150
2026-06-29 16:15:12,547 [INFO] OpenFileManager:355 - Change cursor
2026-06-29 16:15:12,637 [INFO] Mcu:2029 - Initializing MCU STM32G431K(6-8-B)Tx STM32G431KBTx STM32G431KBT6
2026-06-29 16:15:13,041 [ERROR] LogOutputStream:75 - [STDERR_REDIRECT] [Fatal Error] :1:1: Premature end of file.
2026-06-29 16:15:13,043 [ERROR] LogOutputStream:75 - [STDERR_REDIRECT] 
2026-06-29 16:15:14,042 [ERROR] LogOutputStream:75 - [STDERR_REDIRECT] [Fatal Error] :1:1: Premature end of file.
2026-06-29 16:15:14,043 [ERROR] LogOutputStream:75 - [STDERR_REDIRECT] 
2026-06-29 16:15:14,948 [ERROR] LogOutputStream:75 - [STDERR_REDIRECT] [Fatal Error] :1:1: Premature end of file.
2026-06-29 16:15:14,949 [ERROR] LogOutputStream:75 - [STDERR_REDIRECT] 
2026-06-29 16:15:15,895 [ERROR] LogOutputStream:75 - [STDERR_REDIRECT] [Fatal Error] :1:1: Premature end of file.
2026-06-29 16:15:15,896 [ERROR] LogOutputStream:75 - [STDERR_REDIRECT] 
2026-06-29 16:15:17,025 [ERROR] LogOutputStream:75 - [STDERR_REDIRECT] [Fatal Error] :1:1: Premature end of file.
2026-06-29 16:15:17,027 [ERROR] LogOutputStream:75 - [STDERR_REDIRECT] 
2026-06-29 16:15:17,910 [ERROR] LogOutputStream:75 - [STDERR_REDIRECT] [Fatal Error] :1:1: Premature end of file.
2026-06-29 16:15:17,911 [ERROR] LogOutputStream:75 - [STDERR_REDIRECT] 
2026-06-29 16:15:18,896 [ERROR] LogOutputStream:75 - [STDERR_REDIRECT] [Fatal Error] :1:1: Premature end of file.
2026-06-29 16:15:18,896 [ERROR] LogOutputStream:75 - [STDERR_REDIRECT] 
2026-06-29 16:15:19,964 [ERROR] LogOutputStream:75 - [STDERR_REDIRECT] [Fatal Error] :1:1: Premature end of file.
2026-06-29 16:15:19,966 [ERROR] LogOutputStream:75 - [STDERR_REDIRECT] 
2026-06-29 16:15:20,955 [ERROR] LogOutputStream:75 - [STDERR_REDIRECT] [Fatal Error] :1:1: Premature end of file.
2026-06-29 16:15:20,957 [ERROR] LogOutputStream:75 - [STDERR_REDIRECT] 
2026-06-29 16:15:21,045 [INFO] Context:786 - Trying to add GPIOservice into a context  which must be forbidden
2026-06-29 16:15:21,969 [ERROR] LogOutputStream:75 - [STDERR_REDIRECT] [Fatal Error] :1:1: Premature end of file.
2026-06-29 16:15:21,970 [ERROR] LogOutputStream:75 - [STDERR_REDIRECT] 
2026-06-29 16:15:22,749 [INFO] ImportTextPane:234 - (OptionalMessage_ERROR) Pin25 (VP_RIF_VS_RIF1) cannot be retrieved for this MCU
2026-06-29 16:15:22,941 [ERROR] LogOutputStream:75 - [STDERR_REDIRECT] [Fatal Error] :1:1: Premature end of file.
2026-06-29 16:15:22,942 [ERROR] LogOutputStream:75 - [STDERR_REDIRECT] 
2026-06-29 16:15:23,029 [INFO] RtosManager:558 - Registered RTOS mode: class=CMSIS, group=RTOS, mode=CMSIS_V1, owner=FREERTOS
2026-06-29 16:15:23,030 [INFO] RtosManager:558 - Registered RTOS mode: class=CMSIS, group=RTOS2, mode=CMSIS_V2, owner=FREERTOS
2026-06-29 16:15:23,030 [INFO] RtosManager:558 - Registered RTOS mode: class=RTOS, group=Core, mode=CMSIS_V1, owner=FREERTOS
2026-06-29 16:15:23,030 [INFO] RtosManager:558 - Registered RTOS mode: class=RTOS, group=Core, mode=CMSIS_V2, owner=FREERTOS
2026-06-29 16:15:23,031 [WARN] ModelIntegratedComponent:184 - Missing modes for component STMicroelectronics:FreeRTOS:0.0.1:STMicroelectronics:RTOS:FreeRTOS:Core:::10.2.0:
2026-06-29 16:15:23,054 [WARN] ModelIntegratedComponent:63 - No mode defined for component null
2026-06-29 16:15:23,055 [WARN] ModelIntegratedComponent:63 - No mode defined for component null
2026-06-29 16:15:23,055 [WARN] ModelIntegratedComponent:63 - No mode defined for component null
2026-06-29 16:15:23,055 [WARN] ModelIntegratedComponent:63 - No mode defined for component null
2026-06-29 16:15:23,056 [WARN] ModelIntegratedComponent:63 - No mode defined for component null
2026-06-29 16:15:23,056 [WARN] ModelIntegratedComponent:63 - No mode defined for component null
2026-06-29 16:15:23,056 [WARN] ModelIntegratedComponent:63 - No mode defined for component null
2026-06-29 16:15:23,056 [WARN] ModelIntegratedComponent:63 - No mode defined for component null
2026-06-29 16:15:23,056 [WARN] ModelIntegratedComponent:63 - No mode defined for component null
2026-06-29 16:15:23,056 [WARN] ModelIntegratedComponent:63 - No mode defined for component null
2026-06-29 16:15:23,057 [WARN] ModelIntegratedComponent:63 - No mode defined for component null
2026-06-29 16:15:23,057 [WARN] ModelIntegratedComponent:63 - No mode defined for component null
2026-06-29 16:15:23,057 [WARN] ModelIntegratedComponent:63 - No mode defined for component null
2026-06-29 16:15:23,057 [WARN] ModelIntegratedComponent:63 - No mode defined for component null
2026-06-29 16:15:23,057 [WARN] ModelIntegratedComponent:63 - No mode defined for component null
2026-06-29 16:15:23,057 [WARN] ModelIntegratedComponent:63 - No mode defined for component null
2026-06-29 16:15:23,057 [WARN] ModelIntegratedComponent:63 - No mode defined for component null
2026-06-29 16:15:23,057 [WARN] ModelIntegratedComponent:63 - No mode defined for component null
2026-06-29 16:15:23,057 [WARN] ModelIntegratedComponent:63 - No mode defined for component null
2026-06-29 16:15:23,057 [WARN] ModelIntegratedComponent:63 - No mode defined for component null
2026-06-29 16:15:23,057 [WARN] ModelIntegratedComponent:63 - No mode defined for component null
2026-06-29 16:15:23,057 [WARN] ModelIntegratedComponent:63 - No mode defined for component null
2026-06-29 16:15:23,058 [WARN] ModelIntegratedComponent:63 - No mode defined for component null
2026-06-29 16:15:23,058 [WARN] ModelIntegratedComponent:63 - No mode defined for component null
2026-06-29 16:15:23,058 [WARN] ModelIntegratedComponent:63 - No mode defined for component null
2026-06-29 16:15:23,058 [WARN] ModelIntegratedComponent:63 - No mode defined for component null
2026-06-29 16:15:23,058 [WARN] ModelIntegratedComponent:63 - No mode defined for component null
2026-06-29 16:15:23,058 [WARN] ModelIntegratedComponent:63 - No mode defined for component null
2026-06-29 16:15:23,058 [WARN] ModelIntegratedComponent:63 - No mode defined for component null
2026-06-29 16:15:23,058 [WARN] ModelIntegratedComponent:63 - No mode defined for component null
2026-06-29 16:15:23,058 [WARN] ModelIntegratedComponent:63 - No mode defined for component null
2026-06-29 16:15:23,058 [WARN] ModelIntegratedComponent:63 - No mode defined for component null
2026-06-29 16:15:23,058 [WARN] ModelIntegratedComponent:63 - No mode defined for component null
2026-06-29 16:15:23,058 [WARN] ModelIntegratedComponent:63 - No mode defined for component null
2026-06-29 16:15:23,058 [WARN] ModelIntegratedComponent:63 - No mode defined for component null
2026-06-29 16:15:23,059 [WARN] ModelPack:524 - Component already loaded: STMicroelectronics:HAL Drivers:0.0.0:STMicroelectronics:Device:STMicro_Driver:XSPI:HAL::0.0.1:HAL_XSPI
2026-06-29 16:15:23,604 [INFO] ThirdPartyModel:298 - Start build external matchings
2026-06-29 16:15:23,897 [ERROR] LogOutputStream:75 - [STDERR_REDIRECT] [Fatal Error] :1:1: Premature end of file.
2026-06-29 16:15:23,898 [ERROR] LogOutputStream:75 - [STDERR_REDIRECT] 
2026-06-29 16:15:24,841 [ERROR] LogOutputStream:75 - [STDERR_REDIRECT] [Fatal Error] :1:1: Premature end of file.
2026-06-29 16:15:24,841 [ERROR] LogOutputStream:75 - [STDERR_REDIRECT] 
2026-06-29 16:15:25,506 [INFO] ThirdPartyModel:316 - End build external matchings
2026-06-29 16:15:25,646 [INFO] ImportTextPane:234 - (OptionalMessage_ERROR) IP (DMA) : Parameter (Instance) has Id (USART2_TX) currently not set
2026-06-29 16:15:25,646 [INFO] ImportTextPane:234 - (OptionalMessage_ERROR) IP (DMA) : Parameter (Request) has Id (USART2_TX) currently not set
2026-06-29 16:15:25,647 [INFO] ImportTextPane:234 - (OptionalMessage_ERROR) IP (DMA) : Parameter (Direction) has Id (USART2_TX) currently not set
2026-06-29 16:15:25,647 [INFO] ImportTextPane:234 - (OptionalMessage_ERROR) IP (DMA) : Parameter (PeriphInc) has Id (USART2_TX) currently not set
2026-06-29 16:15:25,648 [INFO] ImportTextPane:234 - (OptionalMessage_ERROR) IP (DMA) : Parameter (MemInc) has Id (USART2_TX) currently not set
2026-06-29 16:15:25,650 [INFO] ImportTextPane:234 - (OptionalMessage_ERROR) IP (DMA) : Parameter (PeriphDataAlignment) has Id (USART2_TX) currently not set
2026-06-29 16:15:25,654 [INFO] ImportTextPane:234 - (OptionalMessage_ERROR) IP (DMA) : Parameter (MemDataAlignment) has Id (USART2_TX) currently not set
2026-06-29 16:15:25,654 [INFO] ImportTextPane:234 - (OptionalMessage_ERROR) IP (DMA) : Parameter (Mode) has Id (USART2_TX) currently not set
2026-06-29 16:15:25,654 [INFO] ImportTextPane:234 - (OptionalMessage_ERROR) IP (DMA) : Parameter (Priority) has Id (USART2_TX) currently not set
2026-06-29 16:15:25,654 [INFO] ImportTextPane:234 - (OptionalMessage_ERROR) IP (DMA) : Parameter (SignalID) has Id (USART2_TX) currently not set
2026-06-29 16:15:25,654 [INFO] ImportTextPane:234 - (OptionalMessage_ERROR) IP (DMA) : Parameter (Polarity) has Id (USART2_TX) currently not set
2026-06-29 16:15:25,654 [INFO] ImportTextPane:234 - (OptionalMessage_ERROR) IP (DMA) : Parameter (RequestNumber) has Id (USART2_TX) currently not set
2026-06-29 16:15:25,654 [INFO] ImportTextPane:234 - (OptionalMessage_ERROR) IP (DMA) : Parameter (SyncSignalID) has Id (USART2_TX) currently not set
2026-06-29 16:15:25,654 [INFO] ImportTextPane:234 - (OptionalMessage_ERROR) IP (DMA) : Parameter (SyncPolarity) has Id (USART2_TX) currently not set
2026-06-29 16:15:25,654 [INFO] ImportTextPane:234 - (OptionalMessage_ERROR) IP (DMA) : Parameter (SyncEnable) has Id (USART2_TX) currently not set
2026-06-29 16:15:25,654 [INFO] ImportTextPane:234 - (OptionalMessage_ERROR) IP (DMA) : Parameter (EventEnable) has Id (USART2_TX) currently not set
2026-06-29 16:15:25,654 [INFO] ImportTextPane:234 - (OptionalMessage_ERROR) IP (DMA) : Parameter (SyncRequestNumber) has Id (USART2_TX) currently not set
2026-06-29 16:15:25,654 [INFO] ImportTextPane:234 - (OptionalMessage_ERROR) IP (DMA) : Parameter (Instance) has Id (USART2_RX) currently not set
2026-06-29 16:15:25,654 [INFO] ImportTextPane:234 - (OptionalMessage_ERROR) IP (DMA) : Parameter (Request) has Id (USART2_RX) currently not set
2026-06-29 16:15:25,654 [INFO] ImportTextPane:234 - (OptionalMessage_ERROR) IP (DMA) : Parameter (Direction) has Id (USART2_RX) currently not set
2026-06-29 16:15:25,654 [INFO] ImportTextPane:234 - (OptionalMessage_ERROR) IP (DMA) : Parameter (PeriphInc) has Id (USART2_RX) currently not set
2026-06-29 16:15:25,654 [INFO] ImportTextPane:234 - (OptionalMessage_ERROR) IP (DMA) : Parameter (MemInc) has Id (USART2_RX) currently not set
2026-06-29 16:15:25,655 [INFO] ImportTextPane:234 - (OptionalMessage_ERROR) IP (DMA) : Parameter (PeriphDataAlignment) has Id (USART2_RX) currently not set
2026-06-29 16:15:25,655 [INFO] ImportTextPane:234 - (OptionalMessage_ERROR) IP (DMA) : Parameter (MemDataAlignment) has Id (USART2_RX) currently not set
2026-06-29 16:15:25,655 [INFO] ImportTextPane:234 - (OptionalMessage_ERROR) IP (DMA) : Parameter (Mode) has Id (USART2_RX) currently not set
2026-06-29 16:15:25,655 [INFO] ImportTextPane:234 - (OptionalMessage_ERROR) IP (DMA) : Parameter (Priority) has Id (USART2_RX) currently not set
2026-06-29 16:15:25,655 [INFO] ImportTextPane:234 - (OptionalMessage_ERROR) IP (DMA) : Parameter (SignalID) has Id (USART2_RX) currently not set
2026-06-29 16:15:25,655 [INFO] ImportTextPane:234 - (OptionalMessage_ERROR) IP (DMA) : Parameter (Polarity) has Id (USART2_RX) currently not set
2026-06-29 16:15:25,655 [INFO] ImportTextPane:234 - (OptionalMessage_ERROR) IP (DMA) : Parameter (RequestNumber) has Id (USART2_RX) currently not set
2026-06-29 16:15:25,655 [INFO] ImportTextPane:234 - (OptionalMessage_ERROR) IP (DMA) : Parameter (SyncSignalID) has Id (USART2_RX) currently not set
2026-06-29 16:15:25,655 [INFO] ImportTextPane:234 - (OptionalMessage_ERROR) IP (DMA) : Parameter (SyncPolarity) has Id (USART2_RX) currently not set
2026-06-29 16:15:25,655 [INFO] ImportTextPane:234 - (OptionalMessage_ERROR) IP (DMA) : Parameter (SyncEnable) has Id (USART2_RX) currently not set
2026-06-29 16:15:25,655 [INFO] ImportTextPane:234 - (OptionalMessage_ERROR) IP (DMA) : Parameter (EventEnable) has Id (USART2_RX) currently not set
2026-06-29 16:15:25,655 [INFO] ImportTextPane:234 - (OptionalMessage_ERROR) IP (DMA) : Parameter (SyncRequestNumber) has Id (USART2_RX) currently not set
2026-06-29 16:15:25,655 [INFO] ImportTextPane:234 - (OptionalMessage_ERROR) IP (DMA) : Parameter (Instance) has Id (TIM4_CH1) currently not set
2026-06-29 16:15:25,656 [INFO] ImportTextPane:234 - (OptionalMessage_ERROR) IP (DMA) : Parameter (Request) has Id (TIM4_CH1) currently not set
2026-06-29 16:15:25,656 [INFO] ImportTextPane:234 - (OptionalMessage_ERROR) IP (DMA) : Parameter (Direction) has Id (TIM4_CH1) currently not set
2026-06-29 16:15:25,656 [INFO] ImportTextPane:234 - (OptionalMessage_ERROR) IP (DMA) : Parameter (PeriphInc) has Id (TIM4_CH1) currently not set
2026-06-29 16:15:25,656 [INFO] ImportTextPane:234 - (OptionalMessage_ERROR) IP (DMA) : Parameter (MemInc) has Id (TIM4_CH1) currently not set
2026-06-29 16:15:25,656 [INFO] ImportTextPane:234 - (OptionalMessage_ERROR) IP (DMA) : Parameter (PeriphDataAlignment) has Id (TIM4_CH1) currently not set
2026-06-29 16:15:25,656 [INFO] ImportTextPane:234 - (OptionalMessage_ERROR) IP (DMA) : Parameter (MemDataAlignment) has Id (TIM4_CH1) currently not set
2026-06-29 16:15:25,656 [INFO] ImportTextPane:234 - (OptionalMessage_ERROR) IP (DMA) : Parameter (Mode) has Id (TIM4_CH1) currently not set
2026-06-29 16:15:25,656 [INFO] ImportTextPane:234 - (OptionalMessage_ERROR) IP (DMA) : Parameter (Priority) has Id (TIM4_CH1) currently not set
2026-06-29 16:15:25,656 [INFO] ImportTextPane:234 - (OptionalMessage_ERROR) IP (DMA) : Parameter (SignalID) has Id (TIM4_CH1) currently not set
2026-06-29 16:15:25,656 [INFO] ImportTextPane:234 - (OptionalMessage_ERROR) IP (DMA) : Parameter (Polarity) has Id (TIM4_CH1) currently not set
2026-06-29 16:15:25,656 [INFO] ImportTextPane:234 - (OptionalMessage_ERROR) IP (DMA) : Parameter (RequestNumber) has Id (TIM4_CH1) currently not set
2026-06-29 16:15:25,656 [INFO] ImportTextPane:234 - (OptionalMessage_ERROR) IP (DMA) : Parameter (SyncSignalID) has Id (TIM4_CH1) currently not set
2026-06-29 16:15:25,656 [INFO] ImportTextPane:234 - (OptionalMessage_ERROR) IP (DMA) : Parameter (SyncPolarity) has Id (TIM4_CH1) currently not set
2026-06-29 16:15:25,657 [INFO] ImportTextPane:234 - (OptionalMessage_ERROR) IP (DMA) : Parameter (SyncEnable) has Id (TIM4_CH1) currently not set
2026-06-29 16:15:25,657 [INFO] ImportTextPane:234 - (OptionalMessage_ERROR) IP (DMA) : Parameter (EventEnable) has Id (TIM4_CH1) currently not set
2026-06-29 16:15:25,657 [INFO] ImportTextPane:234 - (OptionalMessage_ERROR) IP (DMA) : Parameter (SyncRequestNumber) has Id (TIM4_CH1) currently not set
2026-06-29 16:15:25,657 [INFO] ImportTextPane:234 - (OptionalMessage_ERROR) IP (DMA) : Parameter (Instance) has Id (USART1_RX) currently not set
2026-06-29 16:15:25,657 [INFO] ImportTextPane:234 - (OptionalMessage_ERROR) IP (DMA) : Parameter (Request) has Id (USART1_RX) currently not set
2026-06-29 16:15:25,657 [INFO] ImportTextPane:234 - (OptionalMessage_ERROR) IP (DMA) : Parameter (Direction) has Id (USART1_RX) currently not set
2026-06-29 16:15:25,657 [INFO] ImportTextPane:234 - (OptionalMessage_ERROR) IP (DMA) : Parameter (PeriphInc) has Id (USART1_RX) currently not set
2026-06-29 16:15:25,657 [INFO] ImportTextPane:234 - (OptionalMessage_ERROR) IP (DMA) : Parameter (MemInc) has Id (USART1_RX) currently not set
2026-06-29 16:15:25,657 [INFO] ImportTextPane:234 - (OptionalMessage_ERROR) IP (DMA) : Parameter (PeriphDataAlignment) has Id (USART1_RX) currently not set
2026-06-29 16:15:25,657 [INFO] ImportTextPane:234 - (OptionalMessage_ERROR) IP (DMA) : Parameter (MemDataAlignment) has Id (USART1_RX) currently not set
2026-06-29 16:15:25,657 [INFO] ImportTextPane:234 - (OptionalMessage_ERROR) IP (DMA) : Parameter (Mode) has Id (USART1_RX) currently not set
2026-06-29 16:15:25,657 [INFO] ImportTextPane:234 - (OptionalMessage_ERROR) IP (DMA) : Parameter (Priority) has Id (USART1_RX) currently not set
2026-06-29 16:15:25,658 [INFO] ImportTextPane:234 - (OptionalMessage_ERROR) IP (DMA) : Parameter (SignalID) has Id (USART1_RX) currently not set
2026-06-29 16:15:25,658 [INFO] ImportTextPane:234 - (OptionalMessage_ERROR) IP (DMA) : Parameter (Polarity) has Id (USART1_RX) currently not set
2026-06-29 16:15:25,658 [INFO] ImportTextPane:234 - (OptionalMessage_ERROR) IP (DMA) : Parameter (RequestNumber) has Id (USART1_RX) currently not set
2026-06-29 16:15:25,658 [INFO] ImportTextPane:234 - (OptionalMessage_ERROR) IP (DMA) : Parameter (SyncSignalID) has Id (USART1_RX) currently not set
2026-06-29 16:15:25,658 [INFO] ImportTextPane:234 - (OptionalMessage_ERROR) IP (DMA) : Parameter (SyncPolarity) has Id (USART1_RX) currently not set
2026-06-29 16:15:25,658 [INFO] ImportTextPane:234 - (OptionalMessage_ERROR) IP (DMA) : Parameter (SyncEnable) has Id (USART1_RX) currently not set
2026-06-29 16:15:25,658 [INFO] ImportTextPane:234 - (OptionalMessage_ERROR) IP (DMA) : Parameter (EventEnable) has Id (USART1_RX) currently not set
2026-06-29 16:15:25,658 [INFO] ImportTextPane:234 - (OptionalMessage_ERROR) IP (DMA) : Parameter (SyncRequestNumber) has Id (USART1_RX) currently not set
2026-06-29 16:15:25,658 [INFO] ImportTextPane:234 - (OptionalMessage_ERROR) IP (DMA) : Parameter (Instance) has Id (USART1_TX) currently not set
2026-06-29 16:15:25,658 [INFO] ImportTextPane:234 - (OptionalMessage_ERROR) IP (DMA) : Parameter (Request) has Id (USART1_TX) currently not set
2026-06-29 16:15:25,658 [INFO] ImportTextPane:234 - (OptionalMessage_ERROR) IP (DMA) : Parameter (Direction) has Id (USART1_TX) currently not set
2026-06-29 16:15:25,658 [INFO] ImportTextPane:234 - (OptionalMessage_ERROR) IP (DMA) : Parameter (PeriphInc) has Id (USART1_TX) currently not set
2026-06-29 16:15:25,659 [INFO] ImportTextPane:234 - (OptionalMessage_ERROR) IP (DMA) : Parameter (MemInc) has Id (USART1_TX) currently not set
2026-06-29 16:15:25,659 [INFO] ImportTextPane:234 - (OptionalMessage_ERROR) IP (DMA) : Parameter (PeriphDataAlignment) has Id (USART1_TX) currently not set
2026-06-29 16:15:25,659 [INFO] ImportTextPane:234 - (OptionalMessage_ERROR) IP (DMA) : Parameter (MemDataAlignment) has Id (USART1_TX) currently not set
2026-06-29 16:15:25,659 [INFO] ImportTextPane:234 - (OptionalMessage_ERROR) IP (DMA) : Parameter (Mode) has Id (USART1_TX) currently not set
2026-06-29 16:15:25,659 [INFO] ImportTextPane:234 - (OptionalMessage_ERROR) IP (DMA) : Parameter (Priority) has Id (USART1_TX) currently not set
2026-06-29 16:15:25,659 [INFO] ImportTextPane:234 - (OptionalMessage_ERROR) IP (DMA) : Parameter (SignalID) has Id (USART1_TX) currently not set
2026-06-29 16:15:25,659 [INFO] ImportTextPane:234 - (OptionalMessage_ERROR) IP (DMA) : Parameter (Polarity) has Id (USART1_TX) currently not set
2026-06-29 16:15:25,659 [INFO] ImportTextPane:234 - (OptionalMessage_ERROR) IP (DMA) : Parameter (RequestNumber) has Id (USART1_TX) currently not set
2026-06-29 16:15:25,659 [INFO] ImportTextPane:234 - (OptionalMessage_ERROR) IP (DMA) : Parameter (SyncSignalID) has Id (USART1_TX) currently not set
2026-06-29 16:15:25,660 [INFO] ImportTextPane:234 - (OptionalMessage_ERROR) IP (DMA) : Parameter (SyncPolarity) has Id (USART1_TX) currently not set
2026-06-29 16:15:25,660 [INFO] ImportTextPane:234 - (OptionalMessage_ERROR) IP (DMA) : Parameter (SyncEnable) has Id (USART1_TX) currently not set
2026-06-29 16:15:25,660 [INFO] ImportTextPane:234 - (OptionalMessage_ERROR) IP (DMA) : Parameter (EventEnable) has Id (USART1_TX) currently not set
2026-06-29 16:15:25,661 [INFO] ImportTextPane:234 - (OptionalMessage_ERROR) IP (DMA) : Parameter (SyncRequestNumber) has Id (USART1_TX) currently not set
2026-06-29 16:15:25,977 [ERROR] LogOutputStream:75 - [STDERR_REDIRECT] [Fatal Error] :1:1: Premature end of file.
2026-06-29 16:15:25,978 [ERROR] LogOutputStream:75 - [STDERR_REDIRECT] 
2026-06-29 16:15:26,972 [ERROR] LogOutputStream:75 - [STDERR_REDIRECT] [Fatal Error] :1:1: Premature end of file.
2026-06-29 16:15:26,972 [ERROR] LogOutputStream:75 - [STDERR_REDIRECT] 
2026-06-29 16:15:26,983 [INFO] ApiDb:581 - Connected to CubeFinder SQLite database (C:\Users\Mowibox\.stmcufinder\plugins\mcufinder\mcu\cube-finder-db.db)
2026-06-29 16:15:27,378 [INFO] ApiDb:668 - CubeFinder database Data Model version=2.1
2026-06-29 16:15:27,378 [INFO] ApiDb:669 - CubeFinder database Configuration version=3.0.42
2026-06-29 16:15:27,379 [INFO] ApiDb:670 - CubeFinder database generation date=2026-02-13 (1770995876)
2026-06-29 16:15:27,379 [INFO] ApiDb:671 - CubeFinder database FW Pack versions=[FP-ATR-ASTRA1_V2.0.0, FP-SNS-FLIGHT1_V5.1.0, FP-SNS-MOTENV1_V5.1.0, FP-SNS-MOTENVWB1_V1.4.0, FP-SNS-SMARTAG2_V1.2.0, FP-SNS-STBOX1_V2.1.0, STM32Cube_FW_C0_V1.4.0, STM32Cube_FW_F4_V1.28.3, STM32Cube_FW_F7_V1.17.4, STM32Cube_FW_G0_V1.6.2, STM32Cube_FW_G4_V1.6.1, STM32Cube_FW_H5_V1.6.0, STM32Cube_FW_H7RS_V1.3.0, STM32Cube_FW_H7_V1.13.0, STM32Cube_FW_L0_V1.12.2, STM32Cube_FW_L4_V1.18.2, STM32Cube_FW_L5_V1.6.0, STM32Cube_FW_N6_V1.3.0, STM32Cube_FW_U0_V1.3.0, STM32Cube_FW_U3_V1.3.0, STM32Cube_FW_U5_V1.8.0, STM32Cube_FW_WB0_V1.4.0, STM32Cube_FW_WBA_V1.9.0, STM32Cube_FW_WB_V1.24.0, STM32Cube_FW_WL3_V1.4.0, STM32Cube_FW_WL_V1.5.0, X-CUBE-ALGOBUILD_V1.4.0, X-CUBE-ALS_V1.0.2, X-CUBE-AZRTOS-F4_V1.1.0, X-CUBE-AZRTOS-F7_V1.1.0, X-CUBE-AZRTOS-G0_V1.1.0, X-CUBE-AZRTOS-G4_V2.0.0, X-CUBE-AZRTOS-H7RS_V1.1.0, X-CUBE-AZRTOS-H7_V3.4.0, X-CUBE-AZRTOS-L4_V2.0.0, X-CUBE-AZRTOS-L5_V2.0.0, X-CUBE-AZRTOS-WB_V2.0.0, X-CUBE-AZRTOS-WL_V2.0.0, X-CUBE-BLE1_V7.1.0, X-CUBE-BLE2_V3.3.0, X-CUBE-BLEMGR_V4.1.0, X-CUBE-EEPRMA1_V5.2.0, X-CUBE-FREERTOS_V1.3.1, X-CUBE-GNSS1_V6.0.0, X-CUBE-MEMS1_V12.0.0, X-CUBE-NFC4_V3.0.0, X-CUBE-NFC7_V2.0.0, X-CUBE-SFXS2LP1_V4.0.0, X-CUBE-ST67W61_V1.1.0, X-CUBE-SUBG2_V5.0.0, X-CUBE-TOF1_V3.4.3]
2026-06-29 16:15:27,593 [INFO] DbBoardsSqlite:226 - include board P-NUCLEO-WB55-NUCLEO as a kit item of type 'Nucleo-64'
2026-06-29 16:15:27,593 [INFO] DbBoardsSqlite:226 - include board P-NUCLEO-WB55-USBDONGLE as a kit item of type 'Nucleo USB Dongle'
2026-06-29 16:15:27,595 [INFO] DbBoardsSqlite:226 - include board STEVAL-IDP005V1 as a kit item of type 'Evaluation Board'
2026-06-29 16:15:27,595 [INFO] DbBoardsSqlite:226 - include board STEVAL-IDP005V2 as a kit item of type 'Evaluation Board'
2026-06-29 16:15:27,882 [ERROR] LogOutputStream:75 - [STDERR_REDIRECT] [Fatal Error] :1:1: Premature end of file.
2026-06-29 16:15:27,883 [ERROR] LogOutputStream:75 - [STDERR_REDIRECT] 
2026-06-29 16:15:28,467 [INFO] ApiDb:240 - Found 880 in-development CPN: [B-G473E-ZEST1S, B-WB1M-WPAN1, B-WBA5M-WPAN, B-WL5M-SUBG1, NUCLEO-C031C6, NUCLEO-C051C8, NUCLEO-C071RB, NUCLEO-C092RC, NUCLEO-H503RB, NUCLEO-H533RE, NUCLEO-H563ZI, NUCLEO-H7S3L8, NUCLEO-N657X0-Q, NUCLEO-U031R8, NUCLEO-U083RC, NUCLEO-U385RG-Q, NUCLEO-U545RE-Q, NUCLEO-U5A5ZJ-Q, NUCLEO-WB05KZ, NUCLEO-WB07CC, NUCLEO-WB09KE, NUCLEO-WBA52CG, NUCLEO-WBA55CG, NUCLEO-WL33CC1, NUCLEO-WL33CC2, STEVAL-PROTEUS1, STEVAL-SMARTAG2, STEVAL-STWINBX1, STM320518-EVAL, STM32C0116-DK, STM32C011D6Y3TR, STM32C011D6Y6TR, STM32C011F4P3, STM32C011F4P6, STM32C011F4U3, STM32C011F4U6TR, STM32C011F6P3, STM32C011F6P6, STM32C011F6U3, STM32C011F6U6TR, STM32C011J4M3, STM32C011J4M6, STM32C011J6M3, STM32C011J6M6, STM32C0316-DK, STM32C031C4T3, STM32C031C4T6, STM32C031C4U3, STM32C031C4U6, STM32C031C6T3, STM32C031C6T6, STM32C031C6U3, STM32C031C6U6, STM32C031F4P3, STM32C031F4P6, STM32C031F6P3, STM32C031F6P6, STM32C031G4U3, STM32C031G4U6, STM32C031G6U3, STM32C031G6U6, STM32C031K4T3, STM32C031K4T6, STM32C031K4U3, STM32C031K4U6, STM32C031K6T3, STM32C031K6T6, STM32C031K6U3, STM32C031K6U6, STM32C051C6T6, STM32C051C6U6, STM32C051C8T6, STM32C051C8U6, STM32C051D8Y6TR, STM32C051F6P6, STM32C051F8P6, STM32C051G6U6, STM32C051G8U6, STM32C051K6T6, STM32C051K6U6, STM32C051K8T6, STM32C071C8T6, STM32C071C8T6N, STM32C071C8U6, STM32C071C8U6N, STM32C071CBT6, STM32C071CBT6N, STM32C071CBU6, STM32C071CBU6N, STM32C071F8P6, STM32C071F8P6N, STM32C071FBP6, STM32C071FBP6N, STM32C071FBY6TR, STM32C071G8U6, STM32C071G8U6N, STM32C071GBU6, STM32C071GBU6N, STM32C071K8T6, STM32C071K8T6N, STM32C071K8U6, STM32C071K8U6N, STM32C071KBT6, STM32C071KBT6N, STM32C071KBU6, STM32C071KBU6N, STM32C071R8T6, STM32C071R8T6N, STM32C071RBI6N, STM32C071RBT6, STM32C071RBT6N, STM32C091CBT6, STM32C091CBU6, STM32C091CCT6, STM32C091CCU6, STM32C091ECY6TR, STM32C091FBP6, STM32C091FCP6, STM32C091GBU6, STM32C091GCU6, STM32C091KBT6, STM32C091KBU6, STM32C091KCT6, STM32C091KCU6, STM32C091RBT6, STM32C091RCI6, STM32C091RCT6, STM32C092CBT6, STM32C092CBU6, STM32C092CCT6, STM32C092CCU6, STM32C092ECY6TR, STM32C092FBP6, STM32C092FCP6, STM32C092GBU6, STM32C092GCU6, STM32C092KBT6, STM32C092KBU6, STM32C092KCT6, STM32C092KCU6, STM32C092RBT6, STM32C092RCI6, STM32C092RCT6, STM32G071K8TXN, STM32G071K8UXN, STM32G081GBU6N, STM32G081KBT6N, STM32G081KBUXN, STM32G0B1CCT6N, STM32G0B1KCT6, STM32G0B1NEY6TR, STM32G0B1RCT6N, STM32G0C1CCT6, STM32G0C1CCT6N, STM32G0C1CCU6N, STM32G0C1CET6N, STM32G0C1CEU6N, STM32G0C1KCT6, STM32G0C1NEY6TR, STM32G0C1RCI6N, STM32G0C1RCT6N, STM32G0C1REI6N, STM32G0C1RET6N, STM32G0C1VCI6, STM32G0C1VEI6, STM32G411C6T3, STM32G411C6T6, STM32G411C6U3, STM32G411C6U6, STM32G411C8T3, STM32G411C8T6, STM32G411C8U3, STM32G411C8U6, STM32G411CBT3, STM32G411CBT6, STM32G411CBU3, STM32G411CBU6, STM32G411K6T3, STM32G411K6T6, STM32G411K6U3, STM32G411K6U6, STM32G411K8T3, STM32G411K8T6, STM32G411K8U3, STM32G411K8U6, STM32G411KBT3, STM32G411KBT6, STM32G411KBU3, STM32G411KBU6, STM32G411M6T3, STM32G411M6T6, STM32G411M8T3, STM32G411M8T6, STM32G411MBT3, STM32G411MBT6, STM32G411R6T3, STM32G411R6T6, STM32G411R8T3, STM32G411R8T6, STM32G411RBT3, STM32G411RBT6, STM32G414CBT3, STM32G414CBT6, STM32G414CBU3, STM32G414CBU6, STM32G414CCT3, STM32G414CCT6, STM32G414CCU3, STM32G414CCU6, STM32G414MBT3, STM32G414MBT6, STM32G414MCT3, STM32G414MCT6, STM32G414RBT3, STM32G414RBT6, STM32G414RCT3, STM32G414RCT6, STM32G414VBT3, STM32G414VBT6, STM32G414VCT3, STM32G414VCT6, STM32G431CBT3Z, STM32G431RBT3Z, STM32G471CCT6, STM32G471CCU6, STM32G471CET3, STM32G471CET6, STM32G471CEU3, STM32G471CEU6, STM32G471MCT6, STM32G471MET3, STM32G471MET6, STM32G471MEY6TR, STM32G471QCT6, STM32G471QET3, STM32G471RCT6, STM32G471RET3, STM32G471RET6, STM32G471VCH6, STM32G471VCI6, STM32G471VCT6, STM32G471VEH3, STM32G471VEH6, STM32G471VEI3, STM32G471VEI6, STM32G471VET3, STM32G471VET6, STM32G473QET3Z, STM32G473RET3Z, STM32G474CCT6, STM32G491RET3Z, STM32H503CBT6, STM32H503CBU6, STM32H503EBY6TR, STM32H503KBU6, STM32H503RBT6, STM32H523CCT6, STM32H523CCU6, STM32H523CET6, STM32H523CEU6, STM32H523HEY6TR, STM32H523RCT6, STM32H523RET6, STM32H523VCI6, STM32H523VCT6, STM32H523VEI6, STM32H523VET6, STM32H523ZCJ6, STM32H523ZCT6, STM32H523ZEJ6, STM32H523ZET6, STM32H533CET6, STM32H533CEU6, STM32H533HEY6TR, STM32H533RET6, STM32H533VEI6, STM32H533VET6, STM32H533ZEJ6, STM32H533ZET6, STM32H562AGI6, STM32H562AII6, STM32H562IGK6, STM32H562IGT6, STM32H562IIK6, STM32H562IIT6, STM32H562RGT6, STM32H562RGV6, STM32H562RIT6, STM32H562RIV6, STM32H562VGT6, STM32H562VIT6, STM32H562ZGT6, STM32H562ZIT6, STM32H563AGI6, STM32H563AII3Q, STM32H563AII6, STM32H563IGK6, STM32H563IGT6, STM32H563IIK3Q, STM32H563IIK6, STM32H563IIT3Q, STM32H563IIT6, STM32H563MIY3QTR, STM32H563RGT6, STM32H563RGV6, STM32H563RIT6, STM32H563RIV6, STM32H563VGT6, STM32H563VIT3Q, STM32H563VIT6, STM32H563ZGT6, STM32H563ZIT3Q, STM32H563ZIT6, STM32H573AII3Q, STM32H573AII6, STM32H573I-DK, STM32H573IIK3Q, STM32H573IIK6, STM32H573IIT3Q, STM32H573IIT6, STM32H573MIY3QTR, STM32H573RIT6, STM32H573RIV6, STM32H573VIT3Q, STM32H573VIT6, STM32H573ZIT3Q, STM32H573ZIT6, STM32H7R3A8I6, STM32H7R3I8K6, STM32H7R3I8T6, STM32H7R3L8H6, STM32H7R3L8H6H, STM32H7R3R8V6, STM32H7R3V8H6, STM32H7R3V8T6, STM32H7R3V8Y6TR, STM32H7R3Z8J6, STM32H7R3Z8T6, STM32H7R7A8I6, STM32H7R7I8K6, STM32H7R7I8T6, STM32H7R7L8H6, STM32H7R7L8H6H, STM32H7R7Z8J6, STM32H7S3A8I6, STM32H7S3I8K6, STM32H7S3I8T6, STM32H7S3L8H6, STM32H7S3L8H6H, STM32H7S3R8V6, STM32H7S3V8H6, STM32H7S3V8T6, STM32H7S3V8Y6TR, STM32H7S3Z8J6, STM32H7S3Z8T6, STM32H7S78-DK, STM32H7S7A8I6, STM32H7S7I8K6, STM32H7S7I8T6, STM32H7S7L8H6, STM32H7S7L8H6H, STM32H7S7Z8J6, STM32L4R5QGI6STR, STM32MP131AAE3, STM32MP131AAF3, STM32MP131AAG3, STM32MP131CAE3, STM32MP131CAF3, STM32MP131CAG3, STM32MP131DAE7, STM32MP131DAF7, STM32MP131DAG7, STM32MP131FAE7, STM32MP131FAF7, STM32MP131FAG7, STM32MP133AAE3, STM32MP133AAF3, STM32MP133AAG3, STM32MP133CAE3, STM32MP133CAF3, STM32MP133CAG3, STM32MP133DAE7, STM32MP133DAF7, STM32MP133DAG7, STM32MP133FAE7, STM32MP133FAF7, STM32MP133FAG7, STM32MP135AAE3, STM32MP135AAF3, STM32MP135AAG3, STM32MP135CAE3, STM32MP135CAF3, STM32MP135CAG3, STM32MP135DAE7, STM32MP135DAF7, STM32MP135DAG7, STM32MP135F-DK, STM32MP135FAE7, STM32MP135FAF7, STM32MP135FAF7T, STM32MP135FAF7U, STM32MP135FAG7, STM32MP211AAL3, STM32MP211AAM3, STM32MP211AAN3, STM32MP211AAO3, STM32MP211CAL3, STM32MP211CAM3, STM32MP211CAN3, STM32MP211CAO3, STM32MP211DAL3, STM32MP211DAM3, STM32MP211DAN3, STM32MP211DAO3, STM32MP211FAL3, STM32MP211FAM3, STM32MP211FAN3, STM32MP211FAO3, STM32MP213AAL3, STM32MP213AAM3, STM32MP213AAN3, STM32MP213AAO3, STM32MP213CAL3, STM32MP213CAM3, STM32MP213CAN3, STM32MP213CAO3, STM32MP213DAL3, STM32MP213DAM3, STM32MP213DAN3, STM32MP213DAO3, STM32MP213FAL3, STM32MP213FAM3, STM32MP213FAN3, STM32MP213FAO3, STM32MP215AAL3, STM32MP215AAM3, STM32MP215AAN3, STM32MP215AAO3, STM32MP215CAL3, STM32MP215CAM3, STM32MP215CAN3, STM32MP215CAO3, STM32MP215DAL3, STM32MP215DAM3, STM32MP215DAN3, STM32MP215DAO3, STM32MP215F-DK, STM32MP215FAL3, STM32MP215FAM3, STM32MP215FAN3, STM32MP215FAO3, STM32MP231AAJ3, STM32MP231AAK3, STM32MP231AAL3, STM32MP231CAJ3, STM32MP231CAK3, STM32MP231CAL3, STM32MP231DAJ3, STM32MP231DAK3, STM32MP231DAL3, STM32MP231FAJ3, STM32MP231FAK3, STM32MP231FAL3, STM32MP233AAJ3, STM32MP233AAK3, STM32MP233AAL3, STM32MP233CAJ3, STM32MP233CAK3, STM32MP233CAL3, STM32MP233DAJ3, STM32MP233DAK3, STM32MP233DAL3, STM32MP233FAJ3, STM32MP233FAK3, STM32MP233FAL3, STM32MP235AAJ3, STM32MP235AAK3, STM32MP235AAL3, STM32MP235CAJ3, STM32MP235CAK3, STM32MP235CAL3, STM32MP235DAJ3, STM32MP235DAK3, STM32MP235DAL3, STM32MP235FAJ3, STM32MP235FAK3, STM32MP235FAL3, STM32MP251AAI3, STM32MP251AAK3, STM32MP251AAL3, STM32MP251CAI3, STM32MP251CAK3, STM32MP251CAL3, STM32MP251DAI3, STM32MP251DAK3, STM32MP251DAL3, STM32MP251FAI3, STM32MP251FAK3, STM32MP251FAL3, STM32MP253AAI3, STM32MP253AAK3, STM32MP253AAL3, STM32MP253CAI3, STM32MP253CAK3, STM32MP253CAL3, STM32MP253DAI3, STM32MP253DAK3, STM32MP253DAL3, STM32MP253FAI3, STM32MP253FAK3, STM32MP253FAL3, STM32MP255AAI3, STM32MP255AAK3, STM32MP255AAL3, STM32MP255CAI3, STM32MP255CAK3, STM32MP255CAL3, STM32MP255DAI3, STM32MP255DAK3, STM32MP255DAL3, STM32MP255FAI3, STM32MP255FAK3, STM32MP255FAL3, STM32MP257AAI3, STM32MP257AAK3, STM32MP257AAL3, STM32MP257CAI3, STM32MP257CAK3, STM32MP257CAL3, STM32MP257DAI3, STM32MP257DAK3, STM32MP257DAL3, STM32MP257F-DK, STM32MP257F-EV1, STM32MP257FAI3, STM32MP257FAK3, STM32MP257FAL3, STM32N645A0H3Q, STM32N645B0H3Q, STM32N645I0H3Q, STM32N645L0H3Q, STM32N645X0H3Q, STM32N645Z0H3Q, STM32N647A0H3Q, STM32N647B0H3Q, STM32N647I0H3Q, STM32N647L0H3Q, STM32N647X0H3Q, STM32N647Z0H3Q, STM32N655A0H3Q, STM32N655B0H3Q, STM32N655I0H3Q, STM32N655L0H3Q, STM32N655X0H3Q, STM32N655Z0H3Q, STM32N6570-DK, STM32N657A0H3Q, STM32N657B0H3Q, STM32N657I0H3Q, STM32N657L0H3Q, STM32N657X0H3Q, STM32N657Z0H3Q, STM32U031C6T6, STM32U031C6U6, STM32U031C8T6, STM32U031C8U6, STM32U031F4P6, STM32U031F6P6, STM32U031F8P6, STM32U031G6Y6TR, STM32U031G8Y6TR, STM32U031K4U6, STM32U031K6U6, STM32U031K8U6, STM32U031R6I6, STM32U031R6T6, STM32U031R8I6, STM32U031R8T6, STM32U073C8T6, STM32U073C8U6, STM32U073CBT6, STM32U073CBU6, STM32U073CCT6, STM32U073CCU6, STM32U073H8Y6TR, STM32U073HBY6TR, STM32U073HCY6TR, STM32U073K8U6, STM32U073KBU6, STM32U073KCU6, STM32U073M8I6, STM32U073M8T6, STM32U073MBI6, STM32U073MBT6, STM32U073MCI6, STM32U073MCT6, STM32U073R8I6, STM32U073R8T6, STM32U073RBI6, STM32U073RBT6, STM32U073RCI6, STM32U073RCT6, STM32U083C-DK, STM32U083CCT6, STM32U083CCU6, STM32U083HCY6TR, STM32U083KCU6, STM32U083MCI6, STM32U083MCT6, STM32U083RCI6, STM32U083RCT6, STM32U375CET6, STM32U375CET6Q, STM32U375CEU6, STM32U375CEU6Q, STM32U375CEY6QTR, STM32U375CGT6, STM32U375CGT6Q, STM32U375CGU6, STM32U375CGU6Q, STM32U375CGY6QTR, STM32U375KEU6, STM32U375KGU6, STM32U375REI6, STM32U375REI6Q, STM32U375RET6, STM32U375RET6Q, STM32U375REY6GTR, STM32U375REY6QTR, STM32U375RGI6, STM32U375RGI6Q, STM32U375RGT6, STM32U375RGT6Q, STM32U375RGY6GTR, STM32U375RGY6QTR, STM32U375VEI6, STM32U375VEI6Q, STM32U375VET6, STM32U375VET6Q, STM32U375VGI6, STM32U375VGI6Q, STM32U375VGT6, STM32U375VGT6Q, STM32U385CGT6, STM32U385CGT6Q, STM32U385CGU6, STM32U385CGU6Q, STM32U385CGY6QTR, STM32U385KGU6, STM32U385RGI6, STM32U385RGI6Q, STM32U385RGT6, STM32U385RGT6Q, STM32U385RGY6GTR, STM32U385RGY6QTR, STM32U385VGI6, STM32U385VGI6Q, STM32U385VGT6, STM32U385VGT6Q, STM32U535CBT6, STM32U535CBT6Q, STM32U535CBU6, STM32U535CBU6Q, STM32U535CCT6, STM32U535CCT6Q, STM32U535CCU6, STM32U535CCU6Q, STM32U535CET6, STM32U535CET6Q, STM32U535CEU6, STM32U535CEU6Q, STM32U535JEY6QTR, STM32U535NCY6QTR, STM32U535NEY6QTR, STM32U535RBI6, STM32U535RBI6Q, STM32U535RBT6, STM32U535RBT6Q, STM32U535RCI6, STM32U535RCI6Q, STM32U535RCT6, STM32U535RCT6Q, STM32U535REI6, STM32U535REI6Q, STM32U535RET6, STM32U535RET6Q, STM32U535VCI6, STM32U535VCI6Q, STM32U535VCT6, STM32U535VCT6Q, STM32U535VEI6, STM32U535VEI6Q, STM32U535VET6, STM32U535VET6Q, STM32U545CET6, STM32U545CET6Q, STM32U545CEU6, STM32U545CEU6Q, STM32U545JEY6QTR, STM32U545NEY6QTR, STM32U545REI6, STM32U545REI6Q, STM32U545RET6, STM32U545RET6Q, STM32U545VEI6, STM32U545VEI6Q, STM32U545VET6, STM32U545VET6Q, STM32U595AIH6, STM32U595AIH6Q, STM32U595AJH6, STM32U595AJH6Q, STM32U595QII6, STM32U595QII6Q, STM32U595QJI6, STM32U595QJI6Q, STM32U595RIT6, STM32U595RIT6Q, STM32U595RJT6, STM32U595RJT6Q, STM32U595VIT6, STM32U595VIT6Q, STM32U595VJT6, STM32U595VJT6Q, STM32U595ZIT6, STM32U595ZIT6Q, STM32U595ZIY6QTR, STM32U595ZJT6, STM32U595ZJT6Q, STM32U595ZJY6QTR, STM32U599BJY6QTR, STM32U599NIH6Q, STM32U599NJH6Q, STM32U599VIT6Q, STM32U599VJT6, STM32U599VJT6Q, STM32U599ZIT6Q, STM32U599ZIY6QTR, STM32U599ZJT6Q, STM32U599ZJY6QTR, STM32U5A5AJH6, STM32U5A5AJH6Q, STM32U5A5QII3Q , STM32U5A5QJI6, STM32U5A5QJI6Q, STM32U5A5RJT6, STM32U5A5RJT6Q, STM32U5A5VJT6, STM32U5A5VJT6Q, STM32U5A5ZJT6, STM32U5A5ZJT6Q, STM32U5A5ZJY6QTR, STM32U5A9BJY6QTR, STM32U5A9J-DK, STM32U5A9NJH6Q, STM32U5A9VJT6Q, STM32U5A9ZJT6Q, STM32U5A9ZJY6QTR, STM32U5F7VIT6, STM32U5F7VIT6Q, STM32U5F7VJT6, STM32U5F7VJT6Q, STM32U5F9BJY6QTR, STM32U5F9NJH6Q, STM32U5F9VIT6Q, STM32U5F9VJT6Q, STM32U5F9ZIJ6QTR, STM32U5F9ZIT6Q, STM32U5F9ZJJ6QTR, STM32U5F9ZJT6Q, STM32U5G7VJT6, STM32U5G7VJT6Q, STM32U5G9BJY6QTR, STM32U5G9J-DK1, STM32U5G9J-DK2, STM32U5G9NJH6Q, STM32U5G9VJT6Q, STM32U5G9ZJJ6QTR, STM32U5G9ZJT6Q, STM32WB05KZV6TR, STM32WB05KZV7TR, STM32WB05TZF6TR, STM32WB05TZF7TR, STM32WB06CCF6TR, STM32WB06CCF7TR, STM32WB06CCV6TR, STM32WB06CCV7TR, STM32WB06KCV6TR, STM32WB06KCV7TR, STM32WB07CCF6TR, STM32WB07CCF7TR, STM32WB07CCV6TR, STM32WB07CCV7TR, STM32WB07KCV6TR, STM32WB07KCV7TR, STM32WB09KEV6TR, STM32WB09KEV7TR, STM32WB09TEF6TR, STM32WB09TEF7TR, STM32WB1MMCH6, STM32WBA50KGU6, STM32WBA50KGU6TR, STM32WBA52CEU6, STM32WBA52CEU6TR, STM32WBA52CEU7, STM32WBA52CEU7TR, STM32WBA52CGU6, STM32WBA52CGU6TR, STM32WBA52CGU6U, STM32WBA52CGU7, STM32WBA52CGU7TR, STM32WBA52KEU6, STM32WBA52KEU6TR, STM32WBA52KGU6, STM32WBA52KGU6TR, STM32WBA54CEU6, STM32WBA54CEU6TR, STM32WBA54CEU7, STM32WBA54CEU7TR, STM32WBA54CGU6, STM32WBA54CGU6TR, STM32WBA54CGU7, STM32WBA54CGU7TR, STM32WBA54KEU6, STM32WBA54KEU6TR, STM32WBA54KEU7, STM32WBA54KEU7TR, STM32WBA54KGU6, STM32WBA54KGU6TR, STM32WBA54KGU7, STM32WBA54KGU7TR, STM32WBA55CEU6, STM32WBA55CEU6TR, STM32WBA55CEU7, STM32WBA55CEU7TR, STM32WBA55CGU6, STM32WBA55CGU6TR, STM32WBA55CGU6U, STM32WBA55CGU7, STM32WBA55CGU7TR, STM32WBA55G-DK1, STM32WBA55HEF6, STM32WBA55HEF7, STM32WBA55HGF6, STM32WBA55HGF7, STM32WBA55UEI6, STM32WBA55UEI6TR, STM32WBA55UEI7, STM32WBA55UEI7TR, STM32WBA55UGI6, STM32WBA55UGI6TR, STM32WBA55UGI7, STM32WBA55UGI7TR, STM32WBA5MMGH6TR, STM32WBA62MGF6, STM32WBA62MIF6, STM32WBA65MGF7, STM32WBA65MIF6, STM32WBA65MIF7, STM32WL30K8V6, STM32WL30KBV6, STM32WL31C8V6, STM32WL31CBV6, STM32WL31K8V6, STM32WL31KBV6, STM32WL33C8V6, STM32WL33C8V6X, STM32WL33CBV6, STM32WL33CBV6X, STM32WL33CCV6, STM32WL33CCV6A, STM32WL33CCV6X, STM32WL33K8V7, STM32WL33K8V7X, STM32WL33KBV7 , STM32WL33KBV7X, STM32WL33KCV7, STM32WL33KCV7X, STM32WL5MOCH6, STM32WL5MOCH6TR]
2026-06-29 16:15:28,472 [INFO] ApiDb:668 - CubeFinder database Data Model version=2.1
2026-06-29 16:15:28,473 [INFO] ApiDb:669 - CubeFinder database Configuration version=3.0.42
2026-06-29 16:15:28,473 [INFO] ApiDb:670 - CubeFinder database generation date=2026-02-13 (1770995876)
2026-06-29 16:15:28,473 [INFO] ApiDb:671 - CubeFinder database FW Pack versions=[FP-ATR-ASTRA1_V2.0.0, FP-SNS-FLIGHT1_V5.1.0, FP-SNS-MOTENV1_V5.1.0, FP-SNS-MOTENVWB1_V1.4.0, FP-SNS-SMARTAG2_V1.2.0, FP-SNS-STBOX1_V2.1.0, STM32Cube_FW_C0_V1.4.0, STM32Cube_FW_F4_V1.28.3, STM32Cube_FW_F7_V1.17.4, STM32Cube_FW_G0_V1.6.2, STM32Cube_FW_G4_V1.6.1, STM32Cube_FW_H5_V1.6.0, STM32Cube_FW_H7RS_V1.3.0, STM32Cube_FW_H7_V1.13.0, STM32Cube_FW_L0_V1.12.2, STM32Cube_FW_L4_V1.18.2, STM32Cube_FW_L5_V1.6.0, STM32Cube_FW_N6_V1.3.0, STM32Cube_FW_U0_V1.3.0, STM32Cube_FW_U3_V1.3.0, STM32Cube_FW_U5_V1.8.0, STM32Cube_FW_WB0_V1.4.0, STM32Cube_FW_WBA_V1.9.0, STM32Cube_FW_WB_V1.24.0, STM32Cube_FW_WL3_V1.4.0, STM32Cube_FW_WL_V1.5.0, X-CUBE-ALGOBUILD_V1.4.0, X-CUBE-ALS_V1.0.2, X-CUBE-AZRTOS-F4_V1.1.0, X-CUBE-AZRTOS-F7_V1.1.0, X-CUBE-AZRTOS-G0_V1.1.0, X-CUBE-AZRTOS-G4_V2.0.0, X-CUBE-AZRTOS-H7RS_V1.1.0, X-CUBE-AZRTOS-H7_V3.4.0, X-CUBE-AZRTOS-L4_V2.0.0, X-CUBE-AZRTOS-L5_V2.0.0, X-CUBE-AZRTOS-WB_V2.0.0, X-CUBE-AZRTOS-WL_V2.0.0, X-CUBE-BLE1_V7.1.0, X-CUBE-BLE2_V3.3.0, X-CUBE-BLEMGR_V4.1.0, X-CUBE-EEPRMA1_V5.2.0, X-CUBE-FREERTOS_V1.3.1, X-CUBE-GNSS1_V6.0.0, X-CUBE-MEMS1_V12.0.0, X-CUBE-NFC4_V3.0.0, X-CUBE-NFC7_V2.0.0, X-CUBE-SFXS2LP1_V4.0.0, X-CUBE-ST67W61_V1.1.0, X-CUBE-SUBG2_V5.0.0, X-CUBE-TOF1_V3.4.3]
2026-06-29 16:15:28,929 [ERROR] LogOutputStream:75 - [STDERR_REDIRECT] [Fatal Error] :1:1: Premature end of file.
2026-06-29 16:15:28,929 [ERROR] LogOutputStream:75 - [STDERR_REDIRECT] 
2026-06-29 16:15:29,890 [ERROR] LogOutputStream:75 - [STDERR_REDIRECT] [Fatal Error] :1:1: Premature end of file.
2026-06-29 16:15:29,891 [ERROR] LogOutputStream:75 - [STDERR_REDIRECT] 
2026-06-29 16:15:30,844 [ERROR] LogOutputStream:75 - [STDERR_REDIRECT] [Fatal Error] :1:1: Premature end of file.
2026-06-29 16:15:30,845 [ERROR] LogOutputStream:75 - [STDERR_REDIRECT] 
2026-06-29 16:15:31,457 [INFO] ApiDb:240 - Found 880 in-development CPN: [B-G473E-ZEST1S, B-WB1M-WPAN1, B-WBA5M-WPAN, B-WL5M-SUBG1, NUCLEO-C031C6, NUCLEO-C051C8, NUCLEO-C071RB, NUCLEO-C092RC, NUCLEO-H503RB, NUCLEO-H533RE, NUCLEO-H563ZI, NUCLEO-H7S3L8, NUCLEO-N657X0-Q, NUCLEO-U031R8, NUCLEO-U083RC, NUCLEO-U385RG-Q, NUCLEO-U545RE-Q, NUCLEO-U5A5ZJ-Q, NUCLEO-WB05KZ, NUCLEO-WB07CC, NUCLEO-WB09KE, NUCLEO-WBA52CG, NUCLEO-WBA55CG, NUCLEO-WL33CC1, NUCLEO-WL33CC2, STEVAL-PROTEUS1, STEVAL-SMARTAG2, STEVAL-STWINBX1, STM320518-EVAL, STM32C0116-DK, STM32C011D6Y3TR, STM32C011D6Y6TR, STM32C011F4P3, STM32C011F4P6, STM32C011F4U3, STM32C011F4U6TR, STM32C011F6P3, STM32C011F6P6, STM32C011F6U3, STM32C011F6U6TR, STM32C011J4M3, STM32C011J4M6, STM32C011J6M3, STM32C011J6M6, STM32C0316-DK, STM32C031C4T3, STM32C031C4T6, STM32C031C4U3, STM32C031C4U6, STM32C031C6T3, STM32C031C6T6, STM32C031C6U3, STM32C031C6U6, STM32C031F4P3, STM32C031F4P6, STM32C031F6P3, STM32C031F6P6, STM32C031G4U3, STM32C031G4U6, STM32C031G6U3, STM32C031G6U6, STM32C031K4T3, STM32C031K4T6, STM32C031K4U3, STM32C031K4U6, STM32C031K6T3, STM32C031K6T6, STM32C031K6U3, STM32C031K6U6, STM32C051C6T6, STM32C051C6U6, STM32C051C8T6, STM32C051C8U6, STM32C051D8Y6TR, STM32C051F6P6, STM32C051F8P6, STM32C051G6U6, STM32C051G8U6, STM32C051K6T6, STM32C051K6U6, STM32C051K8T6, STM32C071C8T6, STM32C071C8T6N, STM32C071C8U6, STM32C071C8U6N, STM32C071CBT6, STM32C071CBT6N, STM32C071CBU6, STM32C071CBU6N, STM32C071F8P6, STM32C071F8P6N, STM32C071FBP6, STM32C071FBP6N, STM32C071FBY6TR, STM32C071G8U6, STM32C071G8U6N, STM32C071GBU6, STM32C071GBU6N, STM32C071K8T6, STM32C071K8T6N, STM32C071K8U6, STM32C071K8U6N, STM32C071KBT6, STM32C071KBT6N, STM32C071KBU6, STM32C071KBU6N, STM32C071R8T6, STM32C071R8T6N, STM32C071RBI6N, STM32C071RBT6, STM32C071RBT6N, STM32C091CBT6, STM32C091CBU6, STM32C091CCT6, STM32C091CCU6, STM32C091ECY6TR, STM32C091FBP6, STM32C091FCP6, STM32C091GBU6, STM32C091GCU6, STM32C091KBT6, STM32C091KBU6, STM32C091KCT6, STM32C091KCU6, STM32C091RBT6, STM32C091RCI6, STM32C091RCT6, STM32C092CBT6, STM32C092CBU6, STM32C092CCT6, STM32C092CCU6, STM32C092ECY6TR, STM32C092FBP6, STM32C092FCP6, STM32C092GBU6, STM32C092GCU6, STM32C092KBT6, STM32C092KBU6, STM32C092KCT6, STM32C092KCU6, STM32C092RBT6, STM32C092RCI6, STM32C092RCT6, STM32G071K8TXN, STM32G071K8UXN, STM32G081GBU6N, STM32G081KBT6N, STM32G081KBUXN, STM32G0B1CCT6N, STM32G0B1KCT6, STM32G0B1NEY6TR, STM32G0B1RCT6N, STM32G0C1CCT6, STM32G0C1CCT6N, STM32G0C1CCU6N, STM32G0C1CET6N, STM32G0C1CEU6N, STM32G0C1KCT6, STM32G0C1NEY6TR, STM32G0C1RCI6N, STM32G0C1RCT6N, STM32G0C1REI6N, STM32G0C1RET6N, STM32G0C1VCI6, STM32G0C1VEI6, STM32G411C6T3, STM32G411C6T6, STM32G411C6U3, STM32G411C6U6, STM32G411C8T3, STM32G411C8T6, STM32G411C8U3, STM32G411C8U6, STM32G411CBT3, STM32G411CBT6, STM32G411CBU3, STM32G411CBU6, STM32G411K6T3, STM32G411K6T6, STM32G411K6U3, STM32G411K6U6, STM32G411K8T3, STM32G411K8T6, STM32G411K8U3, STM32G411K8U6, STM32G411KBT3, STM32G411KBT6, STM32G411KBU3, STM32G411KBU6, STM32G411M6T3, STM32G411M6T6, STM32G411M8T3, STM32G411M8T6, STM32G411MBT3, STM32G411MBT6, STM32G411R6T3, STM32G411R6T6, STM32G411R8T3, STM32G411R8T6, STM32G411RBT3, STM32G411RBT6, STM32G414CBT3, STM32G414CBT6, STM32G414CBU3, STM32G414CBU6, STM32G414CCT3, STM32G414CCT6, STM32G414CCU3, STM32G414CCU6, STM32G414MBT3, STM32G414MBT6, STM32G414MCT3, STM32G414MCT6, STM32G414RBT3, STM32G414RBT6, STM32G414RCT3, STM32G414RCT6, STM32G414VBT3, STM32G414VBT6, STM32G414VCT3, STM32G414VCT6, STM32G431CBT3Z, STM32G431RBT3Z, STM32G471CCT6, STM32G471CCU6, STM32G471CET3, STM32G471CET6, STM32G471CEU3, STM32G471CEU6, STM32G471MCT6, STM32G471MET3, STM32G471MET6, STM32G471MEY6TR, STM32G471QCT6, STM32G471QET3, STM32G471RCT6, STM32G471RET3, STM32G471RET6, STM32G471VCH6, STM32G471VCI6, STM32G471VCT6, STM32G471VEH3, STM32G471VEH6, STM32G471VEI3, STM32G471VEI6, STM32G471VET3, STM32G471VET6, STM32G473QET3Z, STM32G473RET3Z, STM32G474CCT6, STM32G491RET3Z, STM32H503CBT6, STM32H503CBU6, STM32H503EBY6TR, STM32H503KBU6, STM32H503RBT6, STM32H523CCT6, STM32H523CCU6, STM32H523CET6, STM32H523CEU6, STM32H523HEY6TR, STM32H523RCT6, STM32H523RET6, STM32H523VCI6, STM32H523VCT6, STM32H523VEI6, STM32H523VET6, STM32H523ZCJ6, STM32H523ZCT6, STM32H523ZEJ6, STM32H523ZET6, STM32H533CET6, STM32H533CEU6, STM32H533HEY6TR, STM32H533RET6, STM32H533VEI6, STM32H533VET6, STM32H533ZEJ6, STM32H533ZET6, STM32H562AGI6, STM32H562AII6, STM32H562IGK6, STM32H562IGT6, STM32H562IIK6, STM32H562IIT6, STM32H562RGT6, STM32H562RGV6, STM32H562RIT6, STM32H562RIV6, STM32H562VGT6, STM32H562VIT6, STM32H562ZGT6, STM32H562ZIT6, STM32H563AGI6, STM32H563AII3Q, STM32H563AII6, STM32H563IGK6, STM32H563IGT6, STM32H563IIK3Q, STM32H563IIK6, STM32H563IIT3Q, STM32H563IIT6, STM32H563MIY3QTR, STM32H563RGT6, STM32H563RGV6, STM32H563RIT6, STM32H563RIV6, STM32H563VGT6, STM32H563VIT3Q, STM32H563VIT6, STM32H563ZGT6, STM32H563ZIT3Q, STM32H563ZIT6, STM32H573AII3Q, STM32H573AII6, STM32H573I-DK, STM32H573IIK3Q, STM32H573IIK6, STM32H573IIT3Q, STM32H573IIT6, STM32H573MIY3QTR, STM32H573RIT6, STM32H573RIV6, STM32H573VIT3Q, STM32H573VIT6, STM32H573ZIT3Q, STM32H573ZIT6, STM32H7R3A8I6, STM32H7R3I8K6, STM32H7R3I8T6, STM32H7R3L8H6, STM32H7R3L8H6H, STM32H7R3R8V6, STM32H7R3V8H6, STM32H7R3V8T6, STM32H7R3V8Y6TR, STM32H7R3Z8J6, STM32H7R3Z8T6, STM32H7R7A8I6, STM32H7R7I8K6, STM32H7R7I8T6, STM32H7R7L8H6, STM32H7R7L8H6H, STM32H7R7Z8J6, STM32H7S3A8I6, STM32H7S3I8K6, STM32H7S3I8T6, STM32H7S3L8H6, STM32H7S3L8H6H, STM32H7S3R8V6, STM32H7S3V8H6, STM32H7S3V8T6, STM32H7S3V8Y6TR, STM32H7S3Z8J6, STM32H7S3Z8T6, STM32H7S78-DK, STM32H7S7A8I6, STM32H7S7I8K6, STM32H7S7I8T6, STM32H7S7L8H6, STM32H7S7L8H6H, STM32H7S7Z8J6, STM32L4R5QGI6STR, STM32MP131AAE3, STM32MP131AAF3, STM32MP131AAG3, STM32MP131CAE3, STM32MP131CAF3, STM32MP131CAG3, STM32MP131DAE7, STM32MP131DAF7, STM32MP131DAG7, STM32MP131FAE7, STM32MP131FAF7, STM32MP131FAG7, STM32MP133AAE3, STM32MP133AAF3, STM32MP133AAG3, STM32MP133CAE3, STM32MP133CAF3, STM32MP133CAG3, STM32MP133DAE7, STM32MP133DAF7, STM32MP133DAG7, STM32MP133FAE7, STM32MP133FAF7, STM32MP133FAG7, STM32MP135AAE3, STM32MP135AAF3, STM32MP135AAG3, STM32MP135CAE3, STM32MP135CAF3, STM32MP135CAG3, STM32MP135DAE7, STM32MP135DAF7, STM32MP135DAG7, STM32MP135F-DK, STM32MP135FAE7, STM32MP135FAF7, STM32MP135FAF7T, STM32MP135FAF7U, STM32MP135FAG7, STM32MP211AAL3, STM32MP211AAM3, STM32MP211AAN3, STM32MP211AAO3, STM32MP211CAL3, STM32MP211CAM3, STM32MP211CAN3, STM32MP211CAO3, STM32MP211DAL3, STM32MP211DAM3, STM32MP211DAN3, STM32MP211DAO3, STM32MP211FAL3, STM32MP211FAM3, STM32MP211FAN3, STM32MP211FAO3, STM32MP213AAL3, STM32MP213AAM3, STM32MP213AAN3, STM32MP213AAO3, STM32MP213CAL3, STM32MP213CAM3, STM32MP213CAN3, STM32MP213CAO3, STM32MP213DAL3, STM32MP213DAM3, STM32MP213DAN3, STM32MP213DAO3, STM32MP213FAL3, STM32MP213FAM3, STM32MP213FAN3, STM32MP213FAO3, STM32MP215AAL3, STM32MP215AAM3, STM32MP215AAN3, STM32MP215AAO3, STM32MP215CAL3, STM32MP215CAM3, STM32MP215CAN3, STM32MP215CAO3, STM32MP215DAL3, STM32MP215DAM3, STM32MP215DAN3, STM32MP215DAO3, STM32MP215F-DK, STM32MP215FAL3, STM32MP215FAM3, STM32MP215FAN3, STM32MP215FAO3, STM32MP231AAJ3, STM32MP231AAK3, STM32MP231AAL3, STM32MP231CAJ3, STM32MP231CAK3, STM32MP231CAL3, STM32MP231DAJ3, STM32MP231DAK3, STM32MP231DAL3, STM32MP231FAJ3, STM32MP231FAK3, STM32MP231FAL3, STM32MP233AAJ3, STM32MP233AAK3, STM32MP233AAL3, STM32MP233CAJ3, STM32MP233CAK3, STM32MP233CAL3, STM32MP233DAJ3, STM32MP233DAK3, STM32MP233DAL3, STM32MP233FAJ3, STM32MP233FAK3, STM32MP233FAL3, STM32MP235AAJ3, STM32MP235AAK3, STM32MP235AAL3, STM32MP235CAJ3, STM32MP235CAK3, STM32MP235CAL3, STM32MP235DAJ3, STM32MP235DAK3, STM32MP235DAL3, STM32MP235FAJ3, STM32MP235FAK3, STM32MP235FAL3, STM32MP251AAI3, STM32MP251AAK3, STM32MP251AAL3, STM32MP251CAI3, STM32MP251CAK3, STM32MP251CAL3, STM32MP251DAI3, STM32MP251DAK3, STM32MP251DAL3, STM32MP251FAI3, STM32MP251FAK3, STM32MP251FAL3, STM32MP253AAI3, STM32MP253AAK3, STM32MP253AAL3, STM32MP253CAI3, STM32MP253CAK3, STM32MP253CAL3, STM32MP253DAI3, STM32MP253DAK3, STM32MP253DAL3, STM32MP253FAI3, STM32MP253FAK3, STM32MP253FAL3, STM32MP255AAI3, STM32MP255AAK3, STM32MP255AAL3, STM32MP255CAI3, STM32MP255CAK3, STM32MP255CAL3, STM32MP255DAI3, STM32MP255DAK3, STM32MP255DAL3, STM32MP255FAI3, STM32MP255FAK3, STM32MP255FAL3, STM32MP257AAI3, STM32MP257AAK3, STM32MP257AAL3, STM32MP257CAI3, STM32MP257CAK3, STM32MP257CAL3, STM32MP257DAI3, STM32MP257DAK3, STM32MP257DAL3, STM32MP257F-DK, STM32MP257F-EV1, STM32MP257FAI3, STM32MP257FAK3, STM32MP257FAL3, STM32N645A0H3Q, STM32N645B0H3Q, STM32N645I0H3Q, STM32N645L0H3Q, STM32N645X0H3Q, STM32N645Z0H3Q, STM32N647A0H3Q, STM32N647B0H3Q, STM32N647I0H3Q, STM32N647L0H3Q, STM32N647X0H3Q, STM32N647Z0H3Q, STM32N655A0H3Q, STM32N655B0H3Q, STM32N655I0H3Q, STM32N655L0H3Q, STM32N655X0H3Q, STM32N655Z0H3Q, STM32N6570-DK, STM32N657A0H3Q, STM32N657B0H3Q, STM32N657I0H3Q, STM32N657L0H3Q, STM32N657X0H3Q, STM32N657Z0H3Q, STM32U031C6T6, STM32U031C6U6, STM32U031C8T6, STM32U031C8U6, STM32U031F4P6, STM32U031F6P6, STM32U031F8P6, STM32U031G6Y6TR, STM32U031G8Y6TR, STM32U031K4U6, STM32U031K6U6, STM32U031K8U6, STM32U031R6I6, STM32U031R6T6, STM32U031R8I6, STM32U031R8T6, STM32U073C8T6, STM32U073C8U6, STM32U073CBT6, STM32U073CBU6, STM32U073CCT6, STM32U073CCU6, STM32U073H8Y6TR, STM32U073HBY6TR, STM32U073HCY6TR, STM32U073K8U6, STM32U073KBU6, STM32U073KCU6, STM32U073M8I6, STM32U073M8T6, STM32U073MBI6, STM32U073MBT6, STM32U073MCI6, STM32U073MCT6, STM32U073R8I6, STM32U073R8T6, STM32U073RBI6, STM32U073RBT6, STM32U073RCI6, STM32U073RCT6, STM32U083C-DK, STM32U083CCT6, STM32U083CCU6, STM32U083HCY6TR, STM32U083KCU6, STM32U083MCI6, STM32U083MCT6, STM32U083RCI6, STM32U083RCT6, STM32U375CET6, STM32U375CET6Q, STM32U375CEU6, STM32U375CEU6Q, STM32U375CEY6QTR, STM32U375CGT6, STM32U375CGT6Q, STM32U375CGU6, STM32U375CGU6Q, STM32U375CGY6QTR, STM32U375KEU6, STM32U375KGU6, STM32U375REI6, STM32U375REI6Q, STM32U375RET6, STM32U375RET6Q, STM32U375REY6GTR, STM32U375REY6QTR, STM32U375RGI6, STM32U375RGI6Q, STM32U375RGT6, STM32U375RGT6Q, STM32U375RGY6GTR, STM32U375RGY6QTR, STM32U375VEI6, STM32U375VEI6Q, STM32U375VET6, STM32U375VET6Q, STM32U375VGI6, STM32U375VGI6Q, STM32U375VGT6, STM32U375VGT6Q, STM32U385CGT6, STM32U385CGT6Q, STM32U385CGU6, STM32U385CGU6Q, STM32U385CGY6QTR, STM32U385KGU6, STM32U385RGI6, STM32U385RGI6Q, STM32U385RGT6, STM32U385RGT6Q, STM32U385RGY6GTR, STM32U385RGY6QTR, STM32U385VGI6, STM32U385VGI6Q, STM32U385VGT6, STM32U385VGT6Q, STM32U535CBT6, STM32U535CBT6Q, STM32U535CBU6, STM32U535CBU6Q, STM32U535CCT6, STM32U535CCT6Q, STM32U535CCU6, STM32U535CCU6Q, STM32U535CET6, STM32U535CET6Q, STM32U535CEU6, STM32U535CEU6Q, STM32U535JEY6QTR, STM32U535NCY6QTR, STM32U535NEY6QTR, STM32U535RBI6, STM32U535RBI6Q, STM32U535RBT6, STM32U535RBT6Q, STM32U535RCI6, STM32U535RCI6Q, STM32U535RCT6, STM32U535RCT6Q, STM32U535REI6, STM32U535REI6Q, STM32U535RET6, STM32U535RET6Q, STM32U535VCI6, STM32U535VCI6Q, STM32U535VCT6, STM32U535VCT6Q, STM32U535VEI6, STM32U535VEI6Q, STM32U535VET6, STM32U535VET6Q, STM32U545CET6, STM32U545CET6Q, STM32U545CEU6, STM32U545CEU6Q, STM32U545JEY6QTR, STM32U545NEY6QTR, STM32U545REI6, STM32U545REI6Q, STM32U545RET6, STM32U545RET6Q, STM32U545VEI6, STM32U545VEI6Q, STM32U545VET6, STM32U545VET6Q, STM32U595AIH6, STM32U595AIH6Q, STM32U595AJH6, STM32U595AJH6Q, STM32U595QII6, STM32U595QII6Q, STM32U595QJI6, STM32U595QJI6Q, STM32U595RIT6, STM32U595RIT6Q, STM32U595RJT6, STM32U595RJT6Q, STM32U595VIT6, STM32U595VIT6Q, STM32U595VJT6, STM32U595VJT6Q, STM32U595ZIT6, STM32U595ZIT6Q, STM32U595ZIY6QTR, STM32U595ZJT6, STM32U595ZJT6Q, STM32U595ZJY6QTR, STM32U599BJY6QTR, STM32U599NIH6Q, STM32U599NJH6Q, STM32U599VIT6Q, STM32U599VJT6, STM32U599VJT6Q, STM32U599ZIT6Q, STM32U599ZIY6QTR, STM32U599ZJT6Q, STM32U599ZJY6QTR, STM32U5A5AJH6, STM32U5A5AJH6Q, STM32U5A5QII3Q , STM32U5A5QJI6, STM32U5A5QJI6Q, STM32U5A5RJT6, STM32U5A5RJT6Q, STM32U5A5VJT6, STM32U5A5VJT6Q, STM32U5A5ZJT6, STM32U5A5ZJT6Q, STM32U5A5ZJY6QTR, STM32U5A9BJY6QTR, STM32U5A9J-DK, STM32U5A9NJH6Q, STM32U5A9VJT6Q, STM32U5A9ZJT6Q, STM32U5A9ZJY6QTR, STM32U5F7VIT6, STM32U5F7VIT6Q, STM32U5F7VJT6, STM32U5F7VJT6Q, STM32U5F9BJY6QTR, STM32U5F9NJH6Q, STM32U5F9VIT6Q, STM32U5F9VJT6Q, STM32U5F9ZIJ6QTR, STM32U5F9ZIT6Q, STM32U5F9ZJJ6QTR, STM32U5F9ZJT6Q, STM32U5G7VJT6, STM32U5G7VJT6Q, STM32U5G9BJY6QTR, STM32U5G9J-DK1, STM32U5G9J-DK2, STM32U5G9NJH6Q, STM32U5G9VJT6Q, STM32U5G9ZJJ6QTR, STM32U5G9ZJT6Q, STM32WB05KZV6TR, STM32WB05KZV7TR, STM32WB05TZF6TR, STM32WB05TZF7TR, STM32WB06CCF6TR, STM32WB06CCF7TR, STM32WB06CCV6TR, STM32WB06CCV7TR, STM32WB06KCV6TR, STM32WB06KCV7TR, STM32WB07CCF6TR, STM32WB07CCF7TR, STM32WB07CCV6TR, STM32WB07CCV7TR, STM32WB07KCV6TR, STM32WB07KCV7TR, STM32WB09KEV6TR, STM32WB09KEV7TR, STM32WB09TEF6TR, STM32WB09TEF7TR, STM32WB1MMCH6, STM32WBA50KGU6, STM32WBA50KGU6TR, STM32WBA52CEU6, STM32WBA52CEU6TR, STM32WBA52CEU7, STM32WBA52CEU7TR, STM32WBA52CGU6, STM32WBA52CGU6TR, STM32WBA52CGU6U, STM32WBA52CGU7, STM32WBA52CGU7TR, STM32WBA52KEU6, STM32WBA52KEU6TR, STM32WBA52KGU6, STM32WBA52KGU6TR, STM32WBA54CEU6, STM32WBA54CEU6TR, STM32WBA54CEU7, STM32WBA54CEU7TR, STM32WBA54CGU6, STM32WBA54CGU6TR, STM32WBA54CGU7, STM32WBA54CGU7TR, STM32WBA54KEU6, STM32WBA54KEU6TR, STM32WBA54KEU7, STM32WBA54KEU7TR, STM32WBA54KGU6, STM32WBA54KGU6TR, STM32WBA54KGU7, STM32WBA54KGU7TR, STM32WBA55CEU6, STM32WBA55CEU6TR, STM32WBA55CEU7, STM32WBA55CEU7TR, STM32WBA55CGU6, STM32WBA55CGU6TR, STM32WBA55CGU6U, STM32WBA55CGU7, STM32WBA55CGU7TR, STM32WBA55G-DK1, STM32WBA55HEF6, STM32WBA55HEF7, STM32WBA55HGF6, STM32WBA55HGF7, STM32WBA55UEI6, STM32WBA55UEI6TR, STM32WBA55UEI7, STM32WBA55UEI7TR, STM32WBA55UGI6, STM32WBA55UGI6TR, STM32WBA55UGI7, STM32WBA55UGI7TR, STM32WBA5MMGH6TR, STM32WBA62MGF6, STM32WBA62MIF6, STM32WBA65MGF7, STM32WBA65MIF6, STM32WBA65MIF7, STM32WL30K8V6, STM32WL30KBV6, STM32WL31C8V6, STM32WL31CBV6, STM32WL31K8V6, STM32WL31KBV6, STM32WL33C8V6, STM32WL33C8V6X, STM32WL33CBV6, STM32WL33CBV6X, STM32WL33CCV6, STM32WL33CCV6A, STM32WL33CCV6X, STM32WL33K8V7, STM32WL33K8V7X, STM32WL33KBV7 , STM32WL33KBV7X, STM32WL33KCV7, STM32WL33KCV7X, STM32WL5MOCH6, STM32WL5MOCH6TR]
2026-06-29 16:15:31,470 [INFO] DbMcus:218 - Found 4922 MCUs, 4922 are supported
2026-06-29 16:15:31,472 [INFO] ApiDb:423 - Load user favorites file C:\Users\Mowibox/.stm32cubeide/favorites.mcus.txt: 0 item(s)
2026-06-29 16:15:31,472 [INFO] ApiDb:427 - User favorites MCUs=[]
2026-06-29 16:15:31,473 [INFO] DbMcus:224 - Set 0 / 0 favorites MCUs
2026-06-29 16:15:32,009 [ERROR] LogOutputStream:75 - [STDERR_REDIRECT] [Fatal Error] :1:1: Premature end of file.
2026-06-29 16:15:32,010 [ERROR] LogOutputStream:75 - [STDERR_REDIRECT] 
2026-06-29 16:15:32,907 [ERROR] LogOutputStream:75 - [STDERR_REDIRECT] [Fatal Error] :1:1: Premature end of file.
2026-06-29 16:15:32,907 [ERROR] LogOutputStream:75 - [STDERR_REDIRECT] 
2026-06-29 16:15:33,006 [INFO] BoardInfo:889 - No configuration file found for board P-NUCLEO-WB55
2026-06-29 16:15:33,008 [INFO] DbBoards:161 - Kit is not supported: P-NUCLEO-WB55
2026-06-29 16:15:33,018 [INFO] BoardInfo:889 - No configuration file found for board STEVAL-BFA001V1B
2026-06-29 16:15:33,019 [INFO] DbBoards:161 - Kit is not supported: STEVAL-BFA001V1B
2026-06-29 16:15:33,020 [INFO] BoardInfo:889 - No configuration file found for board STEVAL-BFA001V2B
2026-06-29 16:15:33,021 [INFO] DbBoards:161 - Kit is not supported: STEVAL-BFA001V2B
2026-06-29 16:15:33,359 [INFO] DbBoards:168 - Found 212 boards, 209 are supported
2026-06-29 16:15:33,360 [INFO] DbBoards:169 - Found 212 boards, 43 of them is supported for  Bsp
2026-06-29 16:15:33,366 [INFO] ApiDb:423 - Load user favorites file C:\Users\Mowibox/.stm32cubeide/favorites.boards.txt: 0 item(s)
2026-06-29 16:15:33,366 [INFO] ApiDb:427 - User favorites Boards=[]
2026-06-29 16:15:33,366 [INFO] DbBoards:198 - Set 0 / 0 favorites Boards
2026-06-29 16:15:33,493 [INFO] UtilMem:75 - End LoadConfig() Used Memory: 412023744 Bytes (710934528)
2026-06-29 16:15:33,915 [WARN] ThirdParty:833 - waiting for thirdparty lock release [change project]
2026-06-29 16:15:33,915 [INFO] ThirdParty:835 - entering critical section [change project]
2026-06-29 16:15:33,915 [INFO] ThirdParty:1030 - CMSIS Pack Vendor :STMicroelectronics X-CUBE-AZRTOS-H7 3.5.0
2026-06-29 16:15:33,915 [INFO] ThirdParty:1030 - CMSIS Pack Vendor :STMicroelectronics X-CUBE-PM33A1 1.0.0
2026-06-29 16:15:33,915 [INFO] ThirdParty:1030 - CMSIS Pack Vendor :STMicroelectronics USBPD 4.1
2026-06-29 16:15:33,915 [INFO] ThirdParty:1030 - CMSIS Pack Vendor :STMicroelectronics USB_HOST 2.0.0
2026-06-29 16:15:33,915 [INFO] ThirdParty:1030 - CMSIS Pack Vendor :STMicroelectronics FP-SNS-MOTENVWB1 1.4.0
2026-06-29 16:15:33,915 [INFO] ThirdParty:1030 - CMSIS Pack Vendor :STMicroelectronics X-CUBE-AZRTOS-F4 1.1.0
2026-06-29 16:15:33,915 [INFO] ThirdParty:1030 - CMSIS Pack Vendor :STMicroelectronics LIBJPEG 8.0.0
2026-06-29 16:15:33,915 [INFO] ThirdParty:1030 - CMSIS Pack Vendor :STMicroelectronics FP-ATR-ASTRA1 2.0.2
2026-06-29 16:15:33,915 [INFO] ThirdParty:1030 - CMSIS Pack Vendor :STMicroelectronics X-CUBE-SMBUS 2.1.0
2026-06-29 16:15:33,915 [INFO] ThirdParty:1030 - CMSIS Pack Vendor :STMicroelectronics X-CUBE-WB05N 1.1.0
2026-06-29 16:15:33,916 [INFO] ThirdParty:1030 - CMSIS Pack Vendor :STMicroelectronics X-CUBE-ISPU 2.1.0
2026-06-29 16:15:33,916 [INFO] ThirdParty:1030 - CMSIS Pack Vendor :STMicroelectronics X-CUBE-IPS 3.2.0
2026-06-29 16:15:33,916 [INFO] ThirdParty:1030 - CMSIS Pack Vendor :STMicroelectronics eDS-WB_DPC_TT-BIDIR 2.1.1
2026-06-29 16:15:33,916 [INFO] ThirdParty:1030 - CMSIS Pack Vendor :STMicroelectronics X-CUBE-NFC12 1.0.0
2026-06-29 16:15:33,916 [INFO] ThirdParty:1030 - CMSIS Pack Vendor :STMicroelectronics X-CUBE-AZRTOS-F7 1.1.0
2026-06-29 16:15:33,916 [INFO] ThirdParty:1030 - CMSIS Pack Vendor :STMicroelectronics X-CUBE-AZRTOS-L5 2.0.0
2026-06-29 16:15:33,916 [INFO] ThirdParty:1030 - CMSIS Pack Vendor :STMicroelectronics USB_DEVICE 2.0.0
2026-06-29 16:15:33,916 [INFO] ThirdParty:1030 - CMSIS Pack Vendor :STMicroelectronics X-CUBE-FREERTOS 1.6.0
2026-06-29 16:15:33,916 [INFO] ThirdParty:1030 - CMSIS Pack Vendor :STMicroelectronics X-CUBE-NFC6 3.1.0
2026-06-29 16:15:33,916 [INFO] ThirdParty:1030 - CMSIS Pack Vendor :STMicroelectronics X-CUBE-ALGOBUILD 1.5.0
2026-06-29 16:15:33,916 [INFO] ThirdParty:1030 - CMSIS Pack Vendor :STMicroelectronics FP-SNS-MOTENV1 5.1.0
2026-06-29 16:15:33,916 [INFO] ThirdParty:1030 - CMSIS Pack Vendor :STMicroelectronics FreeRTOS 0.0.1
2026-06-29 16:15:33,916 [INFO] ThirdParty:1030 - CMSIS Pack Vendor :STMicroelectronics X-CUBE-AZRTOS-H7RS 1.3.0
2026-06-29 16:15:33,916 [INFO] ThirdParty:1030 - CMSIS Pack Vendor :STMicroelectronics X-CUBE-DPower 1.2.0
2026-06-29 16:15:33,916 [INFO] ThirdParty:1030 - CMSIS Pack Vendor :STMicroelectronics eDS-WB_DPC_VIENNA 1.2.0
2026-06-29 16:15:33,916 [INFO] ThirdParty:1030 - CMSIS Pack Vendor :STMicroelectronics FP-SNS-FLIGHT1 5.0.2
2026-06-29 16:15:33,916 [INFO] ThirdParty:1030 - CMSIS Pack Vendor :STMicroelectronics eDS-WB_DPC_3PH2L-BIDIR 1.1.1
2026-06-29 16:15:33,916 [INFO] ThirdParty:1030 - CMSIS Pack Vendor :Infineon AIROC-Wi-Fi-Bluetooth-STM32 1.7.0
2026-06-29 16:15:33,916 [INFO] ThirdParty:1030 - CMSIS Pack Vendor :STMicroelectronics PDM2PCM 3.3.0
2026-06-29 16:15:33,916 [INFO] ThirdParty:1030 - CMSIS Pack Vendor :STMicroelectronics X-CUBE-AZRTOS-H7 3.4.0
2026-06-29 16:15:33,916 [INFO] ThirdParty:1030 - CMSIS Pack Vendor :STMicroelectronics X-CUBE-DISPLAY 3.0.0
2026-06-29 16:15:33,916 [INFO] ThirdParty:1030 - CMSIS Pack Vendor :STMicroelectronics X-CUBE-GNSS1 7.1.1
2026-06-29 16:15:33,917 [INFO] ThirdParty:1030 - CMSIS Pack Vendor :STMicroelectronics FP-SNS-MOTENVWB1 1.5.0
2026-06-29 16:15:33,917 [INFO] ThirdParty:1030 - CMSIS Pack Vendor :STMicroelectronics X-CUBE-NFC10 1.0.0
2026-06-29 16:15:33,917 [INFO] ThirdParty:1030 - CMSIS Pack Vendor :STMicroelectronics X-CUBE-BLEMGR 4.0.0
2026-06-29 16:15:33,917 [INFO] ThirdParty:1030 - CMSIS Pack Vendor :STMicroelectronics X-CUBE-FREERTOS 1.3.1
2026-06-29 16:15:33,917 [INFO] ThirdParty:1030 - CMSIS Pack Vendor :STMicroelectronics HAL Drivers 0.0.0
2026-06-29 16:15:33,917 [INFO] ThirdParty:1030 - CMSIS Pack Vendor :STMicroelectronics X-CUBE-ST60 1.1.0
2026-06-29 16:15:33,917 [INFO] ThirdParty:1030 - CMSIS Pack Vendor :emotas I-CUBE-CANOPEN 1.3.0
2026-06-29 16:15:33,917 [INFO] ThirdParty:1030 - CMSIS Pack Vendor :STMicroelectronics X-CUBE-FREERTOS 1.3.0
2026-06-29 16:15:33,917 [INFO] ThirdParty:1030 - CMSIS Pack Vendor :STMicroelectronics X-CUBE-NFC7 1.0.1
2026-06-29 16:15:33,917 [INFO] ThirdParty:1030 - CMSIS Pack Vendor :STMicroelectronics MBEDTLS 2.14.1
2026-06-29 16:15:33,917 [INFO] ThirdParty:1030 - CMSIS Pack Vendor :STMicroelectronics X-CUBE-GNSS1 7.1.0
2026-06-29 16:15:33,917 [INFO] ThirdParty:1030 - CMSIS Pack Vendor :STMicroelectronics X-CUBE-TOUCHGFX 4.26.0
2026-06-29 16:15:33,917 [INFO] ThirdParty:1030 - CMSIS Pack Vendor :STMicroelectronics X-CUBE-TOUCHGFX 4.26.1
2026-06-29 16:15:33,917 [INFO] ThirdParty:1030 - CMSIS Pack Vendor :quantropi X-CUBE-qispace-sdk-base 2.0.0
2026-06-29 16:15:33,917 [INFO] ThirdParty:1030 - CMSIS Pack Vendor :STMicroelectronics X-CUBE-AI 10.0.0
2026-06-29 16:15:33,917 [INFO] ThirdParty:1030 - CMSIS Pack Vendor :STMicroelectronics FP-SNS-STBOX1 2.1.0
2026-06-29 16:15:33,917 [INFO] ThirdParty:1030 - CMSIS Pack Vendor :STMicroelectronics FP-SNS-STAIOTCFT 1.0.0
2026-06-29 16:15:33,917 [INFO] ThirdParty:1030 - CMSIS Pack Vendor :STMicroelectronics FP-SNS-SMARTAG2 1.2.0
2026-06-29 16:15:33,917 [INFO] ThirdParty:1030 - CMSIS Pack Vendor :STMicroelectronics FP-SNS-FLIGHT1 5.1.0
2026-06-29 16:15:33,917 [INFO] ThirdParty:1030 - CMSIS Pack Vendor :STMicroelectronics X-CUBE-MEMS1 11.1.0
2026-06-29 16:15:33,917 [INFO] ThirdParty:1030 - CMSIS Pack Vendor :STMicroelectronics X-CUBE-AZRTOS-WL 2.0.0
2026-06-29 16:15:33,917 [INFO] ThirdParty:1030 - CMSIS Pack Vendor :STMicroelectronics X-CUBE-DPower 1.3.0
2026-06-29 16:15:33,917 [INFO] ThirdParty:1030 - CMSIS Pack Vendor :STMicroelectronics FP-SNS-MOTENV1 5.0.0
2026-06-29 16:15:33,918 [INFO] ThirdParty:1030 - CMSIS Pack Vendor :STMicroelectronics USB_DEVICE 1.0.0
2026-06-29 16:15:33,918 [INFO] ThirdParty:1030 - CMSIS Pack Vendor :STMicroelectronics X-CUBE-AZRTOS-H7RS 1.2.0
2026-06-29 16:15:33,918 [INFO] ThirdParty:1030 - CMSIS Pack Vendor :STMicroelectronics X-CUBE-AZRTOS-L4 2.0.0
2026-06-29 16:15:33,918 [INFO] ThirdParty:1030 - CMSIS Pack Vendor :STMicroelectronics ThreadX 0.0.2
2026-06-29 16:15:33,918 [INFO] ThirdParty:1030 - CMSIS Pack Vendor :WES I-CUBE-Cesium 1.3.0
2026-06-29 16:15:33,918 [INFO] ThirdParty:1030 - CMSIS Pack Vendor :STMicroelectronics lwIP 2.1.2
2026-06-29 16:15:33,918 [INFO] ThirdParty:1030 - CMSIS Pack Vendor :STMicroelectronics X-CUBE-SFXS2LP1 4.0.0
2026-06-29 16:15:33,918 [INFO] ThirdParty:1030 - CMSIS Pack Vendor :STMicroelectronics X-CUBE-BLE2 3.3.0
2026-06-29 16:15:33,918 [INFO] ThirdParty:1030 - CMSIS Pack Vendor :Avnet-IOTCONNECT X-CUBE-iotc-st67-sdk 1.0.0
2026-06-29 16:15:33,918 [INFO] ThirdParty:1030 - CMSIS Pack Vendor :STMicroelectronics PDM2PCM 3.2.0
2026-06-29 16:15:33,918 [INFO] ThirdParty:1030 - CMSIS Pack Vendor :STMicroelectronics X-CUBE-WB05N 2.1.0
2026-06-29 16:15:33,918 [INFO] ThirdParty:1030 - CMSIS Pack Vendor :STMicroelectronics X-CUBE-ST67W61 1.2.0
2026-06-29 16:15:33,918 [INFO] ThirdParty:1030 - CMSIS Pack Vendor :STMicroelectronics X-CUBE-AZRTOS-H7 3.3.0
2026-06-29 16:15:33,918 [INFO] ThirdParty:1030 - CMSIS Pack Vendor :STMicroelectronics X-CUBE-NFC9 1.0.0
2026-06-29 16:15:33,918 [INFO] ThirdParty:1030 - CMSIS Pack Vendor :STMicroelectronics X-CUBE-BLE1 7.1.0
2026-06-29 16:15:33,918 [INFO] ThirdParty:1030 - CMSIS Pack Vendor :wolfSSL I-CUBE-wolfMQTT 1.19.2
2026-06-29 16:15:33,918 [INFO] ThirdParty:1030 - CMSIS Pack Vendor :STMicroelectronics USB_DEVICE 3.0.0
2026-06-29 16:15:33,918 [INFO] ThirdParty:1030 - CMSIS Pack Vendor :STMicroelectronics X-CUBE-FREERTOS 1.4.0
2026-06-29 16:15:33,918 [INFO] ThirdParty:1030 - CMSIS Pack Vendor :STMicroelectronics X-CUBE-EEPRMA1 5.2.0
2026-06-29 16:15:33,918 [INFO] ThirdParty:1030 - CMSIS Pack Vendor :STMicroelectronics X-CUBE-BLEMGR 4.1.0
2026-06-29 16:15:33,918 [INFO] ThirdParty:1030 - CMSIS Pack Vendor :STMicroelectronics X-CUBE-AZRTOS-WB 2.0.0
2026-06-29 16:15:33,919 [INFO] ThirdParty:1030 - CMSIS Pack Vendor :STMicroelectronics X-CUBE-GNSS1 7.0.1
2026-06-29 16:15:33,919 [INFO] ThirdParty:1030 - CMSIS Pack Vendor :STMicroelectronics X-CUBE-TOUCHGFX 4.25.0
2026-06-29 16:15:33,919 [INFO] ThirdParty:1030 - CMSIS Pack Vendor :STMicroelectronics X-CUBE-ST67W61 1.1.0
2026-06-29 16:15:33,919 [INFO] ThirdParty:1030 - CMSIS Pack Vendor :STMicroelectronics FP-SNS-STBOX1 2.0.0
2026-06-29 16:15:33,919 [INFO] ThirdParty:1030 - CMSIS Pack Vendor :STMicroelectronics FP-SNS-STAIOTCFT 1.1.0
2026-06-29 16:15:33,919 [INFO] ThirdParty:1030 - CMSIS Pack Vendor :STMicroelectronics X-CUBE-MEMS1 12.0.0
2026-06-29 16:15:33,919 [INFO] ThirdParty:1030 - CMSIS Pack Vendor :STMicroelectronics X-CUBE-STSE01 2.0.0
2026-06-29 16:15:33,919 [INFO] ThirdParty:1030 - CMSIS Pack Vendor :STMicroelectronics X-CUBE-AZRTOS-G0 1.1.0
2026-06-29 16:15:33,919 [INFO] ThirdParty:1030 - CMSIS Pack Vendor :STMicroelectronics X-CUBE-SAFEA1 1.2.2
2026-06-29 16:15:33,919 [INFO] ThirdParty:1030 - CMSIS Pack Vendor :STMicroelectronics X-CUBE-NFC4 3.0.0
2026-06-29 16:15:33,919 [INFO] ThirdParty:1030 - CMSIS Pack Vendor :STMicroelectronics X-CUBE-SUBG2 5.0.0
2026-06-29 16:15:33,919 [INFO] ThirdParty:1030 - CMSIS Pack Vendor :STMicroelectronics X-CUBE-AZRTOS-H7RS 1.1.0
2026-06-29 16:15:33,919 [INFO] ThirdParty:1030 - CMSIS Pack Vendor :STMicroelectronics STM32_WPAN 1.0.0
2026-06-29 16:15:33,919 [INFO] ThirdParty:1030 - CMSIS Pack Vendor :EmbeddedOffice I-CUBE-FS-RTOS 1.0.1
2026-06-29 16:15:33,919 [INFO] ThirdParty:1030 - CMSIS Pack Vendor :STMicroelectronics lwIP 2.0.3
2026-06-29 16:15:33,919 [INFO] ThirdParty:1030 - CMSIS Pack Vendor :Cesanta I-CUBE-Mongoose 7.13.0
2026-06-29 16:15:33,919 [INFO] ThirdParty:1030 - CMSIS Pack Vendor :STMicroelectronics USB_HOST 1.0.0
2026-06-29 16:15:33,919 [INFO] ThirdParty:1030 - CMSIS Pack Vendor :STMicroelectronics X-CUBE-AZRTOS-G4 2.0.0
2026-06-29 16:15:33,919 [INFO] ThirdParty:1030 - CMSIS Pack Vendor :STMicroelectronics X-CUBE-WB05N 2.0.0
2026-06-29 16:15:33,919 [INFO] ThirdParty:1030 - CMSIS Pack Vendor :STMicroelectronics PDM2PCM 3.1.0
2026-06-29 16:15:33,920 [INFO] ThirdParty:1030 - CMSIS Pack Vendor :wolfSSL I-CUBE-wolfTPM 3.8.0
2026-06-29 16:15:33,920 [INFO] ThirdParty:1030 - CMSIS Pack Vendor :wolfSSL I-CUBE-wolfSSH 1.4.20
2026-06-29 16:15:33,920 [INFO] ThirdParty:1030 - CMSIS Pack Vendor :STMicroelectronics X-CUBE-NFC7 2.0.0
2026-06-29 16:15:33,920 [INFO] ThirdParty:1030 - CMSIS Pack Vendor :STMicroelectronics X-CUBE-TCPP 4.2.0
2026-06-29 16:15:33,920 [INFO] ThirdParty:1030 - CMSIS Pack Vendor :RealThread X-CUBE-RT-Thread_Nano 4.1.1
2026-06-29 16:15:33,920 [INFO] ThirdParty:1030 - CMSIS Pack Vendor :STMicroelectronics FP-ATR-SIGFOX1 3.2.0
2026-06-29 16:15:33,920 [INFO] ThirdParty:1030 - CMSIS Pack Vendor :STMicroelectronics X-CUBE-EEPRMA1 5.1.0
2026-06-29 16:15:33,920 [INFO] ThirdParty:1030 - CMSIS Pack Vendor :STMicroelectronics X-CUBE-FREERTOS 1.5.0
2026-06-29 16:15:33,920 [INFO] ThirdParty:1030 - CMSIS Pack Vendor :STMicroelectronics MBEDTLS 2.16.2
2026-06-29 16:15:33,920 [INFO] ThirdParty:1030 - CMSIS Pack Vendor :STMicroelectronics X-CUBE-IPS 3.1.0
2026-06-29 16:15:33,920 [INFO] ThirdParty:1030 - CMSIS Pack Vendor :STMicroelectronics X-CUBE-ALS 1.0.2
2026-06-29 16:15:33,920 [INFO] ThirdParty:1030 - CMSIS Pack Vendor :wolfSSL I-CUBE-wolfSSL 5.7.6
2026-06-29 16:15:33,920 [INFO] ThirdParty:1030 - CMSIS Pack Vendor :ITTIA_DB I-CUBE-ITTIADB 8.9.0
2026-06-29 16:15:33,920 [INFO] ThirdParty:1030 - CMSIS Pack Vendor :STMicroelectronics X-CUBE-TOUCHGFX 4.24.2
2026-06-29 16:15:33,920 [INFO] ThirdParty:1030 - CMSIS Pack Vendor :STMicroelectronics X-CUBE-STSE01 1.0.0
2026-06-29 16:15:33,920 [INFO] ThirdParty:1030 - CMSIS Pack Vendor :portGmbH I-Cube-SoM-uGOAL 1.1.0
2026-06-29 16:15:33,920 [INFO] ThirdParty:1030 - CMSIS Pack Vendor :STMicroelectronics X-CUBE-NFC6 3.2.0
2026-06-29 16:15:33,920 [INFO] ThirdParty:1030 - CMSIS Pack Vendor :STMicroelectronics X-CUBE-AI 10.2.1
2026-06-29 16:15:33,920 [INFO] ThirdParty:1030 - CMSIS Pack Vendor :STMicroelectronics X-CUBE-AI 10.2.0
2026-06-29 16:15:33,920 [INFO] ThirdParty:1030 - CMSIS Pack Vendor :STMicroelectronics ThreadX 1.0.0
2026-06-29 16:15:33,921 [INFO] ThirdParty:1030 - CMSIS Pack Vendor :STMicroelectronics X-CUBE-MEMS1 12.1.0
2026-06-29 16:15:33,921 [INFO] ThirdParty:1030 - CMSIS Pack Vendor :SEGGER I-CUBE-embOS 1.3.1
2026-06-29 16:15:33,921 [INFO] ThirdParty:1030 - CMSIS Pack Vendor :STMicroelectronics X-CUBE-ALGOBUILD 1.4.0
2026-06-29 16:15:33,921 [INFO] ThirdParty:1030 - CMSIS Pack Vendor :STMicroelectronics X-CUBE-MEMS1 11.3.0
2026-06-29 16:15:33,921 [INFO] ThirdParty:1030 - CMSIS Pack Vendor :STMicroelectronics X-CUBE-AZRTOS-H7RS 1.0.0
2026-06-29 16:15:33,921 [INFO] ThirdParty:1030 - CMSIS Pack Vendor :STMicroelectronics X-CUBE-TOF1 3.4.2
2026-06-29 16:15:33,921 [INFO] ThirdParty:1030 - CMSIS Pack Vendor :STMicroelectronics X-CUBE-TOF1 3.4.3
2026-06-29 16:15:33,921 [INFO] ThirdParty:1030 - CMSIS Pack Vendor :STMicroelectronics X-CUBE-NFC13 1.0.0
2026-06-29 16:15:33,921 [INFO] ThirdParty:841 - exiting critical section [change project]
2026-06-29 16:15:33,927 [ERROR] LogOutputStream:75 - [STDERR_REDIRECT] [Fatal Error] :1:1: Premature end of file.
2026-06-29 16:15:33,928 [ERROR] LogOutputStream:75 - [STDERR_REDIRECT] 
2026-06-29 16:15:34,828 [INFO] PinOutPanel:1589 - setPackage(No Configuration,No Configuration)
2026-06-29 16:15:34,832 [INFO] PinOutPanel:1589 - setPackage(STM32G431KBTx,LQFP32)
2026-06-29 16:15:34,898 [ERROR] LogOutputStream:75 - [STDERR_REDIRECT] [Fatal Error] :1:1: Premature end of file.
2026-06-29 16:15:34,900 [ERROR] LogOutputStream:75 - [STDERR_REDIRECT] 
2026-06-29 16:15:35,972 [ERROR] LogOutputStream:75 - [STDERR_REDIRECT] [Fatal Error] :1:1: Premature end of file.
2026-06-29 16:15:35,974 [ERROR] LogOutputStream:75 - [STDERR_REDIRECT] 
2026-06-29 16:15:36,329 [INFO] UtilMem:75 - Before build in PCC Used Memory: 423506056 Bytes (742391808)
2026-06-29 16:15:36,878 [ERROR] LogOutputStream:75 - [STDERR_REDIRECT] [Fatal Error] :1:1: Premature end of file.
2026-06-29 16:15:36,879 [ERROR] LogOutputStream:75 - [STDERR_REDIRECT] 
2026-06-29 16:15:37,892 [ERROR] LogOutputStream:75 - [STDERR_REDIRECT] [Fatal Error] :1:1: Premature end of file.
2026-06-29 16:15:37,894 [ERROR] LogOutputStream:75 - [STDERR_REDIRECT] 
2026-06-29 16:15:38,891 [ERROR] LogOutputStream:75 - [STDERR_REDIRECT] [Fatal Error] :1:1: Premature end of file.
2026-06-29 16:15:38,892 [ERROR] LogOutputStream:75 - [STDERR_REDIRECT] 
2026-06-29 16:15:39,160 [INFO] UtilMem:75 - After build in PCC Used Memory: 383023448 Bytes (784334848)
2026-06-29 16:15:39,245 [INFO] IPUIPlugin:80 - create IPUIPlugin
2026-06-29 16:15:39,246 [INFO] IPUIPlugin:80 - create IPUIPlugin
2026-06-29 16:15:39,246 [INFO] IPUIPlugin:80 - create IPUIPlugin
2026-06-29 16:15:39,246 [INFO] IPUIPlugin:80 - create IPUIPlugin
2026-06-29 16:15:39,246 [INFO] IPUIPlugin:80 - create IPUIPlugin
2026-06-29 16:15:39,246 [INFO] IPUIPlugin:80 - create IPUIPlugin
2026-06-29 16:15:39,246 [INFO] IPUIPlugin:80 - create IPUIPlugin
2026-06-29 16:15:39,246 [INFO] IPUIPlugin:80 - create IPUIPlugin
2026-06-29 16:15:39,247 [INFO] IPUIPlugin:80 - create IPUIPlugin
2026-06-29 16:15:39,247 [INFO] IPUIPlugin:80 - create IPUIPlugin
2026-06-29 16:15:39,247 [INFO] IPUIPlugin:80 - create IPUIPlugin
2026-06-29 16:15:39,247 [INFO] IPUIPlugin:80 - create IPUIPlugin
2026-06-29 16:15:39,247 [INFO] IPUIPlugin:80 - create IPUIPlugin
2026-06-29 16:15:39,247 [INFO] IPUIPlugin:80 - create IPUIPlugin
2026-06-29 16:15:39,248 [INFO] IPUIPlugin:80 - create IPUIPlugin
2026-06-29 16:15:39,248 [INFO] IPUIPlugin:80 - create IPUIPlugin
2026-06-29 16:15:39,248 [INFO] IPUIPlugin:80 - create IPUIPlugin
2026-06-29 16:15:39,248 [INFO] IPUIPlugin:80 - create IPUIPlugin
2026-06-29 16:15:39,248 [INFO] IPUIPlugin:80 - create IPUIPlugin
2026-06-29 16:15:39,248 [INFO] IPUIPlugin:80 - create IPUIPlugin
2026-06-29 16:15:39,249 [INFO] IPUIPlugin:80 - create IPUIPlugin
2026-06-29 16:15:39,249 [INFO] IPUIPlugin:80 - create IPUIPlugin
2026-06-29 16:15:39,249 [INFO] IPUIPlugin:80 - create IPUIPlugin
2026-06-29 16:15:39,249 [INFO] IPUIPlugin:80 - create IPUIPlugin
2026-06-29 16:15:39,250 [INFO] IPUIPlugin:80 - create IPUIPlugin
2026-06-29 16:15:39,251 [INFO] IPUIPlugin:80 - create IPUIPlugin
2026-06-29 16:15:39,251 [INFO] IPUIPlugin:80 - create IPUIPlugin
2026-06-29 16:15:39,251 [INFO] IPUIPlugin:80 - create IPUIPlugin
2026-06-29 16:15:39,251 [INFO] IPUIPlugin:80 - create IPUIPlugin
2026-06-29 16:15:39,252 [INFO] IPUIPlugin:80 - create IPUIPlugin
2026-06-29 16:15:39,252 [INFO] IPUIPlugin:80 - create IPUIPlugin
2026-06-29 16:15:39,252 [INFO] IPUIPlugin:80 - create IPUIPlugin
2026-06-29 16:15:39,253 [INFO] IPUIPlugin:80 - create IPUIPlugin
2026-06-29 16:15:39,253 [INFO] IPUIPlugin:80 - create IPUIPlugin
2026-06-29 16:15:39,254 [INFO] IPUIPlugin:80 - create IPUIPlugin
2026-06-29 16:15:39,255 [INFO] IPUIPlugin:80 - create IPUIPlugin
2026-06-29 16:15:39,257 [INFO] IPUIPlugin:80 - create IPUIPlugin
2026-06-29 16:15:39,259 [INFO] IPUIPlugin:80 - create IPUIPlugin
2026-06-29 16:15:39,259 [INFO] IPUIPlugin:80 - create IPUIPlugin
2026-06-29 16:15:39,260 [INFO] IPUIPlugin:80 - create IPUIPlugin
2026-06-29 16:15:39,260 [INFO] IPUIPlugin:80 - create IPUIPlugin
2026-06-29 16:15:39,260 [INFO] IPUIPlugin:80 - create IPUIPlugin
2026-06-29 16:15:39,261 [INFO] IPUIPlugin:80 - create IPUIPlugin
2026-06-29 16:15:39,261 [INFO] IPUIPlugin:80 - create IPUIPlugin
2026-06-29 16:15:39,261 [INFO] IPUIPlugin:80 - create IPUIPlugin
2026-06-29 16:15:39,262 [INFO] IPUIPlugin:80 - create IPUIPlugin
2026-06-29 16:15:39,262 [INFO] IPUIPlugin:80 - create IPUIPlugin
2026-06-29 16:15:39,262 [INFO] IPUIPlugin:80 - create IPUIPlugin
2026-06-29 16:15:39,263 [INFO] IPUIPlugin:80 - create IPUIPlugin
2026-06-29 16:15:39,263 [INFO] IPUIPlugin:80 - create IPUIPlugin
2026-06-29 16:15:39,264 [INFO] IPUIPlugin:80 - create IPUIPlugin
2026-06-29 16:15:39,264 [INFO] IPUIPlugin:80 - create IPUIPlugin
2026-06-29 16:15:39,264 [INFO] IPUIPlugin:80 - create IPUIPlugin
2026-06-29 16:15:39,265 [INFO] IPUIPlugin:80 - create IPUIPlugin
2026-06-29 16:15:39,265 [INFO] IPUIPlugin:80 - create IPUIPlugin
2026-06-29 16:15:39,266 [INFO] IPUIPlugin:80 - create IPUIPlugin
2026-06-29 16:15:39,915 [ERROR] LogOutputStream:75 - [STDERR_REDIRECT] [Fatal Error] :1:1: Premature end of file.
2026-06-29 16:15:39,917 [ERROR] LogOutputStream:75 - [STDERR_REDIRECT] 
2026-06-29 16:15:40,122 [INFO] CADModel:165 - CPN selected for project levelSTM32G431KBT6
2026-06-29 16:15:40,122 [INFO] CADModel:114 - Register for checkConnection events
2026-06-29 16:15:40,239 [INFO] OpenFileManager:386 - Restore cursor
2026-06-29 16:15:40,913 [ERROR] LogOutputStream:75 - [STDERR_REDIRECT] [Fatal Error] :1:1: Premature end of file.
2026-06-29 16:15:40,914 [ERROR] LogOutputStream:75 - [STDERR_REDIRECT] 
2026-06-29 16:15:41,920 [ERROR] LogOutputStream:75 - [STDERR_REDIRECT] [Fatal Error] :1:1: Premature end of file.
2026-06-29 16:15:41,922 [ERROR] LogOutputStream:75 - [STDERR_REDIRECT] 
2026-06-29 16:15:42,947 [ERROR] LogOutputStream:75 - [STDERR_REDIRECT] [Fatal Error] :1:1: Premature end of file.
2026-06-29 16:15:42,949 [ERROR] LogOutputStream:75 - [STDERR_REDIRECT] 
2026-06-29 16:15:44,025 [ERROR] LogOutputStream:75 - [STDERR_REDIRECT] [Fatal Error] :1:1: Premature end of file.
2026-06-29 16:15:44,026 [ERROR] LogOutputStream:75 - [STDERR_REDIRECT] 
2026-06-29 16:15:44,846 [ERROR] LogOutputStream:75 - [STDERR_REDIRECT] [Fatal Error] :1:1: Premature end of file.
2026-06-29 16:15:44,846 [ERROR] LogOutputStream:75 - [STDERR_REDIRECT] 
2026-06-29 16:15:45,836 [ERROR] LogOutputStream:75 - [STDERR_REDIRECT] [Fatal Error] :1:1: Premature end of file.
2026-06-29 16:15:45,837 [ERROR] LogOutputStream:75 - [STDERR_REDIRECT] 
2026-06-29 16:15:46,853 [ERROR] LogOutputStream:75 - [STDERR_REDIRECT] [Fatal Error] :1:1: Premature end of file.
2026-06-29 16:15:46,853 [ERROR] LogOutputStream:75 - [STDERR_REDIRECT] 
2026-06-29 16:15:47,971 [ERROR] LogOutputStream:75 - [STDERR_REDIRECT] [Fatal Error] :1:1: Premature end of file.
2026-06-29 16:15:47,972 [ERROR] LogOutputStream:75 - [STDERR_REDIRECT] 
2026-06-29 16:15:48,960 [ERROR] LogOutputStream:75 - [STDERR_REDIRECT] [Fatal Error] :1:1: Premature end of file.
2026-06-29 16:15:48,962 [ERROR] LogOutputStream:75 - [STDERR_REDIRECT] 
2026-06-29 16:15:50,024 [ERROR] LogOutputStream:75 - [STDERR_REDIRECT] [Fatal Error] :1:1: Premature end of file.
2026-06-29 16:15:50,026 [ERROR] LogOutputStream:75 - [STDERR_REDIRECT] 
2026-06-29 16:15:50,913 [ERROR] LogOutputStream:75 - [STDERR_REDIRECT] [Fatal Error] :1:1: Premature end of file.
2026-06-29 16:15:50,914 [ERROR] LogOutputStream:75 - [STDERR_REDIRECT] 
2026-06-29 16:15:51,992 [ERROR] LogOutputStream:75 - [STDERR_REDIRECT] [Fatal Error] :1:1: Premature end of file.
2026-06-29 16:15:51,993 [ERROR] LogOutputStream:75 - [STDERR_REDIRECT] 
2026-06-29 16:15:52,950 [ERROR] LogOutputStream:75 - [STDERR_REDIRECT] [Fatal Error] :1:1: Premature end of file.
2026-06-29 16:15:52,952 [ERROR] LogOutputStream:75 - [STDERR_REDIRECT] 
2026-06-29 16:15:53,882 [ERROR] LogOutputStream:75 - [STDERR_REDIRECT] [Fatal Error] :1:1: Premature end of file.
2026-06-29 16:15:53,882 [ERROR] LogOutputStream:75 - [STDERR_REDIRECT] 
2026-06-29 16:15:54,948 [ERROR] LogOutputStream:75 - [STDERR_REDIRECT] [Fatal Error] :1:1: Premature end of file.
2026-06-29 16:15:54,949 [ERROR] LogOutputStream:75 - [STDERR_REDIRECT] 
2026-06-29 16:15:55,914 [ERROR] LogOutputStream:75 - [STDERR_REDIRECT] [Fatal Error] :1:1: Premature end of file.
2026-06-29 16:15:55,914 [ERROR] LogOutputStream:75 - [STDERR_REDIRECT] 
2026-06-29 16:15:56,855 [ERROR] LogOutputStream:75 - [STDERR_REDIRECT] [Fatal Error] :1:1: Premature end of file.
2026-06-29 16:15:56,855 [ERROR] LogOutputStream:75 - [STDERR_REDIRECT] 
2026-06-29 16:15:57,926 [ERROR] LogOutputStream:75 - [STDERR_REDIRECT] [Fatal Error] :1:1: Premature end of file.
2026-06-29 16:15:57,927 [ERROR] LogOutputStream:75 - [STDERR_REDIRECT] 
2026-06-29 16:15:58,943 [ERROR] LogOutputStream:75 - [STDERR_REDIRECT] [Fatal Error] :1:1: Premature end of file.
2026-06-29 16:15:58,943 [ERROR] LogOutputStream:75 - [STDERR_REDIRECT] 
2026-06-29 16:15:59,927 [ERROR] LogOutputStream:75 - [STDERR_REDIRECT] [Fatal Error] :1:1: Premature end of file.
2026-06-29 16:15:59,927 [ERROR] LogOutputStream:75 - [STDERR_REDIRECT] 
2026-06-29 16:16:01,041 [ERROR] LogOutputStream:75 - [STDERR_REDIRECT] [Fatal Error] :1:1: Premature end of file.
2026-06-29 16:16:01,041 [ERROR] LogOutputStream:75 - [STDERR_REDIRECT] 
2026-06-29 16:16:01,941 [ERROR] LogOutputStream:75 - [STDERR_REDIRECT] [Fatal Error] :1:1: Premature end of file.
2026-06-29 16:16:01,941 [ERROR] LogOutputStream:75 - [STDERR_REDIRECT] 
2026-06-29 16:16:02,924 [ERROR] LogOutputStream:75 - [STDERR_REDIRECT] [Fatal Error] :1:1: Premature end of file.
2026-06-29 16:16:02,924 [ERROR] LogOutputStream:75 - [STDERR_REDIRECT] 
2026-06-29 16:16:03,918 [ERROR] LogOutputStream:75 - [STDERR_REDIRECT] [Fatal Error] :1:1: Premature end of file.
2026-06-29 16:16:03,918 [ERROR] LogOutputStream:75 - [STDERR_REDIRECT] 
2026-06-29 16:16:04,899 [ERROR] LogOutputStream:75 - [STDERR_REDIRECT] [Fatal Error] :1:1: Premature end of file.
2026-06-29 16:16:04,899 [ERROR] LogOutputStream:75 - [STDERR_REDIRECT] 
2026-06-29 16:16:05,900 [ERROR] LogOutputStream:75 - [STDERR_REDIRECT] [Fatal Error] :1:1: Premature end of file.
2026-06-29 16:16:05,900 [ERROR] LogOutputStream:75 - [STDERR_REDIRECT] 
2026-06-29 16:16:07,018 [ERROR] LogOutputStream:75 - [STDERR_REDIRECT] [Fatal Error] :1:1: Premature end of file.
2026-06-29 16:16:07,018 [ERROR] LogOutputStream:75 - [STDERR_REDIRECT] 
2026-06-29 16:16:07,957 [ERROR] LogOutputStream:75 - [STDERR_REDIRECT] [Fatal Error] :1:1: Premature end of file.
2026-06-29 16:16:07,957 [ERROR] LogOutputStream:75 - [STDERR_REDIRECT] 
2026-06-29 16:16:08,975 [ERROR] LogOutputStream:75 - [STDERR_REDIRECT] [Fatal Error] :1:1: Premature end of file.
2026-06-29 16:16:08,980 [ERROR] LogOutputStream:75 - [STDERR_REDIRECT] 
2026-06-29 16:16:09,921 [ERROR] LogOutputStream:75 - [STDERR_REDIRECT] [Fatal Error] :1:1: Premature end of file.
2026-06-29 16:16:09,922 [ERROR] LogOutputStream:75 - [STDERR_REDIRECT] 
2026-06-29 16:16:10,935 [ERROR] LogOutputStream:75 - [STDERR_REDIRECT] [Fatal Error] :1:1: Premature end of file.
2026-06-29 16:16:10,935 [ERROR] LogOutputStream:75 - [STDERR_REDIRECT] 
2026-06-29 16:16:12,035 [ERROR] LogOutputStream:75 - [STDERR_REDIRECT] [Fatal Error] :1:1: Premature end of file.
2026-06-29 16:16:12,043 [ERROR] LogOutputStream:75 - [STDERR_REDIRECT] 
2026-06-29 16:16:13,000 [ERROR] LogOutputStream:75 - [STDERR_REDIRECT] [Fatal Error] :1:1: Premature end of file.
2026-06-29 16:16:13,002 [ERROR] LogOutputStream:75 - [STDERR_REDIRECT] 
2026-06-29 16:16:13,950 [ERROR] LogOutputStream:75 - [STDERR_REDIRECT] [Fatal Error] :1:1: Premature end of file.
2026-06-29 16:16:13,957 [ERROR] LogOutputStream:75 - [STDERR_REDIRECT] 
2026-06-29 16:16:14,879 [ERROR] LogOutputStream:75 - [STDERR_REDIRECT] [Fatal Error] :1:1: Premature end of file.
2026-06-29 16:16:14,879 [ERROR] LogOutputStream:75 - [STDERR_REDIRECT] 
2026-06-29 16:16:15,902 [ERROR] LogOutputStream:75 - [STDERR_REDIRECT] [Fatal Error] :1:1: Premature end of file.
2026-06-29 16:16:15,902 [ERROR] LogOutputStream:75 - [STDERR_REDIRECT] 
2026-06-29 16:16:16,898 [ERROR] LogOutputStream:75 - [STDERR_REDIRECT] [Fatal Error] :1:1: Premature end of file.
2026-06-29 16:16:16,898 [ERROR] LogOutputStream:75 - [STDERR_REDIRECT] 
2026-06-29 16:16:17,961 [ERROR] LogOutputStream:75 - [STDERR_REDIRECT] [Fatal Error] :1:1: Premature end of file.
2026-06-29 16:16:17,961 [ERROR] LogOutputStream:75 - [STDERR_REDIRECT] 
2026-06-29 16:16:18,885 [ERROR] LogOutputStream:75 - [STDERR_REDIRECT] [Fatal Error] :1:1: Premature end of file.
2026-06-29 16:16:18,885 [ERROR] LogOutputStream:75 - [STDERR_REDIRECT] 
2026-06-29 16:16:19,958 [ERROR] LogOutputStream:75 - [STDERR_REDIRECT] [Fatal Error] :1:1: Premature end of file.
2026-06-29 16:16:19,958 [ERROR] LogOutputStream:75 - [STDERR_REDIRECT] 
2026-06-29 16:16:20,954 [ERROR] LogOutputStream:75 - [STDERR_REDIRECT] [Fatal Error] :1:1: Premature end of file.
2026-06-29 16:16:20,954 [ERROR] LogOutputStream:75 - [STDERR_REDIRECT] 
2026-06-29 16:16:21,903 [ERROR] LogOutputStream:75 - [STDERR_REDIRECT] [Fatal Error] :1:1: Premature end of file.
2026-06-29 16:16:21,907 [ERROR] LogOutputStream:75 - [STDERR_REDIRECT] 
2026-06-29 16:16:22,904 [ERROR] LogOutputStream:75 - [STDERR_REDIRECT] [Fatal Error] :1:1: Premature end of file.
2026-06-29 16:16:22,904 [ERROR] LogOutputStream:75 - [STDERR_REDIRECT] 
2026-06-29 16:16:23,875 [ERROR] LogOutputStream:75 - [STDERR_REDIRECT] [Fatal Error] :1:1: Premature end of file.
2026-06-29 16:16:23,878 [ERROR] LogOutputStream:75 - [STDERR_REDIRECT] 
2026-06-29 16:16:24,925 [ERROR] LogOutputStream:75 - [STDERR_REDIRECT] [Fatal Error] :1:1: Premature end of file.
2026-06-29 16:16:24,925 [ERROR] LogOutputStream:75 - [STDERR_REDIRECT] 
2026-06-29 16:16:25,872 [ERROR] LogOutputStream:75 - [STDERR_REDIRECT] [Fatal Error] :1:1: Premature end of file.
2026-06-29 16:16:25,873 [ERROR] LogOutputStream:75 - [STDERR_REDIRECT] 
2026-06-29 16:16:27,029 [ERROR] LogOutputStream:75 - [STDERR_REDIRECT] [Fatal Error] :1:1: Premature end of file.
2026-06-29 16:16:27,034 [ERROR] LogOutputStream:75 - [STDERR_REDIRECT] 
2026-06-29 16:16:27,975 [ERROR] LogOutputStream:75 - [STDERR_REDIRECT] [Fatal Error] :1:1: Premature end of file.
2026-06-29 16:16:27,975 [ERROR] LogOutputStream:75 - [STDERR_REDIRECT] 
2026-06-29 16:16:28,923 [ERROR] LogOutputStream:75 - [STDERR_REDIRECT] [Fatal Error] :1:1: Premature end of file.
2026-06-29 16:16:28,927 [ERROR] LogOutputStream:75 - [STDERR_REDIRECT] 
2026-06-29 16:16:29,959 [ERROR] LogOutputStream:75 - [STDERR_REDIRECT] [Fatal Error] :1:1: Premature end of file.
2026-06-29 16:16:29,959 [ERROR] LogOutputStream:75 - [STDERR_REDIRECT] 
2026-06-29 16:16:30,979 [ERROR] LogOutputStream:75 - [STDERR_REDIRECT] [Fatal Error] :1:1: Premature end of file.
2026-06-29 16:16:30,980 [ERROR] LogOutputStream:75 - [STDERR_REDIRECT] 
2026-06-29 16:16:32,004 [ERROR] LogOutputStream:75 - [STDERR_REDIRECT] [Fatal Error] :1:1: Premature end of file.
2026-06-29 16:16:32,004 [ERROR] LogOutputStream:75 - [STDERR_REDIRECT] 
2026-06-29 16:16:32,975 [ERROR] LogOutputStream:75 - [STDERR_REDIRECT] [Fatal Error] :1:1: Premature end of file.
2026-06-29 16:16:32,985 [ERROR] LogOutputStream:75 - [STDERR_REDIRECT] 
2026-06-29 16:16:33,964 [ERROR] LogOutputStream:75 - [STDERR_REDIRECT] [Fatal Error] :1:1: Premature end of file.
2026-06-29 16:16:33,964 [ERROR] LogOutputStream:75 - [STDERR_REDIRECT] 
2026-06-29 16:16:34,988 [ERROR] LogOutputStream:75 - [STDERR_REDIRECT] [Fatal Error] :1:1: Premature end of file.
2026-06-29 16:16:34,996 [ERROR] LogOutputStream:75 - [STDERR_REDIRECT] 
2026-06-29 16:16:35,910 [ERROR] LogOutputStream:75 - [STDERR_REDIRECT] [Fatal Error] :1:1: Premature end of file.
2026-06-29 16:16:35,911 [ERROR] LogOutputStream:75 - [STDERR_REDIRECT] 
2026-06-29 16:16:36,971 [ERROR] LogOutputStream:75 - [STDERR_REDIRECT] [Fatal Error] :1:1: Premature end of file.
2026-06-29 16:16:36,978 [ERROR] LogOutputStream:75 - [STDERR_REDIRECT] 
2026-06-29 16:16:37,920 [ERROR] LogOutputStream:75 - [STDERR_REDIRECT] [Fatal Error] :1:1: Premature end of file.
2026-06-29 16:16:37,924 [ERROR] LogOutputStream:75 - [STDERR_REDIRECT] 
2026-06-29 16:16:38,953 [ERROR] LogOutputStream:75 - [STDERR_REDIRECT] [Fatal Error] :1:1: Premature end of file.
2026-06-29 16:16:38,956 [ERROR] LogOutputStream:75 - [STDERR_REDIRECT] 
2026-06-29 16:16:39,923 [ERROR] LogOutputStream:75 - [STDERR_REDIRECT] [Fatal Error] :1:1: Premature end of file.
2026-06-29 16:16:39,925 [ERROR] LogOutputStream:75 - [STDERR_REDIRECT] 
2026-06-29 16:16:40,999 [ERROR] LogOutputStream:75 - [STDERR_REDIRECT] [Fatal Error] :1:1: Premature end of file.
2026-06-29 16:16:41,005 [ERROR] LogOutputStream:75 - [STDERR_REDIRECT] 
2026-06-29 16:16:41,922 [ERROR] LogOutputStream:75 - [STDERR_REDIRECT] [Fatal Error] :1:1: Premature end of file.
2026-06-29 16:16:41,924 [ERROR] LogOutputStream:75 - [STDERR_REDIRECT] 
2026-06-29 16:16:42,948 [ERROR] LogOutputStream:75 - [STDERR_REDIRECT] [Fatal Error] :1:1: Premature end of file.
2026-06-29 16:16:42,950 [ERROR] LogOutputStream:75 - [STDERR_REDIRECT] 
2026-06-29 16:16:43,929 [ERROR] LogOutputStream:75 - [STDERR_REDIRECT] [Fatal Error] :1:1: Premature end of file.
2026-06-29 16:16:43,932 [ERROR] LogOutputStream:75 - [STDERR_REDIRECT] 
2026-06-29 16:16:44,988 [ERROR] LogOutputStream:75 - [STDERR_REDIRECT] [Fatal Error] :1:1: Premature end of file.
2026-06-29 16:16:44,991 [ERROR] LogOutputStream:75 - [STDERR_REDIRECT] 
2026-06-29 16:16:45,903 [ERROR] LogOutputStream:75 - [STDERR_REDIRECT] [Fatal Error] :1:1: Premature end of file.
2026-06-29 16:16:45,905 [ERROR] LogOutputStream:75 - [STDERR_REDIRECT] 
2026-06-29 16:16:47,027 [ERROR] LogOutputStream:75 - [STDERR_REDIRECT] [Fatal Error] :1:1: Premature end of file.
2026-06-29 16:16:47,041 [ERROR] LogOutputStream:75 - [STDERR_REDIRECT] 
2026-06-29 16:16:47,971 [ERROR] LogOutputStream:75 - [STDERR_REDIRECT] [Fatal Error] :1:1: Premature end of file.
2026-06-29 16:16:47,971 [ERROR] LogOutputStream:75 - [STDERR_REDIRECT] 
2026-06-29 16:16:48,923 [ERROR] LogOutputStream:75 - [STDERR_REDIRECT] [Fatal Error] :1:1: Premature end of file.
2026-06-29 16:16:48,925 [ERROR] LogOutputStream:75 - [STDERR_REDIRECT] 
2026-06-29 16:16:49,924 [ERROR] LogOutputStream:75 - [STDERR_REDIRECT] [Fatal Error] :1:1: Premature end of file.
2026-06-29 16:16:49,926 [ERROR] LogOutputStream:75 - [STDERR_REDIRECT] 
2026-06-29 16:16:50,953 [ERROR] LogOutputStream:75 - [STDERR_REDIRECT] [Fatal Error] :1:1: Premature end of file.
2026-06-29 16:16:50,957 [ERROR] LogOutputStream:75 - [STDERR_REDIRECT] 
2026-06-29 16:16:52,305 [ERROR] LogOutputStream:75 - [STDERR_REDIRECT] [Fatal Error] :1:1: Premature end of file.
2026-06-29 16:16:52,325 [ERROR] LogOutputStream:75 - [STDERR_REDIRECT] 
2026-06-29 16:16:53,149 [ERROR] LogOutputStream:75 - [STDERR_REDIRECT] [Fatal Error] :1:1: Premature end of file.
2026-06-29 16:16:53,154 [ERROR] LogOutputStream:75 - [STDERR_REDIRECT] 
2026-06-29 16:16:53,964 [ERROR] LogOutputStream:75 - [STDERR_REDIRECT] [Fatal Error] :1:1: Premature end of file.
2026-06-29 16:16:53,968 [ERROR] LogOutputStream:75 - [STDERR_REDIRECT] 
2026-06-29 16:16:54,917 [ERROR] LogOutputStream:75 - [STDERR_REDIRECT] [Fatal Error] :1:1: Premature end of file.
2026-06-29 16:16:54,917 [ERROR] LogOutputStream:75 - [STDERR_REDIRECT] 
2026-06-29 16:16:55,979 [ERROR] LogOutputStream:75 - [STDERR_REDIRECT] [Fatal Error] :1:1: Premature end of file.
2026-06-29 16:16:55,983 [ERROR] LogOutputStream:75 - [STDERR_REDIRECT] 
2026-06-29 16:16:56,893 [ERROR] LogOutputStream:75 - [STDERR_REDIRECT] [Fatal Error] :1:1: Premature end of file.
2026-06-29 16:16:56,893 [ERROR] LogOutputStream:75 - [STDERR_REDIRECT] 
2026-06-29 16:16:57,937 [ERROR] LogOutputStream:75 - [STDERR_REDIRECT] [Fatal Error] :1:1: Premature end of file.
2026-06-29 16:16:57,941 [ERROR] LogOutputStream:75 - [STDERR_REDIRECT] 
2026-06-29 16:16:58,897 [ERROR] LogOutputStream:75 - [STDERR_REDIRECT] [Fatal Error] :1:1: Premature end of file.
2026-06-29 16:16:58,897 [ERROR] LogOutputStream:75 - [STDERR_REDIRECT] 
2026-06-29 16:16:59,915 [ERROR] LogOutputStream:75 - [STDERR_REDIRECT] [Fatal Error] :1:1: Premature end of file.
2026-06-29 16:16:59,915 [ERROR] LogOutputStream:75 - [STDERR_REDIRECT] 
2026-06-29 16:17:01,011 [ERROR] LogOutputStream:75 - [STDERR_REDIRECT] [Fatal Error] :1:1: Premature end of file.
2026-06-29 16:17:01,011 [ERROR] LogOutputStream:75 - [STDERR_REDIRECT] 
2026-06-29 16:17:02,047 [ERROR] LogOutputStream:75 - [STDERR_REDIRECT] [Fatal Error] :1:1: Premature end of file.
2026-06-29 16:17:02,048 [ERROR] LogOutputStream:75 - [STDERR_REDIRECT] 
2026-06-29 16:17:02,842 [ERROR] LogOutputStream:75 - [STDERR_REDIRECT] [Fatal Error] :1:1: Premature end of file.
2026-06-29 16:17:02,843 [ERROR] LogOutputStream:75 - [STDERR_REDIRECT] 
2026-06-29 16:17:03,934 [ERROR] LogOutputStream:75 - [STDERR_REDIRECT] [Fatal Error] :1:1: Premature end of file.
2026-06-29 16:17:03,935 [ERROR] LogOutputStream:75 - [STDERR_REDIRECT] 
2026-06-29 16:17:04,972 [ERROR] LogOutputStream:75 - [STDERR_REDIRECT] [Fatal Error] :1:1: Premature end of file.
2026-06-29 16:17:04,973 [ERROR] LogOutputStream:75 - [STDERR_REDIRECT] 
2026-06-29 16:17:05,962 [ERROR] LogOutputStream:75 - [STDERR_REDIRECT] [Fatal Error] :1:1: Premature end of file.
2026-06-29 16:17:05,962 [ERROR] LogOutputStream:75 - [STDERR_REDIRECT] 
2026-06-29 16:17:06,914 [ERROR] LogOutputStream:75 - [STDERR_REDIRECT] [Fatal Error] :1:1: Premature end of file.
2026-06-29 16:17:06,914 [ERROR] LogOutputStream:75 - [STDERR_REDIRECT] 
2026-06-29 16:17:07,864 [ERROR] LogOutputStream:75 - [STDERR_REDIRECT] [Fatal Error] :1:1: Premature end of file.
2026-06-29 16:17:07,866 [ERROR] LogOutputStream:75 - [STDERR_REDIRECT] 
2026-06-29 16:17:08,937 [ERROR] LogOutputStream:75 - [STDERR_REDIRECT] [Fatal Error] :1:1: Premature end of file.
2026-06-29 16:17:08,938 [ERROR] LogOutputStream:75 - [STDERR_REDIRECT] 
2026-06-29 16:17:09,909 [ERROR] LogOutputStream:75 - [STDERR_REDIRECT] [Fatal Error] :1:1: Premature end of file.
2026-06-29 16:17:09,910 [ERROR] LogOutputStream:75 - [STDERR_REDIRECT] 
2026-06-29 16:17:10,852 [ERROR] LogOutputStream:75 - [STDERR_REDIRECT] [Fatal Error] :1:1: Premature end of file.
2026-06-29 16:17:10,852 [ERROR] LogOutputStream:75 - [STDERR_REDIRECT] 
2026-06-29 16:17:11,875 [ERROR] LogOutputStream:75 - [STDERR_REDIRECT] [Fatal Error] :1:1: Premature end of file.
2026-06-29 16:17:11,876 [ERROR] LogOutputStream:75 - [STDERR_REDIRECT] 
2026-06-29 16:17:12,912 [ERROR] LogOutputStream:75 - [STDERR_REDIRECT] [Fatal Error] :1:1: Premature end of file.
2026-06-29 16:17:12,913 [ERROR] LogOutputStream:75 - [STDERR_REDIRECT] 
2026-06-29 16:17:13,872 [ERROR] LogOutputStream:75 - [STDERR_REDIRECT] [Fatal Error] :1:1: Premature end of file.
2026-06-29 16:17:13,873 [ERROR] LogOutputStream:75 - [STDERR_REDIRECT] 
2026-06-29 16:17:14,883 [ERROR] LogOutputStream:75 - [STDERR_REDIRECT] [Fatal Error] :1:1: Premature end of file.
2026-06-29 16:17:14,884 [ERROR] LogOutputStream:75 - [STDERR_REDIRECT] 
2026-06-29 16:17:15,875 [ERROR] LogOutputStream:75 - [STDERR_REDIRECT] [Fatal Error] :1:1: Premature end of file.
2026-06-29 16:17:15,876 [ERROR] LogOutputStream:75 - [STDERR_REDIRECT] 
2026-06-29 16:17:16,964 [ERROR] LogOutputStream:75 - [STDERR_REDIRECT] [Fatal Error] :1:1: Premature end of file.
2026-06-29 16:17:16,965 [ERROR] LogOutputStream:75 - [STDERR_REDIRECT] 
2026-06-29 16:17:17,940 [ERROR] LogOutputStream:75 - [STDERR_REDIRECT] [Fatal Error] :1:1: Premature end of file.
2026-06-29 16:17:17,941 [ERROR] LogOutputStream:75 - [STDERR_REDIRECT] 
2026-06-29 16:17:18,995 [ERROR] LogOutputStream:75 - [STDERR_REDIRECT] [Fatal Error] :1:1: Premature end of file.
2026-06-29 16:17:18,997 [ERROR] LogOutputStream:75 - [STDERR_REDIRECT] 
2026-06-29 16:17:19,837 [ERROR] LogOutputStream:75 - [STDERR_REDIRECT] [Fatal Error] :1:1: Premature end of file.
2026-06-29 16:17:19,838 [ERROR] LogOutputStream:75 - [STDERR_REDIRECT] 
2026-06-29 16:17:20,877 [ERROR] LogOutputStream:75 - [STDERR_REDIRECT] [Fatal Error] :1:1: Premature end of file.
2026-06-29 16:17:20,878 [ERROR] LogOutputStream:75 - [STDERR_REDIRECT] 
2026-06-29 16:17:21,875 [ERROR] LogOutputStream:75 - [STDERR_REDIRECT] [Fatal Error] :1:1: Premature end of file.
2026-06-29 16:17:21,875 [ERROR] LogOutputStream:75 - [STDERR_REDIRECT] 
2026-06-29 16:17:22,855 [ERROR] LogOutputStream:75 - [STDERR_REDIRECT] [Fatal Error] :1:1: Premature end of file.
2026-06-29 16:17:22,855 [ERROR] LogOutputStream:75 - [STDERR_REDIRECT] 
2026-06-29 16:17:23,858 [ERROR] LogOutputStream:75 - [STDERR_REDIRECT] [Fatal Error] :1:1: Premature end of file.
2026-06-29 16:17:23,858 [ERROR] LogOutputStream:75 - [STDERR_REDIRECT] 
2026-06-29 16:17:24,857 [ERROR] LogOutputStream:75 - [STDERR_REDIRECT] [Fatal Error] :1:1: Premature end of file.
2026-06-29 16:17:24,858 [ERROR] LogOutputStream:75 - [STDERR_REDIRECT] 
2026-06-29 16:17:25,912 [ERROR] LogOutputStream:75 - [STDERR_REDIRECT] [Fatal Error] :1:1: Premature end of file.
2026-06-29 16:17:25,912 [ERROR] LogOutputStream:75 - [STDERR_REDIRECT] 
2026-06-29 16:17:26,877 [ERROR] LogOutputStream:75 - [STDERR_REDIRECT] [Fatal Error] :1:1: Premature end of file.
2026-06-29 16:17:26,878 [ERROR] LogOutputStream:75 - [STDERR_REDIRECT] 
2026-06-29 16:17:27,859 [ERROR] LogOutputStream:75 - [STDERR_REDIRECT] [Fatal Error] :1:1: Premature end of file.
2026-06-29 16:17:27,860 [ERROR] LogOutputStream:75 - [STDERR_REDIRECT] 
2026-06-29 16:17:28,877 [ERROR] LogOutputStream:75 - [STDERR_REDIRECT] [Fatal Error] :1:1: Premature end of file.
2026-06-29 16:17:28,878 [ERROR] LogOutputStream:75 - [STDERR_REDIRECT] 
2026-06-29 16:17:29,874 [ERROR] LogOutputStream:75 - [STDERR_REDIRECT] [Fatal Error] :1:1: Premature end of file.
2026-06-29 16:17:29,875 [ERROR] LogOutputStream:75 - [STDERR_REDIRECT] 
2026-06-29 16:17:30,923 [ERROR] LogOutputStream:75 - [STDERR_REDIRECT] [Fatal Error] :1:1: Premature end of file.
2026-06-29 16:17:30,924 [ERROR] LogOutputStream:75 - [STDERR_REDIRECT] 
2026-06-29 16:17:31,945 [ERROR] LogOutputStream:75 - [STDERR_REDIRECT] [Fatal Error] :1:1: Premature end of file.
2026-06-29 16:17:31,947 [ERROR] LogOutputStream:75 - [STDERR_REDIRECT] 
2026-06-29 16:17:32,968 [ERROR] LogOutputStream:75 - [STDERR_REDIRECT] [Fatal Error] :1:1: Premature end of file.
2026-06-29 16:17:32,969 [ERROR] LogOutputStream:75 - [STDERR_REDIRECT] 
2026-06-29 16:17:33,962 [ERROR] LogOutputStream:75 - [STDERR_REDIRECT] [Fatal Error] :1:1: Premature end of file.
2026-06-29 16:17:33,964 [ERROR] LogOutputStream:75 - [STDERR_REDIRECT] 
2026-06-29 16:17:34,880 [ERROR] LogOutputStream:75 - [STDERR_REDIRECT] [Fatal Error] :1:1: Premature end of file.
2026-06-29 16:17:34,880 [ERROR] LogOutputStream:75 - [STDERR_REDIRECT] 
2026-06-29 16:17:35,882 [ERROR] LogOutputStream:75 - [STDERR_REDIRECT] [Fatal Error] :1:1: Premature end of file.
2026-06-29 16:17:35,887 [ERROR] LogOutputStream:75 - [STDERR_REDIRECT] 
2026-06-29 16:17:36,886 [ERROR] LogOutputStream:75 - [STDERR_REDIRECT] [Fatal Error] :1:1: Premature end of file.
2026-06-29 16:17:36,887 [ERROR] LogOutputStream:75 - [STDERR_REDIRECT] 
2026-06-29 16:17:37,937 [ERROR] LogOutputStream:75 - [STDERR_REDIRECT] [Fatal Error] :1:1: Premature end of file.
2026-06-29 16:17:37,941 [ERROR] LogOutputStream:75 - [STDERR_REDIRECT] 
2026-06-29 16:17:38,946 [ERROR] LogOutputStream:75 - [STDERR_REDIRECT] [Fatal Error] :1:1: Premature end of file.
2026-06-29 16:17:38,948 [ERROR] LogOutputStream:75 - [STDERR_REDIRECT] 
2026-06-29 16:17:39,922 [ERROR] LogOutputStream:75 - [STDERR_REDIRECT] [Fatal Error] :1:1: Premature end of file.
2026-06-29 16:17:39,926 [ERROR] LogOutputStream:75 - [STDERR_REDIRECT] 
2026-06-29 16:17:40,911 [ERROR] LogOutputStream:75 - [STDERR_REDIRECT] [Fatal Error] :1:1: Premature end of file.
2026-06-29 16:17:40,912 [ERROR] LogOutputStream:75 - [STDERR_REDIRECT] 
2026-06-29 16:17:41,939 [ERROR] LogOutputStream:75 - [STDERR_REDIRECT] [Fatal Error] :1:1: Premature end of file.
2026-06-29 16:17:41,939 [ERROR] LogOutputStream:75 - [STDERR_REDIRECT] 
2026-06-29 16:17:42,923 [ERROR] LogOutputStream:75 - [STDERR_REDIRECT] [Fatal Error] :1:1: Premature end of file.
2026-06-29 16:17:42,923 [ERROR] LogOutputStream:75 - [STDERR_REDIRECT] 
2026-06-29 16:17:43,924 [ERROR] LogOutputStream:75 - [STDERR_REDIRECT] [Fatal Error] :1:1: Premature end of file.
2026-06-29 16:17:43,924 [ERROR] LogOutputStream:75 - [STDERR_REDIRECT] 
2026-06-29 16:17:44,909 [ERROR] LogOutputStream:75 - [STDERR_REDIRECT] [Fatal Error] :1:1: Premature end of file.
2026-06-29 16:17:44,909 [ERROR] LogOutputStream:75 - [STDERR_REDIRECT] 
2026-06-29 16:17:45,903 [ERROR] LogOutputStream:75 - [STDERR_REDIRECT] [Fatal Error] :1:1: Premature end of file.
2026-06-29 16:17:45,905 [ERROR] LogOutputStream:75 - [STDERR_REDIRECT] 
2026-06-29 16:17:46,905 [ERROR] LogOutputStream:75 - [STDERR_REDIRECT] [Fatal Error] :1:1: Premature end of file.
2026-06-29 16:17:46,905 [ERROR] LogOutputStream:75 - [STDERR_REDIRECT] 
2026-06-29 16:17:47,903 [ERROR] LogOutputStream:75 - [STDERR_REDIRECT] [Fatal Error] :1:1: Premature end of file.
2026-06-29 16:17:47,919 [ERROR] LogOutputStream:75 - [STDERR_REDIRECT] 
2026-06-29 16:17:48,933 [ERROR] LogOutputStream:75 - [STDERR_REDIRECT] [Fatal Error] :1:1: Premature end of file.
2026-06-29 16:17:48,937 [ERROR] LogOutputStream:75 - [STDERR_REDIRECT] 
2026-06-29 16:17:49,905 [ERROR] LogOutputStream:75 - [STDERR_REDIRECT] [Fatal Error] :1:1: Premature end of file.
2026-06-29 16:17:49,905 [ERROR] LogOutputStream:75 - [STDERR_REDIRECT] 
2026-06-29 16:17:50,901 [ERROR] LogOutputStream:75 - [STDERR_REDIRECT] [Fatal Error] :1:1: Premature end of file.
2026-06-29 16:17:50,901 [ERROR] LogOutputStream:75 - [STDERR_REDIRECT] 
2026-06-29 16:17:51,901 [ERROR] LogOutputStream:75 - [STDERR_REDIRECT] [Fatal Error] :1:1: Premature end of file.
2026-06-29 16:17:51,901 [ERROR] LogOutputStream:75 - [STDERR_REDIRECT] 
2026-06-29 16:17:52,923 [ERROR] LogOutputStream:75 - [STDERR_REDIRECT] [Fatal Error] :1:1: Premature end of file.
2026-06-29 16:17:52,923 [ERROR] LogOutputStream:75 - [STDERR_REDIRECT] 
2026-06-29 16:17:53,913 [ERROR] LogOutputStream:75 - [STDERR_REDIRECT] [Fatal Error] :1:1: Premature end of file.
2026-06-29 16:17:53,916 [ERROR] LogOutputStream:75 - [STDERR_REDIRECT] 
2026-06-29 16:17:54,917 [ERROR] LogOutputStream:75 - [STDERR_REDIRECT] [Fatal Error] :1:1: Premature end of file.
2026-06-29 16:17:54,917 [ERROR] LogOutputStream:75 - [STDERR_REDIRECT] 
2026-06-29 16:17:55,912 [ERROR] LogOutputStream:75 - [STDERR_REDIRECT] [Fatal Error] :1:1: Premature end of file.
2026-06-29 16:17:55,914 [ERROR] LogOutputStream:75 - [STDERR_REDIRECT] 
2026-06-29 16:17:56,910 [ERROR] LogOutputStream:75 - [STDERR_REDIRECT] [Fatal Error] :1:1: Premature end of file.
2026-06-29 16:17:56,912 [ERROR] LogOutputStream:75 - [STDERR_REDIRECT] 
2026-06-29 16:17:57,963 [ERROR] LogOutputStream:75 - [STDERR_REDIRECT] [Fatal Error] :1:1: Premature end of file.
2026-06-29 16:17:57,964 [ERROR] LogOutputStream:75 - [STDERR_REDIRECT] 
2026-06-29 16:17:58,962 [ERROR] LogOutputStream:75 - [STDERR_REDIRECT] [Fatal Error] :1:1: Premature end of file.
2026-06-29 16:17:58,963 [ERROR] LogOutputStream:75 - [STDERR_REDIRECT] 
2026-06-29 16:17:59,906 [ERROR] LogOutputStream:75 - [STDERR_REDIRECT] [Fatal Error] :1:1: Premature end of file.
2026-06-29 16:17:59,906 [ERROR] LogOutputStream:75 - [STDERR_REDIRECT] 
2026-06-29 16:18:00,920 [ERROR] LogOutputStream:75 - [STDERR_REDIRECT] [Fatal Error] :1:1: Premature end of file.
2026-06-29 16:18:00,924 [ERROR] LogOutputStream:75 - [STDERR_REDIRECT] 
2026-06-29 16:18:01,919 [ERROR] LogOutputStream:75 - [STDERR_REDIRECT] [Fatal Error] :1:1: Premature end of file.
2026-06-29 16:18:01,924 [ERROR] LogOutputStream:75 - [STDERR_REDIRECT] 
2026-06-29 16:18:02,926 [ERROR] LogOutputStream:75 - [STDERR_REDIRECT] [Fatal Error] :1:1: Premature end of file.
2026-06-29 16:18:02,926 [ERROR] LogOutputStream:75 - [STDERR_REDIRECT] 
2026-06-29 16:18:03,922 [ERROR] LogOutputStream:75 - [STDERR_REDIRECT] [Fatal Error] :1:1: Premature end of file.
2026-06-29 16:18:03,925 [ERROR] LogOutputStream:75 - [STDERR_REDIRECT] 
2026-06-29 16:18:04,926 [ERROR] LogOutputStream:75 - [STDERR_REDIRECT] [Fatal Error] :1:1: Premature end of file.
2026-06-29 16:18:04,926 [ERROR] LogOutputStream:75 - [STDERR_REDIRECT] 
2026-06-29 16:18:05,916 [ERROR] LogOutputStream:75 - [STDERR_REDIRECT] [Fatal Error] :1:1: Premature end of file.
2026-06-29 16:18:05,920 [ERROR] LogOutputStream:75 - [STDERR_REDIRECT] 
2026-06-29 16:18:06,922 [ERROR] LogOutputStream:75 - [STDERR_REDIRECT] [Fatal Error] :1:1: Premature end of file.
2026-06-29 16:18:06,923 [ERROR] LogOutputStream:75 - [STDERR_REDIRECT] 
2026-06-29 16:18:07,931 [ERROR] LogOutputStream:75 - [STDERR_REDIRECT] [Fatal Error] :1:1: Premature end of file.
2026-06-29 16:18:07,935 [ERROR] LogOutputStream:75 - [STDERR_REDIRECT] 
2026-06-29 16:18:08,915 [ERROR] LogOutputStream:75 - [STDERR_REDIRECT] [Fatal Error] :1:1: Premature end of file.
2026-06-29 16:18:08,915 [ERROR] LogOutputStream:75 - [STDERR_REDIRECT] 
2026-06-29 16:18:09,921 [ERROR] LogOutputStream:75 - [STDERR_REDIRECT] [Fatal Error] :1:1: Premature end of file.
2026-06-29 16:18:09,921 [ERROR] LogOutputStream:75 - [STDERR_REDIRECT] 
2026-06-29 16:18:10,888 [ERROR] LogOutputStream:75 - [STDERR_REDIRECT] [Fatal Error] :1:1: Premature end of file.
2026-06-29 16:18:10,888 [ERROR] LogOutputStream:75 - [STDERR_REDIRECT] 
2026-06-29 16:18:11,900 [ERROR] LogOutputStream:75 - [STDERR_REDIRECT] [Fatal Error] :1:1: Premature end of file.
2026-06-29 16:18:11,900 [ERROR] LogOutputStream:75 - [STDERR_REDIRECT] 
2026-06-29 16:18:12,907 [ERROR] LogOutputStream:75 - [STDERR_REDIRECT] [Fatal Error] :1:1: Premature end of file.
2026-06-29 16:18:12,909 [ERROR] LogOutputStream:75 - [STDERR_REDIRECT] 
2026-06-29 16:18:13,904 [ERROR] LogOutputStream:75 - [STDERR_REDIRECT] [Fatal Error] :1:1: Premature end of file.
2026-06-29 16:18:13,904 [ERROR] LogOutputStream:75 - [STDERR_REDIRECT] 
2026-06-29 16:18:14,903 [ERROR] LogOutputStream:75 - [STDERR_REDIRECT] [Fatal Error] :1:1: Premature end of file.
2026-06-29 16:18:14,903 [ERROR] LogOutputStream:75 - [STDERR_REDIRECT] 
2026-06-29 16:18:15,883 [ERROR] LogOutputStream:75 - [STDERR_REDIRECT] [Fatal Error] :1:1: Premature end of file.
2026-06-29 16:18:15,883 [ERROR] LogOutputStream:75 - [STDERR_REDIRECT] 
2026-06-29 16:18:16,914 [ERROR] LogOutputStream:75 - [STDERR_REDIRECT] [Fatal Error] :1:1: Premature end of file.
2026-06-29 16:18:16,914 [ERROR] LogOutputStream:75 - [STDERR_REDIRECT] 
2026-06-29 16:18:17,893 [ERROR] LogOutputStream:75 - [STDERR_REDIRECT] [Fatal Error] :1:1: Premature end of file.
2026-06-29 16:18:17,893 [ERROR] LogOutputStream:75 - [STDERR_REDIRECT] 
2026-06-29 16:18:18,903 [ERROR] LogOutputStream:75 - [STDERR_REDIRECT] [Fatal Error] :1:1: Premature end of file.
2026-06-29 16:18:18,909 [ERROR] LogOutputStream:75 - [STDERR_REDIRECT] 
2026-06-29 16:18:19,914 [ERROR] LogOutputStream:75 - [STDERR_REDIRECT] [Fatal Error] :1:1: Premature end of file.
2026-06-29 16:18:19,914 [ERROR] LogOutputStream:75 - [STDERR_REDIRECT] 
2026-06-29 16:18:20,911 [ERROR] LogOutputStream:75 - [STDERR_REDIRECT] [Fatal Error] :1:1: Premature end of file.
2026-06-29 16:18:20,912 [ERROR] LogOutputStream:75 - [STDERR_REDIRECT] 
2026-06-29 16:18:21,893 [ERROR] LogOutputStream:75 - [STDERR_REDIRECT] [Fatal Error] :1:1: Premature end of file.
2026-06-29 16:18:21,893 [ERROR] LogOutputStream:75 - [STDERR_REDIRECT] 
2026-06-29 16:18:22,911 [ERROR] LogOutputStream:75 - [STDERR_REDIRECT] [Fatal Error] :1:1: Premature end of file.
2026-06-29 16:18:22,911 [ERROR] LogOutputStream:75 - [STDERR_REDIRECT] 
2026-06-29 16:18:23,877 [ERROR] LogOutputStream:75 - [STDERR_REDIRECT] [Fatal Error] :1:1: Premature end of file.
2026-06-29 16:18:23,877 [ERROR] LogOutputStream:75 - [STDERR_REDIRECT] 
2026-06-29 16:18:24,900 [ERROR] LogOutputStream:75 - [STDERR_REDIRECT] [Fatal Error] :1:1: Premature end of file.
2026-06-29 16:18:24,902 [ERROR] LogOutputStream:75 - [STDERR_REDIRECT] 
2026-06-29 16:18:25,906 [ERROR] LogOutputStream:75 - [STDERR_REDIRECT] [Fatal Error] :1:1: Premature end of file.
2026-06-29 16:18:25,906 [ERROR] LogOutputStream:75 - [STDERR_REDIRECT] 
2026-06-29 16:18:26,891 [ERROR] LogOutputStream:75 - [STDERR_REDIRECT] [Fatal Error] :1:1: Premature end of file.
2026-06-29 16:18:26,891 [ERROR] LogOutputStream:75 - [STDERR_REDIRECT] 
2026-06-29 16:18:27,902 [ERROR] LogOutputStream:75 - [STDERR_REDIRECT] [Fatal Error] :1:1: Premature end of file.
2026-06-29 16:18:27,902 [ERROR] LogOutputStream:75 - [STDERR_REDIRECT] 
2026-06-29 16:18:28,890 [ERROR] LogOutputStream:75 - [STDERR_REDIRECT] [Fatal Error] :1:1: Premature end of file.
2026-06-29 16:18:28,890 [ERROR] LogOutputStream:75 - [STDERR_REDIRECT] 
2026-06-29 16:18:29,890 [ERROR] LogOutputStream:75 - [STDERR_REDIRECT] [Fatal Error] :1:1: Premature end of file.
2026-06-29 16:18:29,890 [ERROR] LogOutputStream:75 - [STDERR_REDIRECT] 
2026-06-29 16:18:30,899 [ERROR] LogOutputStream:75 - [STDERR_REDIRECT] [Fatal Error] :1:1: Premature end of file.
2026-06-29 16:18:30,899 [ERROR] LogOutputStream:75 - [STDERR_REDIRECT] 
2026-06-29 16:18:31,894 [ERROR] LogOutputStream:75 - [STDERR_REDIRECT] [Fatal Error] :1:1: Premature end of file.
2026-06-29 16:18:31,897 [ERROR] LogOutputStream:75 - [STDERR_REDIRECT] 
2026-06-29 16:18:32,900 [ERROR] LogOutputStream:75 - [STDERR_REDIRECT] [Fatal Error] :1:1: Premature end of file.
2026-06-29 16:18:32,900 [ERROR] LogOutputStream:75 - [STDERR_REDIRECT] 
2026-06-29 16:18:33,895 [ERROR] LogOutputStream:75 - [STDERR_REDIRECT] [Fatal Error] :1:1: Premature end of file.
2026-06-29 16:18:33,898 [ERROR] LogOutputStream:75 - [STDERR_REDIRECT] 
2026-06-29 16:18:34,903 [ERROR] LogOutputStream:75 - [STDERR_REDIRECT] [Fatal Error] :1:1: Premature end of file.
2026-06-29 16:18:34,905 [ERROR] LogOutputStream:75 - [STDERR_REDIRECT] 
2026-06-29 16:18:35,882 [ERROR] LogOutputStream:75 - [STDERR_REDIRECT] [Fatal Error] :1:1: Premature end of file.
2026-06-29 16:18:35,882 [ERROR] LogOutputStream:75 - [STDERR_REDIRECT] 
2026-06-29 16:18:36,890 [ERROR] LogOutputStream:75 - [STDERR_REDIRECT] [Fatal Error] :1:1: Premature end of file.
2026-06-29 16:18:36,892 [ERROR] LogOutputStream:75 - [STDERR_REDIRECT] 
2026-06-29 16:18:37,894 [ERROR] LogOutputStream:75 - [STDERR_REDIRECT] [Fatal Error] :1:1: Premature end of file.
2026-06-29 16:18:37,896 [ERROR] LogOutputStream:75 - [STDERR_REDIRECT] 
2026-06-29 16:18:38,892 [ERROR] LogOutputStream:75 - [STDERR_REDIRECT] [Fatal Error] :1:1: Premature end of file.
2026-06-29 16:18:38,892 [ERROR] LogOutputStream:75 - [STDERR_REDIRECT] 
2026-06-29 16:18:39,880 [ERROR] LogOutputStream:75 - [STDERR_REDIRECT] [Fatal Error] :1:1: Premature end of file.
2026-06-29 16:18:39,880 [ERROR] LogOutputStream:75 - [STDERR_REDIRECT] 
2026-06-29 16:18:40,896 [ERROR] LogOutputStream:75 - [STDERR_REDIRECT] [Fatal Error] :1:1: Premature end of file.
2026-06-29 16:18:40,896 [ERROR] LogOutputStream:75 - [STDERR_REDIRECT] 
2026-06-29 16:18:41,900 [ERROR] LogOutputStream:75 - [STDERR_REDIRECT] [Fatal Error] :1:1: Premature end of file.
2026-06-29 16:18:41,902 [ERROR] LogOutputStream:75 - [STDERR_REDIRECT] 
2026-06-29 16:18:42,908 [ERROR] LogOutputStream:75 - [STDERR_REDIRECT] [Fatal Error] :1:1: Premature end of file.
2026-06-29 16:18:42,908 [ERROR] LogOutputStream:75 - [STDERR_REDIRECT] 
2026-06-29 16:18:43,903 [ERROR] LogOutputStream:75 - [STDERR_REDIRECT] [Fatal Error] :1:1: Premature end of file.
2026-06-29 16:18:43,907 [ERROR] LogOutputStream:75 - [STDERR_REDIRECT] 
2026-06-29 16:18:44,891 [ERROR] LogOutputStream:75 - [STDERR_REDIRECT] [Fatal Error] :1:1: Premature end of file.
2026-06-29 16:18:44,893 [ERROR] LogOutputStream:75 - [STDERR_REDIRECT] 
2026-06-29 16:18:45,902 [ERROR] LogOutputStream:75 - [STDERR_REDIRECT] [Fatal Error] :1:1: Premature end of file.
2026-06-29 16:18:45,902 [ERROR] LogOutputStream:75 - [STDERR_REDIRECT] 
2026-06-29 16:18:46,888 [ERROR] LogOutputStream:75 - [STDERR_REDIRECT] [Fatal Error] :1:1: Premature end of file.
2026-06-29 16:18:46,888 [ERROR] LogOutputStream:75 - [STDERR_REDIRECT] 
2026-06-29 16:18:47,908 [ERROR] LogOutputStream:75 - [STDERR_REDIRECT] [Fatal Error] :1:1: Premature end of file.
2026-06-29 16:18:47,908 [ERROR] LogOutputStream:75 - [STDERR_REDIRECT] 
2026-06-29 16:18:48,889 [ERROR] LogOutputStream:75 - [STDERR_REDIRECT] [Fatal Error] :1:1: Premature end of file.
2026-06-29 16:18:48,899 [ERROR] LogOutputStream:75 - [STDERR_REDIRECT] 
2026-06-29 16:18:49,907 [ERROR] LogOutputStream:75 - [STDERR_REDIRECT] [Fatal Error] :1:1: Premature end of file.
2026-06-29 16:18:49,907 [ERROR] LogOutputStream:75 - [STDERR_REDIRECT] 
2026-06-29 16:18:50,939 [ERROR] LogOutputStream:75 - [STDERR_REDIRECT] [Fatal Error] :1:1: Premature end of file.
2026-06-29 16:18:50,939 [ERROR] LogOutputStream:75 - [STDERR_REDIRECT] 
2026-06-29 16:18:51,891 [ERROR] LogOutputStream:75 - [STDERR_REDIRECT] [Fatal Error] :1:1: Premature end of file.
2026-06-29 16:18:51,894 [ERROR] LogOutputStream:75 - [STDERR_REDIRECT] 
2026-06-29 16:18:52,901 [ERROR] LogOutputStream:75 - [STDERR_REDIRECT] [Fatal Error] :1:1: Premature end of file.
2026-06-29 16:18:52,901 [ERROR] LogOutputStream:75 - [STDERR_REDIRECT] 
2026-06-29 16:18:53,880 [ERROR] LogOutputStream:75 - [STDERR_REDIRECT] [Fatal Error] :1:1: Premature end of file.
2026-06-29 16:18:53,882 [ERROR] LogOutputStream:75 - [STDERR_REDIRECT] 
2026-06-29 16:18:54,890 [ERROR] LogOutputStream:75 - [STDERR_REDIRECT] [Fatal Error] :1:1: Premature end of file.
2026-06-29 16:18:54,892 [ERROR] LogOutputStream:75 - [STDERR_REDIRECT] 
2026-06-29 16:18:55,888 [ERROR] LogOutputStream:75 - [STDERR_REDIRECT] [Fatal Error] :1:1: Premature end of file.
2026-06-29 16:18:55,894 [ERROR] LogOutputStream:75 - [STDERR_REDIRECT] 
2026-06-29 16:18:56,895 [ERROR] LogOutputStream:75 - [STDERR_REDIRECT] [Fatal Error] :1:1: Premature end of file.
2026-06-29 16:18:56,895 [ERROR] LogOutputStream:75 - [STDERR_REDIRECT] 
2026-06-29 16:18:57,900 [ERROR] LogOutputStream:75 - [STDERR_REDIRECT] [Fatal Error] :1:1: Premature end of file.
2026-06-29 16:18:57,900 [ERROR] LogOutputStream:75 - [STDERR_REDIRECT] 
2026-06-29 16:18:58,908 [ERROR] LogOutputStream:75 - [STDERR_REDIRECT] [Fatal Error] :1:1: Premature end of file.
2026-06-29 16:18:58,913 [ERROR] LogOutputStream:75 - [STDERR_REDIRECT] 
2026-06-29 16:18:59,896 [ERROR] LogOutputStream:75 - [STDERR_REDIRECT] [Fatal Error] :1:1: Premature end of file.
2026-06-29 16:18:59,898 [ERROR] LogOutputStream:75 - [STDERR_REDIRECT] 
2026-06-29 16:19:00,920 [ERROR] LogOutputStream:75 - [STDERR_REDIRECT] [Fatal Error] :1:1: Premature end of file.
2026-06-29 16:19:00,928 [ERROR] LogOutputStream:75 - [STDERR_REDIRECT] 
2026-06-29 16:19:01,941 [ERROR] LogOutputStream:75 - [STDERR_REDIRECT] [Fatal Error] :1:1: Premature end of file.
2026-06-29 16:19:01,941 [ERROR] LogOutputStream:75 - [STDERR_REDIRECT] 
2026-06-29 16:19:02,880 [ERROR] LogOutputStream:75 - [STDERR_REDIRECT] [Fatal Error] :1:1: Premature end of file.
2026-06-29 16:19:02,880 [ERROR] LogOutputStream:75 - [STDERR_REDIRECT] 
2026-06-29 16:19:03,904 [ERROR] LogOutputStream:75 - [STDERR_REDIRECT] [Fatal Error] :1:1: Premature end of file.
2026-06-29 16:19:03,904 [ERROR] LogOutputStream:75 - [STDERR_REDIRECT] 
2026-06-29 16:19:04,917 [ERROR] LogOutputStream:75 - [STDERR_REDIRECT] [Fatal Error] :1:1: Premature end of file.
2026-06-29 16:19:04,919 [ERROR] LogOutputStream:75 - [STDERR_REDIRECT] 
2026-06-29 16:19:05,902 [ERROR] LogOutputStream:75 - [STDERR_REDIRECT] [Fatal Error] :1:1: Premature end of file.
2026-06-29 16:19:05,902 [ERROR] LogOutputStream:75 - [STDERR_REDIRECT] 
2026-06-29 16:19:06,901 [ERROR] LogOutputStream:75 - [STDERR_REDIRECT] [Fatal Error] :1:1: Premature end of file.
2026-06-29 16:19:06,905 [ERROR] LogOutputStream:75 - [STDERR_REDIRECT] 
2026-06-29 16:19:07,923 [ERROR] LogOutputStream:75 - [STDERR_REDIRECT] [Fatal Error] :1:1: Premature end of file.
2026-06-29 16:19:07,924 [ERROR] LogOutputStream:75 - [STDERR_REDIRECT] 
2026-06-29 16:19:08,927 [ERROR] LogOutputStream:75 - [STDERR_REDIRECT] [Fatal Error] :1:1: Premature end of file.
2026-06-29 16:19:08,929 [ERROR] LogOutputStream:75 - [STDERR_REDIRECT] 
2026-06-29 16:19:09,866 [ERROR] LogOutputStream:75 - [STDERR_REDIRECT] [Fatal Error] :1:1: Premature end of file.
2026-06-29 16:19:09,866 [ERROR] LogOutputStream:75 - [STDERR_REDIRECT] 
2026-06-29 16:19:10,973 [ERROR] LogOutputStream:75 - [STDERR_REDIRECT] [Fatal Error] :1:1: Premature end of file.
2026-06-29 16:19:10,973 [ERROR] LogOutputStream:75 - [STDERR_REDIRECT] 
2026-06-29 16:19:12,013 [ERROR] LogOutputStream:75 - [STDERR_REDIRECT] [Fatal Error] :1:1: Premature end of file.
2026-06-29 16:19:12,019 [ERROR] LogOutputStream:75 - [STDERR_REDIRECT] 
2026-06-29 16:19:12,867 [ERROR] LogOutputStream:75 - [STDERR_REDIRECT] [Fatal Error] :1:1: Premature end of file.
2026-06-29 16:19:12,867 [ERROR] LogOutputStream:75 - [STDERR_REDIRECT] 
2026-06-29 16:19:13,895 [ERROR] LogOutputStream:75 - [STDERR_REDIRECT] [Fatal Error] :1:1: Premature end of file.
2026-06-29 16:19:13,897 [ERROR] LogOutputStream:75 - [STDERR_REDIRECT] 
2026-06-29 16:19:14,967 [ERROR] LogOutputStream:75 - [STDERR_REDIRECT] [Fatal Error] :1:1: Premature end of file.
2026-06-29 16:19:14,968 [ERROR] LogOutputStream:75 - [STDERR_REDIRECT] 
2026-06-29 16:19:15,965 [ERROR] LogOutputStream:75 - [STDERR_REDIRECT] [Fatal Error] :1:1: Premature end of file.
2026-06-29 16:19:15,969 [ERROR] LogOutputStream:75 - [STDERR_REDIRECT] 
2026-06-29 16:19:16,871 [ERROR] LogOutputStream:75 - [STDERR_REDIRECT] [Fatal Error] :1:1: Premature end of file.
2026-06-29 16:19:16,871 [ERROR] LogOutputStream:75 - [STDERR_REDIRECT] 
2026-06-29 16:19:17,905 [ERROR] LogOutputStream:75 - [STDERR_REDIRECT] [Fatal Error] :1:1: Premature end of file.
2026-06-29 16:19:17,905 [ERROR] LogOutputStream:75 - [STDERR_REDIRECT] 
2026-06-29 16:19:18,888 [ERROR] LogOutputStream:75 - [STDERR_REDIRECT] [Fatal Error] :1:1: Premature end of file.
2026-06-29 16:19:18,893 [ERROR] LogOutputStream:75 - [STDERR_REDIRECT] 
2026-06-29 16:19:19,914 [ERROR] LogOutputStream:75 - [STDERR_REDIRECT] [Fatal Error] :1:1: Premature end of file.
2026-06-29 16:19:19,917 [ERROR] LogOutputStream:75 - [STDERR_REDIRECT] 
2026-06-29 16:19:20,885 [ERROR] LogOutputStream:75 - [STDERR_REDIRECT] [Fatal Error] :1:1: Premature end of file.
2026-06-29 16:19:20,885 [ERROR] LogOutputStream:75 - [STDERR_REDIRECT] 
2026-06-29 16:19:21,887 [ERROR] LogOutputStream:75 - [STDERR_REDIRECT] [Fatal Error] :1:1: Premature end of file.
2026-06-29 16:19:21,887 [ERROR] LogOutputStream:75 - [STDERR_REDIRECT] 
2026-06-29 16:19:22,889 [ERROR] LogOutputStream:75 - [STDERR_REDIRECT] [Fatal Error] :1:1: Premature end of file.
2026-06-29 16:19:22,894 [ERROR] LogOutputStream:75 - [STDERR_REDIRECT] 
2026-06-29 16:19:23,912 [ERROR] LogOutputStream:75 - [STDERR_REDIRECT] [Fatal Error] :1:1: Premature end of file.
2026-06-29 16:19:23,914 [ERROR] LogOutputStream:75 - [STDERR_REDIRECT] 
2026-06-29 16:19:24,900 [ERROR] LogOutputStream:75 - [STDERR_REDIRECT] [Fatal Error] :1:1: Premature end of file.
2026-06-29 16:19:24,900 [ERROR] LogOutputStream:75 - [STDERR_REDIRECT] 
2026-06-29 16:19:25,883 [ERROR] LogOutputStream:75 - [STDERR_REDIRECT] [Fatal Error] :1:1: Premature end of file.
2026-06-29 16:19:25,886 [ERROR] LogOutputStream:75 - [STDERR_REDIRECT] 
2026-06-29 16:19:26,905 [ERROR] LogOutputStream:75 - [STDERR_REDIRECT] [Fatal Error] :1:1: Premature end of file.
2026-06-29 16:19:26,905 [ERROR] LogOutputStream:75 - [STDERR_REDIRECT] 
2026-06-29 16:19:27,927 [ERROR] LogOutputStream:75 - [STDERR_REDIRECT] [Fatal Error] :1:1: Premature end of file.
2026-06-29 16:19:27,927 [ERROR] LogOutputStream:75 - [STDERR_REDIRECT] 
2026-06-29 16:19:28,874 [ERROR] LogOutputStream:75 - [STDERR_REDIRECT] [Fatal Error] :1:1: Premature end of file.
2026-06-29 16:19:28,874 [ERROR] LogOutputStream:75 - [STDERR_REDIRECT] 
2026-06-29 16:19:29,865 [ERROR] LogOutputStream:75 - [STDERR_REDIRECT] [Fatal Error] :1:1: Premature end of file.
2026-06-29 16:19:29,866 [ERROR] LogOutputStream:75 - [STDERR_REDIRECT] 
2026-06-29 16:19:30,877 [ERROR] LogOutputStream:75 - [STDERR_REDIRECT] [Fatal Error] :1:1: Premature end of file.
2026-06-29 16:19:30,881 [ERROR] LogOutputStream:75 - [STDERR_REDIRECT] 
2026-06-29 16:19:31,890 [ERROR] LogOutputStream:75 - [STDERR_REDIRECT] [Fatal Error] :1:1: Premature end of file.
2026-06-29 16:19:31,890 [ERROR] LogOutputStream:75 - [STDERR_REDIRECT] 
2026-06-29 16:19:32,965 [ERROR] LogOutputStream:75 - [STDERR_REDIRECT] [Fatal Error] :1:1: Premature end of file.
2026-06-29 16:19:32,969 [ERROR] LogOutputStream:75 - [STDERR_REDIRECT] 
2026-06-29 16:19:33,903 [ERROR] LogOutputStream:75 - [STDERR_REDIRECT] [Fatal Error] :1:1: Premature end of file.
2026-06-29 16:19:33,903 [ERROR] LogOutputStream:75 - [STDERR_REDIRECT] 
2026-06-29 16:19:34,874 [ERROR] LogOutputStream:75 - [STDERR_REDIRECT] [Fatal Error] :1:1: Premature end of file.
2026-06-29 16:19:34,874 [ERROR] LogOutputStream:75 - [STDERR_REDIRECT] 
2026-06-29 16:19:35,905 [ERROR] LogOutputStream:75 - [STDERR_REDIRECT] [Fatal Error] :1:1: Premature end of file.
2026-06-29 16:19:35,905 [ERROR] LogOutputStream:75 - [STDERR_REDIRECT] 
2026-06-29 16:19:36,891 [ERROR] LogOutputStream:75 - [STDERR_REDIRECT] [Fatal Error] :1:1: Premature end of file.
2026-06-29 16:19:36,891 [ERROR] LogOutputStream:75 - [STDERR_REDIRECT] 
2026-06-29 16:19:37,921 [ERROR] LogOutputStream:75 - [STDERR_REDIRECT] [Fatal Error] :1:1: Premature end of file.
2026-06-29 16:19:37,925 [ERROR] LogOutputStream:75 - [STDERR_REDIRECT] 
2026-06-29 16:19:38,925 [ERROR] LogOutputStream:75 - [STDERR_REDIRECT] [Fatal Error] :1:1: Premature end of file.
2026-06-29 16:19:38,925 [ERROR] LogOutputStream:75 - [STDERR_REDIRECT] 
2026-06-29 16:19:39,905 [ERROR] LogOutputStream:75 - [STDERR_REDIRECT] [Fatal Error] :1:1: Premature end of file.
2026-06-29 16:19:39,905 [ERROR] LogOutputStream:75 - [STDERR_REDIRECT] 
2026-06-29 16:19:40,903 [ERROR] LogOutputStream:75 - [STDERR_REDIRECT] [Fatal Error] :1:1: Premature end of file.
2026-06-29 16:19:40,911 [ERROR] LogOutputStream:75 - [STDERR_REDIRECT] 
2026-06-29 16:19:41,931 [ERROR] LogOutputStream:75 - [STDERR_REDIRECT] [Fatal Error] :1:1: Premature end of file.
2026-06-29 16:19:41,933 [ERROR] LogOutputStream:75 - [STDERR_REDIRECT] 
2026-06-29 16:19:42,916 [ERROR] LogOutputStream:75 - [STDERR_REDIRECT] [Fatal Error] :1:1: Premature end of file.
2026-06-29 16:19:42,922 [ERROR] LogOutputStream:75 - [STDERR_REDIRECT] 
2026-06-29 16:19:43,896 [ERROR] LogOutputStream:75 - [STDERR_REDIRECT] [Fatal Error] :1:1: Premature end of file.
2026-06-29 16:19:43,898 [ERROR] LogOutputStream:75 - [STDERR_REDIRECT] 
2026-06-29 16:19:44,920 [ERROR] LogOutputStream:75 - [STDERR_REDIRECT] [Fatal Error] :1:1: Premature end of file.
2026-06-29 16:19:44,920 [ERROR] LogOutputStream:75 - [STDERR_REDIRECT] 
2026-06-29 16:19:45,899 [ERROR] LogOutputStream:75 - [STDERR_REDIRECT] [Fatal Error] :1:1: Premature end of file.
2026-06-29 16:19:45,899 [ERROR] LogOutputStream:75 - [STDERR_REDIRECT] 
2026-06-29 16:19:46,895 [ERROR] LogOutputStream:75 - [STDERR_REDIRECT] [Fatal Error] :1:1: Premature end of file.
2026-06-29 16:19:46,895 [ERROR] LogOutputStream:75 - [STDERR_REDIRECT] 
2026-06-29 16:19:47,903 [ERROR] LogOutputStream:75 - [STDERR_REDIRECT] [Fatal Error] :1:1: Premature end of file.
2026-06-29 16:19:47,905 [ERROR] LogOutputStream:75 - [STDERR_REDIRECT] 
2026-06-29 16:19:48,871 [ERROR] LogOutputStream:75 - [STDERR_REDIRECT] [Fatal Error] :1:1: Premature end of file.
2026-06-29 16:19:48,871 [ERROR] LogOutputStream:75 - [STDERR_REDIRECT] 
2026-06-29 16:19:49,868 [ERROR] LogOutputStream:75 - [STDERR_REDIRECT] [Fatal Error] :1:1: Premature end of file.
2026-06-29 16:19:49,868 [ERROR] LogOutputStream:75 - [STDERR_REDIRECT] 
2026-06-29 16:19:50,894 [ERROR] LogOutputStream:75 - [STDERR_REDIRECT] [Fatal Error] :1:1: Premature end of file.
2026-06-29 16:19:50,894 [ERROR] LogOutputStream:75 - [STDERR_REDIRECT] 
2026-06-29 16:19:51,870 [ERROR] LogOutputStream:75 - [STDERR_REDIRECT] [Fatal Error] :1:1: Premature end of file.
2026-06-29 16:19:51,870 [ERROR] LogOutputStream:75 - [STDERR_REDIRECT] 
2026-06-29 16:19:52,912 [ERROR] LogOutputStream:75 - [STDERR_REDIRECT] [Fatal Error] :1:1: Premature end of file.
2026-06-29 16:19:52,913 [ERROR] LogOutputStream:75 - [STDERR_REDIRECT] 
2026-06-29 16:19:53,955 [ERROR] LogOutputStream:75 - [STDERR_REDIRECT] [Fatal Error] :1:1: Premature end of file.
2026-06-29 16:19:53,955 [ERROR] LogOutputStream:75 - [STDERR_REDIRECT] 
2026-06-29 16:19:54,952 [ERROR] LogOutputStream:75 - [STDERR_REDIRECT] [Fatal Error] :1:1: Premature end of file.
2026-06-29 16:19:54,952 [ERROR] LogOutputStream:75 - [STDERR_REDIRECT] 
2026-06-29 16:19:55,897 [ERROR] LogOutputStream:75 - [STDERR_REDIRECT] [Fatal Error] :1:1: Premature end of file.
2026-06-29 16:19:55,900 [ERROR] LogOutputStream:75 - [STDERR_REDIRECT] 
2026-06-29 16:19:56,901 [ERROR] LogOutputStream:75 - [STDERR_REDIRECT] [Fatal Error] :1:1: Premature end of file.
2026-06-29 16:19:56,902 [ERROR] LogOutputStream:75 - [STDERR_REDIRECT] 
2026-06-29 16:19:57,891 [ERROR] LogOutputStream:75 - [STDERR_REDIRECT] [Fatal Error] :1:1: Premature end of file.
2026-06-29 16:19:57,891 [ERROR] LogOutputStream:75 - [STDERR_REDIRECT] 
2026-06-29 16:19:58,951 [ERROR] LogOutputStream:75 - [STDERR_REDIRECT] [Fatal Error] :1:1: Premature end of file.
2026-06-29 16:19:58,951 [ERROR] LogOutputStream:75 - [STDERR_REDIRECT] 
2026-06-29 16:19:59,937 [ERROR] LogOutputStream:75 - [STDERR_REDIRECT] [Fatal Error] :1:1: Premature end of file.
2026-06-29 16:19:59,937 [ERROR] LogOutputStream:75 - [STDERR_REDIRECT] 
2026-06-29 16:20:00,893 [ERROR] LogOutputStream:75 - [STDERR_REDIRECT] [Fatal Error] :1:1: Premature end of file.
2026-06-29 16:20:00,893 [ERROR] LogOutputStream:75 - [STDERR_REDIRECT] 
2026-06-29 16:20:01,903 [ERROR] LogOutputStream:75 - [STDERR_REDIRECT] [Fatal Error] :1:1: Premature end of file.
2026-06-29 16:20:01,903 [ERROR] LogOutputStream:75 - [STDERR_REDIRECT] 
2026-06-29 16:20:02,909 [ERROR] LogOutputStream:75 - [STDERR_REDIRECT] [Fatal Error] :1:1: Premature end of file.
2026-06-29 16:20:02,909 [ERROR] LogOutputStream:75 - [STDERR_REDIRECT] 
2026-06-29 16:20:03,963 [ERROR] LogOutputStream:75 - [STDERR_REDIRECT] [Fatal Error] :1:1: Premature end of file.
2026-06-29 16:20:03,963 [ERROR] LogOutputStream:75 - [STDERR_REDIRECT] 
2026-06-29 16:20:04,930 [ERROR] LogOutputStream:75 - [STDERR_REDIRECT] [Fatal Error] :1:1: Premature end of file.
2026-06-29 16:20:04,932 [ERROR] LogOutputStream:75 - [STDERR_REDIRECT] 
2026-06-29 16:20:05,956 [ERROR] LogOutputStream:75 - [STDERR_REDIRECT] [Fatal Error] :1:1: Premature end of file.
2026-06-29 16:20:05,956 [ERROR] LogOutputStream:75 - [STDERR_REDIRECT] 
2026-06-29 16:20:06,913 [ERROR] LogOutputStream:75 - [STDERR_REDIRECT] [Fatal Error] :1:1: Premature end of file.
2026-06-29 16:20:06,913 [ERROR] LogOutputStream:75 - [STDERR_REDIRECT] 
2026-06-29 16:20:07,978 [ERROR] LogOutputStream:75 - [STDERR_REDIRECT] [Fatal Error] :1:1: Premature end of file.
2026-06-29 16:20:07,978 [ERROR] LogOutputStream:75 - [STDERR_REDIRECT] 
2026-06-29 16:20:08,958 [ERROR] LogOutputStream:75 - [STDERR_REDIRECT] [Fatal Error] :1:1: Premature end of file.
2026-06-29 16:20:08,958 [ERROR] LogOutputStream:75 - [STDERR_REDIRECT] 
2026-06-29 16:20:09,894 [ERROR] LogOutputStream:75 - [STDERR_REDIRECT] [Fatal Error] :1:1: Premature end of file.
2026-06-29 16:20:09,894 [ERROR] LogOutputStream:75 - [STDERR_REDIRECT] 
2026-06-29 16:20:10,891 [ERROR] LogOutputStream:75 - [STDERR_REDIRECT] [Fatal Error] :1:1: Premature end of file.
2026-06-29 16:20:10,894 [ERROR] LogOutputStream:75 - [STDERR_REDIRECT] 
2026-06-29 16:20:11,894 [ERROR] LogOutputStream:75 - [STDERR_REDIRECT] [Fatal Error] :1:1: Premature end of file.
2026-06-29 16:20:11,894 [ERROR] LogOutputStream:75 - [STDERR_REDIRECT] 
2026-06-29 16:20:12,909 [ERROR] LogOutputStream:75 - [STDERR_REDIRECT] [Fatal Error] :1:1: Premature end of file.
2026-06-29 16:20:12,912 [ERROR] LogOutputStream:75 - [STDERR_REDIRECT] 
2026-06-29 16:20:13,894 [ERROR] LogOutputStream:75 - [STDERR_REDIRECT] [Fatal Error] :1:1: Premature end of file.
2026-06-29 16:20:13,899 [ERROR] LogOutputStream:75 - [STDERR_REDIRECT] 
2026-06-29 16:20:14,924 [ERROR] LogOutputStream:75 - [STDERR_REDIRECT] [Fatal Error] :1:1: Premature end of file.
2026-06-29 16:20:14,924 [ERROR] LogOutputStream:75 - [STDERR_REDIRECT] 
2026-06-29 16:20:15,901 [ERROR] LogOutputStream:75 - [STDERR_REDIRECT] [Fatal Error] :1:1: Premature end of file.
2026-06-29 16:20:15,901 [ERROR] LogOutputStream:75 - [STDERR_REDIRECT] 
2026-06-29 16:20:16,896 [ERROR] LogOutputStream:75 - [STDERR_REDIRECT] [Fatal Error] :1:1: Premature end of file.
2026-06-29 16:20:16,896 [ERROR] LogOutputStream:75 - [STDERR_REDIRECT] 
2026-06-29 16:20:17,884 [ERROR] LogOutputStream:75 - [STDERR_REDIRECT] [Fatal Error] :1:1: Premature end of file.
2026-06-29 16:20:17,884 [ERROR] LogOutputStream:75 - [STDERR_REDIRECT] 
2026-06-29 16:20:18,890 [ERROR] LogOutputStream:75 - [STDERR_REDIRECT] [Fatal Error] :1:1: Premature end of file.
2026-06-29 16:20:18,890 [ERROR] LogOutputStream:75 - [STDERR_REDIRECT] 
2026-06-29 16:20:19,880 [ERROR] LogOutputStream:75 - [STDERR_REDIRECT] [Fatal Error] :1:1: Premature end of file.
2026-06-29 16:20:19,880 [ERROR] LogOutputStream:75 - [STDERR_REDIRECT] 
2026-06-29 16:20:20,901 [ERROR] LogOutputStream:75 - [STDERR_REDIRECT] [Fatal Error] :1:1: Premature end of file.
2026-06-29 16:20:20,901 [ERROR] LogOutputStream:75 - [STDERR_REDIRECT] 
2026-06-29 16:20:21,875 [ERROR] LogOutputStream:75 - [STDERR_REDIRECT] [Fatal Error] :1:1: Premature end of file.
2026-06-29 16:20:21,875 [ERROR] LogOutputStream:75 - [STDERR_REDIRECT] 
2026-06-29 16:20:22,961 [ERROR] LogOutputStream:75 - [STDERR_REDIRECT] [Fatal Error] :1:1: Premature end of file.
2026-06-29 16:20:22,963 [ERROR] LogOutputStream:75 - [STDERR_REDIRECT] 
2026-06-29 16:20:23,886 [ERROR] LogOutputStream:75 - [STDERR_REDIRECT] [Fatal Error] :1:1: Premature end of file.
2026-06-29 16:20:23,889 [ERROR] LogOutputStream:75 - [STDERR_REDIRECT] 
2026-06-29 16:20:24,892 [ERROR] LogOutputStream:75 - [STDERR_REDIRECT] [Fatal Error] :1:1: Premature end of file.
2026-06-29 16:20:24,892 [ERROR] LogOutputStream:75 - [STDERR_REDIRECT] 
2026-06-29 16:20:25,886 [ERROR] LogOutputStream:75 - [STDERR_REDIRECT] [Fatal Error] :1:1: Premature end of file.
2026-06-29 16:20:25,886 [ERROR] LogOutputStream:75 - [STDERR_REDIRECT] 
2026-06-29 16:20:26,905 [ERROR] LogOutputStream:75 - [STDERR_REDIRECT] [Fatal Error] :1:1: Premature end of file.
2026-06-29 16:20:26,905 [ERROR] LogOutputStream:75 - [STDERR_REDIRECT] 
2026-06-29 16:20:27,906 [ERROR] LogOutputStream:75 - [STDERR_REDIRECT] [Fatal Error] :1:1: Premature end of file.
2026-06-29 16:20:27,906 [ERROR] LogOutputStream:75 - [STDERR_REDIRECT] 
2026-06-29 16:20:28,898 [ERROR] LogOutputStream:75 - [STDERR_REDIRECT] [Fatal Error] :1:1: Premature end of file.
2026-06-29 16:20:28,901 [ERROR] LogOutputStream:75 - [STDERR_REDIRECT] 
2026-06-29 16:20:29,973 [ERROR] LogOutputStream:75 - [STDERR_REDIRECT] [Fatal Error] :1:1: Premature end of file.
2026-06-29 16:20:29,973 [ERROR] LogOutputStream:75 - [STDERR_REDIRECT] 
2026-06-29 16:20:30,911 [ERROR] LogOutputStream:75 - [STDERR_REDIRECT] [Fatal Error] :1:1: Premature end of file.
2026-06-29 16:20:30,919 [ERROR] LogOutputStream:75 - [STDERR_REDIRECT] 
2026-06-29 16:20:31,923 [ERROR] LogOutputStream:75 - [STDERR_REDIRECT] [Fatal Error] :1:1: Premature end of file.
2026-06-29 16:20:31,923 [ERROR] LogOutputStream:75 - [STDERR_REDIRECT] 
2026-06-29 16:20:32,877 [ERROR] LogOutputStream:75 - [STDERR_REDIRECT] [Fatal Error] :1:1: Premature end of file.
2026-06-29 16:20:32,877 [ERROR] LogOutputStream:75 - [STDERR_REDIRECT] 
2026-06-29 16:20:33,886 [ERROR] LogOutputStream:75 - [STDERR_REDIRECT] [Fatal Error] :1:1: Premature end of file.
2026-06-29 16:20:33,886 [ERROR] LogOutputStream:75 - [STDERR_REDIRECT] 
2026-06-29 16:20:34,920 [ERROR] LogOutputStream:75 - [STDERR_REDIRECT] [Fatal Error] :1:1: Premature end of file.
2026-06-29 16:20:34,920 [ERROR] LogOutputStream:75 - [STDERR_REDIRECT] 
2026-06-29 16:20:35,887 [ERROR] LogOutputStream:75 - [STDERR_REDIRECT] [Fatal Error] :1:1: Premature end of file.
2026-06-29 16:20:35,887 [ERROR] LogOutputStream:75 - [STDERR_REDIRECT] 
2026-06-29 16:20:36,885 [ERROR] LogOutputStream:75 - [STDERR_REDIRECT] [Fatal Error] :1:1: Premature end of file.
2026-06-29 16:20:36,886 [ERROR] LogOutputStream:75 - [STDERR_REDIRECT] 
2026-06-29 16:20:37,884 [ERROR] LogOutputStream:75 - [STDERR_REDIRECT] [Fatal Error] :1:1: Premature end of file.
2026-06-29 16:20:37,884 [ERROR] LogOutputStream:75 - [STDERR_REDIRECT] 
2026-06-29 16:20:38,896 [ERROR] LogOutputStream:75 - [STDERR_REDIRECT] [Fatal Error] :1:1: Premature end of file.
2026-06-29 16:20:38,898 [ERROR] LogOutputStream:75 - [STDERR_REDIRECT] 
2026-06-29 16:20:39,890 [ERROR] LogOutputStream:75 - [STDERR_REDIRECT] [Fatal Error] :1:1: Premature end of file.
2026-06-29 16:20:39,890 [ERROR] LogOutputStream:75 - [STDERR_REDIRECT] 
2026-06-29 16:20:40,876 [ERROR] LogOutputStream:75 - [STDERR_REDIRECT] [Fatal Error] :1:1: Premature end of file.
2026-06-29 16:20:40,876 [ERROR] LogOutputStream:75 - [STDERR_REDIRECT] 
2026-06-29 16:20:41,882 [ERROR] LogOutputStream:75 - [STDERR_REDIRECT] [Fatal Error] :1:1: Premature end of file.
2026-06-29 16:20:41,882 [ERROR] LogOutputStream:75 - [STDERR_REDIRECT] 
2026-06-29 16:20:42,937 [ERROR] LogOutputStream:75 - [STDERR_REDIRECT] [Fatal Error] :1:1: Premature end of file.
2026-06-29 16:20:42,939 [ERROR] LogOutputStream:75 - [STDERR_REDIRECT] 
2026-06-29 16:20:43,888 [ERROR] LogOutputStream:75 - [STDERR_REDIRECT] [Fatal Error] :1:1: Premature end of file.
2026-06-29 16:20:43,888 [ERROR] LogOutputStream:75 - [STDERR_REDIRECT] 
2026-06-29 16:20:44,906 [ERROR] LogOutputStream:75 - [STDERR_REDIRECT] [Fatal Error] :1:1: Premature end of file.
2026-06-29 16:20:44,914 [ERROR] LogOutputStream:75 - [STDERR_REDIRECT] 
2026-06-29 16:20:46,054 [ERROR] LogOutputStream:75 - [STDERR_REDIRECT] [Fatal Error] :1:1: Premature end of file.
2026-06-29 16:20:46,054 [ERROR] LogOutputStream:75 - [STDERR_REDIRECT] 
2026-06-29 16:20:46,881 [ERROR] LogOutputStream:75 - [STDERR_REDIRECT] [Fatal Error] :1:1: Premature end of file.
2026-06-29 16:20:46,881 [ERROR] LogOutputStream:75 - [STDERR_REDIRECT] 
2026-06-29 16:20:47,960 [ERROR] LogOutputStream:75 - [STDERR_REDIRECT] [Fatal Error] :1:1: Premature end of file.
2026-06-29 16:20:47,960 [ERROR] LogOutputStream:75 - [STDERR_REDIRECT] 
2026-06-29 16:20:48,956 [ERROR] LogOutputStream:75 - [STDERR_REDIRECT] [Fatal Error] :1:1: Premature end of file.
2026-06-29 16:20:48,956 [ERROR] LogOutputStream:75 - [STDERR_REDIRECT] 
2026-06-29 16:20:49,962 [ERROR] LogOutputStream:75 - [STDERR_REDIRECT] [Fatal Error] :1:1: Premature end of file.
2026-06-29 16:20:49,964 [ERROR] LogOutputStream:75 - [STDERR_REDIRECT] 
2026-06-29 16:20:50,956 [ERROR] LogOutputStream:75 - [STDERR_REDIRECT] [Fatal Error] :1:1: Premature end of file.
2026-06-29 16:20:50,958 [ERROR] LogOutputStream:75 - [STDERR_REDIRECT] 
2026-06-29 16:20:51,955 [ERROR] LogOutputStream:75 - [STDERR_REDIRECT] [Fatal Error] :1:1: Premature end of file.
2026-06-29 16:20:51,955 [ERROR] LogOutputStream:75 - [STDERR_REDIRECT] 
2026-06-29 16:20:52,938 [ERROR] LogOutputStream:75 - [STDERR_REDIRECT] [Fatal Error] :1:1: Premature end of file.
2026-06-29 16:20:52,938 [ERROR] LogOutputStream:75 - [STDERR_REDIRECT] 
2026-06-29 16:20:54,041 [ERROR] LogOutputStream:75 - [STDERR_REDIRECT] [Fatal Error] :1:1: Premature end of file.
2026-06-29 16:20:54,041 [ERROR] LogOutputStream:75 - [STDERR_REDIRECT] 
2026-06-29 16:20:54,969 [ERROR] LogOutputStream:75 - [STDERR_REDIRECT] [Fatal Error] :1:1: Premature end of file.
2026-06-29 16:20:54,970 [ERROR] LogOutputStream:75 - [STDERR_REDIRECT] 
2026-06-29 16:20:55,988 [ERROR] LogOutputStream:75 - [STDERR_REDIRECT] [Fatal Error] :1:1: Premature end of file.
2026-06-29 16:20:55,988 [ERROR] LogOutputStream:75 - [STDERR_REDIRECT] 
2026-06-29 16:20:56,920 [ERROR] LogOutputStream:75 - [STDERR_REDIRECT] [Fatal Error] :1:1: Premature end of file.
2026-06-29 16:20:56,920 [ERROR] LogOutputStream:75 - [STDERR_REDIRECT] 
2026-06-29 16:20:58,519 [ERROR] LogOutputStream:75 - [STDERR_REDIRECT] [Fatal Error] :1:1: Premature end of file.
2026-06-29 16:20:58,521 [ERROR] LogOutputStream:75 - [STDERR_REDIRECT] 
2026-06-29 16:20:58,990 [ERROR] LogOutputStream:75 - [STDERR_REDIRECT] [Fatal Error] :1:1: Premature end of file.
2026-06-29 16:20:58,991 [ERROR] LogOutputStream:75 - [STDERR_REDIRECT] 
2026-06-29 16:21:00,067 [ERROR] LogOutputStream:75 - [STDERR_REDIRECT] [Fatal Error] :1:1: Premature end of file.
2026-06-29 16:21:00,067 [ERROR] LogOutputStream:75 - [STDERR_REDIRECT] 
2026-06-29 16:21:02,385 [ERROR] LogOutputStream:75 - [STDERR_REDIRECT] [Fatal Error] :1:1: Premature end of file.
2026-06-29 16:21:02,385 [ERROR] LogOutputStream:75 - [STDERR_REDIRECT] 
2026-06-29 16:21:03,482 [ERROR] LogOutputStream:75 - [STDERR_REDIRECT] [Fatal Error] :1:1: Premature end of file.
2026-06-29 16:21:03,482 [ERROR] LogOutputStream:75 - [STDERR_REDIRECT] 
2026-06-29 16:21:05,180 [ERROR] LogOutputStream:75 - [STDERR_REDIRECT] [Fatal Error] :1:1: Premature end of file.
2026-06-29 16:21:05,180 [ERROR] LogOutputStream:75 - [STDERR_REDIRECT] 
2026-06-29 16:21:06,754 [ERROR] LogOutputStream:75 - [STDERR_REDIRECT] [Fatal Error] :1:1: Premature end of file.
2026-06-29 16:21:06,758 [ERROR] LogOutputStream:75 - [STDERR_REDIRECT] 
2026-06-29 16:21:08,658 [ERROR] LogOutputStream:75 - [STDERR_REDIRECT] [Fatal Error] :1:1: Premature end of file.
2026-06-29 16:21:08,659 [ERROR] LogOutputStream:75 - [STDERR_REDIRECT] 
2026-06-29 16:21:10,860 [ERROR] LogOutputStream:75 - [STDERR_REDIRECT] [Fatal Error] :1:1: Premature end of file.
2026-06-29 16:21:10,863 [ERROR] LogOutputStream:75 - [STDERR_REDIRECT] 
2026-06-29 16:21:11,924 [ERROR] LogOutputStream:75 - [STDERR_REDIRECT] [Fatal Error] :1:1: Premature end of file.
2026-06-29 16:21:11,925 [ERROR] LogOutputStream:75 - [STDERR_REDIRECT] 
2026-06-29 16:21:13,061 [ERROR] LogOutputStream:75 - [STDERR_REDIRECT] [Fatal Error] :1:1: Premature end of file.
2026-06-29 16:21:13,063 [ERROR] LogOutputStream:75 - [STDERR_REDIRECT] 
2026-06-29 16:21:13,252 [ERROR] LogOutputStream:75 - [STDERR_REDIRECT] [Fatal Error] :1:1: Premature end of file.
2026-06-29 16:21:13,254 [ERROR] LogOutputStream:75 - [STDERR_REDIRECT] 
2026-06-29 16:21:13,512 [ERROR] LogOutputStream:75 - [STDERR_REDIRECT] [Fatal Error] :1:1: Premature end of file.
2026-06-29 16:21:13,522 [ERROR] LogOutputStream:75 - [STDERR_REDIRECT] 
2026-06-29 16:21:13,689 [ERROR] LogOutputStream:75 - [STDERR_REDIRECT] [Fatal Error] :1:1: Premature end of file.
2026-06-29 16:21:13,689 [ERROR] LogOutputStream:75 - [STDERR_REDIRECT] 
2026-06-29 16:21:13,832 [ERROR] LogOutputStream:75 - [STDERR_REDIRECT] [Fatal Error] :1:1: Premature end of file.
2026-06-29 16:21:13,838 [ERROR] LogOutputStream:75 - [STDERR_REDIRECT] 
2026-06-29 16:21:13,993 [ERROR] LogOutputStream:75 - [STDERR_REDIRECT] [Fatal Error] :1:1: Premature end of file.
2026-06-29 16:21:13,993 [ERROR] LogOutputStream:75 - [STDERR_REDIRECT] 
2026-06-29 16:21:14,135 [ERROR] LogOutputStream:75 - [STDERR_REDIRECT] [Fatal Error] :1:1: Premature end of file.
2026-06-29 16:21:14,135 [ERROR] LogOutputStream:75 - [STDERR_REDIRECT] 
2026-06-29 16:21:14,912 [ERROR] LogOutputStream:75 - [STDERR_REDIRECT] [Fatal Error] :1:1: Premature end of file.
2026-06-29 16:21:14,915 [ERROR] LogOutputStream:75 - [STDERR_REDIRECT] 
2026-06-29 16:21:15,966 [ERROR] LogOutputStream:75 - [STDERR_REDIRECT] [Fatal Error] :1:1: Premature end of file.
2026-06-29 16:21:15,966 [ERROR] LogOutputStream:75 - [STDERR_REDIRECT] 
2026-06-29 16:21:16,934 [ERROR] LogOutputStream:75 - [STDERR_REDIRECT] [Fatal Error] :1:1: Premature end of file.
2026-06-29 16:21:16,936 [ERROR] LogOutputStream:75 - [STDERR_REDIRECT] 
2026-06-29 16:21:17,908 [ERROR] LogOutputStream:75 - [STDERR_REDIRECT] [Fatal Error] :1:1: Premature end of file.
2026-06-29 16:21:17,908 [ERROR] LogOutputStream:75 - [STDERR_REDIRECT] 
2026-06-29 16:21:18,954 [ERROR] LogOutputStream:75 - [STDERR_REDIRECT] [Fatal Error] :1:1: Premature end of file.
2026-06-29 16:21:18,956 [ERROR] LogOutputStream:75 - [STDERR_REDIRECT] 
2026-06-29 16:21:19,938 [ERROR] LogOutputStream:75 - [STDERR_REDIRECT] [Fatal Error] :1:1: Premature end of file.
2026-06-29 16:21:19,938 [ERROR] LogOutputStream:75 - [STDERR_REDIRECT] 
2026-06-29 16:21:21,470 [ERROR] LogOutputStream:75 - [STDERR_REDIRECT] [Fatal Error] :1:1: Premature end of file.
2026-06-29 16:21:21,470 [ERROR] LogOutputStream:75 - [STDERR_REDIRECT] 
2026-06-29 16:21:22,253 [ERROR] LogOutputStream:75 - [STDERR_REDIRECT] [Fatal Error] :1:1: Premature end of file.
2026-06-29 16:21:22,253 [ERROR] LogOutputStream:75 - [STDERR_REDIRECT] 
2026-06-29 16:21:24,288 [ERROR] LogOutputStream:75 - [STDERR_REDIRECT] [Fatal Error] :1:1: Premature end of file.
2026-06-29 16:21:24,289 [ERROR] LogOutputStream:75 - [STDERR_REDIRECT] 
2026-06-29 16:21:25,366 [ERROR] LogOutputStream:75 - [STDERR_REDIRECT] [Fatal Error] :1:1: Premature end of file.
2026-06-29 16:21:25,372 [ERROR] LogOutputStream:75 - [STDERR_REDIRECT] 
2026-06-29 16:21:26,812 [ERROR] LogOutputStream:75 - [STDERR_REDIRECT] [Fatal Error] :1:1: Premature end of file.
2026-06-29 16:21:26,812 [ERROR] LogOutputStream:75 - [STDERR_REDIRECT] 
2026-06-29 16:21:29,010 [ERROR] LogOutputStream:75 - [STDERR_REDIRECT] [Fatal Error] :1:1: Premature end of file.
2026-06-29 16:21:29,011 [ERROR] LogOutputStream:75 - [STDERR_REDIRECT] 
2026-06-29 16:21:29,724 [ERROR] LogOutputStream:75 - [STDERR_REDIRECT] [Fatal Error] :1:1: Premature end of file.
2026-06-29 16:21:29,724 [ERROR] LogOutputStream:75 - [STDERR_REDIRECT] 
2026-06-29 16:21:30,778 [ERROR] LogOutputStream:75 - [STDERR_REDIRECT] [Fatal Error] :1:1: Premature end of file.
2026-06-29 16:21:30,780 [ERROR] LogOutputStream:75 - [STDERR_REDIRECT] 
2026-06-29 16:21:31,816 [ERROR] LogOutputStream:75 - [STDERR_REDIRECT] [Fatal Error] :1:1: Premature end of file.
2026-06-29 16:21:31,822 [ERROR] LogOutputStream:75 - [STDERR_REDIRECT] 
2026-06-29 16:21:33,232 [ERROR] LogOutputStream:75 - [STDERR_REDIRECT] [Fatal Error] :1:1: Premature end of file.
2026-06-29 16:21:33,232 [ERROR] LogOutputStream:75 - [STDERR_REDIRECT] 
2026-06-29 16:21:33,606 [ERROR] LogOutputStream:75 - [STDERR_REDIRECT] [Fatal Error] :1:1: Premature end of file.
2026-06-29 16:21:33,608 [ERROR] LogOutputStream:75 - [STDERR_REDIRECT] 
2026-06-29 16:21:34,101 [ERROR] LogOutputStream:75 - [STDERR_REDIRECT] [Fatal Error] :1:1: Premature end of file.
2026-06-29 16:21:34,103 [ERROR] LogOutputStream:75 - [STDERR_REDIRECT] 
2026-06-29 16:21:34,488 [ERROR] LogOutputStream:75 - [STDERR_REDIRECT] [Fatal Error] :1:1: Premature end of file.
2026-06-29 16:21:34,488 [ERROR] LogOutputStream:75 - [STDERR_REDIRECT] 
2026-06-29 16:21:34,975 [ERROR] LogOutputStream:75 - [STDERR_REDIRECT] [Fatal Error] :1:1: Premature end of file.
2026-06-29 16:21:34,975 [ERROR] LogOutputStream:75 - [STDERR_REDIRECT] 
2026-06-29 16:21:37,628 [ERROR] LogOutputStream:75 - [STDERR_REDIRECT] [Fatal Error] :1:1: Premature end of file.
2026-06-29 16:21:37,633 [ERROR] LogOutputStream:75 - [STDERR_REDIRECT] 
2026-06-29 16:21:37,990 [ERROR] LogOutputStream:75 - [STDERR_REDIRECT] [Fatal Error] :1:1: Premature end of file.
2026-06-29 16:21:37,990 [ERROR] LogOutputStream:75 - [STDERR_REDIRECT] 
2026-06-29 16:21:38,338 [ERROR] LogOutputStream:75 - [STDERR_REDIRECT] [Fatal Error] :1:1: Premature end of file.
2026-06-29 16:21:38,340 [ERROR] LogOutputStream:75 - [STDERR_REDIRECT] 
2026-06-29 16:21:38,762 [ERROR] LogOutputStream:75 - [STDERR_REDIRECT] [Fatal Error] :1:1: Premature end of file.
2026-06-29 16:21:38,770 [ERROR] LogOutputStream:75 - [STDERR_REDIRECT] 
2026-06-29 16:21:39,256 [ERROR] LogOutputStream:75 - [STDERR_REDIRECT] [Fatal Error] :1:1: Premature end of file.
2026-06-29 16:21:39,258 [ERROR] LogOutputStream:75 - [STDERR_REDIRECT] 
2026-06-29 16:21:40,291 [ERROR] LogOutputStream:75 - [STDERR_REDIRECT] [Fatal Error] :1:1: Premature end of file.
2026-06-29 16:21:40,301 [ERROR] LogOutputStream:75 - [STDERR_REDIRECT] 
2026-06-29 16:21:41,619 [ERROR] LogOutputStream:75 - [STDERR_REDIRECT] [Fatal Error] :1:1: Premature end of file.
2026-06-29 16:21:41,633 [ERROR] LogOutputStream:75 - [STDERR_REDIRECT] 
2026-06-29 16:21:42,706 [ERROR] LogOutputStream:75 - [STDERR_REDIRECT] [Fatal Error] :1:1: Premature end of file.
2026-06-29 16:21:42,722 [ERROR] LogOutputStream:75 - [STDERR_REDIRECT] 
2026-06-29 16:21:43,565 [ERROR] LogOutputStream:75 - [STDERR_REDIRECT] [Fatal Error] :1:1: Premature end of file.
2026-06-29 16:21:43,580 [ERROR] LogOutputStream:75 - [STDERR_REDIRECT] 
2026-06-29 16:21:44,163 [ERROR] LogOutputStream:75 - [STDERR_REDIRECT] [Fatal Error] :1:1: Premature end of file.
2026-06-29 16:21:44,163 [ERROR] LogOutputStream:75 - [STDERR_REDIRECT] 
2026-06-29 16:21:45,133 [ERROR] LogOutputStream:75 - [STDERR_REDIRECT] [Fatal Error] :1:1: Premature end of file.
2026-06-29 16:21:45,135 [ERROR] LogOutputStream:75 - [STDERR_REDIRECT] 
2026-06-29 16:21:46,397 [ERROR] LogOutputStream:75 - [STDERR_REDIRECT] [Fatal Error] :1:1: Premature end of file.
2026-06-29 16:21:46,399 [ERROR] LogOutputStream:75 - [STDERR_REDIRECT] 
2026-06-29 16:21:47,264 [ERROR] LogOutputStream:75 - [STDERR_REDIRECT] [Fatal Error] :1:1: Premature end of file.
2026-06-29 16:21:47,264 [ERROR] LogOutputStream:75 - [STDERR_REDIRECT] 
2026-06-29 16:21:48,309 [ERROR] LogOutputStream:75 - [STDERR_REDIRECT] [Fatal Error] :1:1: Premature end of file.
2026-06-29 16:21:48,309 [ERROR] LogOutputStream:75 - [STDERR_REDIRECT] 
2026-06-29 16:21:49,098 [ERROR] LogOutputStream:75 - [STDERR_REDIRECT] [Fatal Error] :1:1: Premature end of file.
2026-06-29 16:21:49,098 [ERROR] LogOutputStream:75 - [STDERR_REDIRECT] 
2026-06-29 16:21:50,362 [ERROR] LogOutputStream:75 - [STDERR_REDIRECT] [Fatal Error] :1:1: Premature end of file.
2026-06-29 16:21:50,362 [ERROR] LogOutputStream:75 - [STDERR_REDIRECT] 
2026-06-29 16:21:51,246 [ERROR] LogOutputStream:75 - [STDERR_REDIRECT] [Fatal Error] :1:1: Premature end of file.
2026-06-29 16:21:51,248 [ERROR] LogOutputStream:75 - [STDERR_REDIRECT] 
2026-06-29 16:21:52,273 [ERROR] LogOutputStream:75 - [STDERR_REDIRECT] [Fatal Error] :1:1: Premature end of file.
2026-06-29 16:21:52,279 [ERROR] LogOutputStream:75 - [STDERR_REDIRECT] 
2026-06-29 16:21:52,959 [ERROR] LogOutputStream:75 - [STDERR_REDIRECT] [Fatal Error] :1:1: Premature end of file.
2026-06-29 16:21:52,961 [ERROR] LogOutputStream:75 - [STDERR_REDIRECT] 
2026-06-29 16:21:54,079 [ERROR] LogOutputStream:75 - [STDERR_REDIRECT] [Fatal Error] :1:1: Premature end of file.
2026-06-29 16:21:54,081 [ERROR] LogOutputStream:75 - [STDERR_REDIRECT] 
2026-06-29 16:21:55,225 [ERROR] LogOutputStream:75 - [STDERR_REDIRECT] [Fatal Error] :1:1: Premature end of file.
2026-06-29 16:21:55,227 [ERROR] LogOutputStream:75 - [STDERR_REDIRECT] 
2026-06-29 16:21:56,133 [ERROR] LogOutputStream:75 - [STDERR_REDIRECT] [Fatal Error] :1:1: Premature end of file.
2026-06-29 16:21:56,139 [ERROR] LogOutputStream:75 - [STDERR_REDIRECT] 
2026-06-29 16:21:57,240 [ERROR] LogOutputStream:75 - [STDERR_REDIRECT] [Fatal Error] :1:1: Premature end of file.
2026-06-29 16:21:57,243 [ERROR] LogOutputStream:75 - [STDERR_REDIRECT] 
2026-06-29 16:21:58,243 [ERROR] LogOutputStream:75 - [STDERR_REDIRECT] [Fatal Error] :1:1: Premature end of file.
2026-06-29 16:21:58,243 [ERROR] LogOutputStream:75 - [STDERR_REDIRECT] 
2026-06-29 16:21:59,306 [ERROR] LogOutputStream:75 - [STDERR_REDIRECT] [Fatal Error] :1:1: Premature end of file.
2026-06-29 16:21:59,318 [ERROR] LogOutputStream:75 - [STDERR_REDIRECT] 
2026-06-29 16:22:00,683 [ERROR] LogOutputStream:75 - [STDERR_REDIRECT] [Fatal Error] :1:1: Premature end of file.
2026-06-29 16:22:00,683 [ERROR] LogOutputStream:75 - [STDERR_REDIRECT] 
2026-06-29 16:22:01,401 [ERROR] LogOutputStream:75 - [STDERR_REDIRECT] [Fatal Error] :1:1: Premature end of file.
2026-06-29 16:22:01,403 [ERROR] LogOutputStream:75 - [STDERR_REDIRECT] 
2026-06-29 16:22:02,365 [ERROR] LogOutputStream:75 - [STDERR_REDIRECT] [Fatal Error] :1:1: Premature end of file.
2026-06-29 16:22:02,365 [ERROR] LogOutputStream:75 - [STDERR_REDIRECT] 
2026-06-29 16:22:03,415 [ERROR] LogOutputStream:75 - [STDERR_REDIRECT] [Fatal Error] :1:1: Premature end of file.
2026-06-29 16:22:03,425 [ERROR] LogOutputStream:75 - [STDERR_REDIRECT] 
2026-06-29 16:22:04,081 [ERROR] LogOutputStream:75 - [STDERR_REDIRECT] [Fatal Error] :1:1: Premature end of file.
2026-06-29 16:22:04,081 [ERROR] LogOutputStream:75 - [STDERR_REDIRECT] 
2026-06-29 16:22:05,104 [ERROR] LogOutputStream:75 - [STDERR_REDIRECT] [Fatal Error] :1:1: Premature end of file.
2026-06-29 16:22:05,106 [ERROR] LogOutputStream:75 - [STDERR_REDIRECT] 
2026-06-29 16:22:06,197 [ERROR] LogOutputStream:75 - [STDERR_REDIRECT] [Fatal Error] :1:1: Premature end of file.
2026-06-29 16:22:06,197 [ERROR] LogOutputStream:75 - [STDERR_REDIRECT] 
2026-06-29 16:22:07,506 [ERROR] LogOutputStream:75 - [STDERR_REDIRECT] [Fatal Error] :1:1: Premature end of file.
2026-06-29 16:22:07,506 [ERROR] LogOutputStream:75 - [STDERR_REDIRECT] 
2026-06-29 16:22:08,217 [ERROR] LogOutputStream:75 - [STDERR_REDIRECT] [Fatal Error] :1:1: Premature end of file.
2026-06-29 16:22:08,219 [ERROR] LogOutputStream:75 - [STDERR_REDIRECT] 
2026-06-29 16:22:09,207 [ERROR] LogOutputStream:75 - [STDERR_REDIRECT] [Fatal Error] :1:1: Premature end of file.
2026-06-29 16:22:09,209 [ERROR] LogOutputStream:75 - [STDERR_REDIRECT] 
2026-06-29 16:22:10,393 [ERROR] LogOutputStream:75 - [STDERR_REDIRECT] [Fatal Error] :1:1: Premature end of file.
2026-06-29 16:22:10,408 [ERROR] LogOutputStream:75 - [STDERR_REDIRECT] 
2026-06-29 16:22:11,276 [ERROR] LogOutputStream:75 - [STDERR_REDIRECT] [Fatal Error] :1:1: Premature end of file.
2026-06-29 16:22:11,276 [ERROR] LogOutputStream:75 - [STDERR_REDIRECT] 
2026-06-29 16:22:12,553 [ERROR] LogOutputStream:75 - [STDERR_REDIRECT] [Fatal Error] :1:1: Premature end of file.
2026-06-29 16:22:12,553 [ERROR] LogOutputStream:75 - [STDERR_REDIRECT] 
2026-06-29 16:22:15,538 [ERROR] LogOutputStream:75 - [STDERR_REDIRECT] [Fatal Error] :1:1: Premature end of file.
2026-06-29 16:22:15,540 [ERROR] LogOutputStream:75 - [STDERR_REDIRECT] 
2026-06-29 16:22:16,441 [ERROR] LogOutputStream:75 - [STDERR_REDIRECT] [Fatal Error] :1:1: Premature end of file.
2026-06-29 16:22:16,447 [ERROR] LogOutputStream:75 - [STDERR_REDIRECT] 
2026-06-29 16:22:16,836 [ERROR] LogOutputStream:75 - [STDERR_REDIRECT] [Fatal Error] :1:1: Premature end of file.
2026-06-29 16:22:16,836 [ERROR] LogOutputStream:75 - [STDERR_REDIRECT] 
2026-06-29 16:22:17,261 [ERROR] LogOutputStream:75 - [STDERR_REDIRECT] [Fatal Error] :1:1: Premature end of file.
2026-06-29 16:22:17,261 [ERROR] LogOutputStream:75 - [STDERR_REDIRECT] 
2026-06-29 16:22:17,598 [ERROR] LogOutputStream:75 - [STDERR_REDIRECT] [Fatal Error] :1:1: Premature end of file.
2026-06-29 16:22:17,600 [ERROR] LogOutputStream:75 - [STDERR_REDIRECT] 
2026-06-29 16:22:18,077 [ERROR] LogOutputStream:75 - [STDERR_REDIRECT] [Fatal Error] :1:1: Premature end of file.
2026-06-29 16:22:18,081 [ERROR] LogOutputStream:75 - [STDERR_REDIRECT] 
2026-06-29 16:22:19,093 [ERROR] LogOutputStream:75 - [STDERR_REDIRECT] [Fatal Error] :1:1: Premature end of file.
2026-06-29 16:22:19,093 [ERROR] LogOutputStream:75 - [STDERR_REDIRECT] 
2026-06-29 16:22:19,951 [ERROR] LogOutputStream:75 - [STDERR_REDIRECT] [Fatal Error] :1:1: Premature end of file.
2026-06-29 16:22:19,951 [ERROR] LogOutputStream:75 - [STDERR_REDIRECT] 
2026-06-29 16:22:20,922 [ERROR] LogOutputStream:75 - [STDERR_REDIRECT] [Fatal Error] :1:1: Premature end of file.
2026-06-29 16:22:20,922 [ERROR] LogOutputStream:75 - [STDERR_REDIRECT] 
2026-06-29 16:22:21,936 [ERROR] LogOutputStream:75 - [STDERR_REDIRECT] [Fatal Error] :1:1: Premature end of file.
2026-06-29 16:22:21,936 [ERROR] LogOutputStream:75 - [STDERR_REDIRECT] 
2026-06-29 16:22:22,912 [ERROR] LogOutputStream:75 - [STDERR_REDIRECT] [Fatal Error] :1:1: Premature end of file.
2026-06-29 16:22:22,916 [ERROR] LogOutputStream:75 - [STDERR_REDIRECT] 
2026-06-29 16:22:24,186 [ERROR] LogOutputStream:75 - [STDERR_REDIRECT] [Fatal Error] :1:1: Premature end of file.
2026-06-29 16:22:24,195 [ERROR] LogOutputStream:75 - [STDERR_REDIRECT] 
2026-06-29 16:22:25,669 [ERROR] LogOutputStream:75 - [STDERR_REDIRECT] [Fatal Error] :1:1: Premature end of file.
2026-06-29 16:22:25,669 [ERROR] LogOutputStream:75 - [STDERR_REDIRECT] 
2026-06-29 16:22:38,000 [ERROR] LogOutputStream:75 - [STDERR_REDIRECT] [Fatal Error] :1:1: Premature end of file.
2026-06-29 16:22:38,000 [ERROR] LogOutputStream:75 - [STDERR_REDIRECT] 
2026-06-29 16:22:38,558 [ERROR] LogOutputStream:75 - [STDERR_REDIRECT] [Fatal Error] :1:1: Premature end of file.
2026-06-29 16:22:38,566 [ERROR] LogOutputStream:75 - [STDERR_REDIRECT] 
2026-06-29 16:22:38,814 [ERROR] LogOutputStream:75 - [STDERR_REDIRECT] [Fatal Error] :1:1: Premature end of file.
2026-06-29 16:22:38,816 [ERROR] LogOutputStream:75 - [STDERR_REDIRECT] 
2026-06-29 16:22:38,999 [ERROR] LogOutputStream:75 - [STDERR_REDIRECT] [Fatal Error] :1:1: Premature end of file.
2026-06-29 16:22:38,999 [ERROR] LogOutputStream:75 - [STDERR_REDIRECT] 
2026-06-29 16:22:39,217 [ERROR] LogOutputStream:75 - [STDERR_REDIRECT] [Fatal Error] :1:1: Premature end of file.
2026-06-29 16:22:39,219 [ERROR] LogOutputStream:75 - [STDERR_REDIRECT] 
2026-06-29 16:22:39,432 [ERROR] LogOutputStream:75 - [STDERR_REDIRECT] [Fatal Error] :1:1: Premature end of file.
2026-06-29 16:22:39,432 [ERROR] LogOutputStream:75 - [STDERR_REDIRECT] 
2026-06-29 16:22:39,939 [ERROR] LogOutputStream:75 - [STDERR_REDIRECT] [Fatal Error] :1:1: Premature end of file.
2026-06-29 16:22:39,939 [ERROR] LogOutputStream:75 - [STDERR_REDIRECT] 
2026-06-29 16:22:40,569 [ERROR] LogOutputStream:75 - [STDERR_REDIRECT] [Fatal Error] :1:1: Premature end of file.
2026-06-29 16:22:40,571 [ERROR] LogOutputStream:75 - [STDERR_REDIRECT] 
2026-06-29 16:22:41,143 [ERROR] LogOutputStream:75 - [STDERR_REDIRECT] [Fatal Error] :1:1: Premature end of file.
2026-06-29 16:22:41,156 [ERROR] LogOutputStream:75 - [STDERR_REDIRECT] 
2026-06-29 16:22:41,504 [ERROR] LogOutputStream:75 - [STDERR_REDIRECT] [Fatal Error] :1:1: Premature end of file.
2026-06-29 16:22:41,504 [ERROR] LogOutputStream:75 - [STDERR_REDIRECT] 
2026-06-29 16:22:41,677 [ERROR] LogOutputStream:75 - [STDERR_REDIRECT] [Fatal Error] :1:1: Premature end of file.
2026-06-29 16:22:41,677 [ERROR] LogOutputStream:75 - [STDERR_REDIRECT] 
2026-06-29 16:22:41,850 [ERROR] LogOutputStream:75 - [STDERR_REDIRECT] [Fatal Error] :1:1: Premature end of file.
2026-06-29 16:22:41,850 [ERROR] LogOutputStream:75 - [STDERR_REDIRECT] 
2026-06-29 16:22:42,083 [ERROR] LogOutputStream:75 - [STDERR_REDIRECT] [Fatal Error] :1:1: Premature end of file.
2026-06-29 16:22:42,083 [ERROR] LogOutputStream:75 - [STDERR_REDIRECT] 
2026-06-29 16:22:42,321 [ERROR] LogOutputStream:75 - [STDERR_REDIRECT] [Fatal Error] :1:1: Premature end of file.
2026-06-29 16:22:42,321 [ERROR] LogOutputStream:75 - [STDERR_REDIRECT] 
2026-06-29 16:22:42,521 [ERROR] LogOutputStream:75 - [STDERR_REDIRECT] [Fatal Error] :1:1: Premature end of file.
2026-06-29 16:22:42,521 [ERROR] LogOutputStream:75 - [STDERR_REDIRECT] 
2026-06-29 16:22:42,696 [ERROR] LogOutputStream:75 - [STDERR_REDIRECT] [Fatal Error] :1:1: Premature end of file.
2026-06-29 16:22:42,696 [ERROR] LogOutputStream:75 - [STDERR_REDIRECT] 
2026-06-29 16:22:42,869 [ERROR] LogOutputStream:75 - [STDERR_REDIRECT] [Fatal Error] :1:1: Premature end of file.
2026-06-29 16:22:42,869 [ERROR] LogOutputStream:75 - [STDERR_REDIRECT] 
2026-06-29 16:22:43,037 [ERROR] LogOutputStream:75 - [STDERR_REDIRECT] [Fatal Error] :1:1: Premature end of file.
2026-06-29 16:22:43,037 [ERROR] LogOutputStream:75 - [STDERR_REDIRECT] 
2026-06-29 16:22:43,894 [ERROR] LogOutputStream:75 - [STDERR_REDIRECT] [Fatal Error] :1:1: Premature end of file.
2026-06-29 16:22:43,894 [ERROR] LogOutputStream:75 - [STDERR_REDIRECT] 
2026-06-29 16:22:44,946 [ERROR] LogOutputStream:75 - [STDERR_REDIRECT] [Fatal Error] :1:1: Premature end of file.
2026-06-29 16:22:44,946 [ERROR] LogOutputStream:75 - [STDERR_REDIRECT] 
2026-06-29 16:22:45,944 [ERROR] LogOutputStream:75 - [STDERR_REDIRECT] [Fatal Error] :1:1: Premature end of file.
2026-06-29 16:22:45,944 [ERROR] LogOutputStream:75 - [STDERR_REDIRECT] 
2026-06-29 16:22:46,990 [ERROR] LogOutputStream:75 - [STDERR_REDIRECT] [Fatal Error] :1:1: Premature end of file.
2026-06-29 16:22:46,990 [ERROR] LogOutputStream:75 - [STDERR_REDIRECT] 
2026-06-29 16:22:47,945 [ERROR] LogOutputStream:75 - [STDERR_REDIRECT] [Fatal Error] :1:1: Premature end of file.
2026-06-29 16:22:47,945 [ERROR] LogOutputStream:75 - [STDERR_REDIRECT] 
2026-06-29 16:22:48,971 [ERROR] LogOutputStream:75 - [STDERR_REDIRECT] [Fatal Error] :1:1: Premature end of file.
2026-06-29 16:22:48,971 [ERROR] LogOutputStream:75 - [STDERR_REDIRECT] 
2026-06-29 16:22:49,872 [ERROR] LogOutputStream:75 - [STDERR_REDIRECT] [Fatal Error] :1:1: Premature end of file.
2026-06-29 16:22:49,872 [ERROR] LogOutputStream:75 - [STDERR_REDIRECT] 
2026-06-29 16:22:50,881 [ERROR] LogOutputStream:75 - [STDERR_REDIRECT] [Fatal Error] :1:1: Premature end of file.
2026-06-29 16:22:50,881 [ERROR] LogOutputStream:75 - [STDERR_REDIRECT] 
2026-06-29 16:22:51,879 [ERROR] LogOutputStream:75 - [STDERR_REDIRECT] [Fatal Error] :1:1: Premature end of file.
2026-06-29 16:22:51,879 [ERROR] LogOutputStream:75 - [STDERR_REDIRECT] 
2026-06-29 16:22:52,918 [ERROR] LogOutputStream:75 - [STDERR_REDIRECT] [Fatal Error] :1:1: Premature end of file.
2026-06-29 16:22:52,921 [ERROR] LogOutputStream:75 - [STDERR_REDIRECT] 
2026-06-29 16:22:54,093 [ERROR] LogOutputStream:75 - [STDERR_REDIRECT] [Fatal Error] :1:1: Premature end of file.
2026-06-29 16:22:54,094 [ERROR] LogOutputStream:75 - [STDERR_REDIRECT] 
2026-06-29 16:22:54,898 [ERROR] LogOutputStream:75 - [STDERR_REDIRECT] [Fatal Error] :1:1: Premature end of file.
2026-06-29 16:22:54,902 [ERROR] LogOutputStream:75 - [STDERR_REDIRECT] 
2026-06-29 16:22:55,946 [ERROR] LogOutputStream:75 - [STDERR_REDIRECT] [Fatal Error] :1:1: Premature end of file.
2026-06-29 16:22:55,946 [ERROR] LogOutputStream:75 - [STDERR_REDIRECT] 
2026-06-29 16:22:56,997 [ERROR] LogOutputStream:75 - [STDERR_REDIRECT] [Fatal Error] :1:1: Premature end of file.
2026-06-29 16:22:57,000 [ERROR] LogOutputStream:75 - [STDERR_REDIRECT] 
2026-06-29 16:22:57,909 [ERROR] LogOutputStream:75 - [STDERR_REDIRECT] [Fatal Error] :1:1: Premature end of file.
2026-06-29 16:22:57,911 [ERROR] LogOutputStream:75 - [STDERR_REDIRECT] 
2026-06-29 16:22:59,046 [ERROR] LogOutputStream:75 - [STDERR_REDIRECT] [Fatal Error] :1:1: Premature end of file.
2026-06-29 16:22:59,046 [ERROR] LogOutputStream:75 - [STDERR_REDIRECT] 
2026-06-29 16:22:59,944 [ERROR] LogOutputStream:75 - [STDERR_REDIRECT] [Fatal Error] :1:1: Premature end of file.
2026-06-29 16:22:59,946 [ERROR] LogOutputStream:75 - [STDERR_REDIRECT] 
2026-06-29 16:23:00,858 [ERROR] LogOutputStream:75 - [STDERR_REDIRECT] [Fatal Error] :1:1: Premature end of file.
2026-06-29 16:23:00,858 [ERROR] LogOutputStream:75 - [STDERR_REDIRECT] 
2026-06-29 16:23:01,935 [ERROR] LogOutputStream:75 - [STDERR_REDIRECT] [Fatal Error] :1:1: Premature end of file.
2026-06-29 16:23:01,935 [ERROR] LogOutputStream:75 - [STDERR_REDIRECT] 
2026-06-29 16:23:02,896 [ERROR] LogOutputStream:75 - [STDERR_REDIRECT] [Fatal Error] :1:1: Premature end of file.
2026-06-29 16:23:02,896 [ERROR] LogOutputStream:75 - [STDERR_REDIRECT] 
2026-06-29 16:23:03,900 [ERROR] LogOutputStream:75 - [STDERR_REDIRECT] [Fatal Error] :1:1: Premature end of file.
2026-06-29 16:23:03,902 [ERROR] LogOutputStream:75 - [STDERR_REDIRECT] 
2026-06-29 16:23:04,872 [ERROR] LogOutputStream:75 - [STDERR_REDIRECT] [Fatal Error] :1:1: Premature end of file.
2026-06-29 16:23:04,872 [ERROR] LogOutputStream:75 - [STDERR_REDIRECT] 
2026-06-29 16:23:05,928 [ERROR] LogOutputStream:75 - [STDERR_REDIRECT] [Fatal Error] :1:1: Premature end of file.
2026-06-29 16:23:05,928 [ERROR] LogOutputStream:75 - [STDERR_REDIRECT] 
2026-06-29 16:23:06,930 [ERROR] LogOutputStream:75 - [STDERR_REDIRECT] [Fatal Error] :1:1: Premature end of file.
2026-06-29 16:23:06,930 [ERROR] LogOutputStream:75 - [STDERR_REDIRECT] 
2026-06-29 16:23:07,886 [ERROR] LogOutputStream:75 - [STDERR_REDIRECT] [Fatal Error] :1:1: Premature end of file.
2026-06-29 16:23:07,886 [ERROR] LogOutputStream:75 - [STDERR_REDIRECT] 
2026-06-29 16:23:08,923 [ERROR] LogOutputStream:75 - [STDERR_REDIRECT] [Fatal Error] :1:1: Premature end of file.
2026-06-29 16:23:08,923 [ERROR] LogOutputStream:75 - [STDERR_REDIRECT] 
2026-06-29 16:23:09,923 [ERROR] LogOutputStream:75 - [STDERR_REDIRECT] [Fatal Error] :1:1: Premature end of file.
2026-06-29 16:23:09,923 [ERROR] LogOutputStream:75 - [STDERR_REDIRECT] 
2026-06-29 16:23:10,909 [ERROR] LogOutputStream:75 - [STDERR_REDIRECT] [Fatal Error] :1:1: Premature end of file.
2026-06-29 16:23:10,909 [ERROR] LogOutputStream:75 - [STDERR_REDIRECT] 
2026-06-29 16:23:11,911 [ERROR] LogOutputStream:75 - [STDERR_REDIRECT] [Fatal Error] :1:1: Premature end of file.
2026-06-29 16:23:11,911 [ERROR] LogOutputStream:75 - [STDERR_REDIRECT] 
2026-06-29 16:23:12,985 [ERROR] LogOutputStream:75 - [STDERR_REDIRECT] [Fatal Error] :1:1: Premature end of file.
2026-06-29 16:23:12,987 [ERROR] LogOutputStream:75 - [STDERR_REDIRECT] 
2026-06-29 16:23:13,908 [ERROR] LogOutputStream:75 - [STDERR_REDIRECT] [Fatal Error] :1:1: Premature end of file.
2026-06-29 16:23:13,908 [ERROR] LogOutputStream:75 - [STDERR_REDIRECT] 
2026-06-29 16:23:14,901 [ERROR] LogOutputStream:75 - [STDERR_REDIRECT] [Fatal Error] :1:1: Premature end of file.
2026-06-29 16:23:14,901 [ERROR] LogOutputStream:75 - [STDERR_REDIRECT] 
2026-06-29 16:23:15,887 [ERROR] LogOutputStream:75 - [STDERR_REDIRECT] [Fatal Error] :1:1: Premature end of file.
2026-06-29 16:23:15,887 [ERROR] LogOutputStream:75 - [STDERR_REDIRECT] 
2026-06-29 16:23:16,904 [ERROR] LogOutputStream:75 - [STDERR_REDIRECT] [Fatal Error] :1:1: Premature end of file.
2026-06-29 16:23:16,904 [ERROR] LogOutputStream:75 - [STDERR_REDIRECT] 
2026-06-29 16:23:17,865 [ERROR] LogOutputStream:75 - [STDERR_REDIRECT] [Fatal Error] :1:1: Premature end of file.
2026-06-29 16:23:17,865 [ERROR] LogOutputStream:75 - [STDERR_REDIRECT] 
2026-06-29 16:23:18,888 [ERROR] LogOutputStream:75 - [STDERR_REDIRECT] [Fatal Error] :1:1: Premature end of file.
2026-06-29 16:23:18,888 [ERROR] LogOutputStream:75 - [STDERR_REDIRECT] 
2026-06-29 16:23:19,896 [ERROR] LogOutputStream:75 - [STDERR_REDIRECT] [Fatal Error] :1:1: Premature end of file.
2026-06-29 16:23:19,896 [ERROR] LogOutputStream:75 - [STDERR_REDIRECT] 
2026-06-29 16:23:20,900 [ERROR] LogOutputStream:75 - [STDERR_REDIRECT] [Fatal Error] :1:1: Premature end of file.
2026-06-29 16:23:20,900 [ERROR] LogOutputStream:75 - [STDERR_REDIRECT] 
2026-06-29 16:23:21,875 [ERROR] LogOutputStream:75 - [STDERR_REDIRECT] [Fatal Error] :1:1: Premature end of file.
2026-06-29 16:23:21,875 [ERROR] LogOutputStream:75 - [STDERR_REDIRECT] 
2026-06-29 16:23:22,916 [ERROR] LogOutputStream:75 - [STDERR_REDIRECT] [Fatal Error] :1:1: Premature end of file.
2026-06-29 16:23:22,916 [ERROR] LogOutputStream:75 - [STDERR_REDIRECT] 
2026-06-29 16:23:23,888 [ERROR] LogOutputStream:75 - [STDERR_REDIRECT] [Fatal Error] :1:1: Premature end of file.
2026-06-29 16:23:23,888 [ERROR] LogOutputStream:75 - [STDERR_REDIRECT] 
2026-06-29 16:23:24,893 [ERROR] LogOutputStream:75 - [STDERR_REDIRECT] [Fatal Error] :1:1: Premature end of file.
2026-06-29 16:23:24,893 [ERROR] LogOutputStream:75 - [STDERR_REDIRECT] 
2026-06-29 16:23:25,915 [ERROR] LogOutputStream:75 - [STDERR_REDIRECT] [Fatal Error] :1:1: Premature end of file.
2026-06-29 16:23:25,915 [ERROR] LogOutputStream:75 - [STDERR_REDIRECT] 
2026-06-29 16:23:26,858 [ERROR] LogOutputStream:75 - [STDERR_REDIRECT] [Fatal Error] :1:1: Premature end of file.
2026-06-29 16:23:26,858 [ERROR] LogOutputStream:75 - [STDERR_REDIRECT] 
2026-06-29 16:23:27,908 [ERROR] LogOutputStream:75 - [STDERR_REDIRECT] [Fatal Error] :1:1: Premature end of file.
2026-06-29 16:23:27,908 [ERROR] LogOutputStream:75 - [STDERR_REDIRECT] 
2026-06-29 16:23:28,888 [ERROR] LogOutputStream:75 - [STDERR_REDIRECT] [Fatal Error] :1:1: Premature end of file.
2026-06-29 16:23:28,888 [ERROR] LogOutputStream:75 - [STDERR_REDIRECT] 
2026-06-29 16:23:29,906 [ERROR] LogOutputStream:75 - [STDERR_REDIRECT] [Fatal Error] :1:1: Premature end of file.
2026-06-29 16:23:29,908 [ERROR] LogOutputStream:75 - [STDERR_REDIRECT] 
2026-06-29 16:23:30,926 [ERROR] LogOutputStream:75 - [STDERR_REDIRECT] [Fatal Error] :1:1: Premature end of file.
2026-06-29 16:23:30,928 [ERROR] LogOutputStream:75 - [STDERR_REDIRECT] 
2026-06-29 16:23:31,889 [ERROR] LogOutputStream:75 - [STDERR_REDIRECT] [Fatal Error] :1:1: Premature end of file.
2026-06-29 16:23:31,900 [ERROR] LogOutputStream:75 - [STDERR_REDIRECT] 
2026-06-29 16:23:32,890 [ERROR] LogOutputStream:75 - [STDERR_REDIRECT] [Fatal Error] :1:1: Premature end of file.
2026-06-29 16:23:32,890 [ERROR] LogOutputStream:75 - [STDERR_REDIRECT] 
2026-06-29 16:23:33,924 [ERROR] LogOutputStream:75 - [STDERR_REDIRECT] [Fatal Error] :1:1: Premature end of file.
2026-06-29 16:23:33,924 [ERROR] LogOutputStream:75 - [STDERR_REDIRECT] 
2026-06-29 16:23:34,894 [ERROR] LogOutputStream:75 - [STDERR_REDIRECT] [Fatal Error] :1:1: Premature end of file.
2026-06-29 16:23:34,894 [ERROR] LogOutputStream:75 - [STDERR_REDIRECT] 
2026-06-29 16:23:35,918 [ERROR] LogOutputStream:75 - [STDERR_REDIRECT] [Fatal Error] :1:1: Premature end of file.
2026-06-29 16:23:35,918 [ERROR] LogOutputStream:75 - [STDERR_REDIRECT] 
2026-06-29 16:23:36,896 [ERROR] LogOutputStream:75 - [STDERR_REDIRECT] [Fatal Error] :1:1: Premature end of file.
2026-06-29 16:23:36,896 [ERROR] LogOutputStream:75 - [STDERR_REDIRECT] 
2026-06-29 16:23:37,915 [ERROR] LogOutputStream:75 - [STDERR_REDIRECT] [Fatal Error] :1:1: Premature end of file.
2026-06-29 16:23:37,915 [ERROR] LogOutputStream:75 - [STDERR_REDIRECT] 
2026-06-29 16:23:38,910 [ERROR] LogOutputStream:75 - [STDERR_REDIRECT] [Fatal Error] :1:1: Premature end of file.
2026-06-29 16:23:38,910 [ERROR] LogOutputStream:75 - [STDERR_REDIRECT] 
2026-06-29 16:23:39,872 [ERROR] LogOutputStream:75 - [STDERR_REDIRECT] [Fatal Error] :1:1: Premature end of file.
2026-06-29 16:23:39,872 [ERROR] LogOutputStream:75 - [STDERR_REDIRECT] 
2026-06-29 16:23:40,868 [ERROR] LogOutputStream:75 - [STDERR_REDIRECT] [Fatal Error] :1:1: Premature end of file.
2026-06-29 16:23:40,883 [ERROR] LogOutputStream:75 - [STDERR_REDIRECT] 
2026-06-29 16:23:41,907 [ERROR] LogOutputStream:75 - [STDERR_REDIRECT] [Fatal Error] :1:1: Premature end of file.
2026-06-29 16:23:41,907 [ERROR] LogOutputStream:75 - [STDERR_REDIRECT] 
2026-06-29 16:23:42,905 [ERROR] LogOutputStream:75 - [STDERR_REDIRECT] [Fatal Error] :1:1: Premature end of file.
2026-06-29 16:23:42,905 [ERROR] LogOutputStream:75 - [STDERR_REDIRECT] 
2026-06-29 16:23:43,887 [ERROR] LogOutputStream:75 - [STDERR_REDIRECT] [Fatal Error] :1:1: Premature end of file.
2026-06-29 16:23:43,887 [ERROR] LogOutputStream:75 - [STDERR_REDIRECT] 
2026-06-29 16:23:44,895 [ERROR] LogOutputStream:75 - [STDERR_REDIRECT] [Fatal Error] :1:1: Premature end of file.
2026-06-29 16:23:44,895 [ERROR] LogOutputStream:75 - [STDERR_REDIRECT] 
2026-06-29 16:23:45,868 [ERROR] LogOutputStream:75 - [STDERR_REDIRECT] [Fatal Error] :1:1: Premature end of file.
2026-06-29 16:23:45,884 [ERROR] LogOutputStream:75 - [STDERR_REDIRECT] 
2026-06-29 16:23:46,909 [ERROR] LogOutputStream:75 - [STDERR_REDIRECT] [Fatal Error] :1:1: Premature end of file.
2026-06-29 16:23:46,909 [ERROR] LogOutputStream:75 - [STDERR_REDIRECT] 
2026-06-29 16:23:47,897 [ERROR] LogOutputStream:75 - [STDERR_REDIRECT] [Fatal Error] :1:1: Premature end of file.
2026-06-29 16:23:47,897 [ERROR] LogOutputStream:75 - [STDERR_REDIRECT] 
2026-06-29 16:23:48,913 [ERROR] LogOutputStream:75 - [STDERR_REDIRECT] [Fatal Error] :1:1: Premature end of file.
2026-06-29 16:23:48,913 [ERROR] LogOutputStream:75 - [STDERR_REDIRECT] 
2026-06-29 16:23:49,919 [ERROR] LogOutputStream:75 - [STDERR_REDIRECT] [Fatal Error] :1:1: Premature end of file.
2026-06-29 16:23:49,919 [ERROR] LogOutputStream:75 - [STDERR_REDIRECT] 
2026-06-29 16:23:50,885 [ERROR] LogOutputStream:75 - [STDERR_REDIRECT] [Fatal Error] :1:1: Premature end of file.
2026-06-29 16:23:50,885 [ERROR] LogOutputStream:75 - [STDERR_REDIRECT] 
2026-06-29 16:23:51,923 [ERROR] LogOutputStream:75 - [STDERR_REDIRECT] [Fatal Error] :1:1: Premature end of file.
2026-06-29 16:23:51,923 [ERROR] LogOutputStream:75 - [STDERR_REDIRECT] 
2026-06-29 16:23:52,908 [ERROR] LogOutputStream:75 - [STDERR_REDIRECT] [Fatal Error] :1:1: Premature end of file.
2026-06-29 16:23:52,908 [ERROR] LogOutputStream:75 - [STDERR_REDIRECT] 
2026-06-29 16:23:53,903 [ERROR] LogOutputStream:75 - [STDERR_REDIRECT] [Fatal Error] :1:1: Premature end of file.
2026-06-29 16:23:53,903 [ERROR] LogOutputStream:75 - [STDERR_REDIRECT] 
2026-06-29 16:23:54,929 [ERROR] LogOutputStream:75 - [STDERR_REDIRECT] [Fatal Error] :1:1: Premature end of file.
2026-06-29 16:23:54,929 [ERROR] LogOutputStream:75 - [STDERR_REDIRECT] 
2026-06-29 16:23:55,930 [ERROR] LogOutputStream:75 - [STDERR_REDIRECT] [Fatal Error] :1:1: Premature end of file.
2026-06-29 16:23:55,932 [ERROR] LogOutputStream:75 - [STDERR_REDIRECT] 
2026-06-29 16:23:56,910 [ERROR] LogOutputStream:75 - [STDERR_REDIRECT] [Fatal Error] :1:1: Premature end of file.
2026-06-29 16:23:56,910 [ERROR] LogOutputStream:75 - [STDERR_REDIRECT] 
2026-06-29 16:23:57,896 [ERROR] LogOutputStream:75 - [STDERR_REDIRECT] [Fatal Error] :1:1: Premature end of file.
2026-06-29 16:23:57,896 [ERROR] LogOutputStream:75 - [STDERR_REDIRECT] 
2026-06-29 16:23:58,871 [ERROR] LogOutputStream:75 - [STDERR_REDIRECT] [Fatal Error] :1:1: Premature end of file.
2026-06-29 16:23:58,886 [ERROR] LogOutputStream:75 - [STDERR_REDIRECT] 
2026-06-29 16:23:59,892 [ERROR] LogOutputStream:75 - [STDERR_REDIRECT] [Fatal Error] :1:1: Premature end of file.
2026-06-29 16:23:59,892 [ERROR] LogOutputStream:75 - [STDERR_REDIRECT] 
2026-06-29 16:24:00,911 [ERROR] LogOutputStream:75 - [STDERR_REDIRECT] [Fatal Error] :1:1: Premature end of file.
2026-06-29 16:24:00,911 [ERROR] LogOutputStream:75 - [STDERR_REDIRECT] 
2026-06-29 16:24:01,872 [ERROR] LogOutputStream:75 - [STDERR_REDIRECT] [Fatal Error] :1:1: Premature end of file.
2026-06-29 16:24:01,872 [ERROR] LogOutputStream:75 - [STDERR_REDIRECT] 
2026-06-29 16:24:02,880 [ERROR] LogOutputStream:75 - [STDERR_REDIRECT] [Fatal Error] :1:1: Premature end of file.
2026-06-29 16:24:02,880 [ERROR] LogOutputStream:75 - [STDERR_REDIRECT] 
2026-06-29 16:24:03,897 [ERROR] LogOutputStream:75 - [STDERR_REDIRECT] [Fatal Error] :1:1: Premature end of file.
2026-06-29 16:24:03,897 [ERROR] LogOutputStream:75 - [STDERR_REDIRECT] 
2026-06-29 16:24:04,913 [ERROR] LogOutputStream:75 - [STDERR_REDIRECT] [Fatal Error] :1:1: Premature end of file.
2026-06-29 16:24:04,917 [ERROR] LogOutputStream:75 - [STDERR_REDIRECT] 
2026-06-29 16:24:05,841 [ERROR] LogOutputStream:75 - [STDERR_REDIRECT] [Fatal Error] :1:1: Premature end of file.
2026-06-29 16:24:05,841 [ERROR] LogOutputStream:75 - [STDERR_REDIRECT] 
2026-06-29 16:24:06,911 [ERROR] LogOutputStream:75 - [STDERR_REDIRECT] [Fatal Error] :1:1: Premature end of file.
2026-06-29 16:24:06,911 [ERROR] LogOutputStream:75 - [STDERR_REDIRECT] 
2026-06-29 16:24:07,886 [ERROR] LogOutputStream:75 - [STDERR_REDIRECT] [Fatal Error] :1:1: Premature end of file.
2026-06-29 16:24:07,886 [ERROR] LogOutputStream:75 - [STDERR_REDIRECT] 
2026-06-29 16:24:08,919 [ERROR] LogOutputStream:75 - [STDERR_REDIRECT] [Fatal Error] :1:1: Premature end of file.
2026-06-29 16:24:08,919 [ERROR] LogOutputStream:75 - [STDERR_REDIRECT] 
2026-06-29 16:24:09,895 [ERROR] LogOutputStream:75 - [STDERR_REDIRECT] [Fatal Error] :1:1: Premature end of file.
2026-06-29 16:24:09,895 [ERROR] LogOutputStream:75 - [STDERR_REDIRECT] 
2026-06-29 16:24:10,899 [ERROR] LogOutputStream:75 - [STDERR_REDIRECT] [Fatal Error] :1:1: Premature end of file.
2026-06-29 16:24:10,899 [ERROR] LogOutputStream:75 - [STDERR_REDIRECT] 
2026-06-29 16:24:11,916 [ERROR] LogOutputStream:75 - [STDERR_REDIRECT] [Fatal Error] :1:1: Premature end of file.
2026-06-29 16:24:11,916 [ERROR] LogOutputStream:75 - [STDERR_REDIRECT] 
2026-06-29 16:24:12,939 [ERROR] LogOutputStream:75 - [STDERR_REDIRECT] [Fatal Error] :1:1: Premature end of file.
2026-06-29 16:24:12,953 [ERROR] LogOutputStream:75 - [STDERR_REDIRECT] 
2026-06-29 16:24:13,918 [ERROR] LogOutputStream:75 - [STDERR_REDIRECT] [Fatal Error] :1:1: Premature end of file.
2026-06-29 16:24:13,920 [ERROR] LogOutputStream:75 - [STDERR_REDIRECT] 
2026-06-29 16:24:14,906 [ERROR] LogOutputStream:75 - [STDERR_REDIRECT] [Fatal Error] :1:1: Premature end of file.
2026-06-29 16:24:14,922 [ERROR] LogOutputStream:75 - [STDERR_REDIRECT] 
2026-06-29 16:24:15,899 [ERROR] LogOutputStream:75 - [STDERR_REDIRECT] [Fatal Error] :1:1: Premature end of file.
2026-06-29 16:24:15,899 [ERROR] LogOutputStream:75 - [STDERR_REDIRECT] 
2026-06-29 16:24:16,891 [ERROR] LogOutputStream:75 - [STDERR_REDIRECT] [Fatal Error] :1:1: Premature end of file.
2026-06-29 16:24:16,891 [ERROR] LogOutputStream:75 - [STDERR_REDIRECT] 
2026-06-29 16:24:17,899 [ERROR] LogOutputStream:75 - [STDERR_REDIRECT] [Fatal Error] :1:1: Premature end of file.
2026-06-29 16:24:17,899 [ERROR] LogOutputStream:75 - [STDERR_REDIRECT] 
2026-06-29 16:24:18,900 [ERROR] LogOutputStream:75 - [STDERR_REDIRECT] [Fatal Error] :1:1: Premature end of file.
2026-06-29 16:24:18,900 [ERROR] LogOutputStream:75 - [STDERR_REDIRECT] 
2026-06-29 16:24:19,900 [ERROR] LogOutputStream:75 - [STDERR_REDIRECT] [Fatal Error] :1:1: Premature end of file.
2026-06-29 16:24:19,900 [ERROR] LogOutputStream:75 - [STDERR_REDIRECT] 
2026-06-29 16:24:20,907 [ERROR] LogOutputStream:75 - [STDERR_REDIRECT] [Fatal Error] :1:1: Premature end of file.
2026-06-29 16:24:20,907 [ERROR] LogOutputStream:75 - [STDERR_REDIRECT] 
2026-06-29 16:24:21,914 [ERROR] LogOutputStream:75 - [STDERR_REDIRECT] [Fatal Error] :1:1: Premature end of file.
2026-06-29 16:24:21,914 [ERROR] LogOutputStream:75 - [STDERR_REDIRECT] 
2026-06-29 16:24:22,904 [ERROR] LogOutputStream:75 - [STDERR_REDIRECT] [Fatal Error] :1:1: Premature end of file.
2026-06-29 16:24:22,904 [ERROR] LogOutputStream:75 - [STDERR_REDIRECT] 
2026-06-29 16:24:23,919 [ERROR] LogOutputStream:75 - [STDERR_REDIRECT] [Fatal Error] :1:1: Premature end of file.
2026-06-29 16:24:23,919 [ERROR] LogOutputStream:75 - [STDERR_REDIRECT] 
2026-06-29 16:24:24,885 [ERROR] LogOutputStream:75 - [STDERR_REDIRECT] [Fatal Error] :1:1: Premature end of file.
2026-06-29 16:24:24,885 [ERROR] LogOutputStream:75 - [STDERR_REDIRECT] 
2026-06-29 16:24:25,893 [ERROR] LogOutputStream:75 - [STDERR_REDIRECT] [Fatal Error] :1:1: Premature end of file.
2026-06-29 16:24:25,893 [ERROR] LogOutputStream:75 - [STDERR_REDIRECT] 
2026-06-29 16:24:26,908 [ERROR] LogOutputStream:75 - [STDERR_REDIRECT] [Fatal Error] :1:1: Premature end of file.
2026-06-29 16:24:26,908 [ERROR] LogOutputStream:75 - [STDERR_REDIRECT] 
2026-06-29 16:24:27,909 [ERROR] LogOutputStream:75 - [STDERR_REDIRECT] [Fatal Error] :1:1: Premature end of file.
2026-06-29 16:24:27,909 [ERROR] LogOutputStream:75 - [STDERR_REDIRECT] 
2026-06-29 16:24:28,892 [ERROR] LogOutputStream:75 - [STDERR_REDIRECT] [Fatal Error] :1:1: Premature end of file.
2026-06-29 16:24:28,892 [ERROR] LogOutputStream:75 - [STDERR_REDIRECT] 
2026-06-29 16:24:29,894 [ERROR] LogOutputStream:75 - [STDERR_REDIRECT] [Fatal Error] :1:1: Premature end of file.
2026-06-29 16:24:29,894 [ERROR] LogOutputStream:75 - [STDERR_REDIRECT] 
2026-06-29 16:24:30,900 [ERROR] LogOutputStream:75 - [STDERR_REDIRECT] [Fatal Error] :1:1: Premature end of file.
2026-06-29 16:24:30,900 [ERROR] LogOutputStream:75 - [STDERR_REDIRECT] 
2026-06-29 16:24:31,918 [ERROR] LogOutputStream:75 - [STDERR_REDIRECT] [Fatal Error] :1:1: Premature end of file.
2026-06-29 16:24:31,920 [ERROR] LogOutputStream:75 - [STDERR_REDIRECT] 
2026-06-29 16:24:32,890 [ERROR] LogOutputStream:75 - [STDERR_REDIRECT] [Fatal Error] :1:1: Premature end of file.
2026-06-29 16:24:32,890 [ERROR] LogOutputStream:75 - [STDERR_REDIRECT] 
2026-06-29 16:24:33,942 [ERROR] LogOutputStream:75 - [STDERR_REDIRECT] [Fatal Error] :1:1: Premature end of file.
2026-06-29 16:24:33,942 [ERROR] LogOutputStream:75 - [STDERR_REDIRECT] 
2026-06-29 16:24:34,885 [ERROR] LogOutputStream:75 - [STDERR_REDIRECT] [Fatal Error] :1:1: Premature end of file.
2026-06-29 16:24:34,885 [ERROR] LogOutputStream:75 - [STDERR_REDIRECT] 
2026-06-29 16:24:35,902 [ERROR] LogOutputStream:75 - [STDERR_REDIRECT] [Fatal Error] :1:1: Premature end of file.
2026-06-29 16:24:35,902 [ERROR] LogOutputStream:75 - [STDERR_REDIRECT] 
2026-06-29 16:24:36,900 [ERROR] LogOutputStream:75 - [STDERR_REDIRECT] [Fatal Error] :1:1: Premature end of file.
2026-06-29 16:24:36,900 [ERROR] LogOutputStream:75 - [STDERR_REDIRECT] 
2026-06-29 16:24:37,898 [ERROR] LogOutputStream:75 - [STDERR_REDIRECT] [Fatal Error] :1:1: Premature end of file.
2026-06-29 16:24:37,898 [ERROR] LogOutputStream:75 - [STDERR_REDIRECT] 
2026-06-29 16:24:38,930 [ERROR] LogOutputStream:75 - [STDERR_REDIRECT] [Fatal Error] :1:1: Premature end of file.
2026-06-29 16:24:38,930 [ERROR] LogOutputStream:75 - [STDERR_REDIRECT] 
2026-06-29 16:24:39,907 [ERROR] LogOutputStream:75 - [STDERR_REDIRECT] [Fatal Error] :1:1: Premature end of file.
2026-06-29 16:24:39,907 [ERROR] LogOutputStream:75 - [STDERR_REDIRECT] 
2026-06-29 16:24:40,908 [ERROR] LogOutputStream:75 - [STDERR_REDIRECT] [Fatal Error] :1:1: Premature end of file.
2026-06-29 16:24:40,908 [ERROR] LogOutputStream:75 - [STDERR_REDIRECT] 
2026-06-29 16:24:41,923 [ERROR] LogOutputStream:75 - [STDERR_REDIRECT] [Fatal Error] :1:1: Premature end of file.
2026-06-29 16:24:41,923 [ERROR] LogOutputStream:75 - [STDERR_REDIRECT] 
2026-06-29 16:24:42,905 [ERROR] LogOutputStream:75 - [STDERR_REDIRECT] [Fatal Error] :1:1: Premature end of file.
2026-06-29 16:24:42,905 [ERROR] LogOutputStream:75 - [STDERR_REDIRECT] 
2026-06-29 16:24:43,923 [ERROR] LogOutputStream:75 - [STDERR_REDIRECT] [Fatal Error] :1:1: Premature end of file.
2026-06-29 16:24:43,923 [ERROR] LogOutputStream:75 - [STDERR_REDIRECT] 
2026-06-29 16:24:44,912 [ERROR] LogOutputStream:75 - [STDERR_REDIRECT] [Fatal Error] :1:1: Premature end of file.
2026-06-29 16:24:44,912 [ERROR] LogOutputStream:75 - [STDERR_REDIRECT] 
2026-06-29 16:24:45,924 [ERROR] LogOutputStream:75 - [STDERR_REDIRECT] [Fatal Error] :1:1: Premature end of file.
2026-06-29 16:24:45,924 [ERROR] LogOutputStream:75 - [STDERR_REDIRECT] 
2026-06-29 16:24:46,926 [ERROR] LogOutputStream:75 - [STDERR_REDIRECT] [Fatal Error] :1:1: Premature end of file.
2026-06-29 16:24:46,926 [ERROR] LogOutputStream:75 - [STDERR_REDIRECT] 
2026-06-29 16:24:47,906 [ERROR] LogOutputStream:75 - [STDERR_REDIRECT] [Fatal Error] :1:1: Premature end of file.
2026-06-29 16:24:47,906 [ERROR] LogOutputStream:75 - [STDERR_REDIRECT] 
2026-06-29 16:24:48,910 [ERROR] LogOutputStream:75 - [STDERR_REDIRECT] [Fatal Error] :1:1: Premature end of file.
2026-06-29 16:24:48,910 [ERROR] LogOutputStream:75 - [STDERR_REDIRECT] 
2026-06-29 16:24:49,914 [ERROR] LogOutputStream:75 - [STDERR_REDIRECT] [Fatal Error] :1:1: Premature end of file.
2026-06-29 16:24:49,914 [ERROR] LogOutputStream:75 - [STDERR_REDIRECT] 
2026-06-29 16:24:50,904 [ERROR] LogOutputStream:75 - [STDERR_REDIRECT] [Fatal Error] :1:1: Premature end of file.
2026-06-29 16:24:50,904 [ERROR] LogOutputStream:75 - [STDERR_REDIRECT] 
2026-06-29 16:24:51,923 [ERROR] LogOutputStream:75 - [STDERR_REDIRECT] [Fatal Error] :1:1: Premature end of file.
2026-06-29 16:24:51,923 [ERROR] LogOutputStream:75 - [STDERR_REDIRECT] 
2026-06-29 16:24:52,913 [ERROR] LogOutputStream:75 - [STDERR_REDIRECT] [Fatal Error] :1:1: Premature end of file.
2026-06-29 16:24:52,913 [ERROR] LogOutputStream:75 - [STDERR_REDIRECT] 
2026-06-29 16:24:53,904 [ERROR] LogOutputStream:75 - [STDERR_REDIRECT] [Fatal Error] :1:1: Premature end of file.
2026-06-29 16:24:53,904 [ERROR] LogOutputStream:75 - [STDERR_REDIRECT] 
2026-06-29 16:24:54,958 [ERROR] LogOutputStream:75 - [STDERR_REDIRECT] [Fatal Error] :1:1: Premature end of file.
2026-06-29 16:24:54,958 [ERROR] LogOutputStream:75 - [STDERR_REDIRECT] 
2026-06-29 16:24:55,916 [ERROR] LogOutputStream:75 - [STDERR_REDIRECT] [Fatal Error] :1:1: Premature end of file.
2026-06-29 16:24:55,932 [ERROR] LogOutputStream:75 - [STDERR_REDIRECT] 
2026-06-29 16:24:56,907 [ERROR] LogOutputStream:75 - [STDERR_REDIRECT] [Fatal Error] :1:1: Premature end of file.
2026-06-29 16:24:56,907 [ERROR] LogOutputStream:75 - [STDERR_REDIRECT] 
2026-06-29 16:24:57,911 [ERROR] LogOutputStream:75 - [STDERR_REDIRECT] [Fatal Error] :1:1: Premature end of file.
2026-06-29 16:24:57,913 [ERROR] LogOutputStream:75 - [STDERR_REDIRECT] 
2026-06-29 16:24:58,919 [ERROR] LogOutputStream:75 - [STDERR_REDIRECT] [Fatal Error] :1:1: Premature end of file.
2026-06-29 16:24:58,919 [ERROR] LogOutputStream:75 - [STDERR_REDIRECT] 
2026-06-29 16:24:59,930 [ERROR] LogOutputStream:75 - [STDERR_REDIRECT] [Fatal Error] :1:1: Premature end of file.
2026-06-29 16:24:59,930 [ERROR] LogOutputStream:75 - [STDERR_REDIRECT] 
2026-06-29 16:25:00,901 [ERROR] LogOutputStream:75 - [STDERR_REDIRECT] [Fatal Error] :1:1: Premature end of file.
2026-06-29 16:25:00,901 [ERROR] LogOutputStream:75 - [STDERR_REDIRECT] 
2026-06-29 16:25:01,916 [ERROR] LogOutputStream:75 - [STDERR_REDIRECT] [Fatal Error] :1:1: Premature end of file.
2026-06-29 16:25:01,916 [ERROR] LogOutputStream:75 - [STDERR_REDIRECT] 
2026-06-29 16:25:02,933 [ERROR] LogOutputStream:75 - [STDERR_REDIRECT] [Fatal Error] :1:1: Premature end of file.
2026-06-29 16:25:02,933 [ERROR] LogOutputStream:75 - [STDERR_REDIRECT] 
2026-06-29 16:25:03,914 [ERROR] LogOutputStream:75 - [STDERR_REDIRECT] [Fatal Error] :1:1: Premature end of file.
2026-06-29 16:25:03,914 [ERROR] LogOutputStream:75 - [STDERR_REDIRECT] 
2026-06-29 16:25:04,908 [ERROR] LogOutputStream:75 - [STDERR_REDIRECT] [Fatal Error] :1:1: Premature end of file.
2026-06-29 16:25:04,908 [ERROR] LogOutputStream:75 - [STDERR_REDIRECT] 
2026-06-29 16:25:05,924 [ERROR] LogOutputStream:75 - [STDERR_REDIRECT] [Fatal Error] :1:1: Premature end of file.
2026-06-29 16:25:05,924 [ERROR] LogOutputStream:75 - [STDERR_REDIRECT] 
2026-06-29 16:25:06,906 [ERROR] LogOutputStream:75 - [STDERR_REDIRECT] [Fatal Error] :1:1: Premature end of file.
2026-06-29 16:25:06,906 [ERROR] LogOutputStream:75 - [STDERR_REDIRECT] 
2026-06-29 16:25:07,908 [ERROR] LogOutputStream:75 - [STDERR_REDIRECT] [Fatal Error] :1:1: Premature end of file.
2026-06-29 16:25:07,908 [ERROR] LogOutputStream:75 - [STDERR_REDIRECT] 
2026-06-29 16:25:08,902 [ERROR] LogOutputStream:75 - [STDERR_REDIRECT] [Fatal Error] :1:1: Premature end of file.
2026-06-29 16:25:08,902 [ERROR] LogOutputStream:75 - [STDERR_REDIRECT] 
2026-06-29 16:25:09,924 [ERROR] LogOutputStream:75 - [STDERR_REDIRECT] [Fatal Error] :1:1: Premature end of file.
2026-06-29 16:25:09,924 [ERROR] LogOutputStream:75 - [STDERR_REDIRECT] 
2026-06-29 16:25:10,938 [ERROR] LogOutputStream:75 - [STDERR_REDIRECT] [Fatal Error] :1:1: Premature end of file.
2026-06-29 16:25:10,938 [ERROR] LogOutputStream:75 - [STDERR_REDIRECT] 
2026-06-29 16:25:11,909 [ERROR] LogOutputStream:75 - [STDERR_REDIRECT] [Fatal Error] :1:1: Premature end of file.
2026-06-29 16:25:11,909 [ERROR] LogOutputStream:75 - [STDERR_REDIRECT] 
2026-06-29 16:25:12,954 [ERROR] LogOutputStream:75 - [STDERR_REDIRECT] [Fatal Error] :1:1: Premature end of file.
2026-06-29 16:25:12,956 [ERROR] LogOutputStream:75 - [STDERR_REDIRECT] 
2026-06-29 16:25:13,905 [ERROR] LogOutputStream:75 - [STDERR_REDIRECT] [Fatal Error] :1:1: Premature end of file.
2026-06-29 16:25:13,905 [ERROR] LogOutputStream:75 - [STDERR_REDIRECT] 
2026-06-29 16:25:14,905 [ERROR] LogOutputStream:75 - [STDERR_REDIRECT] [Fatal Error] :1:1: Premature end of file.
2026-06-29 16:25:14,907 [ERROR] LogOutputStream:75 - [STDERR_REDIRECT] 
2026-06-29 16:25:15,943 [ERROR] LogOutputStream:75 - [STDERR_REDIRECT] [Fatal Error] :1:1: Premature end of file.
2026-06-29 16:25:15,943 [ERROR] LogOutputStream:75 - [STDERR_REDIRECT] 
2026-06-29 16:25:16,968 [ERROR] LogOutputStream:75 - [STDERR_REDIRECT] [Fatal Error] :1:1: Premature end of file.
2026-06-29 16:25:16,968 [ERROR] LogOutputStream:75 - [STDERR_REDIRECT] 
2026-06-29 16:25:17,919 [ERROR] LogOutputStream:75 - [STDERR_REDIRECT] [Fatal Error] :1:1: Premature end of file.
2026-06-29 16:25:17,919 [ERROR] LogOutputStream:75 - [STDERR_REDIRECT] 
2026-06-29 16:25:18,891 [ERROR] LogOutputStream:75 - [STDERR_REDIRECT] [Fatal Error] :1:1: Premature end of file.
2026-06-29 16:25:18,891 [ERROR] LogOutputStream:75 - [STDERR_REDIRECT] 
2026-06-29 16:25:19,904 [ERROR] LogOutputStream:75 - [STDERR_REDIRECT] [Fatal Error] :1:1: Premature end of file.
2026-06-29 16:25:19,904 [ERROR] LogOutputStream:75 - [STDERR_REDIRECT] 
2026-06-29 16:25:20,912 [ERROR] LogOutputStream:75 - [STDERR_REDIRECT] [Fatal Error] :1:1: Premature end of file.
2026-06-29 16:25:20,912 [ERROR] LogOutputStream:75 - [STDERR_REDIRECT] 
2026-06-29 16:25:21,903 [ERROR] LogOutputStream:75 - [STDERR_REDIRECT] [Fatal Error] :1:1: Premature end of file.
2026-06-29 16:25:21,903 [ERROR] LogOutputStream:75 - [STDERR_REDIRECT] 
2026-06-29 16:25:22,897 [ERROR] LogOutputStream:75 - [STDERR_REDIRECT] [Fatal Error] :1:1: Premature end of file.
2026-06-29 16:25:22,913 [ERROR] LogOutputStream:75 - [STDERR_REDIRECT] 
2026-06-29 16:25:23,890 [ERROR] LogOutputStream:75 - [STDERR_REDIRECT] [Fatal Error] :1:1: Premature end of file.
2026-06-29 16:25:23,890 [ERROR] LogOutputStream:75 - [STDERR_REDIRECT] 
2026-06-29 16:25:24,890 [ERROR] LogOutputStream:75 - [STDERR_REDIRECT] [Fatal Error] :1:1: Premature end of file.
2026-06-29 16:25:24,890 [ERROR] LogOutputStream:75 - [STDERR_REDIRECT] 
2026-06-29 16:25:25,897 [ERROR] LogOutputStream:75 - [STDERR_REDIRECT] [Fatal Error] :1:1: Premature end of file.
2026-06-29 16:25:25,899 [ERROR] LogOutputStream:75 - [STDERR_REDIRECT] 
2026-06-29 16:25:26,929 [ERROR] LogOutputStream:75 - [STDERR_REDIRECT] [Fatal Error] :1:1: Premature end of file.
2026-06-29 16:25:26,929 [ERROR] LogOutputStream:75 - [STDERR_REDIRECT] 
2026-06-29 16:25:27,917 [ERROR] LogOutputStream:75 - [STDERR_REDIRECT] [Fatal Error] :1:1: Premature end of file.
2026-06-29 16:25:27,917 [ERROR] LogOutputStream:75 - [STDERR_REDIRECT] 
2026-06-29 16:25:28,902 [ERROR] LogOutputStream:75 - [STDERR_REDIRECT] [Fatal Error] :1:1: Premature end of file.
2026-06-29 16:25:28,902 [ERROR] LogOutputStream:75 - [STDERR_REDIRECT] 
2026-06-29 16:25:29,929 [ERROR] LogOutputStream:75 - [STDERR_REDIRECT] [Fatal Error] :1:1: Premature end of file.
2026-06-29 16:25:29,929 [ERROR] LogOutputStream:75 - [STDERR_REDIRECT] 
2026-06-29 16:25:30,931 [ERROR] LogOutputStream:75 - [STDERR_REDIRECT] [Fatal Error] :1:1: Premature end of file.
2026-06-29 16:25:30,931 [ERROR] LogOutputStream:75 - [STDERR_REDIRECT] 
2026-06-29 16:25:31,884 [ERROR] LogOutputStream:75 - [STDERR_REDIRECT] [Fatal Error] :1:1: Premature end of file.
2026-06-29 16:25:31,890 [ERROR] LogOutputStream:75 - [STDERR_REDIRECT] 
2026-06-29 16:25:32,894 [ERROR] LogOutputStream:75 - [STDERR_REDIRECT] [Fatal Error] :1:1: Premature end of file.
2026-06-29 16:25:32,894 [ERROR] LogOutputStream:75 - [STDERR_REDIRECT] 
2026-06-29 16:25:33,913 [ERROR] LogOutputStream:75 - [STDERR_REDIRECT] [Fatal Error] :1:1: Premature end of file.
2026-06-29 16:25:33,913 [ERROR] LogOutputStream:75 - [STDERR_REDIRECT] 
2026-06-29 16:25:34,914 [ERROR] LogOutputStream:75 - [STDERR_REDIRECT] [Fatal Error] :1:1: Premature end of file.
2026-06-29 16:25:34,914 [ERROR] LogOutputStream:75 - [STDERR_REDIRECT] 
2026-06-29 16:25:35,888 [ERROR] LogOutputStream:75 - [STDERR_REDIRECT] [Fatal Error] :1:1: Premature end of file.
2026-06-29 16:25:35,888 [ERROR] LogOutputStream:75 - [STDERR_REDIRECT] 
2026-06-29 16:25:36,927 [ERROR] LogOutputStream:75 - [STDERR_REDIRECT] [Fatal Error] :1:1: Premature end of file.
2026-06-29 16:25:36,927 [ERROR] LogOutputStream:75 - [STDERR_REDIRECT] 
2026-06-29 16:25:37,898 [ERROR] LogOutputStream:75 - [STDERR_REDIRECT] [Fatal Error] :1:1: Premature end of file.
2026-06-29 16:25:37,898 [ERROR] LogOutputStream:75 - [STDERR_REDIRECT] 
2026-06-29 16:25:38,894 [ERROR] LogOutputStream:75 - [STDERR_REDIRECT] [Fatal Error] :1:1: Premature end of file.
2026-06-29 16:25:38,894 [ERROR] LogOutputStream:75 - [STDERR_REDIRECT] 
2026-06-29 16:25:39,892 [ERROR] LogOutputStream:75 - [STDERR_REDIRECT] [Fatal Error] :1:1: Premature end of file.
2026-06-29 16:25:39,892 [ERROR] LogOutputStream:75 - [STDERR_REDIRECT] 
2026-06-29 16:25:40,898 [ERROR] LogOutputStream:75 - [STDERR_REDIRECT] [Fatal Error] :1:1: Premature end of file.
2026-06-29 16:25:40,898 [ERROR] LogOutputStream:75 - [STDERR_REDIRECT] 
2026-06-29 16:25:41,889 [ERROR] LogOutputStream:75 - [STDERR_REDIRECT] [Fatal Error] :1:1: Premature end of file.
2026-06-29 16:25:41,889 [ERROR] LogOutputStream:75 - [STDERR_REDIRECT] 
2026-06-29 16:25:42,897 [ERROR] LogOutputStream:75 - [STDERR_REDIRECT] [Fatal Error] :1:1: Premature end of file.
2026-06-29 16:25:42,897 [ERROR] LogOutputStream:75 - [STDERR_REDIRECT] 
2026-06-29 16:25:43,887 [ERROR] LogOutputStream:75 - [STDERR_REDIRECT] [Fatal Error] :1:1: Premature end of file.
2026-06-29 16:25:43,887 [ERROR] LogOutputStream:75 - [STDERR_REDIRECT] 
2026-06-29 16:25:44,872 [ERROR] LogOutputStream:75 - [STDERR_REDIRECT] [Fatal Error] :1:1: Premature end of file.
2026-06-29 16:25:44,875 [ERROR] LogOutputStream:75 - [STDERR_REDIRECT] 
2026-06-29 16:25:45,887 [ERROR] LogOutputStream:75 - [STDERR_REDIRECT] [Fatal Error] :1:1: Premature end of file.
2026-06-29 16:25:45,887 [ERROR] LogOutputStream:75 - [STDERR_REDIRECT] 
2026-06-29 16:25:46,879 [ERROR] LogOutputStream:75 - [STDERR_REDIRECT] [Fatal Error] :1:1: Premature end of file.
2026-06-29 16:25:46,879 [ERROR] LogOutputStream:75 - [STDERR_REDIRECT] 
2026-06-29 16:25:47,889 [ERROR] LogOutputStream:75 - [STDERR_REDIRECT] [Fatal Error] :1:1: Premature end of file.
2026-06-29 16:25:47,889 [ERROR] LogOutputStream:75 - [STDERR_REDIRECT] 
2026-06-29 16:25:48,897 [ERROR] LogOutputStream:75 - [STDERR_REDIRECT] [Fatal Error] :1:1: Premature end of file.
2026-06-29 16:25:48,897 [ERROR] LogOutputStream:75 - [STDERR_REDIRECT] 
2026-06-29 16:25:49,908 [ERROR] LogOutputStream:75 - [STDERR_REDIRECT] [Fatal Error] :1:1: Premature end of file.
2026-06-29 16:25:49,908 [ERROR] LogOutputStream:75 - [STDERR_REDIRECT] 
2026-06-29 16:25:50,893 [ERROR] LogOutputStream:75 - [STDERR_REDIRECT] [Fatal Error] :1:1: Premature end of file.
2026-06-29 16:25:50,895 [ERROR] LogOutputStream:75 - [STDERR_REDIRECT] 
2026-06-29 16:25:51,910 [ERROR] LogOutputStream:75 - [STDERR_REDIRECT] [Fatal Error] :1:1: Premature end of file.
2026-06-29 16:25:51,910 [ERROR] LogOutputStream:75 - [STDERR_REDIRECT] 
2026-06-29 16:25:52,911 [ERROR] LogOutputStream:75 - [STDERR_REDIRECT] [Fatal Error] :1:1: Premature end of file.
2026-06-29 16:25:52,911 [ERROR] LogOutputStream:75 - [STDERR_REDIRECT] 
2026-06-29 16:25:53,902 [ERROR] LogOutputStream:75 - [STDERR_REDIRECT] [Fatal Error] :1:1: Premature end of file.
2026-06-29 16:25:53,904 [ERROR] LogOutputStream:75 - [STDERR_REDIRECT] 
2026-06-29 16:25:54,898 [ERROR] LogOutputStream:75 - [STDERR_REDIRECT] [Fatal Error] :1:1: Premature end of file.
2026-06-29 16:25:54,898 [ERROR] LogOutputStream:75 - [STDERR_REDIRECT] 
2026-06-29 16:25:55,898 [ERROR] LogOutputStream:75 - [STDERR_REDIRECT] [Fatal Error] :1:1: Premature end of file.
2026-06-29 16:25:55,898 [ERROR] LogOutputStream:75 - [STDERR_REDIRECT] 
2026-06-29 16:25:56,914 [ERROR] LogOutputStream:75 - [STDERR_REDIRECT] [Fatal Error] :1:1: Premature end of file.
2026-06-29 16:25:56,919 [ERROR] LogOutputStream:75 - [STDERR_REDIRECT] 
2026-06-29 16:25:57,921 [ERROR] LogOutputStream:75 - [STDERR_REDIRECT] [Fatal Error] :1:1: Premature end of file.
2026-06-29 16:25:57,921 [ERROR] LogOutputStream:75 - [STDERR_REDIRECT] 
2026-06-29 16:25:58,882 [ERROR] LogOutputStream:75 - [STDERR_REDIRECT] [Fatal Error] :1:1: Premature end of file.
2026-06-29 16:25:58,896 [ERROR] LogOutputStream:75 - [STDERR_REDIRECT] 
2026-06-29 16:25:59,888 [ERROR] LogOutputStream:75 - [STDERR_REDIRECT] [Fatal Error] :1:1: Premature end of file.
2026-06-29 16:25:59,888 [ERROR] LogOutputStream:75 - [STDERR_REDIRECT] 
2026-06-29 16:26:00,891 [ERROR] LogOutputStream:75 - [STDERR_REDIRECT] [Fatal Error] :1:1: Premature end of file.
2026-06-29 16:26:00,891 [ERROR] LogOutputStream:75 - [STDERR_REDIRECT] 
2026-06-29 16:26:01,937 [ERROR] LogOutputStream:75 - [STDERR_REDIRECT] [Fatal Error] :1:1: Premature end of file.
2026-06-29 16:26:01,937 [ERROR] LogOutputStream:75 - [STDERR_REDIRECT] 
2026-06-29 16:26:02,922 [ERROR] LogOutputStream:75 - [STDERR_REDIRECT] [Fatal Error] :1:1: Premature end of file.
2026-06-29 16:26:02,922 [ERROR] LogOutputStream:75 - [STDERR_REDIRECT] 
2026-06-29 16:26:03,884 [ERROR] LogOutputStream:75 - [STDERR_REDIRECT] [Fatal Error] :1:1: Premature end of file.
2026-06-29 16:26:03,884 [ERROR] LogOutputStream:75 - [STDERR_REDIRECT] 
2026-06-29 16:26:04,896 [ERROR] LogOutputStream:75 - [STDERR_REDIRECT] [Fatal Error] :1:1: Premature end of file.
2026-06-29 16:26:04,896 [ERROR] LogOutputStream:75 - [STDERR_REDIRECT] 
2026-06-29 16:26:05,903 [ERROR] LogOutputStream:75 - [STDERR_REDIRECT] [Fatal Error] :1:1: Premature end of file.
2026-06-29 16:26:05,903 [ERROR] LogOutputStream:75 - [STDERR_REDIRECT] 
2026-06-29 16:26:06,892 [ERROR] LogOutputStream:75 - [STDERR_REDIRECT] [Fatal Error] :1:1: Premature end of file.
2026-06-29 16:26:06,892 [ERROR] LogOutputStream:75 - [STDERR_REDIRECT] 
2026-06-29 16:26:07,897 [ERROR] LogOutputStream:75 - [STDERR_REDIRECT] [Fatal Error] :1:1: Premature end of file.
2026-06-29 16:26:07,897 [ERROR] LogOutputStream:75 - [STDERR_REDIRECT] 
2026-06-29 16:26:08,876 [ERROR] LogOutputStream:75 - [STDERR_REDIRECT] [Fatal Error] :1:1: Premature end of file.
2026-06-29 16:26:08,892 [ERROR] LogOutputStream:75 - [STDERR_REDIRECT] 
2026-06-29 16:26:09,900 [ERROR] LogOutputStream:75 - [STDERR_REDIRECT] [Fatal Error] :1:1: Premature end of file.
2026-06-29 16:26:09,900 [ERROR] LogOutputStream:75 - [STDERR_REDIRECT] 
2026-06-29 16:26:10,877 [ERROR] LogOutputStream:75 - [STDERR_REDIRECT] [Fatal Error] :1:1: Premature end of file.
2026-06-29 16:26:10,877 [ERROR] LogOutputStream:75 - [STDERR_REDIRECT] 
2026-06-29 16:26:11,920 [ERROR] LogOutputStream:75 - [STDERR_REDIRECT] [Fatal Error] :1:1: Premature end of file.
2026-06-29 16:26:11,920 [ERROR] LogOutputStream:75 - [STDERR_REDIRECT] 
2026-06-29 16:26:12,941 [ERROR] LogOutputStream:75 - [STDERR_REDIRECT] [Fatal Error] :1:1: Premature end of file.
2026-06-29 16:26:12,941 [ERROR] LogOutputStream:75 - [STDERR_REDIRECT] 
2026-06-29 16:26:13,880 [ERROR] LogOutputStream:75 - [STDERR_REDIRECT] [Fatal Error] :1:1: Premature end of file.
2026-06-29 16:26:13,882 [ERROR] LogOutputStream:75 - [STDERR_REDIRECT] 
2026-06-29 16:26:14,878 [ERROR] LogOutputStream:75 - [STDERR_REDIRECT] [Fatal Error] :1:1: Premature end of file.
2026-06-29 16:26:14,878 [ERROR] LogOutputStream:75 - [STDERR_REDIRECT] 
2026-06-29 16:26:15,899 [ERROR] LogOutputStream:75 - [STDERR_REDIRECT] [Fatal Error] :1:1: Premature end of file.
2026-06-29 16:26:15,899 [ERROR] LogOutputStream:75 - [STDERR_REDIRECT] 
2026-06-29 16:26:16,893 [ERROR] LogOutputStream:75 - [STDERR_REDIRECT] [Fatal Error] :1:1: Premature end of file.
2026-06-29 16:26:16,893 [ERROR] LogOutputStream:75 - [STDERR_REDIRECT] 
2026-06-29 16:26:17,868 [ERROR] LogOutputStream:75 - [STDERR_REDIRECT] [Fatal Error] :1:1: Premature end of file.
2026-06-29 16:26:17,868 [ERROR] LogOutputStream:75 - [STDERR_REDIRECT] 
2026-06-29 16:26:18,944 [ERROR] LogOutputStream:75 - [STDERR_REDIRECT] [Fatal Error] :1:1: Premature end of file.
2026-06-29 16:26:18,946 [ERROR] LogOutputStream:75 - [STDERR_REDIRECT] 
2026-06-29 16:26:19,921 [ERROR] LogOutputStream:75 - [STDERR_REDIRECT] [Fatal Error] :1:1: Premature end of file.
2026-06-29 16:26:19,921 [ERROR] LogOutputStream:75 - [STDERR_REDIRECT] 
2026-06-29 16:26:20,895 [ERROR] LogOutputStream:75 - [STDERR_REDIRECT] [Fatal Error] :1:1: Premature end of file.
2026-06-29 16:26:20,895 [ERROR] LogOutputStream:75 - [STDERR_REDIRECT] 
2026-06-29 16:26:21,924 [ERROR] LogOutputStream:75 - [STDERR_REDIRECT] [Fatal Error] :1:1: Premature end of file.
2026-06-29 16:26:21,926 [ERROR] LogOutputStream:75 - [STDERR_REDIRECT] 
2026-06-29 16:26:22,887 [ERROR] LogOutputStream:75 - [STDERR_REDIRECT] [Fatal Error] :1:1: Premature end of file.
2026-06-29 16:26:22,887 [ERROR] LogOutputStream:75 - [STDERR_REDIRECT] 
2026-06-29 16:26:23,893 [ERROR] LogOutputStream:75 - [STDERR_REDIRECT] [Fatal Error] :1:1: Premature end of file.
2026-06-29 16:26:23,893 [ERROR] LogOutputStream:75 - [STDERR_REDIRECT] 
2026-06-29 16:26:24,909 [ERROR] LogOutputStream:75 - [STDERR_REDIRECT] [Fatal Error] :1:1: Premature end of file.
2026-06-29 16:26:24,909 [ERROR] LogOutputStream:75 - [STDERR_REDIRECT] 
2026-06-29 16:26:25,916 [ERROR] LogOutputStream:75 - [STDERR_REDIRECT] [Fatal Error] :1:1: Premature end of file.
2026-06-29 16:26:25,916 [ERROR] LogOutputStream:75 - [STDERR_REDIRECT] 
2026-06-29 16:26:26,909 [ERROR] LogOutputStream:75 - [STDERR_REDIRECT] [Fatal Error] :1:1: Premature end of file.
2026-06-29 16:26:26,909 [ERROR] LogOutputStream:75 - [STDERR_REDIRECT] 
2026-06-29 16:26:27,904 [ERROR] LogOutputStream:75 - [STDERR_REDIRECT] [Fatal Error] :1:1: Premature end of file.
2026-06-29 16:26:27,905 [ERROR] LogOutputStream:75 - [STDERR_REDIRECT] 
2026-06-29 16:26:28,924 [ERROR] LogOutputStream:75 - [STDERR_REDIRECT] [Fatal Error] :1:1: Premature end of file.
2026-06-29 16:26:28,924 [ERROR] LogOutputStream:75 - [STDERR_REDIRECT] 
2026-06-29 16:26:29,890 [ERROR] LogOutputStream:75 - [STDERR_REDIRECT] [Fatal Error] :1:1: Premature end of file.
2026-06-29 16:26:29,890 [ERROR] LogOutputStream:75 - [STDERR_REDIRECT] 
2026-06-29 16:26:30,881 [ERROR] LogOutputStream:75 - [STDERR_REDIRECT] [Fatal Error] :1:1: Premature end of file.
2026-06-29 16:26:30,897 [ERROR] LogOutputStream:75 - [STDERR_REDIRECT] 
2026-06-29 16:26:31,887 [ERROR] LogOutputStream:75 - [STDERR_REDIRECT] [Fatal Error] :1:1: Premature end of file.
2026-06-29 16:26:31,887 [ERROR] LogOutputStream:75 - [STDERR_REDIRECT] 
2026-06-29 16:26:32,899 [ERROR] LogOutputStream:75 - [STDERR_REDIRECT] [Fatal Error] :1:1: Premature end of file.
2026-06-29 16:26:32,899 [ERROR] LogOutputStream:75 - [STDERR_REDIRECT] 
2026-06-29 16:26:33,892 [ERROR] LogOutputStream:75 - [STDERR_REDIRECT] [Fatal Error] :1:1: Premature end of file.
2026-06-29 16:26:33,892 [ERROR] LogOutputStream:75 - [STDERR_REDIRECT] 
2026-06-29 16:26:34,915 [ERROR] LogOutputStream:75 - [STDERR_REDIRECT] [Fatal Error] :1:1: Premature end of file.
2026-06-29 16:26:34,919 [ERROR] LogOutputStream:75 - [STDERR_REDIRECT] 
2026-06-29 16:26:35,892 [ERROR] LogOutputStream:75 - [STDERR_REDIRECT] [Fatal Error] :1:1: Premature end of file.
2026-06-29 16:26:35,892 [ERROR] LogOutputStream:75 - [STDERR_REDIRECT] 
2026-06-29 16:26:36,914 [ERROR] LogOutputStream:75 - [STDERR_REDIRECT] [Fatal Error] :1:1: Premature end of file.
2026-06-29 16:26:36,914 [ERROR] LogOutputStream:75 - [STDERR_REDIRECT] 
2026-06-29 16:26:37,891 [ERROR] LogOutputStream:75 - [STDERR_REDIRECT] [Fatal Error] :1:1: Premature end of file.
2026-06-29 16:26:37,891 [ERROR] LogOutputStream:75 - [STDERR_REDIRECT] 
2026-06-29 16:26:38,899 [ERROR] LogOutputStream:75 - [STDERR_REDIRECT] [Fatal Error] :1:1: Premature end of file.
2026-06-29 16:26:38,899 [ERROR] LogOutputStream:75 - [STDERR_REDIRECT] 
2026-06-29 16:26:39,923 [ERROR] LogOutputStream:75 - [STDERR_REDIRECT] [Fatal Error] :1:1: Premature end of file.
2026-06-29 16:26:39,923 [ERROR] LogOutputStream:75 - [STDERR_REDIRECT] 
2026-06-29 16:26:40,919 [ERROR] LogOutputStream:75 - [STDERR_REDIRECT] [Fatal Error] :1:1: Premature end of file.
2026-06-29 16:26:40,919 [ERROR] LogOutputStream:75 - [STDERR_REDIRECT] 
2026-06-29 16:26:41,909 [ERROR] LogOutputStream:75 - [STDERR_REDIRECT] [Fatal Error] :1:1: Premature end of file.
2026-06-29 16:26:41,909 [ERROR] LogOutputStream:75 - [STDERR_REDIRECT] 
2026-06-29 16:26:42,902 [ERROR] LogOutputStream:75 - [STDERR_REDIRECT] [Fatal Error] :1:1: Premature end of file.
2026-06-29 16:26:42,902 [ERROR] LogOutputStream:75 - [STDERR_REDIRECT] 
2026-06-29 16:26:43,907 [ERROR] LogOutputStream:75 - [STDERR_REDIRECT] [Fatal Error] :1:1: Premature end of file.
2026-06-29 16:26:43,907 [ERROR] LogOutputStream:75 - [STDERR_REDIRECT] 
2026-06-29 16:26:44,886 [ERROR] LogOutputStream:75 - [STDERR_REDIRECT] [Fatal Error] :1:1: Premature end of file.
2026-06-29 16:26:44,886 [ERROR] LogOutputStream:75 - [STDERR_REDIRECT] 
2026-06-29 16:26:45,910 [ERROR] LogOutputStream:75 - [STDERR_REDIRECT] [Fatal Error] :1:1: Premature end of file.
2026-06-29 16:26:45,913 [ERROR] LogOutputStream:75 - [STDERR_REDIRECT] 
2026-06-29 16:26:46,903 [ERROR] LogOutputStream:75 - [STDERR_REDIRECT] [Fatal Error] :1:1: Premature end of file.
2026-06-29 16:26:46,903 [ERROR] LogOutputStream:75 - [STDERR_REDIRECT] 
2026-06-29 16:26:47,864 [ERROR] LogOutputStream:75 - [STDERR_REDIRECT] [Fatal Error] :1:1: Premature end of file.
2026-06-29 16:26:47,864 [ERROR] LogOutputStream:75 - [STDERR_REDIRECT] 
2026-06-29 16:26:48,873 [ERROR] LogOutputStream:75 - [STDERR_REDIRECT] [Fatal Error] :1:1: Premature end of file.
2026-06-29 16:26:48,873 [ERROR] LogOutputStream:75 - [STDERR_REDIRECT] 
2026-06-29 16:26:49,909 [ERROR] LogOutputStream:75 - [STDERR_REDIRECT] [Fatal Error] :1:1: Premature end of file.
2026-06-29 16:26:49,913 [ERROR] LogOutputStream:75 - [STDERR_REDIRECT] 
2026-06-29 16:26:50,877 [ERROR] LogOutputStream:75 - [STDERR_REDIRECT] [Fatal Error] :1:1: Premature end of file.
2026-06-29 16:26:50,877 [ERROR] LogOutputStream:75 - [STDERR_REDIRECT] 
2026-06-29 16:26:51,906 [ERROR] LogOutputStream:75 - [STDERR_REDIRECT] [Fatal Error] :1:1: Premature end of file.
2026-06-29 16:26:51,912 [ERROR] LogOutputStream:75 - [STDERR_REDIRECT] 
2026-06-29 16:26:52,897 [ERROR] LogOutputStream:75 - [STDERR_REDIRECT] [Fatal Error] :1:1: Premature end of file.
2026-06-29 16:26:52,899 [ERROR] LogOutputStream:75 - [STDERR_REDIRECT] 
2026-06-29 16:26:53,912 [ERROR] LogOutputStream:75 - [STDERR_REDIRECT] [Fatal Error] :1:1: Premature end of file.
2026-06-29 16:26:53,914 [ERROR] LogOutputStream:75 - [STDERR_REDIRECT] 
2026-06-29 16:26:54,907 [ERROR] LogOutputStream:75 - [STDERR_REDIRECT] [Fatal Error] :1:1: Premature end of file.
2026-06-29 16:26:54,909 [ERROR] LogOutputStream:75 - [STDERR_REDIRECT] 
2026-06-29 16:26:55,890 [ERROR] LogOutputStream:75 - [STDERR_REDIRECT] [Fatal Error] :1:1: Premature end of file.
2026-06-29 16:26:55,890 [ERROR] LogOutputStream:75 - [STDERR_REDIRECT] 
2026-06-29 16:26:56,890 [ERROR] LogOutputStream:75 - [STDERR_REDIRECT] [Fatal Error] :1:1: Premature end of file.
2026-06-29 16:26:56,890 [ERROR] LogOutputStream:75 - [STDERR_REDIRECT] 
2026-06-29 16:26:57,883 [ERROR] LogOutputStream:75 - [STDERR_REDIRECT] [Fatal Error] :1:1: Premature end of file.
2026-06-29 16:26:57,883 [ERROR] LogOutputStream:75 - [STDERR_REDIRECT] 
2026-06-29 16:26:58,898 [ERROR] LogOutputStream:75 - [STDERR_REDIRECT] [Fatal Error] :1:1: Premature end of file.
2026-06-29 16:26:58,900 [ERROR] LogOutputStream:75 - [STDERR_REDIRECT] 
2026-06-29 16:26:59,904 [ERROR] LogOutputStream:75 - [STDERR_REDIRECT] [Fatal Error] :1:1: Premature end of file.
2026-06-29 16:26:59,906 [ERROR] LogOutputStream:75 - [STDERR_REDIRECT] 
2026-06-29 16:27:00,941 [ERROR] LogOutputStream:75 - [STDERR_REDIRECT] [Fatal Error] :1:1: Premature end of file.
2026-06-29 16:27:00,941 [ERROR] LogOutputStream:75 - [STDERR_REDIRECT] 
2026-06-29 16:27:01,898 [ERROR] LogOutputStream:75 - [STDERR_REDIRECT] [Fatal Error] :1:1: Premature end of file.
2026-06-29 16:27:01,898 [ERROR] LogOutputStream:75 - [STDERR_REDIRECT] 
2026-06-29 16:27:02,890 [ERROR] LogOutputStream:75 - [STDERR_REDIRECT] [Fatal Error] :1:1: Premature end of file.
2026-06-29 16:27:02,890 [ERROR] LogOutputStream:75 - [STDERR_REDIRECT] 
2026-06-29 16:27:03,897 [ERROR] LogOutputStream:75 - [STDERR_REDIRECT] [Fatal Error] :1:1: Premature end of file.
2026-06-29 16:27:03,897 [ERROR] LogOutputStream:75 - [STDERR_REDIRECT] 
2026-06-29 16:27:04,905 [ERROR] LogOutputStream:75 - [STDERR_REDIRECT] [Fatal Error] :1:1: Premature end of file.
2026-06-29 16:27:04,905 [ERROR] LogOutputStream:75 - [STDERR_REDIRECT] 
2026-06-29 16:27:05,933 [ERROR] LogOutputStream:75 - [STDERR_REDIRECT] [Fatal Error] :1:1: Premature end of file.
2026-06-29 16:27:05,933 [ERROR] LogOutputStream:75 - [STDERR_REDIRECT] 
2026-06-29 16:27:06,906 [ERROR] LogOutputStream:75 - [STDERR_REDIRECT] [Fatal Error] :1:1: Premature end of file.
2026-06-29 16:27:06,906 [ERROR] LogOutputStream:75 - [STDERR_REDIRECT] 
2026-06-29 16:27:07,886 [ERROR] LogOutputStream:75 - [STDERR_REDIRECT] [Fatal Error] :1:1: Premature end of file.
2026-06-29 16:27:07,888 [ERROR] LogOutputStream:75 - [STDERR_REDIRECT] 
2026-06-29 16:27:08,909 [ERROR] LogOutputStream:75 - [STDERR_REDIRECT] [Fatal Error] :1:1: Premature end of file.
2026-06-29 16:27:08,911 [ERROR] LogOutputStream:75 - [STDERR_REDIRECT] 
2026-06-29 16:27:09,881 [ERROR] LogOutputStream:75 - [STDERR_REDIRECT] [Fatal Error] :1:1: Premature end of file.
2026-06-29 16:27:09,881 [ERROR] LogOutputStream:75 - [STDERR_REDIRECT] 
2026-06-29 16:27:10,898 [ERROR] LogOutputStream:75 - [STDERR_REDIRECT] [Fatal Error] :1:1: Premature end of file.
2026-06-29 16:27:10,898 [ERROR] LogOutputStream:75 - [STDERR_REDIRECT] 
2026-06-29 16:27:11,898 [ERROR] LogOutputStream:75 - [STDERR_REDIRECT] [Fatal Error] :1:1: Premature end of file.
2026-06-29 16:27:11,900 [ERROR] LogOutputStream:75 - [STDERR_REDIRECT] 
2026-06-29 16:27:12,976 [ERROR] LogOutputStream:75 - [STDERR_REDIRECT] [Fatal Error] :1:1: Premature end of file.
2026-06-29 16:27:12,976 [ERROR] LogOutputStream:75 - [STDERR_REDIRECT] 
2026-06-29 16:27:13,894 [ERROR] LogOutputStream:75 - [STDERR_REDIRECT] [Fatal Error] :1:1: Premature end of file.
2026-06-29 16:27:13,896 [ERROR] LogOutputStream:75 - [STDERR_REDIRECT] 
2026-06-29 16:27:14,896 [ERROR] LogOutputStream:75 - [STDERR_REDIRECT] [Fatal Error] :1:1: Premature end of file.
2026-06-29 16:27:14,896 [ERROR] LogOutputStream:75 - [STDERR_REDIRECT] 
2026-06-29 16:27:15,885 [ERROR] LogOutputStream:75 - [STDERR_REDIRECT] [Fatal Error] :1:1: Premature end of file.
2026-06-29 16:27:15,885 [ERROR] LogOutputStream:75 - [STDERR_REDIRECT] 
2026-06-29 16:27:16,909 [ERROR] LogOutputStream:75 - [STDERR_REDIRECT] [Fatal Error] :1:1: Premature end of file.
2026-06-29 16:27:16,909 [ERROR] LogOutputStream:75 - [STDERR_REDIRECT] 
2026-06-29 16:27:17,881 [ERROR] LogOutputStream:75 - [STDERR_REDIRECT] [Fatal Error] :1:1: Premature end of file.
2026-06-29 16:27:17,881 [ERROR] LogOutputStream:75 - [STDERR_REDIRECT] 
2026-06-29 16:27:18,898 [ERROR] LogOutputStream:75 - [STDERR_REDIRECT] [Fatal Error] :1:1: Premature end of file.
2026-06-29 16:27:18,904 [ERROR] LogOutputStream:75 - [STDERR_REDIRECT] 
2026-06-29 16:27:19,908 [ERROR] LogOutputStream:75 - [STDERR_REDIRECT] [Fatal Error] :1:1: Premature end of file.
2026-06-29 16:27:19,908 [ERROR] LogOutputStream:75 - [STDERR_REDIRECT] 
2026-06-29 16:27:20,912 [ERROR] LogOutputStream:75 - [STDERR_REDIRECT] [Fatal Error] :1:1: Premature end of file.
2026-06-29 16:27:20,912 [ERROR] LogOutputStream:75 - [STDERR_REDIRECT] 
2026-06-29 16:27:21,951 [ERROR] LogOutputStream:75 - [STDERR_REDIRECT] [Fatal Error] :1:1: Premature end of file.
2026-06-29 16:27:21,953 [ERROR] LogOutputStream:75 - [STDERR_REDIRECT] 
2026-06-29 16:27:22,910 [ERROR] LogOutputStream:75 - [STDERR_REDIRECT] [Fatal Error] :1:1: Premature end of file.
2026-06-29 16:27:22,912 [ERROR] LogOutputStream:75 - [STDERR_REDIRECT] 
2026-06-29 16:27:23,905 [ERROR] LogOutputStream:75 - [STDERR_REDIRECT] [Fatal Error] :1:1: Premature end of file.
2026-06-29 16:27:23,905 [ERROR] LogOutputStream:75 - [STDERR_REDIRECT] 
2026-06-29 16:27:24,883 [ERROR] LogOutputStream:75 - [STDERR_REDIRECT] [Fatal Error] :1:1: Premature end of file.
2026-06-29 16:27:24,898 [ERROR] LogOutputStream:75 - [STDERR_REDIRECT] 
2026-06-29 16:27:25,890 [ERROR] LogOutputStream:75 - [STDERR_REDIRECT] [Fatal Error] :1:1: Premature end of file.
2026-06-29 16:27:25,906 [ERROR] LogOutputStream:75 - [STDERR_REDIRECT] 
2026-06-29 16:27:26,899 [ERROR] LogOutputStream:75 - [STDERR_REDIRECT] [Fatal Error] :1:1: Premature end of file.
2026-06-29 16:27:26,913 [ERROR] LogOutputStream:75 - [STDERR_REDIRECT] 
2026-06-29 16:27:27,890 [ERROR] LogOutputStream:75 - [STDERR_REDIRECT] [Fatal Error] :1:1: Premature end of file.
2026-06-29 16:27:27,893 [ERROR] LogOutputStream:75 - [STDERR_REDIRECT] 
2026-06-29 16:27:28,908 [ERROR] LogOutputStream:75 - [STDERR_REDIRECT] [Fatal Error] :1:1: Premature end of file.
2026-06-29 16:27:28,910 [ERROR] LogOutputStream:75 - [STDERR_REDIRECT] 
2026-06-29 16:27:29,892 [ERROR] LogOutputStream:75 - [STDERR_REDIRECT] [Fatal Error] :1:1: Premature end of file.
2026-06-29 16:27:29,906 [ERROR] LogOutputStream:75 - [STDERR_REDIRECT] 
2026-06-29 16:27:30,898 [ERROR] LogOutputStream:75 - [STDERR_REDIRECT] [Fatal Error] :1:1: Premature end of file.
2026-06-29 16:27:30,898 [ERROR] LogOutputStream:75 - [STDERR_REDIRECT] 
2026-06-29 16:27:31,874 [ERROR] LogOutputStream:75 - [STDERR_REDIRECT] [Fatal Error] :1:1: Premature end of file.
2026-06-29 16:27:31,874 [ERROR] LogOutputStream:75 - [STDERR_REDIRECT] 
2026-06-29 16:27:32,910 [ERROR] LogOutputStream:75 - [STDERR_REDIRECT] [Fatal Error] :1:1: Premature end of file.
2026-06-29 16:27:32,912 [ERROR] LogOutputStream:75 - [STDERR_REDIRECT] 
2026-06-29 16:27:33,905 [ERROR] LogOutputStream:75 - [STDERR_REDIRECT] [Fatal Error] :1:1: Premature end of file.
2026-06-29 16:27:33,908 [ERROR] LogOutputStream:75 - [STDERR_REDIRECT] 
2026-06-29 16:27:34,898 [ERROR] LogOutputStream:75 - [STDERR_REDIRECT] [Fatal Error] :1:1: Premature end of file.
2026-06-29 16:27:34,898 [ERROR] LogOutputStream:75 - [STDERR_REDIRECT] 
2026-06-29 16:27:35,894 [ERROR] LogOutputStream:75 - [STDERR_REDIRECT] [Fatal Error] :1:1: Premature end of file.
2026-06-29 16:27:35,894 [ERROR] LogOutputStream:75 - [STDERR_REDIRECT] 
2026-06-29 16:27:36,913 [ERROR] LogOutputStream:75 - [STDERR_REDIRECT] [Fatal Error] :1:1: Premature end of file.
2026-06-29 16:27:36,913 [ERROR] LogOutputStream:75 - [STDERR_REDIRECT] 
2026-06-29 16:27:37,921 [ERROR] LogOutputStream:75 - [STDERR_REDIRECT] [Fatal Error] :1:1: Premature end of file.
2026-06-29 16:27:37,921 [ERROR] LogOutputStream:75 - [STDERR_REDIRECT] 
2026-06-29 16:27:38,914 [ERROR] LogOutputStream:75 - [STDERR_REDIRECT] [Fatal Error] :1:1: Premature end of file.
2026-06-29 16:27:38,914 [ERROR] LogOutputStream:75 - [STDERR_REDIRECT] 
2026-06-29 16:27:39,870 [ERROR] LogOutputStream:75 - [STDERR_REDIRECT] [Fatal Error] :1:1: Premature end of file.
2026-06-29 16:27:39,870 [ERROR] LogOutputStream:75 - [STDERR_REDIRECT] 
2026-06-29 16:27:40,922 [ERROR] LogOutputStream:75 - [STDERR_REDIRECT] [Fatal Error] :1:1: Premature end of file.
2026-06-29 16:27:40,922 [ERROR] LogOutputStream:75 - [STDERR_REDIRECT] 
2026-06-29 16:27:41,912 [ERROR] LogOutputStream:75 - [STDERR_REDIRECT] [Fatal Error] :1:1: Premature end of file.
2026-06-29 16:27:41,912 [ERROR] LogOutputStream:75 - [STDERR_REDIRECT] 
2026-06-29 16:27:42,957 [ERROR] LogOutputStream:75 - [STDERR_REDIRECT] [Fatal Error] :1:1: Premature end of file.
2026-06-29 16:27:42,959 [ERROR] LogOutputStream:75 - [STDERR_REDIRECT] 
2026-06-29 16:27:43,876 [ERROR] LogOutputStream:75 - [STDERR_REDIRECT] [Fatal Error] :1:1: Premature end of file.
2026-06-29 16:27:43,892 [ERROR] LogOutputStream:75 - [STDERR_REDIRECT] 
2026-06-29 16:27:44,886 [ERROR] LogOutputStream:75 - [STDERR_REDIRECT] [Fatal Error] :1:1: Premature end of file.
2026-06-29 16:27:44,886 [ERROR] LogOutputStream:75 - [STDERR_REDIRECT] 
2026-06-29 16:27:45,862 [ERROR] LogOutputStream:75 - [STDERR_REDIRECT] [Fatal Error] :1:1: Premature end of file.
2026-06-29 16:27:45,862 [ERROR] LogOutputStream:75 - [STDERR_REDIRECT] 
2026-06-29 16:27:46,974 [ERROR] LogOutputStream:75 - [STDERR_REDIRECT] [Fatal Error] :1:1: Premature end of file.
2026-06-29 16:27:46,974 [ERROR] LogOutputStream:75 - [STDERR_REDIRECT] 
2026-06-29 16:27:47,904 [ERROR] LogOutputStream:75 - [STDERR_REDIRECT] [Fatal Error] :1:1: Premature end of file.
2026-06-29 16:27:47,904 [ERROR] LogOutputStream:75 - [STDERR_REDIRECT] 
2026-06-29 16:27:48,952 [ERROR] LogOutputStream:75 - [STDERR_REDIRECT] [Fatal Error] :1:1: Premature end of file.
2026-06-29 16:27:48,952 [ERROR] LogOutputStream:75 - [STDERR_REDIRECT] 
2026-06-29 16:27:49,975 [ERROR] LogOutputStream:75 - [STDERR_REDIRECT] [Fatal Error] :1:1: Premature end of file.
2026-06-29 16:27:49,975 [ERROR] LogOutputStream:75 - [STDERR_REDIRECT] 
2026-06-29 16:27:50,927 [ERROR] LogOutputStream:75 - [STDERR_REDIRECT] [Fatal Error] :1:1: Premature end of file.
2026-06-29 16:27:50,927 [ERROR] LogOutputStream:75 - [STDERR_REDIRECT] 
2026-06-29 16:27:51,949 [ERROR] LogOutputStream:75 - [STDERR_REDIRECT] [Fatal Error] :1:1: Premature end of file.
2026-06-29 16:27:51,952 [ERROR] LogOutputStream:75 - [STDERR_REDIRECT] 
2026-06-29 16:27:52,971 [ERROR] LogOutputStream:75 - [STDERR_REDIRECT] [Fatal Error] :1:1: Premature end of file.
2026-06-29 16:27:52,971 [ERROR] LogOutputStream:75 - [STDERR_REDIRECT] 
2026-06-29 16:27:53,915 [ERROR] LogOutputStream:75 - [STDERR_REDIRECT] [Fatal Error] :1:1: Premature end of file.
2026-06-29 16:27:53,931 [ERROR] LogOutputStream:75 - [STDERR_REDIRECT] 
2026-06-29 16:27:54,956 [ERROR] LogOutputStream:75 - [STDERR_REDIRECT] [Fatal Error] :1:1: Premature end of file.
2026-06-29 16:27:54,956 [ERROR] LogOutputStream:75 - [STDERR_REDIRECT] 
2026-06-29 16:27:55,898 [ERROR] LogOutputStream:75 - [STDERR_REDIRECT] [Fatal Error] :1:1: Premature end of file.
2026-06-29 16:27:55,898 [ERROR] LogOutputStream:75 - [STDERR_REDIRECT] 
2026-06-29 16:27:56,992 [ERROR] LogOutputStream:75 - [STDERR_REDIRECT] [Fatal Error] :1:1: Premature end of file.
2026-06-29 16:27:56,992 [ERROR] LogOutputStream:75 - [STDERR_REDIRECT] 
2026-06-29 16:27:57,955 [ERROR] LogOutputStream:75 - [STDERR_REDIRECT] [Fatal Error] :1:1: Premature end of file.
2026-06-29 16:27:57,955 [ERROR] LogOutputStream:75 - [STDERR_REDIRECT] 
2026-06-29 16:27:58,938 [ERROR] LogOutputStream:75 - [STDERR_REDIRECT] [Fatal Error] :1:1: Premature end of file.
2026-06-29 16:27:58,938 [ERROR] LogOutputStream:75 - [STDERR_REDIRECT] 
2026-06-29 16:27:59,961 [ERROR] LogOutputStream:75 - [STDERR_REDIRECT] [Fatal Error] :1:1: Premature end of file.
2026-06-29 16:27:59,961 [ERROR] LogOutputStream:75 - [STDERR_REDIRECT] 
2026-06-29 16:28:00,966 [ERROR] LogOutputStream:75 - [STDERR_REDIRECT] [Fatal Error] :1:1: Premature end of file.
2026-06-29 16:28:00,966 [ERROR] LogOutputStream:75 - [STDERR_REDIRECT] 
2026-06-29 16:28:01,989 [ERROR] LogOutputStream:75 - [STDERR_REDIRECT] [Fatal Error] :1:1: Premature end of file.
2026-06-29 16:28:01,989 [ERROR] LogOutputStream:75 - [STDERR_REDIRECT] 
2026-06-29 16:28:02,995 [ERROR] LogOutputStream:75 - [STDERR_REDIRECT] [Fatal Error] :1:1: Premature end of file.
2026-06-29 16:28:02,995 [ERROR] LogOutputStream:75 - [STDERR_REDIRECT] 
2026-06-29 16:28:04,018 [ERROR] LogOutputStream:75 - [STDERR_REDIRECT] [Fatal Error] :1:1: Premature end of file.
2026-06-29 16:28:04,018 [ERROR] LogOutputStream:75 - [STDERR_REDIRECT] 
2026-06-29 16:28:04,941 [ERROR] LogOutputStream:75 - [STDERR_REDIRECT] [Fatal Error] :1:1: Premature end of file.
2026-06-29 16:28:04,943 [ERROR] LogOutputStream:75 - [STDERR_REDIRECT] 
2026-06-29 16:28:05,927 [ERROR] LogOutputStream:75 - [STDERR_REDIRECT] [Fatal Error] :1:1: Premature end of file.
2026-06-29 16:28:05,927 [ERROR] LogOutputStream:75 - [STDERR_REDIRECT] 
2026-06-29 16:28:06,944 [ERROR] LogOutputStream:75 - [STDERR_REDIRECT] [Fatal Error] :1:1: Premature end of file.
2026-06-29 16:28:06,944 [ERROR] LogOutputStream:75 - [STDERR_REDIRECT] 
2026-06-29 16:28:07,955 [ERROR] LogOutputStream:75 - [STDERR_REDIRECT] [Fatal Error] :1:1: Premature end of file.
2026-06-29 16:28:07,955 [ERROR] LogOutputStream:75 - [STDERR_REDIRECT] 
2026-06-29 16:28:08,976 [ERROR] LogOutputStream:75 - [STDERR_REDIRECT] [Fatal Error] :1:1: Premature end of file.
2026-06-29 16:28:08,976 [ERROR] LogOutputStream:75 - [STDERR_REDIRECT] 
2026-06-29 16:28:09,949 [ERROR] LogOutputStream:75 - [STDERR_REDIRECT] [Fatal Error] :1:1: Premature end of file.
2026-06-29 16:28:09,949 [ERROR] LogOutputStream:75 - [STDERR_REDIRECT] 
2026-06-29 16:28:10,970 [ERROR] LogOutputStream:75 - [STDERR_REDIRECT] [Fatal Error] :1:1: Premature end of file.
2026-06-29 16:28:10,970 [ERROR] LogOutputStream:75 - [STDERR_REDIRECT] 
2026-06-29 16:28:11,978 [ERROR] LogOutputStream:75 - [STDERR_REDIRECT] [Fatal Error] :1:1: Premature end of file.
2026-06-29 16:28:11,978 [ERROR] LogOutputStream:75 - [STDERR_REDIRECT] 
2026-06-29 16:28:12,970 [ERROR] LogOutputStream:75 - [STDERR_REDIRECT] [Fatal Error] :1:1: Premature end of file.
2026-06-29 16:28:12,970 [ERROR] LogOutputStream:75 - [STDERR_REDIRECT] 
2026-06-29 16:28:13,962 [ERROR] LogOutputStream:75 - [STDERR_REDIRECT] [Fatal Error] :1:1: Premature end of file.
2026-06-29 16:28:13,978 [ERROR] LogOutputStream:75 - [STDERR_REDIRECT] 
2026-06-29 16:28:14,938 [ERROR] LogOutputStream:75 - [STDERR_REDIRECT] [Fatal Error] :1:1: Premature end of file.
2026-06-29 16:28:14,938 [ERROR] LogOutputStream:75 - [STDERR_REDIRECT] 
2026-06-29 16:28:15,982 [ERROR] LogOutputStream:75 - [STDERR_REDIRECT] [Fatal Error] :1:1: Premature end of file.
2026-06-29 16:28:15,982 [ERROR] LogOutputStream:75 - [STDERR_REDIRECT] 
2026-06-29 16:28:16,972 [ERROR] LogOutputStream:75 - [STDERR_REDIRECT] [Fatal Error] :1:1: Premature end of file.
2026-06-29 16:28:16,972 [ERROR] LogOutputStream:75 - [STDERR_REDIRECT] 
2026-06-29 16:28:17,944 [ERROR] LogOutputStream:75 - [STDERR_REDIRECT] [Fatal Error] :1:1: Premature end of file.
2026-06-29 16:28:17,944 [ERROR] LogOutputStream:75 - [STDERR_REDIRECT] 
2026-06-29 16:28:18,997 [ERROR] LogOutputStream:75 - [STDERR_REDIRECT] [Fatal Error] :1:1: Premature end of file.
2026-06-29 16:28:18,997 [ERROR] LogOutputStream:75 - [STDERR_REDIRECT] 
2026-06-29 16:28:20,004 [ERROR] LogOutputStream:75 - [STDERR_REDIRECT] [Fatal Error] :1:1: Premature end of file.
2026-06-29 16:28:20,006 [ERROR] LogOutputStream:75 - [STDERR_REDIRECT] 
2026-06-29 16:28:20,992 [ERROR] LogOutputStream:75 - [STDERR_REDIRECT] [Fatal Error] :1:1: Premature end of file.
2026-06-29 16:28:20,992 [ERROR] LogOutputStream:75 - [STDERR_REDIRECT] 
2026-06-29 16:28:22,029 [ERROR] LogOutputStream:75 - [STDERR_REDIRECT] [Fatal Error] :1:1: Premature end of file.
2026-06-29 16:28:22,029 [ERROR] LogOutputStream:75 - [STDERR_REDIRECT] 
2026-06-29 16:28:23,030 [ERROR] LogOutputStream:75 - [STDERR_REDIRECT] [Fatal Error] :1:1: Premature end of file.
2026-06-29 16:28:23,034 [ERROR] LogOutputStream:75 - [STDERR_REDIRECT] 
2026-06-29 16:28:24,040 [ERROR] LogOutputStream:75 - [STDERR_REDIRECT] [Fatal Error] :1:1: Premature end of file.
2026-06-29 16:28:24,043 [ERROR] LogOutputStream:75 - [STDERR_REDIRECT] 
2026-06-29 16:28:25,051 [ERROR] LogOutputStream:75 - [STDERR_REDIRECT] [Fatal Error] :1:1: Premature end of file.
2026-06-29 16:28:25,051 [ERROR] LogOutputStream:75 - [STDERR_REDIRECT] 
2026-06-29 16:28:26,118 [ERROR] LogOutputStream:75 - [STDERR_REDIRECT] [Fatal Error] :1:1: Premature end of file.
2026-06-29 16:28:26,118 [ERROR] LogOutputStream:75 - [STDERR_REDIRECT] 
2026-06-29 16:28:26,969 [ERROR] LogOutputStream:75 - [STDERR_REDIRECT] [Fatal Error] :1:1: Premature end of file.
2026-06-29 16:28:26,974 [ERROR] LogOutputStream:75 - [STDERR_REDIRECT] 
2026-06-29 16:28:27,942 [ERROR] LogOutputStream:75 - [STDERR_REDIRECT] [Fatal Error] :1:1: Premature end of file.
2026-06-29 16:28:27,948 [ERROR] LogOutputStream:75 - [STDERR_REDIRECT] 
2026-06-29 16:28:28,948 [ERROR] LogOutputStream:75 - [STDERR_REDIRECT] [Fatal Error] :1:1: Premature end of file.
2026-06-29 16:28:28,950 [ERROR] LogOutputStream:75 - [STDERR_REDIRECT] 
2026-06-29 16:28:29,904 [ERROR] LogOutputStream:75 - [STDERR_REDIRECT] [Fatal Error] :1:1: Premature end of file.
2026-06-29 16:28:29,906 [ERROR] LogOutputStream:75 - [STDERR_REDIRECT] 
2026-06-29 16:28:30,930 [ERROR] LogOutputStream:75 - [STDERR_REDIRECT] [Fatal Error] :1:1: Premature end of file.
2026-06-29 16:28:30,930 [ERROR] LogOutputStream:75 - [STDERR_REDIRECT] 
2026-06-29 16:28:31,912 [ERROR] LogOutputStream:75 - [STDERR_REDIRECT] [Fatal Error] :1:1: Premature end of file.
2026-06-29 16:28:31,912 [ERROR] LogOutputStream:75 - [STDERR_REDIRECT] 
2026-06-29 16:28:32,911 [ERROR] LogOutputStream:75 - [STDERR_REDIRECT] [Fatal Error] :1:1: Premature end of file.
2026-06-29 16:28:32,912 [ERROR] LogOutputStream:75 - [STDERR_REDIRECT] 
2026-06-29 16:28:33,919 [ERROR] LogOutputStream:75 - [STDERR_REDIRECT] [Fatal Error] :1:1: Premature end of file.
2026-06-29 16:28:33,919 [ERROR] LogOutputStream:75 - [STDERR_REDIRECT] 
2026-06-29 16:28:34,897 [ERROR] LogOutputStream:75 - [STDERR_REDIRECT] [Fatal Error] :1:1: Premature end of file.
2026-06-29 16:28:34,897 [ERROR] LogOutputStream:75 - [STDERR_REDIRECT] 
2026-06-29 16:28:35,929 [ERROR] LogOutputStream:75 - [STDERR_REDIRECT] [Fatal Error] :1:1: Premature end of file.
2026-06-29 16:28:35,929 [ERROR] LogOutputStream:75 - [STDERR_REDIRECT] 
2026-06-29 16:28:36,885 [ERROR] LogOutputStream:75 - [STDERR_REDIRECT] [Fatal Error] :1:1: Premature end of file.
2026-06-29 16:28:36,885 [ERROR] LogOutputStream:75 - [STDERR_REDIRECT] 
2026-06-29 16:28:37,905 [ERROR] LogOutputStream:75 - [STDERR_REDIRECT] [Fatal Error] :1:1: Premature end of file.
2026-06-29 16:28:37,905 [ERROR] LogOutputStream:75 - [STDERR_REDIRECT] 
2026-06-29 16:28:38,897 [ERROR] LogOutputStream:75 - [STDERR_REDIRECT] [Fatal Error] :1:1: Premature end of file.
2026-06-29 16:28:38,897 [ERROR] LogOutputStream:75 - [STDERR_REDIRECT] 
2026-06-29 16:28:39,887 [ERROR] LogOutputStream:75 - [STDERR_REDIRECT] [Fatal Error] :1:1: Premature end of file.
2026-06-29 16:28:39,887 [ERROR] LogOutputStream:75 - [STDERR_REDIRECT] 
2026-06-29 16:28:40,875 [ERROR] LogOutputStream:75 - [STDERR_REDIRECT] [Fatal Error] :1:1: Premature end of file.
2026-06-29 16:28:40,875 [ERROR] LogOutputStream:75 - [STDERR_REDIRECT] 
2026-06-29 16:28:41,969 [ERROR] LogOutputStream:75 - [STDERR_REDIRECT] [Fatal Error] :1:1: Premature end of file.
2026-06-29 16:28:41,978 [ERROR] LogOutputStream:75 - [STDERR_REDIRECT] 
2026-06-29 16:28:42,895 [ERROR] LogOutputStream:75 - [STDERR_REDIRECT] [Fatal Error] :1:1: Premature end of file.
2026-06-29 16:28:42,897 [ERROR] LogOutputStream:75 - [STDERR_REDIRECT] 
2026-06-29 16:28:43,889 [ERROR] LogOutputStream:75 - [STDERR_REDIRECT] [Fatal Error] :1:1: Premature end of file.
2026-06-29 16:28:43,889 [ERROR] LogOutputStream:75 - [STDERR_REDIRECT] 
2026-06-29 16:28:44,908 [ERROR] LogOutputStream:75 - [STDERR_REDIRECT] [Fatal Error] :1:1: Premature end of file.
2026-06-29 16:28:44,908 [ERROR] LogOutputStream:75 - [STDERR_REDIRECT] 
2026-06-29 16:28:45,955 [ERROR] LogOutputStream:75 - [STDERR_REDIRECT] [Fatal Error] :1:1: Premature end of file.
2026-06-29 16:28:45,955 [ERROR] LogOutputStream:75 - [STDERR_REDIRECT] 
2026-06-29 16:28:46,912 [ERROR] LogOutputStream:75 - [STDERR_REDIRECT] [Fatal Error] :1:1: Premature end of file.
2026-06-29 16:28:46,912 [ERROR] LogOutputStream:75 - [STDERR_REDIRECT] 
2026-06-29 16:28:47,909 [ERROR] LogOutputStream:75 - [STDERR_REDIRECT] [Fatal Error] :1:1: Premature end of file.
2026-06-29 16:28:47,913 [ERROR] LogOutputStream:75 - [STDERR_REDIRECT] 
2026-06-29 16:28:48,894 [ERROR] LogOutputStream:75 - [STDERR_REDIRECT] [Fatal Error] :1:1: Premature end of file.
2026-06-29 16:28:48,894 [ERROR] LogOutputStream:75 - [STDERR_REDIRECT] 
2026-06-29 16:28:49,902 [ERROR] LogOutputStream:75 - [STDERR_REDIRECT] [Fatal Error] :1:1: Premature end of file.
2026-06-29 16:28:49,902 [ERROR] LogOutputStream:75 - [STDERR_REDIRECT] 
2026-06-29 16:28:50,899 [ERROR] LogOutputStream:75 - [STDERR_REDIRECT] [Fatal Error] :1:1: Premature end of file.
2026-06-29 16:28:50,899 [ERROR] LogOutputStream:75 - [STDERR_REDIRECT] 
2026-06-29 16:28:51,872 [ERROR] LogOutputStream:75 - [STDERR_REDIRECT] [Fatal Error] :1:1: Premature end of file.
2026-06-29 16:28:51,872 [ERROR] LogOutputStream:75 - [STDERR_REDIRECT] 
2026-06-29 16:28:52,896 [ERROR] LogOutputStream:75 - [STDERR_REDIRECT] [Fatal Error] :1:1: Premature end of file.
2026-06-29 16:28:52,896 [ERROR] LogOutputStream:75 - [STDERR_REDIRECT] 
2026-06-29 16:28:53,888 [ERROR] LogOutputStream:75 - [STDERR_REDIRECT] [Fatal Error] :1:1: Premature end of file.
2026-06-29 16:28:53,904 [ERROR] LogOutputStream:75 - [STDERR_REDIRECT] 
2026-06-29 16:28:54,914 [ERROR] LogOutputStream:75 - [STDERR_REDIRECT] [Fatal Error] :1:1: Premature end of file.
2026-06-29 16:28:54,914 [ERROR] LogOutputStream:75 - [STDERR_REDIRECT] 
2026-06-29 16:28:55,890 [ERROR] LogOutputStream:75 - [STDERR_REDIRECT] [Fatal Error] :1:1: Premature end of file.
2026-06-29 16:28:55,890 [ERROR] LogOutputStream:75 - [STDERR_REDIRECT] 
2026-06-29 16:28:56,927 [ERROR] LogOutputStream:75 - [STDERR_REDIRECT] [Fatal Error] :1:1: Premature end of file.
2026-06-29 16:28:56,928 [ERROR] LogOutputStream:75 - [STDERR_REDIRECT] 
2026-06-29 16:28:57,891 [ERROR] LogOutputStream:75 - [STDERR_REDIRECT] [Fatal Error] :1:1: Premature end of file.
2026-06-29 16:28:57,891 [ERROR] LogOutputStream:75 - [STDERR_REDIRECT] 
2026-06-29 16:28:58,894 [ERROR] LogOutputStream:75 - [STDERR_REDIRECT] [Fatal Error] :1:1: Premature end of file.
2026-06-29 16:28:58,894 [ERROR] LogOutputStream:75 - [STDERR_REDIRECT] 
2026-06-29 16:28:59,876 [ERROR] LogOutputStream:75 - [STDERR_REDIRECT] [Fatal Error] :1:1: Premature end of file.
2026-06-29 16:28:59,876 [ERROR] LogOutputStream:75 - [STDERR_REDIRECT] 
2026-06-29 16:29:00,905 [ERROR] LogOutputStream:75 - [STDERR_REDIRECT] [Fatal Error] :1:1: Premature end of file.
2026-06-29 16:29:00,905 [ERROR] LogOutputStream:75 - [STDERR_REDIRECT] 
2026-06-29 16:29:01,889 [ERROR] LogOutputStream:75 - [STDERR_REDIRECT] [Fatal Error] :1:1: Premature end of file.
2026-06-29 16:29:01,889 [ERROR] LogOutputStream:75 - [STDERR_REDIRECT] 
2026-06-29 16:29:02,896 [ERROR] LogOutputStream:75 - [STDERR_REDIRECT] [Fatal Error] :1:1: Premature end of file.
2026-06-29 16:29:02,896 [ERROR] LogOutputStream:75 - [STDERR_REDIRECT] 
2026-06-29 16:29:03,901 [ERROR] LogOutputStream:75 - [STDERR_REDIRECT] [Fatal Error] :1:1: Premature end of file.
2026-06-29 16:29:03,901 [ERROR] LogOutputStream:75 - [STDERR_REDIRECT] 
2026-06-29 16:29:04,902 [ERROR] LogOutputStream:75 - [STDERR_REDIRECT] [Fatal Error] :1:1: Premature end of file.
2026-06-29 16:29:04,902 [ERROR] LogOutputStream:75 - [STDERR_REDIRECT] 
2026-06-29 16:29:05,896 [ERROR] LogOutputStream:75 - [STDERR_REDIRECT] [Fatal Error] :1:1: Premature end of file.
2026-06-29 16:29:05,902 [ERROR] LogOutputStream:75 - [STDERR_REDIRECT] 
2026-06-29 16:29:06,926 [ERROR] LogOutputStream:75 - [STDERR_REDIRECT] [Fatal Error] :1:1: Premature end of file.
2026-06-29 16:29:06,933 [ERROR] LogOutputStream:75 - [STDERR_REDIRECT] 
2026-06-29 16:29:07,896 [ERROR] LogOutputStream:75 - [STDERR_REDIRECT] [Fatal Error] :1:1: Premature end of file.
2026-06-29 16:29:07,896 [ERROR] LogOutputStream:75 - [STDERR_REDIRECT] 
2026-06-29 16:29:08,905 [ERROR] LogOutputStream:75 - [STDERR_REDIRECT] [Fatal Error] :1:1: Premature end of file.
2026-06-29 16:29:08,905 [ERROR] LogOutputStream:75 - [STDERR_REDIRECT] 
2026-06-29 16:29:09,878 [ERROR] LogOutputStream:75 - [STDERR_REDIRECT] [Fatal Error] :1:1: Premature end of file.
2026-06-29 16:29:09,894 [ERROR] LogOutputStream:75 - [STDERR_REDIRECT] 
2026-06-29 16:29:10,871 [ERROR] LogOutputStream:75 - [STDERR_REDIRECT] [Fatal Error] :1:1: Premature end of file.
2026-06-29 16:29:10,871 [ERROR] LogOutputStream:75 - [STDERR_REDIRECT] 
2026-06-29 16:29:11,910 [ERROR] LogOutputStream:75 - [STDERR_REDIRECT] [Fatal Error] :1:1: Premature end of file.
2026-06-29 16:29:11,910 [ERROR] LogOutputStream:75 - [STDERR_REDIRECT] 
2026-06-29 16:29:12,934 [ERROR] LogOutputStream:75 - [STDERR_REDIRECT] [Fatal Error] :1:1: Premature end of file.
2026-06-29 16:29:12,934 [ERROR] LogOutputStream:75 - [STDERR_REDIRECT] 
2026-06-29 16:29:13,915 [ERROR] LogOutputStream:75 - [STDERR_REDIRECT] [Fatal Error] :1:1: Premature end of file.
2026-06-29 16:29:13,915 [ERROR] LogOutputStream:75 - [STDERR_REDIRECT] 
2026-06-29 16:29:14,890 [ERROR] LogOutputStream:75 - [STDERR_REDIRECT] [Fatal Error] :1:1: Premature end of file.
2026-06-29 16:29:14,890 [ERROR] LogOutputStream:75 - [STDERR_REDIRECT] 
2026-06-29 16:29:15,916 [ERROR] LogOutputStream:75 - [STDERR_REDIRECT] [Fatal Error] :1:1: Premature end of file.
2026-06-29 16:29:15,916 [ERROR] LogOutputStream:75 - [STDERR_REDIRECT] 
2026-06-29 16:29:16,856 [ERROR] LogOutputStream:75 - [STDERR_REDIRECT] [Fatal Error] :1:1: Premature end of file.
2026-06-29 16:29:16,856 [ERROR] LogOutputStream:75 - [STDERR_REDIRECT] 
2026-06-29 16:29:17,915 [ERROR] LogOutputStream:75 - [STDERR_REDIRECT] [Fatal Error] :1:1: Premature end of file.
2026-06-29 16:29:17,915 [ERROR] LogOutputStream:75 - [STDERR_REDIRECT] 
2026-06-29 16:29:18,887 [ERROR] LogOutputStream:75 - [STDERR_REDIRECT] [Fatal Error] :1:1: Premature end of file.
2026-06-29 16:29:18,887 [ERROR] LogOutputStream:75 - [STDERR_REDIRECT] 
2026-06-29 16:29:19,892 [ERROR] LogOutputStream:75 - [STDERR_REDIRECT] [Fatal Error] :1:1: Premature end of file.
2026-06-29 16:29:19,892 [ERROR] LogOutputStream:75 - [STDERR_REDIRECT] 
2026-06-29 16:29:20,907 [ERROR] LogOutputStream:75 - [STDERR_REDIRECT] [Fatal Error] :1:1: Premature end of file.
2026-06-29 16:29:20,907 [ERROR] LogOutputStream:75 - [STDERR_REDIRECT] 
2026-06-29 16:29:21,889 [ERROR] LogOutputStream:75 - [STDERR_REDIRECT] [Fatal Error] :1:1: Premature end of file.
2026-06-29 16:29:21,889 [ERROR] LogOutputStream:75 - [STDERR_REDIRECT] 
2026-06-29 16:29:22,908 [ERROR] LogOutputStream:75 - [STDERR_REDIRECT] [Fatal Error] :1:1: Premature end of file.
2026-06-29 16:29:22,908 [ERROR] LogOutputStream:75 - [STDERR_REDIRECT] 
2026-06-29 16:29:23,908 [ERROR] LogOutputStream:75 - [STDERR_REDIRECT] [Fatal Error] :1:1: Premature end of file.
2026-06-29 16:29:23,908 [ERROR] LogOutputStream:75 - [STDERR_REDIRECT] 
2026-06-29 16:29:24,894 [ERROR] LogOutputStream:75 - [STDERR_REDIRECT] [Fatal Error] :1:1: Premature end of file.
2026-06-29 16:29:24,894 [ERROR] LogOutputStream:75 - [STDERR_REDIRECT] 
2026-06-29 16:29:25,923 [ERROR] LogOutputStream:75 - [STDERR_REDIRECT] [Fatal Error] :1:1: Premature end of file.
2026-06-29 16:29:25,923 [ERROR] LogOutputStream:75 - [STDERR_REDIRECT] 
2026-06-29 16:29:26,893 [ERROR] LogOutputStream:75 - [STDERR_REDIRECT] [Fatal Error] :1:1: Premature end of file.
2026-06-29 16:29:26,897 [ERROR] LogOutputStream:75 - [STDERR_REDIRECT] 
2026-06-29 16:29:27,893 [ERROR] LogOutputStream:75 - [STDERR_REDIRECT] [Fatal Error] :1:1: Premature end of file.
2026-06-29 16:29:27,895 [ERROR] LogOutputStream:75 - [STDERR_REDIRECT] 
2026-06-29 16:29:28,869 [ERROR] LogOutputStream:75 - [STDERR_REDIRECT] [Fatal Error] :1:1: Premature end of file.
2026-06-29 16:29:28,869 [ERROR] LogOutputStream:75 - [STDERR_REDIRECT] 
2026-06-29 16:29:29,945 [ERROR] LogOutputStream:75 - [STDERR_REDIRECT] [Fatal Error] :1:1: Premature end of file.
2026-06-29 16:29:29,949 [ERROR] LogOutputStream:75 - [STDERR_REDIRECT] 
2026-06-29 16:29:30,902 [ERROR] LogOutputStream:75 - [STDERR_REDIRECT] [Fatal Error] :1:1: Premature end of file.
2026-06-29 16:29:30,902 [ERROR] LogOutputStream:75 - [STDERR_REDIRECT] 
2026-06-29 16:29:31,921 [ERROR] LogOutputStream:75 - [STDERR_REDIRECT] [Fatal Error] :1:1: Premature end of file.
2026-06-29 16:29:31,921 [ERROR] LogOutputStream:75 - [STDERR_REDIRECT] 
2026-06-29 16:29:32,917 [ERROR] LogOutputStream:75 - [STDERR_REDIRECT] [Fatal Error] :1:1: Premature end of file.
2026-06-29 16:29:32,920 [ERROR] LogOutputStream:75 - [STDERR_REDIRECT] 
2026-06-29 16:29:33,921 [ERROR] LogOutputStream:75 - [STDERR_REDIRECT] [Fatal Error] :1:1: Premature end of file.
2026-06-29 16:29:33,921 [ERROR] LogOutputStream:75 - [STDERR_REDIRECT] 
2026-06-29 16:29:34,924 [ERROR] LogOutputStream:75 - [STDERR_REDIRECT] [Fatal Error] :1:1: Premature end of file.
2026-06-29 16:29:34,926 [ERROR] LogOutputStream:75 - [STDERR_REDIRECT] 
2026-06-29 16:29:35,949 [ERROR] LogOutputStream:75 - [STDERR_REDIRECT] [Fatal Error] :1:1: Premature end of file.
2026-06-29 16:29:35,949 [ERROR] LogOutputStream:75 - [STDERR_REDIRECT] 
2026-06-29 16:29:36,946 [ERROR] LogOutputStream:75 - [STDERR_REDIRECT] [Fatal Error] :1:1: Premature end of file.
2026-06-29 16:29:36,949 [ERROR] LogOutputStream:75 - [STDERR_REDIRECT] 
2026-06-29 16:29:37,915 [ERROR] LogOutputStream:75 - [STDERR_REDIRECT] [Fatal Error] :1:1: Premature end of file.
2026-06-29 16:29:37,917 [ERROR] LogOutputStream:75 - [STDERR_REDIRECT] 
2026-06-29 16:29:38,947 [ERROR] LogOutputStream:75 - [STDERR_REDIRECT] [Fatal Error] :1:1: Premature end of file.
2026-06-29 16:29:38,947 [ERROR] LogOutputStream:75 - [STDERR_REDIRECT] 
2026-06-29 16:29:39,931 [ERROR] LogOutputStream:75 - [STDERR_REDIRECT] [Fatal Error] :1:1: Premature end of file.
2026-06-29 16:29:39,931 [ERROR] LogOutputStream:75 - [STDERR_REDIRECT] 
2026-06-29 16:29:40,926 [ERROR] LogOutputStream:75 - [STDERR_REDIRECT] [Fatal Error] :1:1: Premature end of file.
2026-06-29 16:29:40,926 [ERROR] LogOutputStream:75 - [STDERR_REDIRECT] 
2026-06-29 16:29:41,940 [ERROR] LogOutputStream:75 - [STDERR_REDIRECT] [Fatal Error] :1:1: Premature end of file.
2026-06-29 16:29:41,940 [ERROR] LogOutputStream:75 - [STDERR_REDIRECT] 
2026-06-29 16:29:42,935 [ERROR] LogOutputStream:75 - [STDERR_REDIRECT] [Fatal Error] :1:1: Premature end of file.
2026-06-29 16:29:42,937 [ERROR] LogOutputStream:75 - [STDERR_REDIRECT] 
2026-06-29 16:29:43,934 [ERROR] LogOutputStream:75 - [STDERR_REDIRECT] [Fatal Error] :1:1: Premature end of file.
2026-06-29 16:29:43,936 [ERROR] LogOutputStream:75 - [STDERR_REDIRECT] 
2026-06-29 16:29:44,920 [ERROR] LogOutputStream:75 - [STDERR_REDIRECT] [Fatal Error] :1:1: Premature end of file.
2026-06-29 16:29:44,920 [ERROR] LogOutputStream:75 - [STDERR_REDIRECT] 
2026-06-29 16:29:45,937 [ERROR] LogOutputStream:75 - [STDERR_REDIRECT] [Fatal Error] :1:1: Premature end of file.
2026-06-29 16:29:45,940 [ERROR] LogOutputStream:75 - [STDERR_REDIRECT] 
2026-06-29 16:29:46,934 [ERROR] LogOutputStream:75 - [STDERR_REDIRECT] [Fatal Error] :1:1: Premature end of file.
2026-06-29 16:29:46,934 [ERROR] LogOutputStream:75 - [STDERR_REDIRECT] 
2026-06-29 16:29:47,917 [ERROR] LogOutputStream:75 - [STDERR_REDIRECT] [Fatal Error] :1:1: Premature end of file.
2026-06-29 16:29:47,919 [ERROR] LogOutputStream:75 - [STDERR_REDIRECT] 
2026-06-29 16:29:48,924 [ERROR] LogOutputStream:75 - [STDERR_REDIRECT] [Fatal Error] :1:1: Premature end of file.
2026-06-29 16:29:48,928 [ERROR] LogOutputStream:75 - [STDERR_REDIRECT] 
2026-06-29 16:29:49,934 [ERROR] LogOutputStream:75 - [STDERR_REDIRECT] [Fatal Error] :1:1: Premature end of file.
2026-06-29 16:29:49,936 [ERROR] LogOutputStream:75 - [STDERR_REDIRECT] 
2026-06-29 16:29:50,919 [ERROR] LogOutputStream:75 - [STDERR_REDIRECT] [Fatal Error] :1:1: Premature end of file.
2026-06-29 16:29:50,922 [ERROR] LogOutputStream:75 - [STDERR_REDIRECT] 
2026-06-29 16:29:51,940 [ERROR] LogOutputStream:75 - [STDERR_REDIRECT] [Fatal Error] :1:1: Premature end of file.
2026-06-29 16:29:51,940 [ERROR] LogOutputStream:75 - [STDERR_REDIRECT] 
2026-06-29 16:29:53,561 [ERROR] LogOutputStream:75 - [STDERR_REDIRECT] [Fatal Error] :1:1: Premature end of file.
2026-06-29 16:29:53,563 [ERROR] LogOutputStream:75 - [STDERR_REDIRECT] 
2026-06-29 16:29:54,118 [ERROR] LogOutputStream:75 - [STDERR_REDIRECT] [Fatal Error] :1:1: Premature end of file.
2026-06-29 16:29:54,118 [ERROR] LogOutputStream:75 - [STDERR_REDIRECT] 
2026-06-29 16:29:55,176 [ERROR] LogOutputStream:75 - [STDERR_REDIRECT] [Fatal Error] :1:1: Premature end of file.
2026-06-29 16:29:55,176 [ERROR] LogOutputStream:75 - [STDERR_REDIRECT] 
2026-06-29 16:29:55,832 [ERROR] LogOutputStream:75 - [STDERR_REDIRECT] [Fatal Error] :1:1: Premature end of file.
2026-06-29 16:29:55,834 [ERROR] LogOutputStream:75 - [STDERR_REDIRECT] 
2026-06-29 16:29:56,810 [ERROR] LogOutputStream:75 - [STDERR_REDIRECT] [Fatal Error] :1:1: Premature end of file.
2026-06-29 16:29:56,810 [ERROR] LogOutputStream:75 - [STDERR_REDIRECT] 
2026-06-29 16:29:57,832 [ERROR] LogOutputStream:75 - [STDERR_REDIRECT] [Fatal Error] :1:1: Premature end of file.
2026-06-29 16:29:57,832 [ERROR] LogOutputStream:75 - [STDERR_REDIRECT] 
2026-06-29 16:29:58,835 [ERROR] LogOutputStream:75 - [STDERR_REDIRECT] [Fatal Error] :1:1: Premature end of file.
2026-06-29 16:29:58,835 [ERROR] LogOutputStream:75 - [STDERR_REDIRECT] 
2026-06-29 16:29:59,865 [ERROR] LogOutputStream:75 - [STDERR_REDIRECT] [Fatal Error] :1:1: Premature end of file.
2026-06-29 16:29:59,865 [ERROR] LogOutputStream:75 - [STDERR_REDIRECT] 
2026-06-29 16:30:00,825 [ERROR] LogOutputStream:75 - [STDERR_REDIRECT] [Fatal Error] :1:1: Premature end of file.
2026-06-29 16:30:00,825 [ERROR] LogOutputStream:75 - [STDERR_REDIRECT] 
2026-06-29 16:30:01,841 [ERROR] LogOutputStream:75 - [STDERR_REDIRECT] [Fatal Error] :1:1: Premature end of file.
2026-06-29 16:30:01,841 [ERROR] LogOutputStream:75 - [STDERR_REDIRECT] 
2026-06-29 16:30:02,854 [ERROR] LogOutputStream:75 - [STDERR_REDIRECT] [Fatal Error] :1:1: Premature end of file.
2026-06-29 16:30:02,854 [ERROR] LogOutputStream:75 - [STDERR_REDIRECT] 
2026-06-29 16:30:03,886 [ERROR] LogOutputStream:75 - [STDERR_REDIRECT] [Fatal Error] :1:1: Premature end of file.
2026-06-29 16:30:03,886 [ERROR] LogOutputStream:75 - [STDERR_REDIRECT] 
2026-06-29 16:30:04,833 [ERROR] LogOutputStream:75 - [STDERR_REDIRECT] [Fatal Error] :1:1: Premature end of file.
2026-06-29 16:30:04,833 [ERROR] LogOutputStream:75 - [STDERR_REDIRECT] 
2026-06-29 16:30:05,834 [ERROR] LogOutputStream:75 - [STDERR_REDIRECT] [Fatal Error] :1:1: Premature end of file.
2026-06-29 16:30:05,834 [ERROR] LogOutputStream:75 - [STDERR_REDIRECT] 
2026-06-29 16:30:06,841 [ERROR] LogOutputStream:75 - [STDERR_REDIRECT] [Fatal Error] :1:1: Premature end of file.
2026-06-29 16:30:06,841 [ERROR] LogOutputStream:75 - [STDERR_REDIRECT] 
2026-06-29 16:30:07,843 [ERROR] LogOutputStream:75 - [STDERR_REDIRECT] [Fatal Error] :1:1: Premature end of file.
2026-06-29 16:30:07,843 [ERROR] LogOutputStream:75 - [STDERR_REDIRECT] 
2026-06-29 16:30:08,831 [ERROR] LogOutputStream:75 - [STDERR_REDIRECT] [Fatal Error] :1:1: Premature end of file.
2026-06-29 16:30:08,831 [ERROR] LogOutputStream:75 - [STDERR_REDIRECT] 
2026-06-29 16:30:09,846 [ERROR] LogOutputStream:75 - [STDERR_REDIRECT] [Fatal Error] :1:1: Premature end of file.
2026-06-29 16:30:09,846 [ERROR] LogOutputStream:75 - [STDERR_REDIRECT] 
2026-06-29 16:30:10,835 [ERROR] LogOutputStream:75 - [STDERR_REDIRECT] [Fatal Error] :1:1: Premature end of file.
2026-06-29 16:30:10,835 [ERROR] LogOutputStream:75 - [STDERR_REDIRECT] 
2026-06-29 16:30:11,848 [ERROR] LogOutputStream:75 - [STDERR_REDIRECT] [Fatal Error] :1:1: Premature end of file.
2026-06-29 16:30:11,848 [ERROR] LogOutputStream:75 - [STDERR_REDIRECT] 
2026-06-29 16:30:12,857 [ERROR] LogOutputStream:75 - [STDERR_REDIRECT] [Fatal Error] :1:1: Premature end of file.
2026-06-29 16:30:12,857 [ERROR] LogOutputStream:75 - [STDERR_REDIRECT] 
2026-06-29 16:30:13,834 [ERROR] LogOutputStream:75 - [STDERR_REDIRECT] [Fatal Error] :1:1: Premature end of file.
2026-06-29 16:30:13,834 [ERROR] LogOutputStream:75 - [STDERR_REDIRECT] 
2026-06-29 16:30:14,847 [ERROR] LogOutputStream:75 - [STDERR_REDIRECT] [Fatal Error] :1:1: Premature end of file.
2026-06-29 16:30:14,848 [ERROR] LogOutputStream:75 - [STDERR_REDIRECT] 
2026-06-29 16:30:15,840 [ERROR] LogOutputStream:75 - [STDERR_REDIRECT] [Fatal Error] :1:1: Premature end of file.
2026-06-29 16:30:15,841 [ERROR] LogOutputStream:75 - [STDERR_REDIRECT] 
2026-06-29 16:30:16,858 [ERROR] LogOutputStream:75 - [STDERR_REDIRECT] [Fatal Error] :1:1: Premature end of file.
2026-06-29 16:30:16,858 [ERROR] LogOutputStream:75 - [STDERR_REDIRECT] 
2026-06-29 16:30:17,846 [ERROR] LogOutputStream:75 - [STDERR_REDIRECT] [Fatal Error] :1:1: Premature end of file.
2026-06-29 16:30:17,846 [ERROR] LogOutputStream:75 - [STDERR_REDIRECT] 
2026-06-29 16:30:18,844 [ERROR] LogOutputStream:75 - [STDERR_REDIRECT] [Fatal Error] :1:1: Premature end of file.
2026-06-29 16:30:18,844 [ERROR] LogOutputStream:75 - [STDERR_REDIRECT] 
2026-06-29 16:30:19,845 [ERROR] LogOutputStream:75 - [STDERR_REDIRECT] [Fatal Error] :1:1: Premature end of file.
2026-06-29 16:30:19,845 [ERROR] LogOutputStream:75 - [STDERR_REDIRECT] 
2026-06-29 16:30:20,858 [ERROR] LogOutputStream:75 - [STDERR_REDIRECT] [Fatal Error] :1:1: Premature end of file.
2026-06-29 16:30:20,858 [ERROR] LogOutputStream:75 - [STDERR_REDIRECT] 
2026-06-29 16:30:21,867 [ERROR] LogOutputStream:75 - [STDERR_REDIRECT] [Fatal Error] :1:1: Premature end of file.
2026-06-29 16:30:21,867 [ERROR] LogOutputStream:75 - [STDERR_REDIRECT] 
2026-06-29 16:30:22,839 [ERROR] LogOutputStream:75 - [STDERR_REDIRECT] [Fatal Error] :1:1: Premature end of file.
2026-06-29 16:30:22,839 [ERROR] LogOutputStream:75 - [STDERR_REDIRECT] 
2026-06-29 16:30:23,833 [ERROR] LogOutputStream:75 - [STDERR_REDIRECT] [Fatal Error] :1:1: Premature end of file.
2026-06-29 16:30:23,834 [ERROR] LogOutputStream:75 - [STDERR_REDIRECT] 
2026-06-29 16:30:24,846 [ERROR] LogOutputStream:75 - [STDERR_REDIRECT] [Fatal Error] :1:1: Premature end of file.
2026-06-29 16:30:24,846 [ERROR] LogOutputStream:75 - [STDERR_REDIRECT] 
2026-06-29 16:30:25,849 [ERROR] LogOutputStream:75 - [STDERR_REDIRECT] [Fatal Error] :1:1: Premature end of file.
2026-06-29 16:30:25,849 [ERROR] LogOutputStream:75 - [STDERR_REDIRECT] 
2026-06-29 16:30:26,827 [ERROR] LogOutputStream:75 - [STDERR_REDIRECT] [Fatal Error] :1:1: Premature end of file.
2026-06-29 16:30:26,827 [ERROR] LogOutputStream:75 - [STDERR_REDIRECT] 
2026-06-29 16:30:27,848 [ERROR] LogOutputStream:75 - [STDERR_REDIRECT] [Fatal Error] :1:1: Premature end of file.
2026-06-29 16:30:27,848 [ERROR] LogOutputStream:75 - [STDERR_REDIRECT] 
2026-06-29 16:30:28,829 [ERROR] LogOutputStream:75 - [STDERR_REDIRECT] [Fatal Error] :1:1: Premature end of file.
2026-06-29 16:30:28,829 [ERROR] LogOutputStream:75 - [STDERR_REDIRECT] 
2026-06-29 16:30:29,832 [ERROR] LogOutputStream:75 - [STDERR_REDIRECT] [Fatal Error] :1:1: Premature end of file.
2026-06-29 16:30:29,832 [ERROR] LogOutputStream:75 - [STDERR_REDIRECT] 
2026-06-29 16:30:30,856 [ERROR] LogOutputStream:75 - [STDERR_REDIRECT] [Fatal Error] :1:1: Premature end of file.
2026-06-29 16:30:30,856 [ERROR] LogOutputStream:75 - [STDERR_REDIRECT] 
2026-06-29 16:30:31,845 [ERROR] LogOutputStream:75 - [STDERR_REDIRECT] [Fatal Error] :1:1: Premature end of file.
2026-06-29 16:30:31,845 [ERROR] LogOutputStream:75 - [STDERR_REDIRECT] 
2026-06-29 16:30:32,847 [ERROR] LogOutputStream:75 - [STDERR_REDIRECT] [Fatal Error] :1:1: Premature end of file.
2026-06-29 16:30:32,849 [ERROR] LogOutputStream:75 - [STDERR_REDIRECT] 
2026-06-29 16:30:33,838 [ERROR] LogOutputStream:75 - [STDERR_REDIRECT] [Fatal Error] :1:1: Premature end of file.
2026-06-29 16:30:33,838 [ERROR] LogOutputStream:75 - [STDERR_REDIRECT] 
2026-06-29 16:30:34,870 [ERROR] LogOutputStream:75 - [STDERR_REDIRECT] [Fatal Error] :1:1: Premature end of file.
2026-06-29 16:30:34,870 [ERROR] LogOutputStream:75 - [STDERR_REDIRECT] 
2026-06-29 16:30:35,843 [ERROR] LogOutputStream:75 - [STDERR_REDIRECT] [Fatal Error] :1:1: Premature end of file.
2026-06-29 16:30:35,843 [ERROR] LogOutputStream:75 - [STDERR_REDIRECT] 
2026-06-29 16:30:36,851 [ERROR] LogOutputStream:75 - [STDERR_REDIRECT] [Fatal Error] :1:1: Premature end of file.
2026-06-29 16:30:36,851 [ERROR] LogOutputStream:75 - [STDERR_REDIRECT] 
2026-06-29 16:30:37,841 [ERROR] LogOutputStream:75 - [STDERR_REDIRECT] [Fatal Error] :1:1: Premature end of file.
2026-06-29 16:30:37,841 [ERROR] LogOutputStream:75 - [STDERR_REDIRECT] 
2026-06-29 16:30:38,845 [ERROR] LogOutputStream:75 - [STDERR_REDIRECT] [Fatal Error] :1:1: Premature end of file.
2026-06-29 16:30:38,847 [ERROR] LogOutputStream:75 - [STDERR_REDIRECT] 
2026-06-29 16:30:39,834 [ERROR] LogOutputStream:75 - [STDERR_REDIRECT] [Fatal Error] :1:1: Premature end of file.
2026-06-29 16:30:39,834 [ERROR] LogOutputStream:75 - [STDERR_REDIRECT] 
2026-06-29 16:30:40,829 [ERROR] LogOutputStream:75 - [STDERR_REDIRECT] [Fatal Error] :1:1: Premature end of file.
2026-06-29 16:30:40,829 [ERROR] LogOutputStream:75 - [STDERR_REDIRECT] 
2026-06-29 16:30:41,839 [ERROR] LogOutputStream:75 - [STDERR_REDIRECT] [Fatal Error] :1:1: Premature end of file.
2026-06-29 16:30:41,848 [ERROR] LogOutputStream:75 - [STDERR_REDIRECT] 
2026-06-29 16:30:42,860 [ERROR] LogOutputStream:75 - [STDERR_REDIRECT] [Fatal Error] :1:1: Premature end of file.
2026-06-29 16:30:42,860 [ERROR] LogOutputStream:75 - [STDERR_REDIRECT] 
2026-06-29 16:30:43,835 [ERROR] LogOutputStream:75 - [STDERR_REDIRECT] [Fatal Error] :1:1: Premature end of file.
2026-06-29 16:30:43,835 [ERROR] LogOutputStream:75 - [STDERR_REDIRECT] 
2026-06-29 16:30:44,839 [ERROR] LogOutputStream:75 - [STDERR_REDIRECT] [Fatal Error] :1:1: Premature end of file.
2026-06-29 16:30:44,839 [ERROR] LogOutputStream:75 - [STDERR_REDIRECT] 
2026-06-29 16:30:45,865 [ERROR] LogOutputStream:75 - [STDERR_REDIRECT] [Fatal Error] :1:1: Premature end of file.
2026-06-29 16:30:45,868 [ERROR] LogOutputStream:75 - [STDERR_REDIRECT] 
2026-06-29 16:30:46,836 [ERROR] LogOutputStream:75 - [STDERR_REDIRECT] [Fatal Error] :1:1: Premature end of file.
2026-06-29 16:30:46,836 [ERROR] LogOutputStream:75 - [STDERR_REDIRECT] 
2026-06-29 16:30:47,853 [ERROR] LogOutputStream:75 - [STDERR_REDIRECT] [Fatal Error] :1:1: Premature end of file.
2026-06-29 16:30:47,853 [ERROR] LogOutputStream:75 - [STDERR_REDIRECT] 
2026-06-29 16:30:48,835 [ERROR] LogOutputStream:75 - [STDERR_REDIRECT] [Fatal Error] :1:1: Premature end of file.
2026-06-29 16:30:48,835 [ERROR] LogOutputStream:75 - [STDERR_REDIRECT] 
2026-06-29 16:30:49,835 [ERROR] LogOutputStream:75 - [STDERR_REDIRECT] [Fatal Error] :1:1: Premature end of file.
2026-06-29 16:30:49,835 [ERROR] LogOutputStream:75 - [STDERR_REDIRECT] 
2026-06-29 16:30:50,841 [ERROR] LogOutputStream:75 - [STDERR_REDIRECT] [Fatal Error] :1:1: Premature end of file.
2026-06-29 16:30:50,841 [ERROR] LogOutputStream:75 - [STDERR_REDIRECT] 
2026-06-29 16:30:51,862 [ERROR] LogOutputStream:75 - [STDERR_REDIRECT] [Fatal Error] :1:1: Premature end of file.
2026-06-29 16:30:51,862 [ERROR] LogOutputStream:75 - [STDERR_REDIRECT] 
2026-06-29 16:30:52,830 [ERROR] LogOutputStream:75 - [STDERR_REDIRECT] [Fatal Error] :1:1: Premature end of file.
2026-06-29 16:30:52,831 [ERROR] LogOutputStream:75 - [STDERR_REDIRECT] 
2026-06-29 16:30:53,845 [ERROR] LogOutputStream:75 - [STDERR_REDIRECT] [Fatal Error] :1:1: Premature end of file.
2026-06-29 16:30:53,845 [ERROR] LogOutputStream:75 - [STDERR_REDIRECT] 
2026-06-29 16:30:54,835 [ERROR] LogOutputStream:75 - [STDERR_REDIRECT] [Fatal Error] :1:1: Premature end of file.
2026-06-29 16:30:54,835 [ERROR] LogOutputStream:75 - [STDERR_REDIRECT] 
2026-06-29 16:30:55,838 [ERROR] LogOutputStream:75 - [STDERR_REDIRECT] [Fatal Error] :1:1: Premature end of file.
2026-06-29 16:30:55,838 [ERROR] LogOutputStream:75 - [STDERR_REDIRECT] 
2026-06-29 16:30:56,852 [ERROR] LogOutputStream:75 - [STDERR_REDIRECT] [Fatal Error] :1:1: Premature end of file.
2026-06-29 16:30:56,852 [ERROR] LogOutputStream:75 - [STDERR_REDIRECT] 
2026-06-29 16:30:57,837 [ERROR] LogOutputStream:75 - [STDERR_REDIRECT] [Fatal Error] :1:1: Premature end of file.
2026-06-29 16:30:57,837 [ERROR] LogOutputStream:75 - [STDERR_REDIRECT] 
2026-06-29 16:30:58,856 [ERROR] LogOutputStream:75 - [STDERR_REDIRECT] [Fatal Error] :1:1: Premature end of file.
2026-06-29 16:30:58,857 [ERROR] LogOutputStream:75 - [STDERR_REDIRECT] 
2026-06-29 16:30:59,846 [ERROR] LogOutputStream:75 - [STDERR_REDIRECT] [Fatal Error] :1:1: Premature end of file.
2026-06-29 16:30:59,846 [ERROR] LogOutputStream:75 - [STDERR_REDIRECT] 
2026-06-29 16:31:00,822 [ERROR] LogOutputStream:75 - [STDERR_REDIRECT] [Fatal Error] :1:1: Premature end of file.
2026-06-29 16:31:00,822 [ERROR] LogOutputStream:75 - [STDERR_REDIRECT] 
2026-06-29 16:31:01,842 [ERROR] LogOutputStream:75 - [STDERR_REDIRECT] [Fatal Error] :1:1: Premature end of file.
2026-06-29 16:31:01,842 [ERROR] LogOutputStream:75 - [STDERR_REDIRECT] 
2026-06-29 16:31:02,857 [ERROR] LogOutputStream:75 - [STDERR_REDIRECT] [Fatal Error] :1:1: Premature end of file.
2026-06-29 16:31:02,857 [ERROR] LogOutputStream:75 - [STDERR_REDIRECT] 
2026-06-29 16:31:03,830 [ERROR] LogOutputStream:75 - [STDERR_REDIRECT] [Fatal Error] :1:1: Premature end of file.
2026-06-29 16:31:03,830 [ERROR] LogOutputStream:75 - [STDERR_REDIRECT] 
2026-06-29 16:31:04,849 [ERROR] LogOutputStream:75 - [STDERR_REDIRECT] [Fatal Error] :1:1: Premature end of file.
2026-06-29 16:31:04,850 [ERROR] LogOutputStream:75 - [STDERR_REDIRECT] 
2026-06-29 16:31:05,852 [ERROR] LogOutputStream:75 - [STDERR_REDIRECT] [Fatal Error] :1:1: Premature end of file.
2026-06-29 16:31:05,852 [ERROR] LogOutputStream:75 - [STDERR_REDIRECT] 
2026-06-29 16:31:06,872 [ERROR] LogOutputStream:75 - [STDERR_REDIRECT] [Fatal Error] :1:1: Premature end of file.
2026-06-29 16:31:06,872 [ERROR] LogOutputStream:75 - [STDERR_REDIRECT] 
2026-06-29 16:31:07,832 [ERROR] LogOutputStream:75 - [STDERR_REDIRECT] [Fatal Error] :1:1: Premature end of file.
2026-06-29 16:31:07,832 [ERROR] LogOutputStream:75 - [STDERR_REDIRECT] 
2026-06-29 16:31:08,837 [ERROR] LogOutputStream:75 - [STDERR_REDIRECT] [Fatal Error] :1:1: Premature end of file.
2026-06-29 16:31:08,837 [ERROR] LogOutputStream:75 - [STDERR_REDIRECT] 
2026-06-29 16:31:09,844 [ERROR] LogOutputStream:75 - [STDERR_REDIRECT] [Fatal Error] :1:1: Premature end of file.
2026-06-29 16:31:09,844 [ERROR] LogOutputStream:75 - [STDERR_REDIRECT] 
2026-06-29 16:31:10,852 [ERROR] LogOutputStream:75 - [STDERR_REDIRECT] [Fatal Error] :1:1: Premature end of file.
2026-06-29 16:31:10,852 [ERROR] LogOutputStream:75 - [STDERR_REDIRECT] 
2026-06-29 16:31:11,847 [ERROR] LogOutputStream:75 - [STDERR_REDIRECT] [Fatal Error] :1:1: Premature end of file.
2026-06-29 16:31:11,849 [ERROR] LogOutputStream:75 - [STDERR_REDIRECT] 
2026-06-29 16:31:12,942 [ERROR] LogOutputStream:75 - [STDERR_REDIRECT] [Fatal Error] :1:1: Premature end of file.
2026-06-29 16:31:12,943 [ERROR] LogOutputStream:75 - [STDERR_REDIRECT] 
2026-06-29 16:31:13,853 [ERROR] LogOutputStream:75 - [STDERR_REDIRECT] [Fatal Error] :1:1: Premature end of file.
2026-06-29 16:31:13,853 [ERROR] LogOutputStream:75 - [STDERR_REDIRECT] 
2026-06-29 16:31:14,850 [ERROR] LogOutputStream:75 - [STDERR_REDIRECT] [Fatal Error] :1:1: Premature end of file.
2026-06-29 16:31:14,850 [ERROR] LogOutputStream:75 - [STDERR_REDIRECT] 
2026-06-29 16:31:15,841 [ERROR] LogOutputStream:75 - [STDERR_REDIRECT] [Fatal Error] :1:1: Premature end of file.
2026-06-29 16:31:15,841 [ERROR] LogOutputStream:75 - [STDERR_REDIRECT] 
2026-06-29 16:31:16,824 [ERROR] LogOutputStream:75 - [STDERR_REDIRECT] [Fatal Error] :1:1: Premature end of file.
2026-06-29 16:31:16,824 [ERROR] LogOutputStream:75 - [STDERR_REDIRECT] 
2026-06-29 16:31:17,842 [ERROR] LogOutputStream:75 - [STDERR_REDIRECT] [Fatal Error] :1:1: Premature end of file.
2026-06-29 16:31:17,842 [ERROR] LogOutputStream:75 - [STDERR_REDIRECT] 
2026-06-29 16:31:18,824 [ERROR] LogOutputStream:75 - [STDERR_REDIRECT] [Fatal Error] :1:1: Premature end of file.
2026-06-29 16:31:18,824 [ERROR] LogOutputStream:75 - [STDERR_REDIRECT] 
2026-06-29 16:31:19,848 [ERROR] LogOutputStream:75 - [STDERR_REDIRECT] [Fatal Error] :1:1: Premature end of file.
2026-06-29 16:31:19,848 [ERROR] LogOutputStream:75 - [STDERR_REDIRECT] 
2026-06-29 16:31:20,841 [ERROR] LogOutputStream:75 - [STDERR_REDIRECT] [Fatal Error] :1:1: Premature end of file.
2026-06-29 16:31:20,841 [ERROR] LogOutputStream:75 - [STDERR_REDIRECT] 
2026-06-29 16:31:21,836 [ERROR] LogOutputStream:75 - [STDERR_REDIRECT] [Fatal Error] :1:1: Premature end of file.
2026-06-29 16:31:21,836 [ERROR] LogOutputStream:75 - [STDERR_REDIRECT] 
2026-06-29 16:31:22,839 [ERROR] LogOutputStream:75 - [STDERR_REDIRECT] [Fatal Error] :1:1: Premature end of file.
2026-06-29 16:31:22,839 [ERROR] LogOutputStream:75 - [STDERR_REDIRECT] 
2026-06-29 16:31:23,829 [ERROR] LogOutputStream:75 - [STDERR_REDIRECT] [Fatal Error] :1:1: Premature end of file.
2026-06-29 16:31:23,829 [ERROR] LogOutputStream:75 - [STDERR_REDIRECT] 
2026-06-29 16:31:24,830 [ERROR] LogOutputStream:75 - [STDERR_REDIRECT] [Fatal Error] :1:1: Premature end of file.
2026-06-29 16:31:24,830 [ERROR] LogOutputStream:75 - [STDERR_REDIRECT] 
2026-06-29 16:31:25,833 [ERROR] LogOutputStream:75 - [STDERR_REDIRECT] [Fatal Error] :1:1: Premature end of file.
2026-06-29 16:31:25,833 [ERROR] LogOutputStream:75 - [STDERR_REDIRECT] 
2026-06-29 16:31:26,822 [ERROR] LogOutputStream:75 - [STDERR_REDIRECT] [Fatal Error] :1:1: Premature end of file.
2026-06-29 16:31:26,822 [ERROR] LogOutputStream:75 - [STDERR_REDIRECT] 
2026-06-29 16:31:27,837 [ERROR] LogOutputStream:75 - [STDERR_REDIRECT] [Fatal Error] :1:1: Premature end of file.
2026-06-29 16:31:27,837 [ERROR] LogOutputStream:75 - [STDERR_REDIRECT] 
2026-06-29 16:31:28,838 [ERROR] LogOutputStream:75 - [STDERR_REDIRECT] [Fatal Error] :1:1: Premature end of file.
2026-06-29 16:31:28,838 [ERROR] LogOutputStream:75 - [STDERR_REDIRECT] 
2026-06-29 16:31:29,852 [ERROR] LogOutputStream:75 - [STDERR_REDIRECT] [Fatal Error] :1:1: Premature end of file.
2026-06-29 16:31:29,852 [ERROR] LogOutputStream:75 - [STDERR_REDIRECT] 
2026-06-29 16:31:30,835 [ERROR] LogOutputStream:75 - [STDERR_REDIRECT] [Fatal Error] :1:1: Premature end of file.
2026-06-29 16:31:30,835 [ERROR] LogOutputStream:75 - [STDERR_REDIRECT] 
2026-06-29 16:31:31,843 [ERROR] LogOutputStream:75 - [STDERR_REDIRECT] [Fatal Error] :1:1: Premature end of file.
2026-06-29 16:31:31,843 [ERROR] LogOutputStream:75 - [STDERR_REDIRECT] 
2026-06-29 16:31:32,855 [ERROR] LogOutputStream:75 - [STDERR_REDIRECT] [Fatal Error] :1:1: Premature end of file.
2026-06-29 16:31:32,855 [ERROR] LogOutputStream:75 - [STDERR_REDIRECT] 
2026-06-29 16:31:33,875 [ERROR] LogOutputStream:75 - [STDERR_REDIRECT] [Fatal Error] :1:1: Premature end of file.
2026-06-29 16:31:33,876 [ERROR] LogOutputStream:75 - [STDERR_REDIRECT] 
2026-06-29 16:31:34,843 [ERROR] LogOutputStream:75 - [STDERR_REDIRECT] [Fatal Error] :1:1: Premature end of file.
2026-06-29 16:31:34,843 [ERROR] LogOutputStream:75 - [STDERR_REDIRECT] 
2026-06-29 16:31:35,832 [ERROR] LogOutputStream:75 - [STDERR_REDIRECT] [Fatal Error] :1:1: Premature end of file.
2026-06-29 16:31:35,832 [ERROR] LogOutputStream:75 - [STDERR_REDIRECT] 
2026-06-29 16:31:36,837 [ERROR] LogOutputStream:75 - [STDERR_REDIRECT] [Fatal Error] :1:1: Premature end of file.
2026-06-29 16:31:36,837 [ERROR] LogOutputStream:75 - [STDERR_REDIRECT] 
2026-06-29 16:31:37,871 [ERROR] LogOutputStream:75 - [STDERR_REDIRECT] [Fatal Error] :1:1: Premature end of file.
2026-06-29 16:31:37,871 [ERROR] LogOutputStream:75 - [STDERR_REDIRECT] 
2026-06-29 16:31:38,843 [ERROR] LogOutputStream:75 - [STDERR_REDIRECT] [Fatal Error] :1:1: Premature end of file.
2026-06-29 16:31:38,843 [ERROR] LogOutputStream:75 - [STDERR_REDIRECT] 
2026-06-29 16:31:39,854 [ERROR] LogOutputStream:75 - [STDERR_REDIRECT] [Fatal Error] :1:1: Premature end of file.
2026-06-29 16:31:39,855 [ERROR] LogOutputStream:75 - [STDERR_REDIRECT] 
2026-06-29 16:31:40,858 [ERROR] LogOutputStream:75 - [STDERR_REDIRECT] [Fatal Error] :1:1: Premature end of file.
2026-06-29 16:31:40,858 [ERROR] LogOutputStream:75 - [STDERR_REDIRECT] 
2026-06-29 16:31:41,848 [ERROR] LogOutputStream:75 - [STDERR_REDIRECT] [Fatal Error] :1:1: Premature end of file.
2026-06-29 16:31:41,848 [ERROR] LogOutputStream:75 - [STDERR_REDIRECT] 
2026-06-29 16:31:42,840 [ERROR] LogOutputStream:75 - [STDERR_REDIRECT] [Fatal Error] :1:1: Premature end of file.
2026-06-29 16:31:42,840 [ERROR] LogOutputStream:75 - [STDERR_REDIRECT] 
2026-06-29 16:31:43,833 [ERROR] LogOutputStream:75 - [STDERR_REDIRECT] [Fatal Error] :1:1: Premature end of file.
2026-06-29 16:31:43,833 [ERROR] LogOutputStream:75 - [STDERR_REDIRECT] 
2026-06-29 16:31:44,840 [ERROR] LogOutputStream:75 - [STDERR_REDIRECT] [Fatal Error] :1:1: Premature end of file.
2026-06-29 16:31:44,840 [ERROR] LogOutputStream:75 - [STDERR_REDIRECT] 
2026-06-29 16:31:45,848 [ERROR] LogOutputStream:75 - [STDERR_REDIRECT] [Fatal Error] :1:1: Premature end of file.
2026-06-29 16:31:45,848 [ERROR] LogOutputStream:75 - [STDERR_REDIRECT] 
2026-06-29 16:31:46,824 [ERROR] LogOutputStream:75 - [STDERR_REDIRECT] [Fatal Error] :1:1: Premature end of file.
2026-06-29 16:31:46,824 [ERROR] LogOutputStream:75 - [STDERR_REDIRECT] 
2026-06-29 16:31:47,849 [ERROR] LogOutputStream:75 - [STDERR_REDIRECT] [Fatal Error] :1:1: Premature end of file.
2026-06-29 16:31:47,849 [ERROR] LogOutputStream:75 - [STDERR_REDIRECT] 
2026-06-29 16:31:48,841 [ERROR] LogOutputStream:75 - [STDERR_REDIRECT] [Fatal Error] :1:1: Premature end of file.
2026-06-29 16:31:48,841 [ERROR] LogOutputStream:75 - [STDERR_REDIRECT] 
2026-06-29 16:31:49,853 [ERROR] LogOutputStream:75 - [STDERR_REDIRECT] [Fatal Error] :1:1: Premature end of file.
2026-06-29 16:31:49,853 [ERROR] LogOutputStream:75 - [STDERR_REDIRECT] 
2026-06-29 16:31:50,865 [ERROR] LogOutputStream:75 - [STDERR_REDIRECT] [Fatal Error] :1:1: Premature end of file.
2026-06-29 16:31:50,865 [ERROR] LogOutputStream:75 - [STDERR_REDIRECT] 
2026-06-29 16:31:51,828 [ERROR] LogOutputStream:75 - [STDERR_REDIRECT] [Fatal Error] :1:1: Premature end of file.
2026-06-29 16:31:51,828 [ERROR] LogOutputStream:75 - [STDERR_REDIRECT] 
2026-06-29 16:31:52,865 [ERROR] LogOutputStream:75 - [STDERR_REDIRECT] [Fatal Error] :1:1: Premature end of file.
2026-06-29 16:31:52,865 [ERROR] LogOutputStream:75 - [STDERR_REDIRECT] 
2026-06-29 16:31:53,852 [ERROR] LogOutputStream:75 - [STDERR_REDIRECT] [Fatal Error] :1:1: Premature end of file.
2026-06-29 16:31:53,853 [ERROR] LogOutputStream:75 - [STDERR_REDIRECT] 
2026-06-29 16:31:54,883 [ERROR] LogOutputStream:75 - [STDERR_REDIRECT] [Fatal Error] :1:1: Premature end of file.
2026-06-29 16:31:54,883 [ERROR] LogOutputStream:75 - [STDERR_REDIRECT] 
2026-06-29 16:31:55,844 [ERROR] LogOutputStream:75 - [STDERR_REDIRECT] [Fatal Error] :1:1: Premature end of file.
2026-06-29 16:31:55,844 [ERROR] LogOutputStream:75 - [STDERR_REDIRECT] 
2026-06-29 16:31:56,843 [ERROR] LogOutputStream:75 - [STDERR_REDIRECT] [Fatal Error] :1:1: Premature end of file.
2026-06-29 16:31:56,843 [ERROR] LogOutputStream:75 - [STDERR_REDIRECT] 
2026-06-29 16:31:57,845 [ERROR] LogOutputStream:75 - [STDERR_REDIRECT] [Fatal Error] :1:1: Premature end of file.
2026-06-29 16:31:57,845 [ERROR] LogOutputStream:75 - [STDERR_REDIRECT] 
2026-06-29 16:31:58,850 [ERROR] LogOutputStream:75 - [STDERR_REDIRECT] [Fatal Error] :1:1: Premature end of file.
2026-06-29 16:31:58,850 [ERROR] LogOutputStream:75 - [STDERR_REDIRECT] 
2026-06-29 16:31:59,839 [ERROR] LogOutputStream:75 - [STDERR_REDIRECT] [Fatal Error] :1:1: Premature end of file.
2026-06-29 16:31:59,839 [ERROR] LogOutputStream:75 - [STDERR_REDIRECT] 
2026-06-29 16:32:00,839 [ERROR] LogOutputStream:75 - [STDERR_REDIRECT] [Fatal Error] :1:1: Premature end of file.
2026-06-29 16:32:00,839 [ERROR] LogOutputStream:75 - [STDERR_REDIRECT] 
2026-06-29 16:32:01,867 [ERROR] LogOutputStream:75 - [STDERR_REDIRECT] [Fatal Error] :1:1: Premature end of file.
2026-06-29 16:32:01,867 [ERROR] LogOutputStream:75 - [STDERR_REDIRECT] 
2026-06-29 16:32:02,828 [ERROR] LogOutputStream:75 - [STDERR_REDIRECT] [Fatal Error] :1:1: Premature end of file.
2026-06-29 16:32:02,828 [ERROR] LogOutputStream:75 - [STDERR_REDIRECT] 
2026-06-29 16:32:03,828 [ERROR] LogOutputStream:75 - [STDERR_REDIRECT] [Fatal Error] :1:1: Premature end of file.
2026-06-29 16:32:03,828 [ERROR] LogOutputStream:75 - [STDERR_REDIRECT] 
2026-06-29 16:32:04,828 [ERROR] LogOutputStream:75 - [STDERR_REDIRECT] [Fatal Error] :1:1: Premature end of file.
2026-06-29 16:32:04,828 [ERROR] LogOutputStream:75 - [STDERR_REDIRECT] 
2026-06-29 16:32:05,839 [ERROR] LogOutputStream:75 - [STDERR_REDIRECT] [Fatal Error] :1:1: Premature end of file.
2026-06-29 16:32:05,839 [ERROR] LogOutputStream:75 - [STDERR_REDIRECT] 
2026-06-29 16:32:06,850 [ERROR] LogOutputStream:75 - [STDERR_REDIRECT] [Fatal Error] :1:1: Premature end of file.
2026-06-29 16:32:06,850 [ERROR] LogOutputStream:75 - [STDERR_REDIRECT] 
2026-06-29 16:32:07,850 [ERROR] LogOutputStream:75 - [STDERR_REDIRECT] [Fatal Error] :1:1: Premature end of file.
2026-06-29 16:32:07,850 [ERROR] LogOutputStream:75 - [STDERR_REDIRECT] 
2026-06-29 16:32:08,855 [ERROR] LogOutputStream:75 - [STDERR_REDIRECT] [Fatal Error] :1:1: Premature end of file.
2026-06-29 16:32:08,855 [ERROR] LogOutputStream:75 - [STDERR_REDIRECT] 
2026-06-29 16:32:09,837 [ERROR] LogOutputStream:75 - [STDERR_REDIRECT] [Fatal Error] :1:1: Premature end of file.
2026-06-29 16:32:09,837 [ERROR] LogOutputStream:75 - [STDERR_REDIRECT] 
2026-06-29 16:32:10,843 [ERROR] LogOutputStream:75 - [STDERR_REDIRECT] [Fatal Error] :1:1: Premature end of file.
2026-06-29 16:32:10,845 [ERROR] LogOutputStream:75 - [STDERR_REDIRECT] 
2026-06-29 16:32:11,821 [ERROR] LogOutputStream:75 - [STDERR_REDIRECT] [Fatal Error] :1:1: Premature end of file.
2026-06-29 16:32:11,821 [ERROR] LogOutputStream:75 - [STDERR_REDIRECT] 
2026-06-29 16:32:12,861 [ERROR] LogOutputStream:75 - [STDERR_REDIRECT] [Fatal Error] :1:1: Premature end of file.
2026-06-29 16:32:12,861 [ERROR] LogOutputStream:75 - [STDERR_REDIRECT] 
2026-06-29 16:32:13,863 [ERROR] LogOutputStream:75 - [STDERR_REDIRECT] [Fatal Error] :1:1: Premature end of file.
2026-06-29 16:32:13,864 [ERROR] LogOutputStream:75 - [STDERR_REDIRECT] 
2026-06-29 16:32:14,828 [ERROR] LogOutputStream:75 - [STDERR_REDIRECT] [Fatal Error] :1:1: Premature end of file.
2026-06-29 16:32:14,828 [ERROR] LogOutputStream:75 - [STDERR_REDIRECT] 
2026-06-29 16:32:15,836 [ERROR] LogOutputStream:75 - [STDERR_REDIRECT] [Fatal Error] :1:1: Premature end of file.
2026-06-29 16:32:15,838 [ERROR] LogOutputStream:75 - [STDERR_REDIRECT] 
2026-06-29 16:32:16,832 [ERROR] LogOutputStream:75 - [STDERR_REDIRECT] [Fatal Error] :1:1: Premature end of file.
2026-06-29 16:32:16,832 [ERROR] LogOutputStream:75 - [STDERR_REDIRECT] 
2026-06-29 16:32:17,837 [ERROR] LogOutputStream:75 - [STDERR_REDIRECT] [Fatal Error] :1:1: Premature end of file.
2026-06-29 16:32:17,839 [ERROR] LogOutputStream:75 - [STDERR_REDIRECT] 
2026-06-29 16:32:18,848 [ERROR] LogOutputStream:75 - [STDERR_REDIRECT] [Fatal Error] :1:1: Premature end of file.
2026-06-29 16:32:18,848 [ERROR] LogOutputStream:75 - [STDERR_REDIRECT] 
2026-06-29 16:32:19,835 [ERROR] LogOutputStream:75 - [STDERR_REDIRECT] [Fatal Error] :1:1: Premature end of file.
2026-06-29 16:32:19,835 [ERROR] LogOutputStream:75 - [STDERR_REDIRECT] 
2026-06-29 16:32:20,840 [ERROR] LogOutputStream:75 - [STDERR_REDIRECT] [Fatal Error] :1:1: Premature end of file.
2026-06-29 16:32:20,840 [ERROR] LogOutputStream:75 - [STDERR_REDIRECT] 
2026-06-29 16:32:21,844 [ERROR] LogOutputStream:75 - [STDERR_REDIRECT] [Fatal Error] :1:1: Premature end of file.
2026-06-29 16:32:21,844 [ERROR] LogOutputStream:75 - [STDERR_REDIRECT] 
2026-06-29 16:32:22,837 [ERROR] LogOutputStream:75 - [STDERR_REDIRECT] [Fatal Error] :1:1: Premature end of file.
2026-06-29 16:32:22,837 [ERROR] LogOutputStream:75 - [STDERR_REDIRECT] 
2026-06-29 16:32:23,848 [ERROR] LogOutputStream:75 - [STDERR_REDIRECT] [Fatal Error] :1:1: Premature end of file.
2026-06-29 16:32:23,848 [ERROR] LogOutputStream:75 - [STDERR_REDIRECT] 
2026-06-29 16:32:24,834 [ERROR] LogOutputStream:75 - [STDERR_REDIRECT] [Fatal Error] :1:1: Premature end of file.
2026-06-29 16:32:24,834 [ERROR] LogOutputStream:75 - [STDERR_REDIRECT] 
2026-06-29 16:32:25,864 [ERROR] LogOutputStream:75 - [STDERR_REDIRECT] [Fatal Error] :1:1: Premature end of file.
2026-06-29 16:32:25,864 [ERROR] LogOutputStream:75 - [STDERR_REDIRECT] 
2026-06-29 16:32:26,863 [ERROR] LogOutputStream:75 - [STDERR_REDIRECT] [Fatal Error] :1:1: Premature end of file.
2026-06-29 16:32:26,863 [ERROR] LogOutputStream:75 - [STDERR_REDIRECT] 
2026-06-29 16:32:27,838 [ERROR] LogOutputStream:75 - [STDERR_REDIRECT] [Fatal Error] :1:1: Premature end of file.
2026-06-29 16:32:27,838 [ERROR] LogOutputStream:75 - [STDERR_REDIRECT] 
2026-06-29 16:32:28,842 [ERROR] LogOutputStream:75 - [STDERR_REDIRECT] [Fatal Error] :1:1: Premature end of file.
2026-06-29 16:32:28,842 [ERROR] LogOutputStream:75 - [STDERR_REDIRECT] 
2026-06-29 16:32:29,859 [ERROR] LogOutputStream:75 - [STDERR_REDIRECT] [Fatal Error] :1:1: Premature end of file.
2026-06-29 16:32:29,859 [ERROR] LogOutputStream:75 - [STDERR_REDIRECT] 
2026-06-29 16:32:30,849 [ERROR] LogOutputStream:75 - [STDERR_REDIRECT] [Fatal Error] :1:1: Premature end of file.
2026-06-29 16:32:30,849 [ERROR] LogOutputStream:75 - [STDERR_REDIRECT] 
2026-06-29 16:32:31,848 [ERROR] LogOutputStream:75 - [STDERR_REDIRECT] [Fatal Error] :1:1: Premature end of file.
2026-06-29 16:32:31,848 [ERROR] LogOutputStream:75 - [STDERR_REDIRECT] 
2026-06-29 16:32:32,862 [ERROR] LogOutputStream:75 - [STDERR_REDIRECT] [Fatal Error] :1:1: Premature end of file.
2026-06-29 16:32:32,862 [ERROR] LogOutputStream:75 - [STDERR_REDIRECT] 
2026-06-29 16:32:33,855 [ERROR] LogOutputStream:75 - [STDERR_REDIRECT] [Fatal Error] :1:1: Premature end of file.
2026-06-29 16:32:33,855 [ERROR] LogOutputStream:75 - [STDERR_REDIRECT] 
2026-06-29 16:32:34,812 [ERROR] LogOutputStream:75 - [STDERR_REDIRECT] [Fatal Error] :1:1: Premature end of file.
2026-06-29 16:32:34,812 [ERROR] LogOutputStream:75 - [STDERR_REDIRECT] 
2026-06-29 16:32:35,836 [ERROR] LogOutputStream:75 - [STDERR_REDIRECT] [Fatal Error] :1:1: Premature end of file.
2026-06-29 16:32:35,836 [ERROR] LogOutputStream:75 - [STDERR_REDIRECT] 
2026-06-29 16:32:36,842 [ERROR] LogOutputStream:75 - [STDERR_REDIRECT] [Fatal Error] :1:1: Premature end of file.
2026-06-29 16:32:36,842 [ERROR] LogOutputStream:75 - [STDERR_REDIRECT] 
2026-06-29 16:32:37,828 [ERROR] LogOutputStream:75 - [STDERR_REDIRECT] [Fatal Error] :1:1: Premature end of file.
2026-06-29 16:32:37,828 [ERROR] LogOutputStream:75 - [STDERR_REDIRECT] 
2026-06-29 16:32:38,844 [ERROR] LogOutputStream:75 - [STDERR_REDIRECT] [Fatal Error] :1:1: Premature end of file.
2026-06-29 16:32:38,844 [ERROR] LogOutputStream:75 - [STDERR_REDIRECT] 
2026-06-29 16:32:39,832 [ERROR] LogOutputStream:75 - [STDERR_REDIRECT] [Fatal Error] :1:1: Premature end of file.
2026-06-29 16:32:39,833 [ERROR] LogOutputStream:75 - [STDERR_REDIRECT] 
2026-06-29 16:32:40,838 [ERROR] LogOutputStream:75 - [STDERR_REDIRECT] [Fatal Error] :1:1: Premature end of file.
2026-06-29 16:32:40,838 [ERROR] LogOutputStream:75 - [STDERR_REDIRECT] 
2026-06-29 16:32:41,839 [ERROR] LogOutputStream:75 - [STDERR_REDIRECT] [Fatal Error] :1:1: Premature end of file.
2026-06-29 16:32:41,839 [ERROR] LogOutputStream:75 - [STDERR_REDIRECT] 
2026-06-29 16:32:42,846 [ERROR] LogOutputStream:75 - [STDERR_REDIRECT] [Fatal Error] :1:1: Premature end of file.
2026-06-29 16:32:42,846 [ERROR] LogOutputStream:75 - [STDERR_REDIRECT] 
2026-06-29 16:32:43,863 [ERROR] LogOutputStream:75 - [STDERR_REDIRECT] [Fatal Error] :1:1: Premature end of file.
2026-06-29 16:32:43,863 [ERROR] LogOutputStream:75 - [STDERR_REDIRECT] 
2026-06-29 16:32:44,846 [ERROR] LogOutputStream:75 - [STDERR_REDIRECT] [Fatal Error] :1:1: Premature end of file.
2026-06-29 16:32:44,846 [ERROR] LogOutputStream:75 - [STDERR_REDIRECT] 
2026-06-29 16:32:45,858 [ERROR] LogOutputStream:75 - [STDERR_REDIRECT] [Fatal Error] :1:1: Premature end of file.
2026-06-29 16:32:45,858 [ERROR] LogOutputStream:75 - [STDERR_REDIRECT] 
2026-06-29 16:32:46,848 [ERROR] LogOutputStream:75 - [STDERR_REDIRECT] [Fatal Error] :1:1: Premature end of file.
2026-06-29 16:32:46,848 [ERROR] LogOutputStream:75 - [STDERR_REDIRECT] 
2026-06-29 16:32:47,844 [ERROR] LogOutputStream:75 - [STDERR_REDIRECT] [Fatal Error] :1:1: Premature end of file.
2026-06-29 16:32:47,844 [ERROR] LogOutputStream:75 - [STDERR_REDIRECT] 
2026-06-29 16:32:48,841 [ERROR] LogOutputStream:75 - [STDERR_REDIRECT] [Fatal Error] :1:1: Premature end of file.
2026-06-29 16:32:48,842 [ERROR] LogOutputStream:75 - [STDERR_REDIRECT] 
2026-06-29 16:32:49,861 [ERROR] LogOutputStream:75 - [STDERR_REDIRECT] [Fatal Error] :1:1: Premature end of file.
2026-06-29 16:32:49,861 [ERROR] LogOutputStream:75 - [STDERR_REDIRECT] 
2026-06-29 16:32:50,838 [ERROR] LogOutputStream:75 - [STDERR_REDIRECT] [Fatal Error] :1:1: Premature end of file.
2026-06-29 16:32:50,840 [ERROR] LogOutputStream:75 - [STDERR_REDIRECT] 
2026-06-29 16:32:51,837 [ERROR] LogOutputStream:75 - [STDERR_REDIRECT] [Fatal Error] :1:1: Premature end of file.
2026-06-29 16:32:51,837 [ERROR] LogOutputStream:75 - [STDERR_REDIRECT] 
2026-06-29 16:32:52,843 [ERROR] LogOutputStream:75 - [STDERR_REDIRECT] [Fatal Error] :1:1: Premature end of file.
2026-06-29 16:32:52,843 [ERROR] LogOutputStream:75 - [STDERR_REDIRECT] 
2026-06-29 16:32:53,853 [ERROR] LogOutputStream:75 - [STDERR_REDIRECT] [Fatal Error] :1:1: Premature end of file.
2026-06-29 16:32:53,853 [ERROR] LogOutputStream:75 - [STDERR_REDIRECT] 
2026-06-29 16:32:54,860 [ERROR] LogOutputStream:75 - [STDERR_REDIRECT] [Fatal Error] :1:1: Premature end of file.
2026-06-29 16:32:54,860 [ERROR] LogOutputStream:75 - [STDERR_REDIRECT] 
2026-06-29 16:32:55,846 [ERROR] LogOutputStream:75 - [STDERR_REDIRECT] [Fatal Error] :1:1: Premature end of file.
2026-06-29 16:32:55,846 [ERROR] LogOutputStream:75 - [STDERR_REDIRECT] 
2026-06-29 16:32:56,832 [ERROR] LogOutputStream:75 - [STDERR_REDIRECT] [Fatal Error] :1:1: Premature end of file.
2026-06-29 16:32:56,834 [ERROR] LogOutputStream:75 - [STDERR_REDIRECT] 
2026-06-29 16:32:57,850 [ERROR] LogOutputStream:75 - [STDERR_REDIRECT] [Fatal Error] :1:1: Premature end of file.
2026-06-29 16:32:57,850 [ERROR] LogOutputStream:75 - [STDERR_REDIRECT] 
2026-06-29 16:32:58,826 [ERROR] LogOutputStream:75 - [STDERR_REDIRECT] [Fatal Error] :1:1: Premature end of file.
2026-06-29 16:32:58,826 [ERROR] LogOutputStream:75 - [STDERR_REDIRECT] 
2026-06-29 16:32:59,847 [ERROR] LogOutputStream:75 - [STDERR_REDIRECT] [Fatal Error] :1:1: Premature end of file.
2026-06-29 16:32:59,847 [ERROR] LogOutputStream:75 - [STDERR_REDIRECT] 
2026-06-29 16:33:00,822 [ERROR] LogOutputStream:75 - [STDERR_REDIRECT] [Fatal Error] :1:1: Premature end of file.
2026-06-29 16:33:00,823 [ERROR] LogOutputStream:75 - [STDERR_REDIRECT] 
2026-06-29 16:33:01,813 [ERROR] LogOutputStream:75 - [STDERR_REDIRECT] [Fatal Error] :1:1: Premature end of file.
2026-06-29 16:33:01,813 [ERROR] LogOutputStream:75 - [STDERR_REDIRECT] 
2026-06-29 16:33:02,850 [ERROR] LogOutputStream:75 - [STDERR_REDIRECT] [Fatal Error] :1:1: Premature end of file.
2026-06-29 16:33:02,850 [ERROR] LogOutputStream:75 - [STDERR_REDIRECT] 
2026-06-29 16:33:03,838 [ERROR] LogOutputStream:75 - [STDERR_REDIRECT] [Fatal Error] :1:1: Premature end of file.
2026-06-29 16:33:03,838 [ERROR] LogOutputStream:75 - [STDERR_REDIRECT] 
2026-06-29 16:33:04,839 [ERROR] LogOutputStream:75 - [STDERR_REDIRECT] [Fatal Error] :1:1: Premature end of file.
2026-06-29 16:33:04,839 [ERROR] LogOutputStream:75 - [STDERR_REDIRECT] 
2026-06-29 16:33:05,835 [ERROR] LogOutputStream:75 - [STDERR_REDIRECT] [Fatal Error] :1:1: Premature end of file.
2026-06-29 16:33:05,835 [ERROR] LogOutputStream:75 - [STDERR_REDIRECT] 
2026-06-29 16:33:06,835 [ERROR] LogOutputStream:75 - [STDERR_REDIRECT] [Fatal Error] :1:1: Premature end of file.
2026-06-29 16:33:06,835 [ERROR] LogOutputStream:75 - [STDERR_REDIRECT] 
2026-06-29 16:33:07,840 [ERROR] LogOutputStream:75 - [STDERR_REDIRECT] [Fatal Error] :1:1: Premature end of file.
2026-06-29 16:33:07,840 [ERROR] LogOutputStream:75 - [STDERR_REDIRECT] 
2026-06-29 16:33:08,836 [ERROR] LogOutputStream:75 - [STDERR_REDIRECT] [Fatal Error] :1:1: Premature end of file.
2026-06-29 16:33:08,836 [ERROR] LogOutputStream:75 - [STDERR_REDIRECT] 
2026-06-29 16:33:09,832 [ERROR] LogOutputStream:75 - [STDERR_REDIRECT] [Fatal Error] :1:1: Premature end of file.
2026-06-29 16:33:09,832 [ERROR] LogOutputStream:75 - [STDERR_REDIRECT] 
2026-06-29 16:33:10,835 [ERROR] LogOutputStream:75 - [STDERR_REDIRECT] [Fatal Error] :1:1: Premature end of file.
2026-06-29 16:33:10,835 [ERROR] LogOutputStream:75 - [STDERR_REDIRECT] 
2026-06-29 16:33:11,847 [ERROR] LogOutputStream:75 - [STDERR_REDIRECT] [Fatal Error] :1:1: Premature end of file.
2026-06-29 16:33:11,847 [ERROR] LogOutputStream:75 - [STDERR_REDIRECT] 
2026-06-29 16:33:12,888 [ERROR] LogOutputStream:75 - [STDERR_REDIRECT] [Fatal Error] :1:1: Premature end of file.
2026-06-29 16:33:12,888 [ERROR] LogOutputStream:75 - [STDERR_REDIRECT] 
2026-06-29 16:33:13,855 [ERROR] LogOutputStream:75 - [STDERR_REDIRECT] [Fatal Error] :1:1: Premature end of file.
2026-06-29 16:33:13,855 [ERROR] LogOutputStream:75 - [STDERR_REDIRECT] 
2026-06-29 16:33:14,840 [ERROR] LogOutputStream:75 - [STDERR_REDIRECT] [Fatal Error] :1:1: Premature end of file.
2026-06-29 16:33:14,840 [ERROR] LogOutputStream:75 - [STDERR_REDIRECT] 
2026-06-29 16:33:15,864 [ERROR] LogOutputStream:75 - [STDERR_REDIRECT] [Fatal Error] :1:1: Premature end of file.
2026-06-29 16:33:15,864 [ERROR] LogOutputStream:75 - [STDERR_REDIRECT] 
2026-06-29 16:33:16,841 [ERROR] LogOutputStream:75 - [STDERR_REDIRECT] [Fatal Error] :1:1: Premature end of file.
2026-06-29 16:33:16,841 [ERROR] LogOutputStream:75 - [STDERR_REDIRECT] 
2026-06-29 16:33:17,850 [ERROR] LogOutputStream:75 - [STDERR_REDIRECT] [Fatal Error] :1:1: Premature end of file.
2026-06-29 16:33:17,850 [ERROR] LogOutputStream:75 - [STDERR_REDIRECT] 
2026-06-29 16:33:18,834 [ERROR] LogOutputStream:75 - [STDERR_REDIRECT] [Fatal Error] :1:1: Premature end of file.
2026-06-29 16:33:18,834 [ERROR] LogOutputStream:75 - [STDERR_REDIRECT] 
2026-06-29 16:33:19,858 [ERROR] LogOutputStream:75 - [STDERR_REDIRECT] [Fatal Error] :1:1: Premature end of file.
2026-06-29 16:33:19,858 [ERROR] LogOutputStream:75 - [STDERR_REDIRECT] 
2026-06-29 16:33:20,833 [ERROR] LogOutputStream:75 - [STDERR_REDIRECT] [Fatal Error] :1:1: Premature end of file.
2026-06-29 16:33:20,833 [ERROR] LogOutputStream:75 - [STDERR_REDIRECT] 
2026-06-29 16:33:21,827 [ERROR] LogOutputStream:75 - [STDERR_REDIRECT] [Fatal Error] :1:1: Premature end of file.
2026-06-29 16:33:21,839 [ERROR] LogOutputStream:75 - [STDERR_REDIRECT] 
2026-06-29 16:33:22,852 [ERROR] LogOutputStream:75 - [STDERR_REDIRECT] [Fatal Error] :1:1: Premature end of file.
2026-06-29 16:33:22,852 [ERROR] LogOutputStream:75 - [STDERR_REDIRECT] 
2026-06-29 16:33:23,850 [ERROR] LogOutputStream:75 - [STDERR_REDIRECT] [Fatal Error] :1:1: Premature end of file.
2026-06-29 16:33:23,855 [ERROR] LogOutputStream:75 - [STDERR_REDIRECT] 
2026-06-29 16:33:24,851 [ERROR] LogOutputStream:75 - [STDERR_REDIRECT] [Fatal Error] :1:1: Premature end of file.
2026-06-29 16:33:24,853 [ERROR] LogOutputStream:75 - [STDERR_REDIRECT] 
2026-06-29 16:33:25,871 [ERROR] LogOutputStream:75 - [STDERR_REDIRECT] [Fatal Error] :1:1: Premature end of file.
2026-06-29 16:33:25,871 [ERROR] LogOutputStream:75 - [STDERR_REDIRECT] 
2026-06-29 16:33:26,885 [ERROR] LogOutputStream:75 - [STDERR_REDIRECT] [Fatal Error] :1:1: Premature end of file.
2026-06-29 16:33:26,887 [ERROR] LogOutputStream:75 - [STDERR_REDIRECT] 
2026-06-29 16:33:27,851 [ERROR] LogOutputStream:75 - [STDERR_REDIRECT] [Fatal Error] :1:1: Premature end of file.
2026-06-29 16:33:27,851 [ERROR] LogOutputStream:75 - [STDERR_REDIRECT] 
2026-06-29 16:33:28,837 [ERROR] LogOutputStream:75 - [STDERR_REDIRECT] [Fatal Error] :1:1: Premature end of file.
2026-06-29 16:33:28,837 [ERROR] LogOutputStream:75 - [STDERR_REDIRECT] 
2026-06-29 16:33:29,830 [ERROR] LogOutputStream:75 - [STDERR_REDIRECT] [Fatal Error] :1:1: Premature end of file.
2026-06-29 16:33:29,830 [ERROR] LogOutputStream:75 - [STDERR_REDIRECT] 
2026-06-29 16:33:30,839 [ERROR] LogOutputStream:75 - [STDERR_REDIRECT] [Fatal Error] :1:1: Premature end of file.
2026-06-29 16:33:30,839 [ERROR] LogOutputStream:75 - [STDERR_REDIRECT] 
2026-06-29 16:33:31,834 [ERROR] LogOutputStream:75 - [STDERR_REDIRECT] [Fatal Error] :1:1: Premature end of file.
2026-06-29 16:33:31,835 [ERROR] LogOutputStream:75 - [STDERR_REDIRECT] 
2026-06-29 16:33:32,845 [ERROR] LogOutputStream:75 - [STDERR_REDIRECT] [Fatal Error] :1:1: Premature end of file.
2026-06-29 16:33:32,845 [ERROR] LogOutputStream:75 - [STDERR_REDIRECT] 
2026-06-29 16:33:33,869 [ERROR] LogOutputStream:75 - [STDERR_REDIRECT] [Fatal Error] :1:1: Premature end of file.
2026-06-29 16:33:33,869 [ERROR] LogOutputStream:75 - [STDERR_REDIRECT] 
2026-06-29 16:33:34,850 [ERROR] LogOutputStream:75 - [STDERR_REDIRECT] [Fatal Error] :1:1: Premature end of file.
2026-06-29 16:33:34,850 [ERROR] LogOutputStream:75 - [STDERR_REDIRECT] 
2026-06-29 16:33:35,836 [ERROR] LogOutputStream:75 - [STDERR_REDIRECT] [Fatal Error] :1:1: Premature end of file.
2026-06-29 16:33:35,836 [ERROR] LogOutputStream:75 - [STDERR_REDIRECT] 
2026-06-29 16:33:36,836 [ERROR] LogOutputStream:75 - [STDERR_REDIRECT] [Fatal Error] :1:1: Premature end of file.
2026-06-29 16:33:36,836 [ERROR] LogOutputStream:75 - [STDERR_REDIRECT] 
2026-06-29 16:33:37,839 [ERROR] LogOutputStream:75 - [STDERR_REDIRECT] [Fatal Error] :1:1: Premature end of file.
2026-06-29 16:33:37,839 [ERROR] LogOutputStream:75 - [STDERR_REDIRECT] 
2026-06-29 16:33:38,855 [ERROR] LogOutputStream:75 - [STDERR_REDIRECT] [Fatal Error] :1:1: Premature end of file.
2026-06-29 16:33:38,856 [ERROR] LogOutputStream:75 - [STDERR_REDIRECT] 
2026-06-29 16:33:39,826 [ERROR] LogOutputStream:75 - [STDERR_REDIRECT] [Fatal Error] :1:1: Premature end of file.
2026-06-29 16:33:39,826 [ERROR] LogOutputStream:75 - [STDERR_REDIRECT] 
2026-06-29 16:33:40,895 [ERROR] LogOutputStream:75 - [STDERR_REDIRECT] [Fatal Error] :1:1: Premature end of file.
2026-06-29 16:33:40,896 [ERROR] LogOutputStream:75 - [STDERR_REDIRECT] 
2026-06-29 16:33:41,838 [ERROR] LogOutputStream:75 - [STDERR_REDIRECT] [Fatal Error] :1:1: Premature end of file.
2026-06-29 16:33:41,839 [ERROR] LogOutputStream:75 - [STDERR_REDIRECT] 
2026-06-29 16:33:42,831 [ERROR] LogOutputStream:75 - [STDERR_REDIRECT] [Fatal Error] :1:1: Premature end of file.
2026-06-29 16:33:42,831 [ERROR] LogOutputStream:75 - [STDERR_REDIRECT] 
2026-06-29 16:33:43,837 [ERROR] LogOutputStream:75 - [STDERR_REDIRECT] [Fatal Error] :1:1: Premature end of file.
2026-06-29 16:33:43,838 [ERROR] LogOutputStream:75 - [STDERR_REDIRECT] 
2026-06-29 16:33:44,836 [ERROR] LogOutputStream:75 - [STDERR_REDIRECT] [Fatal Error] :1:1: Premature end of file.
2026-06-29 16:33:44,837 [ERROR] LogOutputStream:75 - [STDERR_REDIRECT] 
2026-06-29 16:33:45,836 [ERROR] LogOutputStream:75 - [STDERR_REDIRECT] [Fatal Error] :1:1: Premature end of file.
2026-06-29 16:33:45,836 [ERROR] LogOutputStream:75 - [STDERR_REDIRECT] 
2026-06-29 16:33:46,872 [ERROR] LogOutputStream:75 - [STDERR_REDIRECT] [Fatal Error] :1:1: Premature end of file.
2026-06-29 16:33:46,875 [ERROR] LogOutputStream:75 - [STDERR_REDIRECT] 
2026-06-29 16:33:47,857 [ERROR] LogOutputStream:75 - [STDERR_REDIRECT] [Fatal Error] :1:1: Premature end of file.
2026-06-29 16:33:47,857 [ERROR] LogOutputStream:75 - [STDERR_REDIRECT] 
2026-06-29 16:33:48,864 [ERROR] LogOutputStream:75 - [STDERR_REDIRECT] [Fatal Error] :1:1: Premature end of file.
2026-06-29 16:33:48,864 [ERROR] LogOutputStream:75 - [STDERR_REDIRECT] 
2026-06-29 16:33:49,835 [ERROR] LogOutputStream:75 - [STDERR_REDIRECT] [Fatal Error] :1:1: Premature end of file.
2026-06-29 16:33:49,835 [ERROR] LogOutputStream:75 - [STDERR_REDIRECT] 
2026-06-29 16:33:50,809 [ERROR] LogOutputStream:75 - [STDERR_REDIRECT] [Fatal Error] :1:1: Premature end of file.
2026-06-29 16:33:50,809 [ERROR] LogOutputStream:75 - [STDERR_REDIRECT] 
2026-06-29 16:33:51,863 [ERROR] LogOutputStream:75 - [STDERR_REDIRECT] [Fatal Error] :1:1: Premature end of file.
2026-06-29 16:33:51,864 [ERROR] LogOutputStream:75 - [STDERR_REDIRECT] 
2026-06-29 16:33:52,839 [ERROR] LogOutputStream:75 - [STDERR_REDIRECT] [Fatal Error] :1:1: Premature end of file.
2026-06-29 16:33:52,839 [ERROR] LogOutputStream:75 - [STDERR_REDIRECT] 
2026-06-29 16:33:53,844 [ERROR] LogOutputStream:75 - [STDERR_REDIRECT] [Fatal Error] :1:1: Premature end of file.
2026-06-29 16:33:53,844 [ERROR] LogOutputStream:75 - [STDERR_REDIRECT] 
2026-06-29 16:33:54,868 [ERROR] LogOutputStream:75 - [STDERR_REDIRECT] [Fatal Error] :1:1: Premature end of file.
2026-06-29 16:33:54,868 [ERROR] LogOutputStream:75 - [STDERR_REDIRECT] 
2026-06-29 16:33:55,831 [ERROR] LogOutputStream:75 - [STDERR_REDIRECT] [Fatal Error] :1:1: Premature end of file.
2026-06-29 16:33:55,831 [ERROR] LogOutputStream:75 - [STDERR_REDIRECT] 
2026-06-29 16:33:56,835 [ERROR] LogOutputStream:75 - [STDERR_REDIRECT] [Fatal Error] :1:1: Premature end of file.
2026-06-29 16:33:56,835 [ERROR] LogOutputStream:75 - [STDERR_REDIRECT] 
2026-06-29 16:33:57,860 [ERROR] LogOutputStream:75 - [STDERR_REDIRECT] [Fatal Error] :1:1: Premature end of file.
2026-06-29 16:33:57,860 [ERROR] LogOutputStream:75 - [STDERR_REDIRECT] 
2026-06-29 16:33:58,830 [ERROR] LogOutputStream:75 - [STDERR_REDIRECT] [Fatal Error] :1:1: Premature end of file.
2026-06-29 16:33:58,830 [ERROR] LogOutputStream:75 - [STDERR_REDIRECT] 
2026-06-29 16:33:59,915 [ERROR] LogOutputStream:75 - [STDERR_REDIRECT] [Fatal Error] :1:1: Premature end of file.
2026-06-29 16:33:59,917 [ERROR] LogOutputStream:75 - [STDERR_REDIRECT] 
2026-06-29 16:34:00,831 [ERROR] LogOutputStream:75 - [STDERR_REDIRECT] [Fatal Error] :1:1: Premature end of file.
2026-06-29 16:34:00,831 [ERROR] LogOutputStream:75 - [STDERR_REDIRECT] 
2026-06-29 16:34:01,841 [ERROR] LogOutputStream:75 - [STDERR_REDIRECT] [Fatal Error] :1:1: Premature end of file.
2026-06-29 16:34:01,841 [ERROR] LogOutputStream:75 - [STDERR_REDIRECT] 
2026-06-29 16:34:02,850 [ERROR] LogOutputStream:75 - [STDERR_REDIRECT] [Fatal Error] :1:1: Premature end of file.
2026-06-29 16:34:02,850 [ERROR] LogOutputStream:75 - [STDERR_REDIRECT] 
2026-06-29 16:34:03,827 [ERROR] LogOutputStream:75 - [STDERR_REDIRECT] [Fatal Error] :1:1: Premature end of file.
2026-06-29 16:34:03,829 [ERROR] LogOutputStream:75 - [STDERR_REDIRECT] 
2026-06-29 16:34:04,843 [ERROR] LogOutputStream:75 - [STDERR_REDIRECT] [Fatal Error] :1:1: Premature end of file.
2026-06-29 16:34:04,843 [ERROR] LogOutputStream:75 - [STDERR_REDIRECT] 
2026-06-29 16:34:05,820 [ERROR] LogOutputStream:75 - [STDERR_REDIRECT] [Fatal Error] :1:1: Premature end of file.
2026-06-29 16:34:05,827 [ERROR] LogOutputStream:75 - [STDERR_REDIRECT] 
2026-06-29 16:34:06,858 [ERROR] LogOutputStream:75 - [STDERR_REDIRECT] [Fatal Error] :1:1: Premature end of file.
2026-06-29 16:34:06,858 [ERROR] LogOutputStream:75 - [STDERR_REDIRECT] 
2026-06-29 16:34:07,867 [ERROR] LogOutputStream:75 - [STDERR_REDIRECT] [Fatal Error] :1:1: Premature end of file.
2026-06-29 16:34:07,867 [ERROR] LogOutputStream:75 - [STDERR_REDIRECT] 
2026-06-29 16:34:08,859 [ERROR] LogOutputStream:75 - [STDERR_REDIRECT] [Fatal Error] :1:1: Premature end of file.
2026-06-29 16:34:08,861 [ERROR] LogOutputStream:75 - [STDERR_REDIRECT] 
2026-06-29 16:34:09,845 [ERROR] LogOutputStream:75 - [STDERR_REDIRECT] [Fatal Error] :1:1: Premature end of file.
2026-06-29 16:34:09,845 [ERROR] LogOutputStream:75 - [STDERR_REDIRECT] 
2026-06-29 16:34:10,819 [ERROR] LogOutputStream:75 - [STDERR_REDIRECT] [Fatal Error] :1:1: Premature end of file.
2026-06-29 16:34:10,819 [ERROR] LogOutputStream:75 - [STDERR_REDIRECT] 
2026-06-29 16:34:11,916 [ERROR] LogOutputStream:75 - [STDERR_REDIRECT] [Fatal Error] :1:1: Premature end of file.
2026-06-29 16:34:11,917 [ERROR] LogOutputStream:75 - [STDERR_REDIRECT] 
2026-06-29 16:34:12,836 [ERROR] LogOutputStream:75 - [STDERR_REDIRECT] [Fatal Error] :1:1: Premature end of file.
2026-06-29 16:34:12,836 [ERROR] LogOutputStream:75 - [STDERR_REDIRECT] 
2026-06-29 16:34:13,838 [ERROR] LogOutputStream:75 - [STDERR_REDIRECT] [Fatal Error] :1:1: Premature end of file.
2026-06-29 16:34:13,839 [ERROR] LogOutputStream:75 - [STDERR_REDIRECT] 
2026-06-29 16:34:14,838 [ERROR] LogOutputStream:75 - [STDERR_REDIRECT] [Fatal Error] :1:1: Premature end of file.
2026-06-29 16:34:14,838 [ERROR] LogOutputStream:75 - [STDERR_REDIRECT] 
2026-06-29 16:34:15,834 [ERROR] LogOutputStream:75 - [STDERR_REDIRECT] [Fatal Error] :1:1: Premature end of file.
2026-06-29 16:34:15,834 [ERROR] LogOutputStream:75 - [STDERR_REDIRECT] 
2026-06-29 16:34:16,832 [ERROR] LogOutputStream:75 - [STDERR_REDIRECT] [Fatal Error] :1:1: Premature end of file.
2026-06-29 16:34:16,833 [ERROR] LogOutputStream:75 - [STDERR_REDIRECT] 
2026-06-29 16:34:17,830 [ERROR] LogOutputStream:75 - [STDERR_REDIRECT] [Fatal Error] :1:1: Premature end of file.
2026-06-29 16:34:17,830 [ERROR] LogOutputStream:75 - [STDERR_REDIRECT] 
2026-06-29 16:34:18,837 [ERROR] LogOutputStream:75 - [STDERR_REDIRECT] [Fatal Error] :1:1: Premature end of file.
2026-06-29 16:34:18,837 [ERROR] LogOutputStream:75 - [STDERR_REDIRECT] 
2026-06-29 16:34:19,840 [ERROR] LogOutputStream:75 - [STDERR_REDIRECT] [Fatal Error] :1:1: Premature end of file.
2026-06-29 16:34:19,840 [ERROR] LogOutputStream:75 - [STDERR_REDIRECT] 
2026-06-29 16:34:20,855 [ERROR] LogOutputStream:75 - [STDERR_REDIRECT] [Fatal Error] :1:1: Premature end of file.
2026-06-29 16:34:20,855 [ERROR] LogOutputStream:75 - [STDERR_REDIRECT] 
2026-06-29 16:34:21,825 [ERROR] LogOutputStream:75 - [STDERR_REDIRECT] [Fatal Error] :1:1: Premature end of file.
2026-06-29 16:34:21,825 [ERROR] LogOutputStream:75 - [STDERR_REDIRECT] 
2026-06-29 16:34:22,831 [ERROR] LogOutputStream:75 - [STDERR_REDIRECT] [Fatal Error] :1:1: Premature end of file.
2026-06-29 16:34:22,831 [ERROR] LogOutputStream:75 - [STDERR_REDIRECT] 
2026-06-29 16:34:23,888 [ERROR] LogOutputStream:75 - [STDERR_REDIRECT] [Fatal Error] :1:1: Premature end of file.
2026-06-29 16:34:23,889 [ERROR] LogOutputStream:75 - [STDERR_REDIRECT] 
2026-06-29 16:34:24,887 [ERROR] LogOutputStream:75 - [STDERR_REDIRECT] [Fatal Error] :1:1: Premature end of file.
2026-06-29 16:34:24,887 [ERROR] LogOutputStream:75 - [STDERR_REDIRECT] 
2026-06-29 16:34:25,914 [ERROR] LogOutputStream:75 - [STDERR_REDIRECT] [Fatal Error] :1:1: Premature end of file.
2026-06-29 16:34:25,914 [ERROR] LogOutputStream:75 - [STDERR_REDIRECT] 
2026-06-29 16:34:26,868 [ERROR] LogOutputStream:75 - [STDERR_REDIRECT] [Fatal Error] :1:1: Premature end of file.
2026-06-29 16:34:26,869 [ERROR] LogOutputStream:75 - [STDERR_REDIRECT] 
2026-06-29 16:34:27,899 [ERROR] LogOutputStream:75 - [STDERR_REDIRECT] [Fatal Error] :1:1: Premature end of file.
2026-06-29 16:34:27,899 [ERROR] LogOutputStream:75 - [STDERR_REDIRECT] 
2026-06-29 16:34:28,845 [ERROR] LogOutputStream:75 - [STDERR_REDIRECT] [Fatal Error] :1:1: Premature end of file.
2026-06-29 16:34:28,846 [ERROR] LogOutputStream:75 - [STDERR_REDIRECT] 
2026-06-29 16:34:29,880 [ERROR] LogOutputStream:75 - [STDERR_REDIRECT] [Fatal Error] :1:1: Premature end of file.
2026-06-29 16:34:29,881 [ERROR] LogOutputStream:75 - [STDERR_REDIRECT] 
2026-06-29 16:34:30,852 [ERROR] LogOutputStream:75 - [STDERR_REDIRECT] [Fatal Error] :1:1: Premature end of file.
2026-06-29 16:34:30,852 [ERROR] LogOutputStream:75 - [STDERR_REDIRECT] 
2026-06-29 16:34:31,875 [ERROR] LogOutputStream:75 - [STDERR_REDIRECT] [Fatal Error] :1:1: Premature end of file.
2026-06-29 16:34:31,884 [ERROR] LogOutputStream:75 - [STDERR_REDIRECT] 
2026-06-29 16:34:32,836 [ERROR] LogOutputStream:75 - [STDERR_REDIRECT] [Fatal Error] :1:1: Premature end of file.
2026-06-29 16:34:32,836 [ERROR] LogOutputStream:75 - [STDERR_REDIRECT] 
2026-06-29 16:34:33,866 [ERROR] LogOutputStream:75 - [STDERR_REDIRECT] [Fatal Error] :1:1: Premature end of file.
2026-06-29 16:34:33,866 [ERROR] LogOutputStream:75 - [STDERR_REDIRECT] 
2026-06-29 16:34:34,846 [ERROR] LogOutputStream:75 - [STDERR_REDIRECT] [Fatal Error] :1:1: Premature end of file.
2026-06-29 16:34:34,847 [ERROR] LogOutputStream:75 - [STDERR_REDIRECT] 
2026-06-29 16:34:35,837 [ERROR] LogOutputStream:75 - [STDERR_REDIRECT] [Fatal Error] :1:1: Premature end of file.
2026-06-29 16:34:35,837 [ERROR] LogOutputStream:75 - [STDERR_REDIRECT] 
2026-06-29 16:34:36,868 [ERROR] LogOutputStream:75 - [STDERR_REDIRECT] [Fatal Error] :1:1: Premature end of file.
2026-06-29 16:34:36,868 [ERROR] LogOutputStream:75 - [STDERR_REDIRECT] 
2026-06-29 16:34:37,899 [ERROR] LogOutputStream:75 - [STDERR_REDIRECT] [Fatal Error] :1:1: Premature end of file.
2026-06-29 16:34:37,899 [ERROR] LogOutputStream:75 - [STDERR_REDIRECT] 
2026-06-29 16:34:38,940 [ERROR] LogOutputStream:75 - [STDERR_REDIRECT] [Fatal Error] :1:1: Premature end of file.
2026-06-29 16:34:38,940 [ERROR] LogOutputStream:75 - [STDERR_REDIRECT] 
2026-06-29 16:34:39,833 [ERROR] LogOutputStream:75 - [STDERR_REDIRECT] [Fatal Error] :1:1: Premature end of file.
2026-06-29 16:34:39,834 [ERROR] LogOutputStream:75 - [STDERR_REDIRECT] 
2026-06-29 16:34:40,851 [ERROR] LogOutputStream:75 - [STDERR_REDIRECT] [Fatal Error] :1:1: Premature end of file.
2026-06-29 16:34:40,851 [ERROR] LogOutputStream:75 - [STDERR_REDIRECT] 
2026-06-29 16:34:41,851 [ERROR] LogOutputStream:75 - [STDERR_REDIRECT] [Fatal Error] :1:1: Premature end of file.
2026-06-29 16:34:41,851 [ERROR] LogOutputStream:75 - [STDERR_REDIRECT] 
2026-06-29 16:34:42,838 [ERROR] LogOutputStream:75 - [STDERR_REDIRECT] [Fatal Error] :1:1: Premature end of file.
2026-06-29 16:34:42,839 [ERROR] LogOutputStream:75 - [STDERR_REDIRECT] 
2026-06-29 16:34:43,876 [ERROR] LogOutputStream:75 - [STDERR_REDIRECT] [Fatal Error] :1:1: Premature end of file.
2026-06-29 16:34:43,878 [ERROR] LogOutputStream:75 - [STDERR_REDIRECT] 
2026-06-29 16:34:44,858 [ERROR] LogOutputStream:75 - [STDERR_REDIRECT] [Fatal Error] :1:1: Premature end of file.
2026-06-29 16:34:44,858 [ERROR] LogOutputStream:75 - [STDERR_REDIRECT] 
2026-06-29 16:34:45,831 [ERROR] LogOutputStream:75 - [STDERR_REDIRECT] [Fatal Error] :1:1: Premature end of file.
2026-06-29 16:34:45,831 [ERROR] LogOutputStream:75 - [STDERR_REDIRECT] 
2026-06-29 16:34:46,842 [ERROR] LogOutputStream:75 - [STDERR_REDIRECT] [Fatal Error] :1:1: Premature end of file.
2026-06-29 16:34:46,842 [ERROR] LogOutputStream:75 - [STDERR_REDIRECT] 
2026-06-29 16:34:47,913 [ERROR] LogOutputStream:75 - [STDERR_REDIRECT] [Fatal Error] :1:1: Premature end of file.
2026-06-29 16:34:47,913 [ERROR] LogOutputStream:75 - [STDERR_REDIRECT] 
2026-06-29 16:34:48,832 [ERROR] LogOutputStream:75 - [STDERR_REDIRECT] [Fatal Error] :1:1: Premature end of file.
2026-06-29 16:34:48,832 [ERROR] LogOutputStream:75 - [STDERR_REDIRECT] 
2026-06-29 16:34:49,836 [ERROR] LogOutputStream:75 - [STDERR_REDIRECT] [Fatal Error] :1:1: Premature end of file.
2026-06-29 16:34:49,836 [ERROR] LogOutputStream:75 - [STDERR_REDIRECT] 
2026-06-29 16:34:50,833 [ERROR] LogOutputStream:75 - [STDERR_REDIRECT] [Fatal Error] :1:1: Premature end of file.
2026-06-29 16:34:50,849 [ERROR] LogOutputStream:75 - [STDERR_REDIRECT] 
2026-06-29 16:34:51,892 [ERROR] LogOutputStream:75 - [STDERR_REDIRECT] [Fatal Error] :1:1: Premature end of file.
2026-06-29 16:34:51,892 [ERROR] LogOutputStream:75 - [STDERR_REDIRECT] 
2026-06-29 16:34:52,817 [ERROR] LogOutputStream:75 - [STDERR_REDIRECT] [Fatal Error] :1:1: Premature end of file.
2026-06-29 16:34:52,818 [ERROR] LogOutputStream:75 - [STDERR_REDIRECT] 
2026-06-29 16:34:53,835 [ERROR] LogOutputStream:75 - [STDERR_REDIRECT] [Fatal Error] :1:1: Premature end of file.
2026-06-29 16:34:53,835 [ERROR] LogOutputStream:75 - [STDERR_REDIRECT] 
2026-06-29 16:34:54,820 [ERROR] LogOutputStream:75 - [STDERR_REDIRECT] [Fatal Error] :1:1: Premature end of file.
2026-06-29 16:34:54,820 [ERROR] LogOutputStream:75 - [STDERR_REDIRECT] 
2026-06-29 16:34:55,819 [ERROR] LogOutputStream:75 - [STDERR_REDIRECT] [Fatal Error] :1:1: Premature end of file.
2026-06-29 16:34:55,819 [ERROR] LogOutputStream:75 - [STDERR_REDIRECT] 
2026-06-29 16:34:56,828 [ERROR] LogOutputStream:75 - [STDERR_REDIRECT] [Fatal Error] :1:1: Premature end of file.
2026-06-29 16:34:56,829 [ERROR] LogOutputStream:75 - [STDERR_REDIRECT] 
2026-06-29 16:34:57,818 [ERROR] LogOutputStream:75 - [STDERR_REDIRECT] [Fatal Error] :1:1: Premature end of file.
2026-06-29 16:34:57,818 [ERROR] LogOutputStream:75 - [STDERR_REDIRECT] 
2026-06-29 16:34:58,854 [ERROR] LogOutputStream:75 - [STDERR_REDIRECT] [Fatal Error] :1:1: Premature end of file.
2026-06-29 16:34:58,854 [ERROR] LogOutputStream:75 - [STDERR_REDIRECT] 
2026-06-29 16:34:59,831 [ERROR] LogOutputStream:75 - [STDERR_REDIRECT] [Fatal Error] :1:1: Premature end of file.
2026-06-29 16:34:59,831 [ERROR] LogOutputStream:75 - [STDERR_REDIRECT] 
2026-06-29 16:35:00,814 [ERROR] LogOutputStream:75 - [STDERR_REDIRECT] [Fatal Error] :1:1: Premature end of file.
2026-06-29 16:35:00,814 [ERROR] LogOutputStream:75 - [STDERR_REDIRECT] 
2026-06-29 16:35:01,833 [ERROR] LogOutputStream:75 - [STDERR_REDIRECT] [Fatal Error] :1:1: Premature end of file.
2026-06-29 16:35:01,833 [ERROR] LogOutputStream:75 - [STDERR_REDIRECT] 
2026-06-29 16:35:02,835 [ERROR] LogOutputStream:75 - [STDERR_REDIRECT] [Fatal Error] :1:1: Premature end of file.
2026-06-29 16:35:02,835 [ERROR] LogOutputStream:75 - [STDERR_REDIRECT] 
2026-06-29 16:35:03,827 [ERROR] LogOutputStream:75 - [STDERR_REDIRECT] [Fatal Error] :1:1: Premature end of file.
2026-06-29 16:35:03,827 [ERROR] LogOutputStream:75 - [STDERR_REDIRECT] 
2026-06-29 16:35:04,838 [ERROR] LogOutputStream:75 - [STDERR_REDIRECT] [Fatal Error] :1:1: Premature end of file.
2026-06-29 16:35:04,838 [ERROR] LogOutputStream:75 - [STDERR_REDIRECT] 
2026-06-29 16:35:05,832 [ERROR] LogOutputStream:75 - [STDERR_REDIRECT] [Fatal Error] :1:1: Premature end of file.
2026-06-29 16:35:05,832 [ERROR] LogOutputStream:75 - [STDERR_REDIRECT] 
2026-06-29 16:35:06,838 [ERROR] LogOutputStream:75 - [STDERR_REDIRECT] [Fatal Error] :1:1: Premature end of file.
2026-06-29 16:35:06,838 [ERROR] LogOutputStream:75 - [STDERR_REDIRECT] 
2026-06-29 16:35:07,843 [ERROR] LogOutputStream:75 - [STDERR_REDIRECT] [Fatal Error] :1:1: Premature end of file.
2026-06-29 16:35:07,844 [ERROR] LogOutputStream:75 - [STDERR_REDIRECT] 
2026-06-29 16:35:08,850 [ERROR] LogOutputStream:75 - [STDERR_REDIRECT] [Fatal Error] :1:1: Premature end of file.
2026-06-29 16:35:08,851 [ERROR] LogOutputStream:75 - [STDERR_REDIRECT] 
2026-06-29 16:35:09,845 [ERROR] LogOutputStream:75 - [STDERR_REDIRECT] [Fatal Error] :1:1: Premature end of file.
2026-06-29 16:35:09,846 [ERROR] LogOutputStream:75 - [STDERR_REDIRECT] 
2026-06-29 16:35:10,842 [ERROR] LogOutputStream:75 - [STDERR_REDIRECT] [Fatal Error] :1:1: Premature end of file.
2026-06-29 16:35:10,844 [ERROR] LogOutputStream:75 - [STDERR_REDIRECT] 
2026-06-29 16:35:11,841 [ERROR] LogOutputStream:75 - [STDERR_REDIRECT] [Fatal Error] :1:1: Premature end of file.
2026-06-29 16:35:11,841 [ERROR] LogOutputStream:75 - [STDERR_REDIRECT] 
2026-06-29 16:35:12,865 [ERROR] LogOutputStream:75 - [STDERR_REDIRECT] [Fatal Error] :1:1: Premature end of file.
2026-06-29 16:35:12,865 [ERROR] LogOutputStream:75 - [STDERR_REDIRECT] 
2026-06-29 16:35:13,843 [ERROR] LogOutputStream:75 - [STDERR_REDIRECT] [Fatal Error] :1:1: Premature end of file.
2026-06-29 16:35:13,843 [ERROR] LogOutputStream:75 - [STDERR_REDIRECT] 
2026-06-29 16:35:14,847 [ERROR] LogOutputStream:75 - [STDERR_REDIRECT] [Fatal Error] :1:1: Premature end of file.
2026-06-29 16:35:14,848 [ERROR] LogOutputStream:75 - [STDERR_REDIRECT] 
2026-06-29 16:35:15,843 [ERROR] LogOutputStream:75 - [STDERR_REDIRECT] [Fatal Error] :1:1: Premature end of file.
2026-06-29 16:35:15,843 [ERROR] LogOutputStream:75 - [STDERR_REDIRECT] 
2026-06-29 16:35:16,841 [ERROR] LogOutputStream:75 - [STDERR_REDIRECT] [Fatal Error] :1:1: Premature end of file.
2026-06-29 16:35:16,842 [ERROR] LogOutputStream:75 - [STDERR_REDIRECT] 
2026-06-29 16:35:17,842 [ERROR] LogOutputStream:75 - [STDERR_REDIRECT] [Fatal Error] :1:1: Premature end of file.
2026-06-29 16:35:17,844 [ERROR] LogOutputStream:75 - [STDERR_REDIRECT] 
2026-06-29 16:35:18,854 [ERROR] LogOutputStream:75 - [STDERR_REDIRECT] [Fatal Error] :1:1: Premature end of file.
2026-06-29 16:35:18,854 [ERROR] LogOutputStream:75 - [STDERR_REDIRECT] 
2026-06-29 16:35:19,864 [ERROR] LogOutputStream:75 - [STDERR_REDIRECT] [Fatal Error] :1:1: Premature end of file.
2026-06-29 16:35:19,864 [ERROR] LogOutputStream:75 - [STDERR_REDIRECT] 
2026-06-29 16:35:20,912 [ERROR] LogOutputStream:75 - [STDERR_REDIRECT] [Fatal Error] :1:1: Premature end of file.
2026-06-29 16:35:20,913 [ERROR] LogOutputStream:75 - [STDERR_REDIRECT] 
2026-06-29 16:35:21,909 [ERROR] LogOutputStream:75 - [STDERR_REDIRECT] [Fatal Error] :1:1: Premature end of file.
2026-06-29 16:35:21,909 [ERROR] LogOutputStream:75 - [STDERR_REDIRECT] 
2026-06-29 16:35:22,855 [ERROR] LogOutputStream:75 - [STDERR_REDIRECT] [Fatal Error] :1:1: Premature end of file.
2026-06-29 16:35:22,855 [ERROR] LogOutputStream:75 - [STDERR_REDIRECT] 
2026-06-29 16:35:23,846 [ERROR] LogOutputStream:75 - [STDERR_REDIRECT] [Fatal Error] :1:1: Premature end of file.
2026-06-29 16:35:23,846 [ERROR] LogOutputStream:75 - [STDERR_REDIRECT] 
2026-06-29 16:35:24,872 [ERROR] LogOutputStream:75 - [STDERR_REDIRECT] [Fatal Error] :1:1: Premature end of file.
2026-06-29 16:35:24,872 [ERROR] LogOutputStream:75 - [STDERR_REDIRECT] 
2026-06-29 16:35:25,840 [ERROR] LogOutputStream:75 - [STDERR_REDIRECT] [Fatal Error] :1:1: Premature end of file.
2026-06-29 16:35:25,840 [ERROR] LogOutputStream:75 - [STDERR_REDIRECT] 
2026-06-29 16:35:26,897 [ERROR] LogOutputStream:75 - [STDERR_REDIRECT] [Fatal Error] :1:1: Premature end of file.
2026-06-29 16:35:26,897 [ERROR] LogOutputStream:75 - [STDERR_REDIRECT] 
2026-06-29 16:35:27,886 [ERROR] LogOutputStream:75 - [STDERR_REDIRECT] [Fatal Error] :1:1: Premature end of file.
2026-06-29 16:35:27,889 [ERROR] LogOutputStream:75 - [STDERR_REDIRECT] 
2026-06-29 16:35:28,845 [ERROR] LogOutputStream:75 - [STDERR_REDIRECT] [Fatal Error] :1:1: Premature end of file.
2026-06-29 16:35:28,845 [ERROR] LogOutputStream:75 - [STDERR_REDIRECT] 
2026-06-29 16:35:29,852 [ERROR] LogOutputStream:75 - [STDERR_REDIRECT] [Fatal Error] :1:1: Premature end of file.
2026-06-29 16:35:29,852 [ERROR] LogOutputStream:75 - [STDERR_REDIRECT] 
2026-06-29 16:35:30,880 [ERROR] LogOutputStream:75 - [STDERR_REDIRECT] [Fatal Error] :1:1: Premature end of file.
2026-06-29 16:35:30,880 [ERROR] LogOutputStream:75 - [STDERR_REDIRECT] 
2026-06-29 16:35:31,883 [ERROR] LogOutputStream:75 - [STDERR_REDIRECT] [Fatal Error] :1:1: Premature end of file.
2026-06-29 16:35:31,883 [ERROR] LogOutputStream:75 - [STDERR_REDIRECT] 
2026-06-29 16:35:32,883 [ERROR] LogOutputStream:75 - [STDERR_REDIRECT] [Fatal Error] :1:1: Premature end of file.
2026-06-29 16:35:32,884 [ERROR] LogOutputStream:75 - [STDERR_REDIRECT] 
2026-06-29 16:35:33,841 [ERROR] LogOutputStream:75 - [STDERR_REDIRECT] [Fatal Error] :1:1: Premature end of file.
2026-06-29 16:35:33,841 [ERROR] LogOutputStream:75 - [STDERR_REDIRECT] 
2026-06-29 16:35:34,873 [ERROR] LogOutputStream:75 - [STDERR_REDIRECT] [Fatal Error] :1:1: Premature end of file.
2026-06-29 16:35:34,873 [ERROR] LogOutputStream:75 - [STDERR_REDIRECT] 
2026-06-29 16:35:35,875 [ERROR] LogOutputStream:75 - [STDERR_REDIRECT] [Fatal Error] :1:1: Premature end of file.
2026-06-29 16:35:35,875 [ERROR] LogOutputStream:75 - [STDERR_REDIRECT] 
2026-06-29 16:35:36,892 [ERROR] LogOutputStream:75 - [STDERR_REDIRECT] [Fatal Error] :1:1: Premature end of file.
2026-06-29 16:35:36,894 [ERROR] LogOutputStream:75 - [STDERR_REDIRECT] 
2026-06-29 16:35:37,846 [ERROR] LogOutputStream:75 - [STDERR_REDIRECT] [Fatal Error] :1:1: Premature end of file.
2026-06-29 16:35:37,846 [ERROR] LogOutputStream:75 - [STDERR_REDIRECT] 
2026-06-29 16:35:38,857 [ERROR] LogOutputStream:75 - [STDERR_REDIRECT] [Fatal Error] :1:1: Premature end of file.
2026-06-29 16:35:38,857 [ERROR] LogOutputStream:75 - [STDERR_REDIRECT] 
2026-06-29 16:35:39,883 [ERROR] LogOutputStream:75 - [STDERR_REDIRECT] [Fatal Error] :1:1: Premature end of file.
2026-06-29 16:35:39,883 [ERROR] LogOutputStream:75 - [STDERR_REDIRECT] 
2026-06-29 16:35:40,888 [ERROR] LogOutputStream:75 - [STDERR_REDIRECT] [Fatal Error] :1:1: Premature end of file.
2026-06-29 16:35:40,888 [ERROR] LogOutputStream:75 - [STDERR_REDIRECT] 
2026-06-29 16:35:41,832 [ERROR] LogOutputStream:75 - [STDERR_REDIRECT] [Fatal Error] :1:1: Premature end of file.
2026-06-29 16:35:41,832 [ERROR] LogOutputStream:75 - [STDERR_REDIRECT] 
2026-06-29 16:35:42,837 [ERROR] LogOutputStream:75 - [STDERR_REDIRECT] [Fatal Error] :1:1: Premature end of file.
2026-06-29 16:35:42,837 [ERROR] LogOutputStream:75 - [STDERR_REDIRECT] 
2026-06-29 16:35:43,886 [ERROR] LogOutputStream:75 - [STDERR_REDIRECT] [Fatal Error] :1:1: Premature end of file.
2026-06-29 16:35:43,888 [ERROR] LogOutputStream:75 - [STDERR_REDIRECT] 
2026-06-29 16:35:44,839 [ERROR] LogOutputStream:75 - [STDERR_REDIRECT] [Fatal Error] :1:1: Premature end of file.
2026-06-29 16:35:44,839 [ERROR] LogOutputStream:75 - [STDERR_REDIRECT] 
2026-06-29 16:35:45,845 [ERROR] LogOutputStream:75 - [STDERR_REDIRECT] [Fatal Error] :1:1: Premature end of file.
2026-06-29 16:35:45,845 [ERROR] LogOutputStream:75 - [STDERR_REDIRECT] 
2026-06-29 16:35:46,828 [ERROR] LogOutputStream:75 - [STDERR_REDIRECT] [Fatal Error] :1:1: Premature end of file.
2026-06-29 16:35:46,828 [ERROR] LogOutputStream:75 - [STDERR_REDIRECT] 
2026-06-29 16:35:47,837 [ERROR] LogOutputStream:75 - [STDERR_REDIRECT] [Fatal Error] :1:1: Premature end of file.
2026-06-29 16:35:47,837 [ERROR] LogOutputStream:75 - [STDERR_REDIRECT] 
2026-06-29 16:35:48,868 [ERROR] LogOutputStream:75 - [STDERR_REDIRECT] [Fatal Error] :1:1: Premature end of file.
2026-06-29 16:35:48,870 [ERROR] LogOutputStream:75 - [STDERR_REDIRECT] 
2026-06-29 16:35:49,850 [ERROR] LogOutputStream:75 - [STDERR_REDIRECT] [Fatal Error] :1:1: Premature end of file.
2026-06-29 16:35:49,850 [ERROR] LogOutputStream:75 - [STDERR_REDIRECT] 
2026-06-29 16:35:50,837 [ERROR] LogOutputStream:75 - [STDERR_REDIRECT] [Fatal Error] :1:1: Premature end of file.
2026-06-29 16:35:50,837 [ERROR] LogOutputStream:75 - [STDERR_REDIRECT] 
2026-06-29 16:35:51,844 [ERROR] LogOutputStream:75 - [STDERR_REDIRECT] [Fatal Error] :1:1: Premature end of file.
2026-06-29 16:35:51,844 [ERROR] LogOutputStream:75 - [STDERR_REDIRECT] 
2026-06-29 16:35:52,833 [ERROR] LogOutputStream:75 - [STDERR_REDIRECT] [Fatal Error] :1:1: Premature end of file.
2026-06-29 16:35:52,833 [ERROR] LogOutputStream:75 - [STDERR_REDIRECT] 
2026-06-29 16:35:53,832 [ERROR] LogOutputStream:75 - [STDERR_REDIRECT] [Fatal Error] :1:1: Premature end of file.
2026-06-29 16:35:53,832 [ERROR] LogOutputStream:75 - [STDERR_REDIRECT] 
2026-06-29 16:35:54,872 [ERROR] LogOutputStream:75 - [STDERR_REDIRECT] [Fatal Error] :1:1: Premature end of file.
2026-06-29 16:35:54,872 [ERROR] LogOutputStream:75 - [STDERR_REDIRECT] 
2026-06-29 16:35:55,858 [ERROR] LogOutputStream:75 - [STDERR_REDIRECT] [Fatal Error] :1:1: Premature end of file.
2026-06-29 16:35:55,858 [ERROR] LogOutputStream:75 - [STDERR_REDIRECT] 
2026-06-29 16:35:56,854 [ERROR] LogOutputStream:75 - [STDERR_REDIRECT] [Fatal Error] :1:1: Premature end of file.
2026-06-29 16:35:56,854 [ERROR] LogOutputStream:75 - [STDERR_REDIRECT] 
2026-06-29 16:35:57,845 [ERROR] LogOutputStream:75 - [STDERR_REDIRECT] [Fatal Error] :1:1: Premature end of file.
2026-06-29 16:35:57,845 [ERROR] LogOutputStream:75 - [STDERR_REDIRECT] 
2026-06-29 16:35:58,845 [ERROR] LogOutputStream:75 - [STDERR_REDIRECT] [Fatal Error] :1:1: Premature end of file.
2026-06-29 16:35:58,845 [ERROR] LogOutputStream:75 - [STDERR_REDIRECT] 
2026-06-29 16:35:59,845 [ERROR] LogOutputStream:75 - [STDERR_REDIRECT] [Fatal Error] :1:1: Premature end of file.
2026-06-29 16:35:59,845 [ERROR] LogOutputStream:75 - [STDERR_REDIRECT] 
2026-06-29 16:36:00,848 [ERROR] LogOutputStream:75 - [STDERR_REDIRECT] [Fatal Error] :1:1: Premature end of file.
2026-06-29 16:36:00,848 [ERROR] LogOutputStream:75 - [STDERR_REDIRECT] 
2026-06-29 16:36:01,844 [ERROR] LogOutputStream:75 - [STDERR_REDIRECT] [Fatal Error] :1:1: Premature end of file.
2026-06-29 16:36:01,844 [ERROR] LogOutputStream:75 - [STDERR_REDIRECT] 
2026-06-29 16:36:02,850 [ERROR] LogOutputStream:75 - [STDERR_REDIRECT] [Fatal Error] :1:1: Premature end of file.
2026-06-29 16:36:02,850 [ERROR] LogOutputStream:75 - [STDERR_REDIRECT] 
2026-06-29 16:36:03,849 [ERROR] LogOutputStream:75 - [STDERR_REDIRECT] [Fatal Error] :1:1: Premature end of file.
2026-06-29 16:36:03,849 [ERROR] LogOutputStream:75 - [STDERR_REDIRECT] 
2026-06-29 16:36:04,885 [ERROR] LogOutputStream:75 - [STDERR_REDIRECT] [Fatal Error] :1:1: Premature end of file.
2026-06-29 16:36:04,886 [ERROR] LogOutputStream:75 - [STDERR_REDIRECT] 
2026-06-29 16:36:05,840 [ERROR] LogOutputStream:75 - [STDERR_REDIRECT] [Fatal Error] :1:1: Premature end of file.
2026-06-29 16:36:05,840 [ERROR] LogOutputStream:75 - [STDERR_REDIRECT] 
2026-06-29 16:36:06,840 [ERROR] LogOutputStream:75 - [STDERR_REDIRECT] [Fatal Error] :1:1: Premature end of file.
2026-06-29 16:36:06,840 [ERROR] LogOutputStream:75 - [STDERR_REDIRECT] 
2026-06-29 16:36:07,853 [ERROR] LogOutputStream:75 - [STDERR_REDIRECT] [Fatal Error] :1:1: Premature end of file.
2026-06-29 16:36:07,854 [ERROR] LogOutputStream:75 - [STDERR_REDIRECT] 
2026-06-29 16:36:08,867 [ERROR] LogOutputStream:75 - [STDERR_REDIRECT] [Fatal Error] :1:1: Premature end of file.
2026-06-29 16:36:08,867 [ERROR] LogOutputStream:75 - [STDERR_REDIRECT] 
2026-06-29 16:36:09,850 [ERROR] LogOutputStream:75 - [STDERR_REDIRECT] [Fatal Error] :1:1: Premature end of file.
2026-06-29 16:36:09,850 [ERROR] LogOutputStream:75 - [STDERR_REDIRECT] 
2026-06-29 16:36:10,850 [ERROR] LogOutputStream:75 - [STDERR_REDIRECT] [Fatal Error] :1:1: Premature end of file.
2026-06-29 16:36:10,851 [ERROR] LogOutputStream:75 - [STDERR_REDIRECT] 
2026-06-29 16:36:11,839 [ERROR] LogOutputStream:75 - [STDERR_REDIRECT] [Fatal Error] :1:1: Premature end of file.
2026-06-29 16:36:11,839 [ERROR] LogOutputStream:75 - [STDERR_REDIRECT] 
2026-06-29 16:36:12,861 [ERROR] LogOutputStream:75 - [STDERR_REDIRECT] [Fatal Error] :1:1: Premature end of file.
2026-06-29 16:36:12,861 [ERROR] LogOutputStream:75 - [STDERR_REDIRECT] 
2026-06-29 16:36:13,821 [ERROR] LogOutputStream:75 - [STDERR_REDIRECT] [Fatal Error] :1:1: Premature end of file.
2026-06-29 16:36:13,821 [ERROR] LogOutputStream:75 - [STDERR_REDIRECT] 
2026-06-29 16:36:14,830 [ERROR] LogOutputStream:75 - [STDERR_REDIRECT] [Fatal Error] :1:1: Premature end of file.
2026-06-29 16:36:14,830 [ERROR] LogOutputStream:75 - [STDERR_REDIRECT] 
2026-06-29 16:36:15,837 [ERROR] LogOutputStream:75 - [STDERR_REDIRECT] [Fatal Error] :1:1: Premature end of file.
2026-06-29 16:36:15,837 [ERROR] LogOutputStream:75 - [STDERR_REDIRECT] 
2026-06-29 16:36:16,840 [ERROR] LogOutputStream:75 - [STDERR_REDIRECT] [Fatal Error] :1:1: Premature end of file.
2026-06-29 16:36:16,840 [ERROR] LogOutputStream:75 - [STDERR_REDIRECT] 
2026-06-29 16:36:17,844 [ERROR] LogOutputStream:75 - [STDERR_REDIRECT] [Fatal Error] :1:1: Premature end of file.
2026-06-29 16:36:17,844 [ERROR] LogOutputStream:75 - [STDERR_REDIRECT] 
2026-06-29 16:36:18,845 [ERROR] LogOutputStream:75 - [STDERR_REDIRECT] [Fatal Error] :1:1: Premature end of file.
2026-06-29 16:36:18,845 [ERROR] LogOutputStream:75 - [STDERR_REDIRECT] 
2026-06-29 16:36:19,827 [ERROR] LogOutputStream:75 - [STDERR_REDIRECT] [Fatal Error] :1:1: Premature end of file.
2026-06-29 16:36:19,827 [ERROR] LogOutputStream:75 - [STDERR_REDIRECT] 
2026-06-29 16:36:20,830 [ERROR] LogOutputStream:75 - [STDERR_REDIRECT] [Fatal Error] :1:1: Premature end of file.
2026-06-29 16:36:20,830 [ERROR] LogOutputStream:75 - [STDERR_REDIRECT] 
2026-06-29 16:36:21,849 [ERROR] LogOutputStream:75 - [STDERR_REDIRECT] [Fatal Error] :1:1: Premature end of file.
2026-06-29 16:36:21,849 [ERROR] LogOutputStream:75 - [STDERR_REDIRECT] 
2026-06-29 16:36:22,831 [ERROR] LogOutputStream:75 - [STDERR_REDIRECT] [Fatal Error] :1:1: Premature end of file.
2026-06-29 16:36:22,831 [ERROR] LogOutputStream:75 - [STDERR_REDIRECT] 
2026-06-29 16:36:23,820 [ERROR] LogOutputStream:75 - [STDERR_REDIRECT] [Fatal Error] :1:1: Premature end of file.
2026-06-29 16:36:23,835 [ERROR] LogOutputStream:75 - [STDERR_REDIRECT] 
2026-06-29 16:36:24,827 [ERROR] LogOutputStream:75 - [STDERR_REDIRECT] [Fatal Error] :1:1: Premature end of file.
2026-06-29 16:36:24,827 [ERROR] LogOutputStream:75 - [STDERR_REDIRECT] 
2026-06-29 16:36:25,892 [ERROR] LogOutputStream:75 - [STDERR_REDIRECT] [Fatal Error] :1:1: Premature end of file.
2026-06-29 16:36:25,892 [ERROR] LogOutputStream:75 - [STDERR_REDIRECT] 
2026-06-29 16:36:26,823 [ERROR] LogOutputStream:75 - [STDERR_REDIRECT] [Fatal Error] :1:1: Premature end of file.
2026-06-29 16:36:26,823 [ERROR] LogOutputStream:75 - [STDERR_REDIRECT] 
2026-06-29 16:36:27,832 [ERROR] LogOutputStream:75 - [STDERR_REDIRECT] [Fatal Error] :1:1: Premature end of file.
2026-06-29 16:36:27,832 [ERROR] LogOutputStream:75 - [STDERR_REDIRECT] 
2026-06-29 16:36:28,831 [ERROR] LogOutputStream:75 - [STDERR_REDIRECT] [Fatal Error] :1:1: Premature end of file.
2026-06-29 16:36:28,831 [ERROR] LogOutputStream:75 - [STDERR_REDIRECT] 
2026-06-29 16:36:29,857 [ERROR] LogOutputStream:75 - [STDERR_REDIRECT] [Fatal Error] :1:1: Premature end of file.
2026-06-29 16:36:29,857 [ERROR] LogOutputStream:75 - [STDERR_REDIRECT] 
2026-06-29 16:36:30,831 [ERROR] LogOutputStream:75 - [STDERR_REDIRECT] [Fatal Error] :1:1: Premature end of file.
2026-06-29 16:36:30,831 [ERROR] LogOutputStream:75 - [STDERR_REDIRECT] 
2026-06-29 16:36:31,846 [ERROR] LogOutputStream:75 - [STDERR_REDIRECT] [Fatal Error] :1:1: Premature end of file.
2026-06-29 16:36:31,846 [ERROR] LogOutputStream:75 - [STDERR_REDIRECT] 
2026-06-29 16:36:32,850 [ERROR] LogOutputStream:75 - [STDERR_REDIRECT] [Fatal Error] :1:1: Premature end of file.
2026-06-29 16:36:32,850 [ERROR] LogOutputStream:75 - [STDERR_REDIRECT] 
2026-06-29 16:36:33,835 [ERROR] LogOutputStream:75 - [STDERR_REDIRECT] [Fatal Error] :1:1: Premature end of file.
2026-06-29 16:36:33,837 [ERROR] LogOutputStream:75 - [STDERR_REDIRECT] 
2026-06-29 16:36:34,835 [ERROR] LogOutputStream:75 - [STDERR_REDIRECT] [Fatal Error] :1:1: Premature end of file.
2026-06-29 16:36:34,835 [ERROR] LogOutputStream:75 - [STDERR_REDIRECT] 
2026-06-29 16:36:35,841 [ERROR] LogOutputStream:75 - [STDERR_REDIRECT] [Fatal Error] :1:1: Premature end of file.
2026-06-29 16:36:35,841 [ERROR] LogOutputStream:75 - [STDERR_REDIRECT] 
2026-06-29 16:36:36,843 [ERROR] LogOutputStream:75 - [STDERR_REDIRECT] [Fatal Error] :1:1: Premature end of file.
2026-06-29 16:36:36,845 [ERROR] LogOutputStream:75 - [STDERR_REDIRECT] 
2026-06-29 16:36:37,862 [ERROR] LogOutputStream:75 - [STDERR_REDIRECT] [Fatal Error] :1:1: Premature end of file.
2026-06-29 16:36:37,862 [ERROR] LogOutputStream:75 - [STDERR_REDIRECT] 
2026-06-29 16:36:38,878 [ERROR] LogOutputStream:75 - [STDERR_REDIRECT] [Fatal Error] :1:1: Premature end of file.
2026-06-29 16:36:38,878 [ERROR] LogOutputStream:75 - [STDERR_REDIRECT] 
2026-06-29 16:36:39,880 [ERROR] LogOutputStream:75 - [STDERR_REDIRECT] [Fatal Error] :1:1: Premature end of file.
2026-06-29 16:36:39,882 [ERROR] LogOutputStream:75 - [STDERR_REDIRECT] 
2026-06-29 16:36:40,833 [ERROR] LogOutputStream:75 - [STDERR_REDIRECT] [Fatal Error] :1:1: Premature end of file.
2026-06-29 16:36:40,835 [ERROR] LogOutputStream:75 - [STDERR_REDIRECT] 
2026-06-29 16:36:41,845 [ERROR] LogOutputStream:75 - [STDERR_REDIRECT] [Fatal Error] :1:1: Premature end of file.
2026-06-29 16:36:41,847 [ERROR] LogOutputStream:75 - [STDERR_REDIRECT] 
2026-06-29 16:36:42,852 [ERROR] LogOutputStream:75 - [STDERR_REDIRECT] [Fatal Error] :1:1: Premature end of file.
2026-06-29 16:36:42,852 [ERROR] LogOutputStream:75 - [STDERR_REDIRECT] 
2026-06-29 16:36:43,817 [ERROR] LogOutputStream:75 - [STDERR_REDIRECT] [Fatal Error] :1:1: Premature end of file.
2026-06-29 16:36:43,817 [ERROR] LogOutputStream:75 - [STDERR_REDIRECT] 
2026-06-29 16:36:44,845 [ERROR] LogOutputStream:75 - [STDERR_REDIRECT] [Fatal Error] :1:1: Premature end of file.
2026-06-29 16:36:44,845 [ERROR] LogOutputStream:75 - [STDERR_REDIRECT] 
2026-06-29 16:36:45,858 [ERROR] LogOutputStream:75 - [STDERR_REDIRECT] [Fatal Error] :1:1: Premature end of file.
2026-06-29 16:36:45,858 [ERROR] LogOutputStream:75 - [STDERR_REDIRECT] 
2026-06-29 16:36:46,868 [ERROR] LogOutputStream:75 - [STDERR_REDIRECT] [Fatal Error] :1:1: Premature end of file.
2026-06-29 16:36:46,868 [ERROR] LogOutputStream:75 - [STDERR_REDIRECT] 
2026-06-29 16:36:47,872 [ERROR] LogOutputStream:75 - [STDERR_REDIRECT] [Fatal Error] :1:1: Premature end of file.
2026-06-29 16:36:47,873 [ERROR] LogOutputStream:75 - [STDERR_REDIRECT] 
2026-06-29 16:36:48,888 [ERROR] LogOutputStream:75 - [STDERR_REDIRECT] [Fatal Error] :1:1: Premature end of file.
2026-06-29 16:36:48,888 [ERROR] LogOutputStream:75 - [STDERR_REDIRECT] 
2026-06-29 16:36:49,851 [ERROR] LogOutputStream:75 - [STDERR_REDIRECT] [Fatal Error] :1:1: Premature end of file.
2026-06-29 16:36:49,853 [ERROR] LogOutputStream:75 - [STDERR_REDIRECT] 
2026-06-29 16:36:50,841 [ERROR] LogOutputStream:75 - [STDERR_REDIRECT] [Fatal Error] :1:1: Premature end of file.
2026-06-29 16:36:50,841 [ERROR] LogOutputStream:75 - [STDERR_REDIRECT] 
2026-06-29 16:36:51,866 [ERROR] LogOutputStream:75 - [STDERR_REDIRECT] [Fatal Error] :1:1: Premature end of file.
2026-06-29 16:36:51,868 [ERROR] LogOutputStream:75 - [STDERR_REDIRECT] 
2026-06-29 16:36:52,840 [ERROR] LogOutputStream:75 - [STDERR_REDIRECT] [Fatal Error] :1:1: Premature end of file.
2026-06-29 16:36:52,841 [ERROR] LogOutputStream:75 - [STDERR_REDIRECT] 
2026-06-29 16:36:53,840 [ERROR] LogOutputStream:75 - [STDERR_REDIRECT] [Fatal Error] :1:1: Premature end of file.
2026-06-29 16:36:53,842 [ERROR] LogOutputStream:75 - [STDERR_REDIRECT] 
2026-06-29 16:36:54,835 [ERROR] LogOutputStream:75 - [STDERR_REDIRECT] [Fatal Error] :1:1: Premature end of file.
2026-06-29 16:36:54,835 [ERROR] LogOutputStream:75 - [STDERR_REDIRECT] 
2026-06-29 16:36:55,841 [ERROR] LogOutputStream:75 - [STDERR_REDIRECT] [Fatal Error] :1:1: Premature end of file.
2026-06-29 16:36:55,841 [ERROR] LogOutputStream:75 - [STDERR_REDIRECT] 
2026-06-29 16:36:56,859 [ERROR] LogOutputStream:75 - [STDERR_REDIRECT] [Fatal Error] :1:1: Premature end of file.
2026-06-29 16:36:56,860 [ERROR] LogOutputStream:75 - [STDERR_REDIRECT] 
2026-06-29 16:36:57,859 [ERROR] LogOutputStream:75 - [STDERR_REDIRECT] [Fatal Error] :1:1: Premature end of file.
2026-06-29 16:36:57,860 [ERROR] LogOutputStream:75 - [STDERR_REDIRECT] 
2026-06-29 16:36:58,894 [ERROR] LogOutputStream:75 - [STDERR_REDIRECT] [Fatal Error] :1:1: Premature end of file.
2026-06-29 16:36:58,897 [ERROR] LogOutputStream:75 - [STDERR_REDIRECT] 
2026-06-29 16:36:59,829 [ERROR] LogOutputStream:75 - [STDERR_REDIRECT] [Fatal Error] :1:1: Premature end of file.
2026-06-29 16:36:59,829 [ERROR] LogOutputStream:75 - [STDERR_REDIRECT] 
2026-06-29 16:37:00,835 [ERROR] LogOutputStream:75 - [STDERR_REDIRECT] [Fatal Error] :1:1: Premature end of file.
2026-06-29 16:37:00,836 [ERROR] LogOutputStream:75 - [STDERR_REDIRECT] 
2026-06-29 16:37:01,833 [ERROR] LogOutputStream:75 - [STDERR_REDIRECT] [Fatal Error] :1:1: Premature end of file.
2026-06-29 16:37:01,834 [ERROR] LogOutputStream:75 - [STDERR_REDIRECT] 
2026-06-29 16:37:02,831 [ERROR] LogOutputStream:75 - [STDERR_REDIRECT] [Fatal Error] :1:1: Premature end of file.
2026-06-29 16:37:02,831 [ERROR] LogOutputStream:75 - [STDERR_REDIRECT] 
2026-06-29 16:37:03,836 [ERROR] LogOutputStream:75 - [STDERR_REDIRECT] [Fatal Error] :1:1: Premature end of file.
2026-06-29 16:37:03,836 [ERROR] LogOutputStream:75 - [STDERR_REDIRECT] 
2026-06-29 16:37:04,832 [ERROR] LogOutputStream:75 - [STDERR_REDIRECT] [Fatal Error] :1:1: Premature end of file.
2026-06-29 16:37:04,833 [ERROR] LogOutputStream:75 - [STDERR_REDIRECT] 
2026-06-29 16:37:05,846 [ERROR] LogOutputStream:75 - [STDERR_REDIRECT] [Fatal Error] :1:1: Premature end of file.
2026-06-29 16:37:05,846 [ERROR] LogOutputStream:75 - [STDERR_REDIRECT] 
2026-06-29 16:37:06,830 [ERROR] LogOutputStream:75 - [STDERR_REDIRECT] [Fatal Error] :1:1: Premature end of file.
2026-06-29 16:37:06,831 [ERROR] LogOutputStream:75 - [STDERR_REDIRECT] 
2026-06-29 16:37:07,840 [ERROR] LogOutputStream:75 - [STDERR_REDIRECT] [Fatal Error] :1:1: Premature end of file.
2026-06-29 16:37:07,840 [ERROR] LogOutputStream:75 - [STDERR_REDIRECT] 
2026-06-29 16:37:08,836 [ERROR] LogOutputStream:75 - [STDERR_REDIRECT] [Fatal Error] :1:1: Premature end of file.
2026-06-29 16:37:08,837 [ERROR] LogOutputStream:75 - [STDERR_REDIRECT] 
2026-06-29 16:37:09,833 [ERROR] LogOutputStream:75 - [STDERR_REDIRECT] [Fatal Error] :1:1: Premature end of file.
2026-06-29 16:37:09,833 [ERROR] LogOutputStream:75 - [STDERR_REDIRECT] 
2026-06-29 16:37:10,852 [ERROR] LogOutputStream:75 - [STDERR_REDIRECT] [Fatal Error] :1:1: Premature end of file.
2026-06-29 16:37:10,852 [ERROR] LogOutputStream:75 - [STDERR_REDIRECT] 
2026-06-29 16:37:11,850 [ERROR] LogOutputStream:75 - [STDERR_REDIRECT] [Fatal Error] :1:1: Premature end of file.
2026-06-29 16:37:11,851 [ERROR] LogOutputStream:75 - [STDERR_REDIRECT] 
2026-06-29 16:37:12,869 [ERROR] LogOutputStream:75 - [STDERR_REDIRECT] [Fatal Error] :1:1: Premature end of file.
2026-06-29 16:37:12,869 [ERROR] LogOutputStream:75 - [STDERR_REDIRECT] 
2026-06-29 16:37:13,846 [ERROR] LogOutputStream:75 - [STDERR_REDIRECT] [Fatal Error] :1:1: Premature end of file.
2026-06-29 16:37:13,847 [ERROR] LogOutputStream:75 - [STDERR_REDIRECT] 
2026-06-29 16:37:14,845 [ERROR] LogOutputStream:75 - [STDERR_REDIRECT] [Fatal Error] :1:1: Premature end of file.
2026-06-29 16:37:14,845 [ERROR] LogOutputStream:75 - [STDERR_REDIRECT] 
2026-06-29 16:37:15,849 [ERROR] LogOutputStream:75 - [STDERR_REDIRECT] [Fatal Error] :1:1: Premature end of file.
2026-06-29 16:37:15,851 [ERROR] LogOutputStream:75 - [STDERR_REDIRECT] 
2026-06-29 16:37:16,839 [ERROR] LogOutputStream:75 - [STDERR_REDIRECT] [Fatal Error] :1:1: Premature end of file.
2026-06-29 16:37:16,839 [ERROR] LogOutputStream:75 - [STDERR_REDIRECT] 
2026-06-29 16:37:17,897 [ERROR] LogOutputStream:75 - [STDERR_REDIRECT] [Fatal Error] :1:1: Premature end of file.
2026-06-29 16:37:17,897 [ERROR] LogOutputStream:75 - [STDERR_REDIRECT] 
2026-06-29 16:37:18,841 [ERROR] LogOutputStream:75 - [STDERR_REDIRECT] [Fatal Error] :1:1: Premature end of file.
2026-06-29 16:37:18,841 [ERROR] LogOutputStream:75 - [STDERR_REDIRECT] 
2026-06-29 16:37:19,835 [ERROR] LogOutputStream:75 - [STDERR_REDIRECT] [Fatal Error] :1:1: Premature end of file.
2026-06-29 16:37:19,838 [ERROR] LogOutputStream:75 - [STDERR_REDIRECT] 
2026-06-29 16:37:20,839 [ERROR] LogOutputStream:75 - [STDERR_REDIRECT] [Fatal Error] :1:1: Premature end of file.
2026-06-29 16:37:20,839 [ERROR] LogOutputStream:75 - [STDERR_REDIRECT] 
2026-06-29 16:37:21,864 [ERROR] LogOutputStream:75 - [STDERR_REDIRECT] [Fatal Error] :1:1: Premature end of file.
2026-06-29 16:37:21,864 [ERROR] LogOutputStream:75 - [STDERR_REDIRECT] 
2026-06-29 16:37:22,894 [ERROR] LogOutputStream:75 - [STDERR_REDIRECT] [Fatal Error] :1:1: Premature end of file.
2026-06-29 16:37:22,894 [ERROR] LogOutputStream:75 - [STDERR_REDIRECT] 
2026-06-29 16:37:23,827 [ERROR] LogOutputStream:75 - [STDERR_REDIRECT] [Fatal Error] :1:1: Premature end of file.
2026-06-29 16:37:23,827 [ERROR] LogOutputStream:75 - [STDERR_REDIRECT] 
2026-06-29 16:37:24,842 [ERROR] LogOutputStream:75 - [STDERR_REDIRECT] [Fatal Error] :1:1: Premature end of file.
2026-06-29 16:37:24,845 [ERROR] LogOutputStream:75 - [STDERR_REDIRECT] 
2026-06-29 16:37:25,825 [ERROR] LogOutputStream:75 - [STDERR_REDIRECT] [Fatal Error] :1:1: Premature end of file.
2026-06-29 16:37:25,825 [ERROR] LogOutputStream:75 - [STDERR_REDIRECT] 
2026-06-29 16:37:26,825 [ERROR] LogOutputStream:75 - [STDERR_REDIRECT] [Fatal Error] :1:1: Premature end of file.
2026-06-29 16:37:26,825 [ERROR] LogOutputStream:75 - [STDERR_REDIRECT] 
2026-06-29 16:37:27,836 [ERROR] LogOutputStream:75 - [STDERR_REDIRECT] [Fatal Error] :1:1: Premature end of file.
2026-06-29 16:37:27,837 [ERROR] LogOutputStream:75 - [STDERR_REDIRECT] 
2026-06-29 16:37:28,835 [ERROR] LogOutputStream:75 - [STDERR_REDIRECT] [Fatal Error] :1:1: Premature end of file.
2026-06-29 16:37:28,835 [ERROR] LogOutputStream:75 - [STDERR_REDIRECT] 
2026-06-29 16:37:29,838 [ERROR] LogOutputStream:75 - [STDERR_REDIRECT] [Fatal Error] :1:1: Premature end of file.
2026-06-29 16:37:29,838 [ERROR] LogOutputStream:75 - [STDERR_REDIRECT] 
2026-06-29 16:37:30,836 [ERROR] LogOutputStream:75 - [STDERR_REDIRECT] [Fatal Error] :1:1: Premature end of file.
2026-06-29 16:37:30,836 [ERROR] LogOutputStream:75 - [STDERR_REDIRECT] 
2026-06-29 16:37:31,837 [ERROR] LogOutputStream:75 - [STDERR_REDIRECT] [Fatal Error] :1:1: Premature end of file.
2026-06-29 16:37:31,837 [ERROR] LogOutputStream:75 - [STDERR_REDIRECT] 
2026-06-29 16:37:32,833 [ERROR] LogOutputStream:75 - [STDERR_REDIRECT] [Fatal Error] :1:1: Premature end of file.
2026-06-29 16:37:32,834 [ERROR] LogOutputStream:75 - [STDERR_REDIRECT] 
2026-06-29 16:37:33,868 [ERROR] LogOutputStream:75 - [STDERR_REDIRECT] [Fatal Error] :1:1: Premature end of file.
2026-06-29 16:37:33,869 [ERROR] LogOutputStream:75 - [STDERR_REDIRECT] 
2026-06-29 16:37:34,851 [ERROR] LogOutputStream:75 - [STDERR_REDIRECT] [Fatal Error] :1:1: Premature end of file.
2026-06-29 16:37:34,851 [ERROR] LogOutputStream:75 - [STDERR_REDIRECT] 
2026-06-29 16:37:35,835 [ERROR] LogOutputStream:75 - [STDERR_REDIRECT] [Fatal Error] :1:1: Premature end of file.
2026-06-29 16:37:35,835 [ERROR] LogOutputStream:75 - [STDERR_REDIRECT] 
2026-06-29 16:37:36,799 [ERROR] LogOutputStream:75 - [STDERR_REDIRECT] [Fatal Error] :1:1: Premature end of file.
2026-06-29 16:37:36,799 [ERROR] LogOutputStream:75 - [STDERR_REDIRECT] 
2026-06-29 16:37:37,886 [ERROR] LogOutputStream:75 - [STDERR_REDIRECT] [Fatal Error] :1:1: Premature end of file.
2026-06-29 16:37:37,886 [ERROR] LogOutputStream:75 - [STDERR_REDIRECT] 
2026-06-29 16:37:38,801 [ERROR] LogOutputStream:75 - [STDERR_REDIRECT] [Fatal Error] :1:1: Premature end of file.
2026-06-29 16:37:38,801 [ERROR] LogOutputStream:75 - [STDERR_REDIRECT] 
2026-06-29 16:37:39,849 [ERROR] LogOutputStream:75 - [STDERR_REDIRECT] [Fatal Error] :1:1: Premature end of file.
2026-06-29 16:37:39,851 [ERROR] LogOutputStream:75 - [STDERR_REDIRECT] 
2026-06-29 16:37:40,807 [ERROR] LogOutputStream:75 - [STDERR_REDIRECT] [Fatal Error] :1:1: Premature end of file.
2026-06-29 16:37:40,807 [ERROR] LogOutputStream:75 - [STDERR_REDIRECT] 
2026-06-29 16:37:41,799 [ERROR] LogOutputStream:75 - [STDERR_REDIRECT] [Fatal Error] :1:1: Premature end of file.
2026-06-29 16:37:41,799 [ERROR] LogOutputStream:75 - [STDERR_REDIRECT] 
2026-06-29 16:37:42,816 [ERROR] LogOutputStream:75 - [STDERR_REDIRECT] [Fatal Error] :1:1: Premature end of file.
2026-06-29 16:37:42,816 [ERROR] LogOutputStream:75 - [STDERR_REDIRECT] 
2026-06-29 16:37:43,841 [ERROR] LogOutputStream:75 - [STDERR_REDIRECT] [Fatal Error] :1:1: Premature end of file.
2026-06-29 16:37:43,841 [ERROR] LogOutputStream:75 - [STDERR_REDIRECT] 
2026-06-29 16:37:44,845 [ERROR] LogOutputStream:75 - [STDERR_REDIRECT] [Fatal Error] :1:1: Premature end of file.
2026-06-29 16:37:44,845 [ERROR] LogOutputStream:75 - [STDERR_REDIRECT] 
2026-06-29 16:37:45,844 [ERROR] LogOutputStream:75 - [STDERR_REDIRECT] [Fatal Error] :1:1: Premature end of file.
2026-06-29 16:37:45,847 [ERROR] LogOutputStream:75 - [STDERR_REDIRECT] 
2026-06-29 16:37:46,848 [ERROR] LogOutputStream:75 - [STDERR_REDIRECT] [Fatal Error] :1:1: Premature end of file.
2026-06-29 16:37:46,849 [ERROR] LogOutputStream:75 - [STDERR_REDIRECT] 
2026-06-29 16:37:47,841 [ERROR] LogOutputStream:75 - [STDERR_REDIRECT] [Fatal Error] :1:1: Premature end of file.
2026-06-29 16:37:47,841 [ERROR] LogOutputStream:75 - [STDERR_REDIRECT] 
2026-06-29 16:37:48,883 [ERROR] LogOutputStream:75 - [STDERR_REDIRECT] [Fatal Error] :1:1: Premature end of file.
2026-06-29 16:37:48,884 [ERROR] LogOutputStream:75 - [STDERR_REDIRECT] 
2026-06-29 16:37:49,848 [ERROR] LogOutputStream:75 - [STDERR_REDIRECT] [Fatal Error] :1:1: Premature end of file.
2026-06-29 16:37:49,848 [ERROR] LogOutputStream:75 - [STDERR_REDIRECT] 
2026-06-29 16:37:50,843 [ERROR] LogOutputStream:75 - [STDERR_REDIRECT] [Fatal Error] :1:1: Premature end of file.
2026-06-29 16:37:50,843 [ERROR] LogOutputStream:75 - [STDERR_REDIRECT] 
2026-06-29 16:37:51,836 [ERROR] LogOutputStream:75 - [STDERR_REDIRECT] [Fatal Error] :1:1: Premature end of file.
2026-06-29 16:37:51,836 [ERROR] LogOutputStream:75 - [STDERR_REDIRECT] 
2026-06-29 16:37:52,844 [ERROR] LogOutputStream:75 - [STDERR_REDIRECT] [Fatal Error] :1:1: Premature end of file.
2026-06-29 16:37:52,844 [ERROR] LogOutputStream:75 - [STDERR_REDIRECT] 
2026-06-29 16:37:53,833 [ERROR] LogOutputStream:75 - [STDERR_REDIRECT] [Fatal Error] :1:1: Premature end of file.
2026-06-29 16:37:53,833 [ERROR] LogOutputStream:75 - [STDERR_REDIRECT] 
2026-06-29 16:37:54,849 [ERROR] LogOutputStream:75 - [STDERR_REDIRECT] [Fatal Error] :1:1: Premature end of file.
2026-06-29 16:37:54,849 [ERROR] LogOutputStream:75 - [STDERR_REDIRECT] 
2026-06-29 16:37:55,849 [ERROR] LogOutputStream:75 - [STDERR_REDIRECT] [Fatal Error] :1:1: Premature end of file.
2026-06-29 16:37:55,850 [ERROR] LogOutputStream:75 - [STDERR_REDIRECT] 
2026-06-29 16:37:56,841 [ERROR] LogOutputStream:75 - [STDERR_REDIRECT] [Fatal Error] :1:1: Premature end of file.
2026-06-29 16:37:56,841 [ERROR] LogOutputStream:75 - [STDERR_REDIRECT] 
2026-06-29 16:37:57,833 [ERROR] LogOutputStream:75 - [STDERR_REDIRECT] [Fatal Error] :1:1: Premature end of file.
2026-06-29 16:37:57,833 [ERROR] LogOutputStream:75 - [STDERR_REDIRECT] 
2026-06-29 16:37:58,848 [ERROR] LogOutputStream:75 - [STDERR_REDIRECT] [Fatal Error] :1:1: Premature end of file.
2026-06-29 16:37:58,848 [ERROR] LogOutputStream:75 - [STDERR_REDIRECT] 
2026-06-29 16:37:59,838 [ERROR] LogOutputStream:75 - [STDERR_REDIRECT] [Fatal Error] :1:1: Premature end of file.
2026-06-29 16:37:59,838 [ERROR] LogOutputStream:75 - [STDERR_REDIRECT] 
2026-06-29 16:38:00,810 [ERROR] LogOutputStream:75 - [STDERR_REDIRECT] [Fatal Error] :1:1: Premature end of file.
2026-06-29 16:38:00,810 [ERROR] LogOutputStream:75 - [STDERR_REDIRECT] 
2026-06-29 16:38:01,823 [ERROR] LogOutputStream:75 - [STDERR_REDIRECT] [Fatal Error] :1:1: Premature end of file.
2026-06-29 16:38:01,823 [ERROR] LogOutputStream:75 - [STDERR_REDIRECT] 
2026-06-29 16:38:02,809 [ERROR] LogOutputStream:75 - [STDERR_REDIRECT] [Fatal Error] :1:1: Premature end of file.
2026-06-29 16:38:02,809 [ERROR] LogOutputStream:75 - [STDERR_REDIRECT] 
2026-06-29 16:38:03,822 [ERROR] LogOutputStream:75 - [STDERR_REDIRECT] [Fatal Error] :1:1: Premature end of file.
2026-06-29 16:38:03,822 [ERROR] LogOutputStream:75 - [STDERR_REDIRECT] 
2026-06-29 16:38:04,844 [ERROR] LogOutputStream:75 - [STDERR_REDIRECT] [Fatal Error] :1:1: Premature end of file.
2026-06-29 16:38:04,847 [ERROR] LogOutputStream:75 - [STDERR_REDIRECT] 
2026-06-29 16:38:05,821 [ERROR] LogOutputStream:75 - [STDERR_REDIRECT] [Fatal Error] :1:1: Premature end of file.
2026-06-29 16:38:05,821 [ERROR] LogOutputStream:75 - [STDERR_REDIRECT] 
2026-06-29 16:38:06,857 [ERROR] LogOutputStream:75 - [STDERR_REDIRECT] [Fatal Error] :1:1: Premature end of file.
2026-06-29 16:38:06,857 [ERROR] LogOutputStream:75 - [STDERR_REDIRECT] 
2026-06-29 16:38:07,829 [ERROR] LogOutputStream:75 - [STDERR_REDIRECT] [Fatal Error] :1:1: Premature end of file.
2026-06-29 16:38:07,829 [ERROR] LogOutputStream:75 - [STDERR_REDIRECT] 
2026-06-29 16:38:08,859 [ERROR] LogOutputStream:75 - [STDERR_REDIRECT] [Fatal Error] :1:1: Premature end of file.
2026-06-29 16:38:08,859 [ERROR] LogOutputStream:75 - [STDERR_REDIRECT] 
2026-06-29 16:38:09,878 [ERROR] LogOutputStream:75 - [STDERR_REDIRECT] [Fatal Error] :1:1: Premature end of file.
2026-06-29 16:38:09,879 [ERROR] LogOutputStream:75 - [STDERR_REDIRECT] 
2026-06-29 16:38:10,812 [ERROR] LogOutputStream:75 - [STDERR_REDIRECT] [Fatal Error] :1:1: Premature end of file.
2026-06-29 16:38:10,812 [ERROR] LogOutputStream:75 - [STDERR_REDIRECT] 
2026-06-29 16:38:11,847 [ERROR] LogOutputStream:75 - [STDERR_REDIRECT] [Fatal Error] :1:1: Premature end of file.
2026-06-29 16:38:11,848 [ERROR] LogOutputStream:75 - [STDERR_REDIRECT] 
2026-06-29 16:38:12,890 [ERROR] LogOutputStream:75 - [STDERR_REDIRECT] [Fatal Error] :1:1: Premature end of file.
2026-06-29 16:38:12,891 [ERROR] LogOutputStream:75 - [STDERR_REDIRECT] 
2026-06-29 16:38:13,842 [ERROR] LogOutputStream:75 - [STDERR_REDIRECT] [Fatal Error] :1:1: Premature end of file.
2026-06-29 16:38:13,842 [ERROR] LogOutputStream:75 - [STDERR_REDIRECT] 
2026-06-29 16:38:14,838 [ERROR] LogOutputStream:75 - [STDERR_REDIRECT] [Fatal Error] :1:1: Premature end of file.
2026-06-29 16:38:14,838 [ERROR] LogOutputStream:75 - [STDERR_REDIRECT] 
2026-06-29 16:38:15,823 [ERROR] LogOutputStream:75 - [STDERR_REDIRECT] [Fatal Error] :1:1: Premature end of file.
2026-06-29 16:38:15,824 [ERROR] LogOutputStream:75 - [STDERR_REDIRECT] 
2026-06-29 16:38:16,843 [ERROR] LogOutputStream:75 - [STDERR_REDIRECT] [Fatal Error] :1:1: Premature end of file.
2026-06-29 16:38:16,843 [ERROR] LogOutputStream:75 - [STDERR_REDIRECT] 
2026-06-29 16:38:17,835 [ERROR] LogOutputStream:75 - [STDERR_REDIRECT] [Fatal Error] :1:1: Premature end of file.
2026-06-29 16:38:17,835 [ERROR] LogOutputStream:75 - [STDERR_REDIRECT] 
2026-06-29 16:38:18,833 [ERROR] LogOutputStream:75 - [STDERR_REDIRECT] [Fatal Error] :1:1: Premature end of file.
2026-06-29 16:38:18,833 [ERROR] LogOutputStream:75 - [STDERR_REDIRECT] 
2026-06-29 16:38:19,806 [ERROR] LogOutputStream:75 - [STDERR_REDIRECT] [Fatal Error] :1:1: Premature end of file.
2026-06-29 16:38:19,806 [ERROR] LogOutputStream:75 - [STDERR_REDIRECT] 
2026-06-29 16:38:20,827 [ERROR] LogOutputStream:75 - [STDERR_REDIRECT] [Fatal Error] :1:1: Premature end of file.
2026-06-29 16:38:20,828 [ERROR] LogOutputStream:75 - [STDERR_REDIRECT] 
2026-06-29 16:38:21,807 [ERROR] LogOutputStream:75 - [STDERR_REDIRECT] [Fatal Error] :1:1: Premature end of file.
2026-06-29 16:38:21,807 [ERROR] LogOutputStream:75 - [STDERR_REDIRECT] 
2026-06-29 16:38:22,816 [ERROR] LogOutputStream:75 - [STDERR_REDIRECT] [Fatal Error] :1:1: Premature end of file.
2026-06-29 16:38:22,816 [ERROR] LogOutputStream:75 - [STDERR_REDIRECT] 
2026-06-29 16:38:23,807 [ERROR] LogOutputStream:75 - [STDERR_REDIRECT] [Fatal Error] :1:1: Premature end of file.
2026-06-29 16:38:23,807 [ERROR] LogOutputStream:75 - [STDERR_REDIRECT] 
2026-06-29 16:38:24,808 [ERROR] LogOutputStream:75 - [STDERR_REDIRECT] [Fatal Error] :1:1: Premature end of file.
2026-06-29 16:38:24,808 [ERROR] LogOutputStream:75 - [STDERR_REDIRECT] 
2026-06-29 16:38:25,812 [ERROR] LogOutputStream:75 - [STDERR_REDIRECT] [Fatal Error] :1:1: Premature end of file.
2026-06-29 16:38:25,812 [ERROR] LogOutputStream:75 - [STDERR_REDIRECT] 
2026-06-29 16:38:26,811 [ERROR] LogOutputStream:75 - [STDERR_REDIRECT] [Fatal Error] :1:1: Premature end of file.
2026-06-29 16:38:26,811 [ERROR] LogOutputStream:75 - [STDERR_REDIRECT] 
2026-06-29 16:38:27,818 [ERROR] LogOutputStream:75 - [STDERR_REDIRECT] [Fatal Error] :1:1: Premature end of file.
2026-06-29 16:38:27,818 [ERROR] LogOutputStream:75 - [STDERR_REDIRECT] 
2026-06-29 16:38:28,801 [ERROR] LogOutputStream:75 - [STDERR_REDIRECT] [Fatal Error] :1:1: Premature end of file.
2026-06-29 16:38:28,801 [ERROR] LogOutputStream:75 - [STDERR_REDIRECT] 
2026-06-29 16:38:29,819 [ERROR] LogOutputStream:75 - [STDERR_REDIRECT] [Fatal Error] :1:1: Premature end of file.
2026-06-29 16:38:29,819 [ERROR] LogOutputStream:75 - [STDERR_REDIRECT] 
2026-06-29 16:38:30,814 [ERROR] LogOutputStream:75 - [STDERR_REDIRECT] [Fatal Error] :1:1: Premature end of file.
2026-06-29 16:38:30,814 [ERROR] LogOutputStream:75 - [STDERR_REDIRECT] 
2026-06-29 16:38:31,815 [ERROR] LogOutputStream:75 - [STDERR_REDIRECT] [Fatal Error] :1:1: Premature end of file.
2026-06-29 16:38:31,816 [ERROR] LogOutputStream:75 - [STDERR_REDIRECT] 
2026-06-29 16:38:32,806 [ERROR] LogOutputStream:75 - [STDERR_REDIRECT] [Fatal Error] :1:1: Premature end of file.
2026-06-29 16:38:32,807 [ERROR] LogOutputStream:75 - [STDERR_REDIRECT] 
2026-06-29 16:38:33,842 [ERROR] LogOutputStream:75 - [STDERR_REDIRECT] [Fatal Error] :1:1: Premature end of file.
2026-06-29 16:38:33,842 [ERROR] LogOutputStream:75 - [STDERR_REDIRECT] 
2026-06-29 16:38:34,839 [ERROR] LogOutputStream:75 - [STDERR_REDIRECT] [Fatal Error] :1:1: Premature end of file.
2026-06-29 16:38:34,839 [ERROR] LogOutputStream:75 - [STDERR_REDIRECT] 
2026-06-29 16:38:35,801 [ERROR] LogOutputStream:75 - [STDERR_REDIRECT] [Fatal Error] :1:1: Premature end of file.
2026-06-29 16:38:35,801 [ERROR] LogOutputStream:75 - [STDERR_REDIRECT] 
2026-06-29 16:38:36,842 [ERROR] LogOutputStream:75 - [STDERR_REDIRECT] [Fatal Error] :1:1: Premature end of file.
2026-06-29 16:38:36,842 [ERROR] LogOutputStream:75 - [STDERR_REDIRECT] 
2026-06-29 16:38:37,852 [ERROR] LogOutputStream:75 - [STDERR_REDIRECT] [Fatal Error] :1:1: Premature end of file.
2026-06-29 16:38:37,852 [ERROR] LogOutputStream:75 - [STDERR_REDIRECT] 
2026-06-29 16:38:38,831 [ERROR] LogOutputStream:75 - [STDERR_REDIRECT] [Fatal Error] :1:1: Premature end of file.
2026-06-29 16:38:38,831 [ERROR] LogOutputStream:75 - [STDERR_REDIRECT] 
2026-06-29 16:38:39,831 [ERROR] LogOutputStream:75 - [STDERR_REDIRECT] [Fatal Error] :1:1: Premature end of file.
2026-06-29 16:38:39,835 [ERROR] LogOutputStream:75 - [STDERR_REDIRECT] 
2026-06-29 16:38:40,882 [ERROR] LogOutputStream:75 - [STDERR_REDIRECT] [Fatal Error] :1:1: Premature end of file.
2026-06-29 16:38:40,882 [ERROR] LogOutputStream:75 - [STDERR_REDIRECT] 
2026-06-29 16:38:41,840 [ERROR] LogOutputStream:75 - [STDERR_REDIRECT] [Fatal Error] :1:1: Premature end of file.
2026-06-29 16:38:41,840 [ERROR] LogOutputStream:75 - [STDERR_REDIRECT] 
2026-06-29 16:38:42,839 [ERROR] LogOutputStream:75 - [STDERR_REDIRECT] [Fatal Error] :1:1: Premature end of file.
2026-06-29 16:38:42,842 [ERROR] LogOutputStream:75 - [STDERR_REDIRECT] 
2026-06-29 16:38:43,828 [ERROR] LogOutputStream:75 - [STDERR_REDIRECT] [Fatal Error] :1:1: Premature end of file.
2026-06-29 16:38:43,828 [ERROR] LogOutputStream:75 - [STDERR_REDIRECT] 
2026-06-29 16:38:44,839 [ERROR] LogOutputStream:75 - [STDERR_REDIRECT] [Fatal Error] :1:1: Premature end of file.
2026-06-29 16:38:44,839 [ERROR] LogOutputStream:75 - [STDERR_REDIRECT] 
2026-06-29 16:38:45,837 [ERROR] LogOutputStream:75 - [STDERR_REDIRECT] [Fatal Error] :1:1: Premature end of file.
2026-06-29 16:38:45,838 [ERROR] LogOutputStream:75 - [STDERR_REDIRECT] 
2026-06-29 16:38:46,825 [ERROR] LogOutputStream:75 - [STDERR_REDIRECT] [Fatal Error] :1:1: Premature end of file.
2026-06-29 16:38:46,825 [ERROR] LogOutputStream:75 - [STDERR_REDIRECT] 
2026-06-29 16:38:47,834 [ERROR] LogOutputStream:75 - [STDERR_REDIRECT] [Fatal Error] :1:1: Premature end of file.
2026-06-29 16:38:47,834 [ERROR] LogOutputStream:75 - [STDERR_REDIRECT] 
2026-06-29 16:38:48,839 [ERROR] LogOutputStream:75 - [STDERR_REDIRECT] [Fatal Error] :1:1: Premature end of file.
2026-06-29 16:38:48,840 [ERROR] LogOutputStream:75 - [STDERR_REDIRECT] 
2026-06-29 16:38:49,823 [ERROR] LogOutputStream:75 - [STDERR_REDIRECT] [Fatal Error] :1:1: Premature end of file.
2026-06-29 16:38:49,823 [ERROR] LogOutputStream:75 - [STDERR_REDIRECT] 
2026-06-29 16:38:50,829 [ERROR] LogOutputStream:75 - [STDERR_REDIRECT] [Fatal Error] :1:1: Premature end of file.
2026-06-29 16:38:50,829 [ERROR] LogOutputStream:75 - [STDERR_REDIRECT] 
2026-06-29 16:38:51,832 [ERROR] LogOutputStream:75 - [STDERR_REDIRECT] [Fatal Error] :1:1: Premature end of file.
2026-06-29 16:38:51,832 [ERROR] LogOutputStream:75 - [STDERR_REDIRECT] 
2026-06-29 16:38:52,835 [ERROR] LogOutputStream:75 - [STDERR_REDIRECT] [Fatal Error] :1:1: Premature end of file.
2026-06-29 16:38:52,836 [ERROR] LogOutputStream:75 - [STDERR_REDIRECT] 
2026-06-29 16:38:53,834 [ERROR] LogOutputStream:75 - [STDERR_REDIRECT] [Fatal Error] :1:1: Premature end of file.
2026-06-29 16:38:53,834 [ERROR] LogOutputStream:75 - [STDERR_REDIRECT] 
2026-06-29 16:38:54,858 [ERROR] LogOutputStream:75 - [STDERR_REDIRECT] [Fatal Error] :1:1: Premature end of file.
2026-06-29 16:38:54,858 [ERROR] LogOutputStream:75 - [STDERR_REDIRECT] 
2026-06-29 16:38:55,849 [ERROR] LogOutputStream:75 - [STDERR_REDIRECT] [Fatal Error] :1:1: Premature end of file.
2026-06-29 16:38:55,849 [ERROR] LogOutputStream:75 - [STDERR_REDIRECT] 
2026-06-29 16:38:56,834 [ERROR] LogOutputStream:75 - [STDERR_REDIRECT] [Fatal Error] :1:1: Premature end of file.
2026-06-29 16:38:56,844 [ERROR] LogOutputStream:75 - [STDERR_REDIRECT] 
2026-06-29 16:38:57,845 [ERROR] LogOutputStream:75 - [STDERR_REDIRECT] [Fatal Error] :1:1: Premature end of file.
2026-06-29 16:38:57,845 [ERROR] LogOutputStream:75 - [STDERR_REDIRECT] 
2026-06-29 16:38:58,837 [ERROR] LogOutputStream:75 - [STDERR_REDIRECT] [Fatal Error] :1:1: Premature end of file.
2026-06-29 16:38:58,837 [ERROR] LogOutputStream:75 - [STDERR_REDIRECT] 
2026-06-29 16:38:59,848 [ERROR] LogOutputStream:75 - [STDERR_REDIRECT] [Fatal Error] :1:1: Premature end of file.
2026-06-29 16:38:59,848 [ERROR] LogOutputStream:75 - [STDERR_REDIRECT] 
2026-06-29 16:39:00,843 [ERROR] LogOutputStream:75 - [STDERR_REDIRECT] [Fatal Error] :1:1: Premature end of file.
2026-06-29 16:39:00,843 [ERROR] LogOutputStream:75 - [STDERR_REDIRECT] 
2026-06-29 16:39:01,847 [ERROR] LogOutputStream:75 - [STDERR_REDIRECT] [Fatal Error] :1:1: Premature end of file.
2026-06-29 16:39:01,847 [ERROR] LogOutputStream:75 - [STDERR_REDIRECT] 
2026-06-29 16:39:02,832 [ERROR] LogOutputStream:75 - [STDERR_REDIRECT] [Fatal Error] :1:1: Premature end of file.
2026-06-29 16:39:02,832 [ERROR] LogOutputStream:75 - [STDERR_REDIRECT] 
2026-06-29 16:39:03,834 [ERROR] LogOutputStream:75 - [STDERR_REDIRECT] [Fatal Error] :1:1: Premature end of file.
2026-06-29 16:39:03,834 [ERROR] LogOutputStream:75 - [STDERR_REDIRECT] 
2026-06-29 16:39:04,835 [ERROR] LogOutputStream:75 - [STDERR_REDIRECT] [Fatal Error] :1:1: Premature end of file.
2026-06-29 16:39:04,835 [ERROR] LogOutputStream:75 - [STDERR_REDIRECT] 
2026-06-29 16:39:05,842 [ERROR] LogOutputStream:75 - [STDERR_REDIRECT] [Fatal Error] :1:1: Premature end of file.
2026-06-29 16:39:05,843 [ERROR] LogOutputStream:75 - [STDERR_REDIRECT] 
2026-06-29 16:39:06,846 [ERROR] LogOutputStream:75 - [STDERR_REDIRECT] [Fatal Error] :1:1: Premature end of file.
2026-06-29 16:39:06,846 [ERROR] LogOutputStream:75 - [STDERR_REDIRECT] 
2026-06-29 16:39:07,825 [ERROR] LogOutputStream:75 - [STDERR_REDIRECT] [Fatal Error] :1:1: Premature end of file.
2026-06-29 16:39:07,839 [ERROR] LogOutputStream:75 - [STDERR_REDIRECT] 
2026-06-29 16:39:08,834 [ERROR] LogOutputStream:75 - [STDERR_REDIRECT] [Fatal Error] :1:1: Premature end of file.
2026-06-29 16:39:08,834 [ERROR] LogOutputStream:75 - [STDERR_REDIRECT] 
2026-06-29 16:39:09,831 [ERROR] LogOutputStream:75 - [STDERR_REDIRECT] [Fatal Error] :1:1: Premature end of file.
2026-06-29 16:39:09,832 [ERROR] LogOutputStream:75 - [STDERR_REDIRECT] 
2026-06-29 16:39:10,833 [ERROR] LogOutputStream:75 - [STDERR_REDIRECT] [Fatal Error] :1:1: Premature end of file.
2026-06-29 16:39:10,833 [ERROR] LogOutputStream:75 - [STDERR_REDIRECT] 
2026-06-29 16:39:11,812 [ERROR] LogOutputStream:75 - [STDERR_REDIRECT] [Fatal Error] :1:1: Premature end of file.
2026-06-29 16:39:11,812 [ERROR] LogOutputStream:75 - [STDERR_REDIRECT] 
2026-06-29 16:39:12,869 [ERROR] LogOutputStream:75 - [STDERR_REDIRECT] [Fatal Error] :1:1: Premature end of file.
2026-06-29 16:39:12,870 [ERROR] LogOutputStream:75 - [STDERR_REDIRECT] 
2026-06-29 16:39:13,830 [ERROR] LogOutputStream:75 - [STDERR_REDIRECT] [Fatal Error] :1:1: Premature end of file.
2026-06-29 16:39:13,830 [ERROR] LogOutputStream:75 - [STDERR_REDIRECT] 
2026-06-29 16:39:14,855 [ERROR] LogOutputStream:75 - [STDERR_REDIRECT] [Fatal Error] :1:1: Premature end of file.
2026-06-29 16:39:14,859 [ERROR] LogOutputStream:75 - [STDERR_REDIRECT] 
2026-06-29 16:39:15,844 [ERROR] LogOutputStream:75 - [STDERR_REDIRECT] [Fatal Error] :1:1: Premature end of file.
2026-06-29 16:39:15,844 [ERROR] LogOutputStream:75 - [STDERR_REDIRECT] 
2026-06-29 16:39:16,834 [ERROR] LogOutputStream:75 - [STDERR_REDIRECT] [Fatal Error] :1:1: Premature end of file.
2026-06-29 16:39:16,834 [ERROR] LogOutputStream:75 - [STDERR_REDIRECT] 
2026-06-29 16:39:17,849 [ERROR] LogOutputStream:75 - [STDERR_REDIRECT] [Fatal Error] :1:1: Premature end of file.
2026-06-29 16:39:17,849 [ERROR] LogOutputStream:75 - [STDERR_REDIRECT] 
2026-06-29 16:39:18,840 [ERROR] LogOutputStream:75 - [STDERR_REDIRECT] [Fatal Error] :1:1: Premature end of file.
2026-06-29 16:39:18,840 [ERROR] LogOutputStream:75 - [STDERR_REDIRECT] 
2026-06-29 16:39:19,848 [ERROR] LogOutputStream:75 - [STDERR_REDIRECT] [Fatal Error] :1:1: Premature end of file.
2026-06-29 16:39:19,848 [ERROR] LogOutputStream:75 - [STDERR_REDIRECT] 
2026-06-29 16:39:20,841 [ERROR] LogOutputStream:75 - [STDERR_REDIRECT] [Fatal Error] :1:1: Premature end of file.
2026-06-29 16:39:20,842 [ERROR] LogOutputStream:75 - [STDERR_REDIRECT] 
2026-06-29 16:39:21,851 [ERROR] LogOutputStream:75 - [STDERR_REDIRECT] [Fatal Error] :1:1: Premature end of file.
2026-06-29 16:39:21,851 [ERROR] LogOutputStream:75 - [STDERR_REDIRECT] 
2026-06-29 16:39:22,846 [ERROR] LogOutputStream:75 - [STDERR_REDIRECT] [Fatal Error] :1:1: Premature end of file.
2026-06-29 16:39:22,846 [ERROR] LogOutputStream:75 - [STDERR_REDIRECT] 
2026-06-29 16:39:23,829 [ERROR] LogOutputStream:75 - [STDERR_REDIRECT] [Fatal Error] :1:1: Premature end of file.
2026-06-29 16:39:23,829 [ERROR] LogOutputStream:75 - [STDERR_REDIRECT] 
2026-06-29 16:39:24,827 [ERROR] LogOutputStream:75 - [STDERR_REDIRECT] [Fatal Error] :1:1: Premature end of file.
2026-06-29 16:39:24,827 [ERROR] LogOutputStream:75 - [STDERR_REDIRECT] 
2026-06-29 16:39:25,844 [ERROR] LogOutputStream:75 - [STDERR_REDIRECT] [Fatal Error] :1:1: Premature end of file.
2026-06-29 16:39:25,844 [ERROR] LogOutputStream:75 - [STDERR_REDIRECT] 
2026-06-29 16:39:26,850 [ERROR] LogOutputStream:75 - [STDERR_REDIRECT] [Fatal Error] :1:1: Premature end of file.
2026-06-29 16:39:26,850 [ERROR] LogOutputStream:75 - [STDERR_REDIRECT] 
2026-06-29 16:39:27,853 [ERROR] LogOutputStream:75 - [STDERR_REDIRECT] [Fatal Error] :1:1: Premature end of file.
2026-06-29 16:39:27,854 [ERROR] LogOutputStream:75 - [STDERR_REDIRECT] 
2026-06-29 16:39:28,841 [ERROR] LogOutputStream:75 - [STDERR_REDIRECT] [Fatal Error] :1:1: Premature end of file.
2026-06-29 16:39:28,841 [ERROR] LogOutputStream:75 - [STDERR_REDIRECT] 
2026-06-29 16:39:29,823 [ERROR] LogOutputStream:75 - [STDERR_REDIRECT] [Fatal Error] :1:1: Premature end of file.
2026-06-29 16:39:29,824 [ERROR] LogOutputStream:75 - [STDERR_REDIRECT] 
2026-06-29 16:39:30,837 [ERROR] LogOutputStream:75 - [STDERR_REDIRECT] [Fatal Error] :1:1: Premature end of file.
2026-06-29 16:39:30,837 [ERROR] LogOutputStream:75 - [STDERR_REDIRECT] 
2026-06-29 16:39:31,843 [ERROR] LogOutputStream:75 - [STDERR_REDIRECT] [Fatal Error] :1:1: Premature end of file.
2026-06-29 16:39:31,843 [ERROR] LogOutputStream:75 - [STDERR_REDIRECT] 
2026-06-29 16:39:32,881 [ERROR] LogOutputStream:75 - [STDERR_REDIRECT] [Fatal Error] :1:1: Premature end of file.
2026-06-29 16:39:32,881 [ERROR] LogOutputStream:75 - [STDERR_REDIRECT] 
2026-06-29 16:39:33,860 [ERROR] LogOutputStream:75 - [STDERR_REDIRECT] [Fatal Error] :1:1: Premature end of file.
2026-06-29 16:39:33,863 [ERROR] LogOutputStream:75 - [STDERR_REDIRECT] 
2026-06-29 16:39:34,835 [ERROR] LogOutputStream:75 - [STDERR_REDIRECT] [Fatal Error] :1:1: Premature end of file.
2026-06-29 16:39:34,835 [ERROR] LogOutputStream:75 - [STDERR_REDIRECT] 
2026-06-29 16:39:35,847 [ERROR] LogOutputStream:75 - [STDERR_REDIRECT] [Fatal Error] :1:1: Premature end of file.
2026-06-29 16:39:35,850 [ERROR] LogOutputStream:75 - [STDERR_REDIRECT] 
2026-06-29 16:39:36,850 [ERROR] LogOutputStream:75 - [STDERR_REDIRECT] [Fatal Error] :1:1: Premature end of file.
2026-06-29 16:39:36,850 [ERROR] LogOutputStream:75 - [STDERR_REDIRECT] 
2026-06-29 16:39:37,833 [ERROR] LogOutputStream:75 - [STDERR_REDIRECT] [Fatal Error] :1:1: Premature end of file.
2026-06-29 16:39:37,833 [ERROR] LogOutputStream:75 - [STDERR_REDIRECT] 
2026-06-29 16:39:38,831 [ERROR] LogOutputStream:75 - [STDERR_REDIRECT] [Fatal Error] :1:1: Premature end of file.
2026-06-29 16:39:38,831 [ERROR] LogOutputStream:75 - [STDERR_REDIRECT] 
2026-06-29 16:39:39,843 [ERROR] LogOutputStream:75 - [STDERR_REDIRECT] [Fatal Error] :1:1: Premature end of file.
2026-06-29 16:39:39,845 [ERROR] LogOutputStream:75 - [STDERR_REDIRECT] 
2026-06-29 16:39:40,848 [ERROR] LogOutputStream:75 - [STDERR_REDIRECT] [Fatal Error] :1:1: Premature end of file.
2026-06-29 16:39:40,848 [ERROR] LogOutputStream:75 - [STDERR_REDIRECT] 
2026-06-29 16:39:41,846 [ERROR] LogOutputStream:75 - [STDERR_REDIRECT] [Fatal Error] :1:1: Premature end of file.
2026-06-29 16:39:41,846 [ERROR] LogOutputStream:75 - [STDERR_REDIRECT] 
2026-06-29 16:39:42,834 [ERROR] LogOutputStream:75 - [STDERR_REDIRECT] [Fatal Error] :1:1: Premature end of file.
2026-06-29 16:39:42,834 [ERROR] LogOutputStream:75 - [STDERR_REDIRECT] 
2026-06-29 16:39:43,828 [ERROR] LogOutputStream:75 - [STDERR_REDIRECT] [Fatal Error] :1:1: Premature end of file.
2026-06-29 16:39:43,828 [ERROR] LogOutputStream:75 - [STDERR_REDIRECT] 
2026-06-29 16:39:44,827 [ERROR] LogOutputStream:75 - [STDERR_REDIRECT] [Fatal Error] :1:1: Premature end of file.
2026-06-29 16:39:44,840 [ERROR] LogOutputStream:75 - [STDERR_REDIRECT] 
2026-06-29 16:39:45,835 [ERROR] LogOutputStream:75 - [STDERR_REDIRECT] [Fatal Error] :1:1: Premature end of file.
2026-06-29 16:39:45,835 [ERROR] LogOutputStream:75 - [STDERR_REDIRECT] 
2026-06-29 16:39:46,835 [ERROR] LogOutputStream:75 - [STDERR_REDIRECT] [Fatal Error] :1:1: Premature end of file.
2026-06-29 16:39:46,835 [ERROR] LogOutputStream:75 - [STDERR_REDIRECT] 
2026-06-29 16:39:47,842 [ERROR] LogOutputStream:75 - [STDERR_REDIRECT] [Fatal Error] :1:1: Premature end of file.
2026-06-29 16:39:47,842 [ERROR] LogOutputStream:75 - [STDERR_REDIRECT] 
2026-06-29 16:39:48,836 [ERROR] LogOutputStream:75 - [STDERR_REDIRECT] [Fatal Error] :1:1: Premature end of file.
2026-06-29 16:39:48,836 [ERROR] LogOutputStream:75 - [STDERR_REDIRECT] 
2026-06-29 16:39:49,832 [ERROR] LogOutputStream:75 - [STDERR_REDIRECT] [Fatal Error] :1:1: Premature end of file.
2026-06-29 16:39:49,832 [ERROR] LogOutputStream:75 - [STDERR_REDIRECT] 
2026-06-29 16:39:50,835 [ERROR] LogOutputStream:75 - [STDERR_REDIRECT] [Fatal Error] :1:1: Premature end of file.
2026-06-29 16:39:50,835 [ERROR] LogOutputStream:75 - [STDERR_REDIRECT] 
2026-06-29 16:39:51,831 [ERROR] LogOutputStream:75 - [STDERR_REDIRECT] [Fatal Error] :1:1: Premature end of file.
2026-06-29 16:39:51,831 [ERROR] LogOutputStream:75 - [STDERR_REDIRECT] 
2026-06-29 16:39:52,836 [ERROR] LogOutputStream:75 - [STDERR_REDIRECT] [Fatal Error] :1:1: Premature end of file.
2026-06-29 16:39:52,836 [ERROR] LogOutputStream:75 - [STDERR_REDIRECT] 
2026-06-29 16:39:53,886 [ERROR] LogOutputStream:75 - [STDERR_REDIRECT] [Fatal Error] :1:1: Premature end of file.
2026-06-29 16:39:53,887 [ERROR] LogOutputStream:75 - [STDERR_REDIRECT] 
2026-06-29 16:39:54,837 [ERROR] LogOutputStream:75 - [STDERR_REDIRECT] [Fatal Error] :1:1: Premature end of file.
2026-06-29 16:39:54,837 [ERROR] LogOutputStream:75 - [STDERR_REDIRECT] 
2026-06-29 16:39:55,848 [ERROR] LogOutputStream:75 - [STDERR_REDIRECT] [Fatal Error] :1:1: Premature end of file.
2026-06-29 16:39:55,848 [ERROR] LogOutputStream:75 - [STDERR_REDIRECT] 
2026-06-29 16:39:56,849 [ERROR] LogOutputStream:75 - [STDERR_REDIRECT] [Fatal Error] :1:1: Premature end of file.
2026-06-29 16:39:56,850 [ERROR] LogOutputStream:75 - [STDERR_REDIRECT] 
2026-06-29 16:39:57,843 [ERROR] LogOutputStream:75 - [STDERR_REDIRECT] [Fatal Error] :1:1: Premature end of file.
2026-06-29 16:39:57,843 [ERROR] LogOutputStream:75 - [STDERR_REDIRECT] 
2026-06-29 16:39:58,851 [ERROR] LogOutputStream:75 - [STDERR_REDIRECT] [Fatal Error] :1:1: Premature end of file.
2026-06-29 16:39:58,851 [ERROR] LogOutputStream:75 - [STDERR_REDIRECT] 
2026-06-29 16:39:59,838 [ERROR] LogOutputStream:75 - [STDERR_REDIRECT] [Fatal Error] :1:1: Premature end of file.
2026-06-29 16:39:59,838 [ERROR] LogOutputStream:75 - [STDERR_REDIRECT] 
2026-06-29 16:40:00,843 [ERROR] LogOutputStream:75 - [STDERR_REDIRECT] [Fatal Error] :1:1: Premature end of file.
2026-06-29 16:40:00,843 [ERROR] LogOutputStream:75 - [STDERR_REDIRECT] 
2026-06-29 16:40:01,835 [ERROR] LogOutputStream:75 - [STDERR_REDIRECT] [Fatal Error] :1:1: Premature end of file.
2026-06-29 16:40:01,839 [ERROR] LogOutputStream:75 - [STDERR_REDIRECT] 
2026-06-29 16:40:02,836 [ERROR] LogOutputStream:75 - [STDERR_REDIRECT] [Fatal Error] :1:1: Premature end of file.
2026-06-29 16:40:02,836 [ERROR] LogOutputStream:75 - [STDERR_REDIRECT] 
2026-06-29 16:40:03,845 [ERROR] LogOutputStream:75 - [STDERR_REDIRECT] [Fatal Error] :1:1: Premature end of file.
2026-06-29 16:40:03,845 [ERROR] LogOutputStream:75 - [STDERR_REDIRECT] 
2026-06-29 16:40:04,849 [ERROR] LogOutputStream:75 - [STDERR_REDIRECT] [Fatal Error] :1:1: Premature end of file.
2026-06-29 16:40:04,849 [ERROR] LogOutputStream:75 - [STDERR_REDIRECT] 
2026-06-29 16:40:05,839 [ERROR] LogOutputStream:75 - [STDERR_REDIRECT] [Fatal Error] :1:1: Premature end of file.
2026-06-29 16:40:05,839 [ERROR] LogOutputStream:75 - [STDERR_REDIRECT] 
2026-06-29 16:40:06,838 [ERROR] LogOutputStream:75 - [STDERR_REDIRECT] [Fatal Error] :1:1: Premature end of file.
2026-06-29 16:40:06,838 [ERROR] LogOutputStream:75 - [STDERR_REDIRECT] 
2026-06-29 16:40:07,826 [ERROR] LogOutputStream:75 - [STDERR_REDIRECT] [Fatal Error] :1:1: Premature end of file.
2026-06-29 16:40:07,826 [ERROR] LogOutputStream:75 - [STDERR_REDIRECT] 
2026-06-29 16:40:08,842 [ERROR] LogOutputStream:75 - [STDERR_REDIRECT] [Fatal Error] :1:1: Premature end of file.
2026-06-29 16:40:08,845 [ERROR] LogOutputStream:75 - [STDERR_REDIRECT] 
2026-06-29 16:40:09,833 [ERROR] LogOutputStream:75 - [STDERR_REDIRECT] [Fatal Error] :1:1: Premature end of file.
2026-06-29 16:40:09,833 [ERROR] LogOutputStream:75 - [STDERR_REDIRECT] 
2026-06-29 16:40:10,834 [ERROR] LogOutputStream:75 - [STDERR_REDIRECT] [Fatal Error] :1:1: Premature end of file.
2026-06-29 16:40:10,834 [ERROR] LogOutputStream:75 - [STDERR_REDIRECT] 
2026-06-29 16:40:11,831 [ERROR] LogOutputStream:75 - [STDERR_REDIRECT] [Fatal Error] :1:1: Premature end of file.
2026-06-29 16:40:11,831 [ERROR] LogOutputStream:75 - [STDERR_REDIRECT] 
2026-06-29 16:40:12,871 [ERROR] LogOutputStream:75 - [STDERR_REDIRECT] [Fatal Error] :1:1: Premature end of file.
2026-06-29 16:40:12,871 [ERROR] LogOutputStream:75 - [STDERR_REDIRECT] 
2026-06-29 16:40:13,835 [ERROR] LogOutputStream:75 - [STDERR_REDIRECT] [Fatal Error] :1:1: Premature end of file.
2026-06-29 16:40:13,836 [ERROR] LogOutputStream:75 - [STDERR_REDIRECT] 
2026-06-29 16:40:14,852 [ERROR] LogOutputStream:75 - [STDERR_REDIRECT] [Fatal Error] :1:1: Premature end of file.
2026-06-29 16:40:14,852 [ERROR] LogOutputStream:75 - [STDERR_REDIRECT] 
2026-06-29 16:40:15,850 [ERROR] LogOutputStream:75 - [STDERR_REDIRECT] [Fatal Error] :1:1: Premature end of file.
2026-06-29 16:40:15,850 [ERROR] LogOutputStream:75 - [STDERR_REDIRECT] 
2026-06-29 16:40:16,835 [ERROR] LogOutputStream:75 - [STDERR_REDIRECT] [Fatal Error] :1:1: Premature end of file.
2026-06-29 16:40:16,836 [ERROR] LogOutputStream:75 - [STDERR_REDIRECT] 
2026-06-29 16:40:17,849 [ERROR] LogOutputStream:75 - [STDERR_REDIRECT] [Fatal Error] :1:1: Premature end of file.
2026-06-29 16:40:17,850 [ERROR] LogOutputStream:75 - [STDERR_REDIRECT] 
2026-06-29 16:40:18,858 [ERROR] LogOutputStream:75 - [STDERR_REDIRECT] [Fatal Error] :1:1: Premature end of file.
2026-06-29 16:40:18,858 [ERROR] LogOutputStream:75 - [STDERR_REDIRECT] 
2026-06-29 16:40:19,816 [ERROR] LogOutputStream:75 - [STDERR_REDIRECT] [Fatal Error] :1:1: Premature end of file.
2026-06-29 16:40:19,816 [ERROR] LogOutputStream:75 - [STDERR_REDIRECT] 
2026-06-29 16:40:20,852 [ERROR] LogOutputStream:75 - [STDERR_REDIRECT] [Fatal Error] :1:1: Premature end of file.
2026-06-29 16:40:20,852 [ERROR] LogOutputStream:75 - [STDERR_REDIRECT] 
2026-06-29 16:40:21,841 [ERROR] LogOutputStream:75 - [STDERR_REDIRECT] [Fatal Error] :1:1: Premature end of file.
2026-06-29 16:40:21,841 [ERROR] LogOutputStream:75 - [STDERR_REDIRECT] 
2026-06-29 16:40:22,854 [ERROR] LogOutputStream:75 - [STDERR_REDIRECT] [Fatal Error] :1:1: Premature end of file.
2026-06-29 16:40:22,854 [ERROR] LogOutputStream:75 - [STDERR_REDIRECT] 
2026-06-29 16:40:23,836 [ERROR] LogOutputStream:75 - [STDERR_REDIRECT] [Fatal Error] :1:1: Premature end of file.
2026-06-29 16:40:23,837 [ERROR] LogOutputStream:75 - [STDERR_REDIRECT] 
2026-06-29 16:40:24,832 [ERROR] LogOutputStream:75 - [STDERR_REDIRECT] [Fatal Error] :1:1: Premature end of file.
2026-06-29 16:40:24,832 [ERROR] LogOutputStream:75 - [STDERR_REDIRECT] 
2026-06-29 16:40:25,831 [ERROR] LogOutputStream:75 - [STDERR_REDIRECT] [Fatal Error] :1:1: Premature end of file.
2026-06-29 16:40:25,831 [ERROR] LogOutputStream:75 - [STDERR_REDIRECT] 
2026-06-29 16:40:26,844 [ERROR] LogOutputStream:75 - [STDERR_REDIRECT] [Fatal Error] :1:1: Premature end of file.
2026-06-29 16:40:26,844 [ERROR] LogOutputStream:75 - [STDERR_REDIRECT] 
2026-06-29 16:40:27,830 [ERROR] LogOutputStream:75 - [STDERR_REDIRECT] [Fatal Error] :1:1: Premature end of file.
2026-06-29 16:40:27,830 [ERROR] LogOutputStream:75 - [STDERR_REDIRECT] 
2026-06-29 16:40:28,832 [ERROR] LogOutputStream:75 - [STDERR_REDIRECT] [Fatal Error] :1:1: Premature end of file.
2026-06-29 16:40:28,832 [ERROR] LogOutputStream:75 - [STDERR_REDIRECT] 
2026-06-29 16:40:29,820 [ERROR] LogOutputStream:75 - [STDERR_REDIRECT] [Fatal Error] :1:1: Premature end of file.
2026-06-29 16:40:29,820 [ERROR] LogOutputStream:75 - [STDERR_REDIRECT] 
2026-06-29 16:40:30,831 [ERROR] LogOutputStream:75 - [STDERR_REDIRECT] [Fatal Error] :1:1: Premature end of file.
2026-06-29 16:40:30,832 [ERROR] LogOutputStream:75 - [STDERR_REDIRECT] 
2026-06-29 16:40:31,835 [ERROR] LogOutputStream:75 - [STDERR_REDIRECT] [Fatal Error] :1:1: Premature end of file.
2026-06-29 16:40:31,835 [ERROR] LogOutputStream:75 - [STDERR_REDIRECT] 
2026-06-29 16:40:32,830 [ERROR] LogOutputStream:75 - [STDERR_REDIRECT] [Fatal Error] :1:1: Premature end of file.
2026-06-29 16:40:32,830 [ERROR] LogOutputStream:75 - [STDERR_REDIRECT] 
2026-06-29 16:40:33,842 [ERROR] LogOutputStream:75 - [STDERR_REDIRECT] [Fatal Error] :1:1: Premature end of file.
2026-06-29 16:40:33,842 [ERROR] LogOutputStream:75 - [STDERR_REDIRECT] 
2026-06-29 16:40:34,832 [ERROR] LogOutputStream:75 - [STDERR_REDIRECT] [Fatal Error] :1:1: Premature end of file.
2026-06-29 16:40:34,832 [ERROR] LogOutputStream:75 - [STDERR_REDIRECT] 
2026-06-29 16:40:35,853 [ERROR] LogOutputStream:75 - [STDERR_REDIRECT] [Fatal Error] :1:1: Premature end of file.
2026-06-29 16:40:35,853 [ERROR] LogOutputStream:75 - [STDERR_REDIRECT] 
2026-06-29 16:40:36,853 [ERROR] LogOutputStream:75 - [STDERR_REDIRECT] [Fatal Error] :1:1: Premature end of file.
2026-06-29 16:40:36,853 [ERROR] LogOutputStream:75 - [STDERR_REDIRECT] 
2026-06-29 16:40:37,862 [ERROR] LogOutputStream:75 - [STDERR_REDIRECT] [Fatal Error] :1:1: Premature end of file.
2026-06-29 16:40:37,862 [ERROR] LogOutputStream:75 - [STDERR_REDIRECT] 
2026-06-29 16:40:38,844 [ERROR] LogOutputStream:75 - [STDERR_REDIRECT] [Fatal Error] :1:1: Premature end of file.
2026-06-29 16:40:38,844 [ERROR] LogOutputStream:75 - [STDERR_REDIRECT] 
2026-06-29 16:40:39,844 [ERROR] LogOutputStream:75 - [STDERR_REDIRECT] [Fatal Error] :1:1: Premature end of file.
2026-06-29 16:40:39,844 [ERROR] LogOutputStream:75 - [STDERR_REDIRECT] 
2026-06-29 16:40:40,832 [ERROR] LogOutputStream:75 - [STDERR_REDIRECT] [Fatal Error] :1:1: Premature end of file.
2026-06-29 16:40:40,832 [ERROR] LogOutputStream:75 - [STDERR_REDIRECT] 
2026-06-29 16:40:41,849 [ERROR] LogOutputStream:75 - [STDERR_REDIRECT] [Fatal Error] :1:1: Premature end of file.
2026-06-29 16:40:41,849 [ERROR] LogOutputStream:75 - [STDERR_REDIRECT] 
2026-06-29 16:40:42,830 [ERROR] LogOutputStream:75 - [STDERR_REDIRECT] [Fatal Error] :1:1: Premature end of file.
2026-06-29 16:40:42,830 [ERROR] LogOutputStream:75 - [STDERR_REDIRECT] 
2026-06-29 16:40:43,873 [ERROR] LogOutputStream:75 - [STDERR_REDIRECT] [Fatal Error] :1:1: Premature end of file.
2026-06-29 16:40:43,873 [ERROR] LogOutputStream:75 - [STDERR_REDIRECT] 
2026-06-29 16:40:44,836 [ERROR] LogOutputStream:75 - [STDERR_REDIRECT] [Fatal Error] :1:1: Premature end of file.
2026-06-29 16:40:44,836 [ERROR] LogOutputStream:75 - [STDERR_REDIRECT] 
2026-06-29 16:40:45,853 [ERROR] LogOutputStream:75 - [STDERR_REDIRECT] [Fatal Error] :1:1: Premature end of file.
2026-06-29 16:40:45,859 [ERROR] LogOutputStream:75 - [STDERR_REDIRECT] 
2026-06-29 16:40:46,846 [ERROR] LogOutputStream:75 - [STDERR_REDIRECT] [Fatal Error] :1:1: Premature end of file.
2026-06-29 16:40:46,846 [ERROR] LogOutputStream:75 - [STDERR_REDIRECT] 
2026-06-29 16:40:47,843 [ERROR] LogOutputStream:75 - [STDERR_REDIRECT] [Fatal Error] :1:1: Premature end of file.
2026-06-29 16:40:47,843 [ERROR] LogOutputStream:75 - [STDERR_REDIRECT] 
2026-06-29 16:40:48,831 [ERROR] LogOutputStream:75 - [STDERR_REDIRECT] [Fatal Error] :1:1: Premature end of file.
2026-06-29 16:40:48,831 [ERROR] LogOutputStream:75 - [STDERR_REDIRECT] 
2026-06-29 16:40:49,828 [ERROR] LogOutputStream:75 - [STDERR_REDIRECT] [Fatal Error] :1:1: Premature end of file.
2026-06-29 16:40:49,828 [ERROR] LogOutputStream:75 - [STDERR_REDIRECT] 
2026-06-29 16:40:50,835 [ERROR] LogOutputStream:75 - [STDERR_REDIRECT] [Fatal Error] :1:1: Premature end of file.
2026-06-29 16:40:50,835 [ERROR] LogOutputStream:75 - [STDERR_REDIRECT] 
2026-06-29 16:40:51,841 [ERROR] LogOutputStream:75 - [STDERR_REDIRECT] [Fatal Error] :1:1: Premature end of file.
2026-06-29 16:40:51,841 [ERROR] LogOutputStream:75 - [STDERR_REDIRECT] 
2026-06-29 16:40:52,839 [ERROR] LogOutputStream:75 - [STDERR_REDIRECT] [Fatal Error] :1:1: Premature end of file.
2026-06-29 16:40:52,847 [ERROR] LogOutputStream:75 - [STDERR_REDIRECT] 
2026-06-29 16:40:53,838 [ERROR] LogOutputStream:75 - [STDERR_REDIRECT] [Fatal Error] :1:1: Premature end of file.
2026-06-29 16:40:53,839 [ERROR] LogOutputStream:75 - [STDERR_REDIRECT] 
2026-06-29 16:40:54,841 [ERROR] LogOutputStream:75 - [STDERR_REDIRECT] [Fatal Error] :1:1: Premature end of file.
2026-06-29 16:40:54,843 [ERROR] LogOutputStream:75 - [STDERR_REDIRECT] 
2026-06-29 16:40:55,837 [ERROR] LogOutputStream:75 - [STDERR_REDIRECT] [Fatal Error] :1:1: Premature end of file.
2026-06-29 16:40:55,838 [ERROR] LogOutputStream:75 - [STDERR_REDIRECT] 
2026-06-29 16:40:56,845 [ERROR] LogOutputStream:75 - [STDERR_REDIRECT] [Fatal Error] :1:1: Premature end of file.
2026-06-29 16:40:56,845 [ERROR] LogOutputStream:75 - [STDERR_REDIRECT] 
2026-06-29 16:40:57,851 [ERROR] LogOutputStream:75 - [STDERR_REDIRECT] [Fatal Error] :1:1: Premature end of file.
2026-06-29 16:40:57,852 [ERROR] LogOutputStream:75 - [STDERR_REDIRECT] 
2026-06-29 16:40:58,834 [ERROR] LogOutputStream:75 - [STDERR_REDIRECT] [Fatal Error] :1:1: Premature end of file.
2026-06-29 16:40:58,843 [ERROR] LogOutputStream:75 - [STDERR_REDIRECT] 
2026-06-29 16:40:59,849 [ERROR] LogOutputStream:75 - [STDERR_REDIRECT] [Fatal Error] :1:1: Premature end of file.
2026-06-29 16:40:59,850 [ERROR] LogOutputStream:75 - [STDERR_REDIRECT] 
2026-06-29 16:41:00,838 [ERROR] LogOutputStream:75 - [STDERR_REDIRECT] [Fatal Error] :1:1: Premature end of file.
2026-06-29 16:41:00,838 [ERROR] LogOutputStream:75 - [STDERR_REDIRECT] 
2026-06-29 16:41:01,832 [ERROR] LogOutputStream:75 - [STDERR_REDIRECT] [Fatal Error] :1:1: Premature end of file.
2026-06-29 16:41:01,845 [ERROR] LogOutputStream:75 - [STDERR_REDIRECT] 
2026-06-29 16:41:02,847 [ERROR] LogOutputStream:75 - [STDERR_REDIRECT] [Fatal Error] :1:1: Premature end of file.
2026-06-29 16:41:02,848 [ERROR] LogOutputStream:75 - [STDERR_REDIRECT] 
2026-06-29 16:41:03,838 [ERROR] LogOutputStream:75 - [STDERR_REDIRECT] [Fatal Error] :1:1: Premature end of file.
2026-06-29 16:41:03,839 [ERROR] LogOutputStream:75 - [STDERR_REDIRECT] 
2026-06-29 16:41:04,830 [ERROR] LogOutputStream:75 - [STDERR_REDIRECT] [Fatal Error] :1:1: Premature end of file.
2026-06-29 16:41:04,830 [ERROR] LogOutputStream:75 - [STDERR_REDIRECT] 
2026-06-29 16:41:05,832 [ERROR] LogOutputStream:75 - [STDERR_REDIRECT] [Fatal Error] :1:1: Premature end of file.
2026-06-29 16:41:05,832 [ERROR] LogOutputStream:75 - [STDERR_REDIRECT] 
2026-06-29 16:41:06,867 [ERROR] LogOutputStream:75 - [STDERR_REDIRECT] [Fatal Error] :1:1: Premature end of file.
2026-06-29 16:41:06,867 [ERROR] LogOutputStream:75 - [STDERR_REDIRECT] 
2026-06-29 16:41:07,833 [ERROR] LogOutputStream:75 - [STDERR_REDIRECT] [Fatal Error] :1:1: Premature end of file.
2026-06-29 16:41:07,833 [ERROR] LogOutputStream:75 - [STDERR_REDIRECT] 
2026-06-29 16:41:08,841 [ERROR] LogOutputStream:75 - [STDERR_REDIRECT] [Fatal Error] :1:1: Premature end of file.
2026-06-29 16:41:08,842 [ERROR] LogOutputStream:75 - [STDERR_REDIRECT] 
2026-06-29 16:41:09,835 [ERROR] LogOutputStream:75 - [STDERR_REDIRECT] [Fatal Error] :1:1: Premature end of file.
2026-06-29 16:41:09,835 [ERROR] LogOutputStream:75 - [STDERR_REDIRECT] 
2026-06-29 16:41:10,824 [ERROR] LogOutputStream:75 - [STDERR_REDIRECT] [Fatal Error] :1:1: Premature end of file.
2026-06-29 16:41:10,824 [ERROR] LogOutputStream:75 - [STDERR_REDIRECT] 
2026-06-29 16:41:11,840 [ERROR] LogOutputStream:75 - [STDERR_REDIRECT] [Fatal Error] :1:1: Premature end of file.
2026-06-29 16:41:11,841 [ERROR] LogOutputStream:75 - [STDERR_REDIRECT] 
2026-06-29 16:41:12,849 [ERROR] LogOutputStream:75 - [STDERR_REDIRECT] [Fatal Error] :1:1: Premature end of file.
2026-06-29 16:41:12,849 [ERROR] LogOutputStream:75 - [STDERR_REDIRECT] 
2026-06-29 16:41:13,839 [ERROR] LogOutputStream:75 - [STDERR_REDIRECT] [Fatal Error] :1:1: Premature end of file.
2026-06-29 16:41:13,839 [ERROR] LogOutputStream:75 - [STDERR_REDIRECT] 
2026-06-29 16:41:14,838 [ERROR] LogOutputStream:75 - [STDERR_REDIRECT] [Fatal Error] :1:1: Premature end of file.
2026-06-29 16:41:14,838 [ERROR] LogOutputStream:75 - [STDERR_REDIRECT] 
2026-06-29 16:41:15,845 [ERROR] LogOutputStream:75 - [STDERR_REDIRECT] [Fatal Error] :1:1: Premature end of file.
2026-06-29 16:41:15,845 [ERROR] LogOutputStream:75 - [STDERR_REDIRECT] 
2026-06-29 16:41:16,837 [ERROR] LogOutputStream:75 - [STDERR_REDIRECT] [Fatal Error] :1:1: Premature end of file.
2026-06-29 16:41:16,837 [ERROR] LogOutputStream:75 - [STDERR_REDIRECT] 
2026-06-29 16:41:17,839 [ERROR] LogOutputStream:75 - [STDERR_REDIRECT] [Fatal Error] :1:1: Premature end of file.
2026-06-29 16:41:17,839 [ERROR] LogOutputStream:75 - [STDERR_REDIRECT] 
2026-06-29 16:41:18,851 [ERROR] LogOutputStream:75 - [STDERR_REDIRECT] [Fatal Error] :1:1: Premature end of file.
2026-06-29 16:41:18,852 [ERROR] LogOutputStream:75 - [STDERR_REDIRECT] 
2026-06-29 16:41:19,849 [ERROR] LogOutputStream:75 - [STDERR_REDIRECT] [Fatal Error] :1:1: Premature end of file.
2026-06-29 16:41:19,850 [ERROR] LogOutputStream:75 - [STDERR_REDIRECT] 
2026-06-29 16:41:20,854 [ERROR] LogOutputStream:75 - [STDERR_REDIRECT] [Fatal Error] :1:1: Premature end of file.
2026-06-29 16:41:20,855 [ERROR] LogOutputStream:75 - [STDERR_REDIRECT] 
2026-06-29 16:41:21,848 [ERROR] LogOutputStream:75 - [STDERR_REDIRECT] [Fatal Error] :1:1: Premature end of file.
2026-06-29 16:41:21,849 [ERROR] LogOutputStream:75 - [STDERR_REDIRECT] 
2026-06-29 16:41:22,846 [ERROR] LogOutputStream:75 - [STDERR_REDIRECT] [Fatal Error] :1:1: Premature end of file.
2026-06-29 16:41:22,847 [ERROR] LogOutputStream:75 - [STDERR_REDIRECT] 
2026-06-29 16:41:23,830 [ERROR] LogOutputStream:75 - [STDERR_REDIRECT] [Fatal Error] :1:1: Premature end of file.
2026-06-29 16:41:23,830 [ERROR] LogOutputStream:75 - [STDERR_REDIRECT] 
2026-06-29 16:41:24,842 [ERROR] LogOutputStream:75 - [STDERR_REDIRECT] [Fatal Error] :1:1: Premature end of file.
2026-06-29 16:41:24,843 [ERROR] LogOutputStream:75 - [STDERR_REDIRECT] 
2026-06-29 16:41:25,827 [ERROR] LogOutputStream:75 - [STDERR_REDIRECT] [Fatal Error] :1:1: Premature end of file.
2026-06-29 16:41:25,827 [ERROR] LogOutputStream:75 - [STDERR_REDIRECT] 
2026-06-29 16:41:26,845 [ERROR] LogOutputStream:75 - [STDERR_REDIRECT] [Fatal Error] :1:1: Premature end of file.
2026-06-29 16:41:26,845 [ERROR] LogOutputStream:75 - [STDERR_REDIRECT] 
2026-06-29 16:41:27,845 [ERROR] LogOutputStream:75 - [STDERR_REDIRECT] [Fatal Error] :1:1: Premature end of file.
2026-06-29 16:41:27,846 [ERROR] LogOutputStream:75 - [STDERR_REDIRECT] 
2026-06-29 16:41:28,834 [ERROR] LogOutputStream:75 - [STDERR_REDIRECT] [Fatal Error] :1:1: Premature end of file.
2026-06-29 16:41:28,834 [ERROR] LogOutputStream:75 - [STDERR_REDIRECT] 
2026-06-29 16:41:29,834 [ERROR] LogOutputStream:75 - [STDERR_REDIRECT] [Fatal Error] :1:1: Premature end of file.
2026-06-29 16:41:29,834 [ERROR] LogOutputStream:75 - [STDERR_REDIRECT] 
2026-06-29 16:41:30,837 [ERROR] LogOutputStream:75 - [STDERR_REDIRECT] [Fatal Error] :1:1: Premature end of file.
2026-06-29 16:41:30,840 [ERROR] LogOutputStream:75 - [STDERR_REDIRECT] 
2026-06-29 16:41:31,834 [ERROR] LogOutputStream:75 - [STDERR_REDIRECT] [Fatal Error] :1:1: Premature end of file.
2026-06-29 16:41:31,835 [ERROR] LogOutputStream:75 - [STDERR_REDIRECT] 
2026-06-29 16:41:32,840 [ERROR] LogOutputStream:75 - [STDERR_REDIRECT] [Fatal Error] :1:1: Premature end of file.
2026-06-29 16:41:32,840 [ERROR] LogOutputStream:75 - [STDERR_REDIRECT] 
2026-06-29 16:41:33,848 [ERROR] LogOutputStream:75 - [STDERR_REDIRECT] [Fatal Error] :1:1: Premature end of file.
2026-06-29 16:41:33,848 [ERROR] LogOutputStream:75 - [STDERR_REDIRECT] 
2026-06-29 16:41:34,840 [ERROR] LogOutputStream:75 - [STDERR_REDIRECT] [Fatal Error] :1:1: Premature end of file.
2026-06-29 16:41:34,841 [ERROR] LogOutputStream:75 - [STDERR_REDIRECT] 
2026-06-29 16:41:35,830 [ERROR] LogOutputStream:75 - [STDERR_REDIRECT] [Fatal Error] :1:1: Premature end of file.
2026-06-29 16:41:35,836 [ERROR] LogOutputStream:75 - [STDERR_REDIRECT] 
2026-06-29 16:41:36,854 [ERROR] LogOutputStream:75 - [STDERR_REDIRECT] [Fatal Error] :1:1: Premature end of file.
2026-06-29 16:41:36,854 [ERROR] LogOutputStream:75 - [STDERR_REDIRECT] 
2026-06-29 16:41:37,857 [ERROR] LogOutputStream:75 - [STDERR_REDIRECT] [Fatal Error] :1:1: Premature end of file.
2026-06-29 16:41:37,858 [ERROR] LogOutputStream:75 - [STDERR_REDIRECT] 
2026-06-29 16:41:38,843 [ERROR] LogOutputStream:75 - [STDERR_REDIRECT] [Fatal Error] :1:1: Premature end of file.
2026-06-29 16:41:38,844 [ERROR] LogOutputStream:75 - [STDERR_REDIRECT] 
2026-06-29 16:41:39,816 [ERROR] LogOutputStream:75 - [STDERR_REDIRECT] [Fatal Error] :1:1: Premature end of file.
2026-06-29 16:41:39,817 [ERROR] LogOutputStream:75 - [STDERR_REDIRECT] 
2026-06-29 16:41:40,850 [ERROR] LogOutputStream:75 - [STDERR_REDIRECT] [Fatal Error] :1:1: Premature end of file.
2026-06-29 16:41:40,850 [ERROR] LogOutputStream:75 - [STDERR_REDIRECT] 
2026-06-29 16:41:41,848 [ERROR] LogOutputStream:75 - [STDERR_REDIRECT] [Fatal Error] :1:1: Premature end of file.
2026-06-29 16:41:41,848 [ERROR] LogOutputStream:75 - [STDERR_REDIRECT] 
2026-06-29 16:41:42,852 [ERROR] LogOutputStream:75 - [STDERR_REDIRECT] [Fatal Error] :1:1: Premature end of file.
2026-06-29 16:41:42,852 [ERROR] LogOutputStream:75 - [STDERR_REDIRECT] 
2026-06-29 16:41:43,850 [ERROR] LogOutputStream:75 - [STDERR_REDIRECT] [Fatal Error] :1:1: Premature end of file.
2026-06-29 16:41:43,852 [ERROR] LogOutputStream:75 - [STDERR_REDIRECT] 
2026-06-29 16:41:44,852 [ERROR] LogOutputStream:75 - [STDERR_REDIRECT] [Fatal Error] :1:1: Premature end of file.
2026-06-29 16:41:44,852 [ERROR] LogOutputStream:75 - [STDERR_REDIRECT] 
2026-06-29 16:41:45,842 [ERROR] LogOutputStream:75 - [STDERR_REDIRECT] [Fatal Error] :1:1: Premature end of file.
2026-06-29 16:41:45,842 [ERROR] LogOutputStream:75 - [STDERR_REDIRECT] 
2026-06-29 16:41:46,848 [ERROR] LogOutputStream:75 - [STDERR_REDIRECT] [Fatal Error] :1:1: Premature end of file.
2026-06-29 16:41:46,848 [ERROR] LogOutputStream:75 - [STDERR_REDIRECT] 
2026-06-29 16:41:47,866 [ERROR] LogOutputStream:75 - [STDERR_REDIRECT] [Fatal Error] :1:1: Premature end of file.
2026-06-29 16:41:47,866 [ERROR] LogOutputStream:75 - [STDERR_REDIRECT] 
2026-06-29 16:41:48,854 [ERROR] LogOutputStream:75 - [STDERR_REDIRECT] [Fatal Error] :1:1: Premature end of file.
2026-06-29 16:41:48,854 [ERROR] LogOutputStream:75 - [STDERR_REDIRECT] 
2026-06-29 16:41:49,841 [ERROR] LogOutputStream:75 - [STDERR_REDIRECT] [Fatal Error] :1:1: Premature end of file.
2026-06-29 16:41:49,842 [ERROR] LogOutputStream:75 - [STDERR_REDIRECT] 
2026-06-29 16:41:50,875 [ERROR] LogOutputStream:75 - [STDERR_REDIRECT] [Fatal Error] :1:1: Premature end of file.
2026-06-29 16:41:50,875 [ERROR] LogOutputStream:75 - [STDERR_REDIRECT] 
2026-06-29 16:41:51,853 [ERROR] LogOutputStream:75 - [STDERR_REDIRECT] [Fatal Error] :1:1: Premature end of file.
2026-06-29 16:41:51,853 [ERROR] LogOutputStream:75 - [STDERR_REDIRECT] 
2026-06-29 16:41:52,827 [ERROR] LogOutputStream:75 - [STDERR_REDIRECT] [Fatal Error] :1:1: Premature end of file.
2026-06-29 16:41:52,827 [ERROR] LogOutputStream:75 - [STDERR_REDIRECT] 
2026-06-29 16:41:53,857 [ERROR] LogOutputStream:75 - [STDERR_REDIRECT] [Fatal Error] :1:1: Premature end of file.
2026-06-29 16:41:53,857 [ERROR] LogOutputStream:75 - [STDERR_REDIRECT] 
2026-06-29 16:41:54,849 [ERROR] LogOutputStream:75 - [STDERR_REDIRECT] [Fatal Error] :1:1: Premature end of file.
2026-06-29 16:41:54,849 [ERROR] LogOutputStream:75 - [STDERR_REDIRECT] 
2026-06-29 16:41:55,842 [ERROR] LogOutputStream:75 - [STDERR_REDIRECT] [Fatal Error] :1:1: Premature end of file.
2026-06-29 16:41:55,842 [ERROR] LogOutputStream:75 - [STDERR_REDIRECT] 
2026-06-29 16:41:56,822 [ERROR] LogOutputStream:75 - [STDERR_REDIRECT] [Fatal Error] :1:1: Premature end of file.
2026-06-29 16:41:56,822 [ERROR] LogOutputStream:75 - [STDERR_REDIRECT] 
2026-06-29 16:41:57,837 [ERROR] LogOutputStream:75 - [STDERR_REDIRECT] [Fatal Error] :1:1: Premature end of file.
2026-06-29 16:41:57,837 [ERROR] LogOutputStream:75 - [STDERR_REDIRECT] 
2026-06-29 16:41:58,867 [ERROR] LogOutputStream:75 - [STDERR_REDIRECT] [Fatal Error] :1:1: Premature end of file.
2026-06-29 16:41:58,867 [ERROR] LogOutputStream:75 - [STDERR_REDIRECT] 
2026-06-29 16:41:59,833 [ERROR] LogOutputStream:75 - [STDERR_REDIRECT] [Fatal Error] :1:1: Premature end of file.
2026-06-29 16:41:59,833 [ERROR] LogOutputStream:75 - [STDERR_REDIRECT] 
2026-06-29 16:42:00,842 [ERROR] LogOutputStream:75 - [STDERR_REDIRECT] [Fatal Error] :1:1: Premature end of file.
2026-06-29 16:42:00,843 [ERROR] LogOutputStream:75 - [STDERR_REDIRECT] 
2026-06-29 16:42:01,851 [ERROR] LogOutputStream:75 - [STDERR_REDIRECT] [Fatal Error] :1:1: Premature end of file.
2026-06-29 16:42:01,851 [ERROR] LogOutputStream:75 - [STDERR_REDIRECT] 
2026-06-29 16:42:02,833 [ERROR] LogOutputStream:75 - [STDERR_REDIRECT] [Fatal Error] :1:1: Premature end of file.
2026-06-29 16:42:02,834 [ERROR] LogOutputStream:75 - [STDERR_REDIRECT] 
2026-06-29 16:42:03,856 [ERROR] LogOutputStream:75 - [STDERR_REDIRECT] [Fatal Error] :1:1: Premature end of file.
2026-06-29 16:42:03,856 [ERROR] LogOutputStream:75 - [STDERR_REDIRECT] 
2026-06-29 16:42:04,833 [ERROR] LogOutputStream:75 - [STDERR_REDIRECT] [Fatal Error] :1:1: Premature end of file.
2026-06-29 16:42:04,833 [ERROR] LogOutputStream:75 - [STDERR_REDIRECT] 
2026-06-29 16:42:05,846 [ERROR] LogOutputStream:75 - [STDERR_REDIRECT] [Fatal Error] :1:1: Premature end of file.
2026-06-29 16:42:05,846 [ERROR] LogOutputStream:75 - [STDERR_REDIRECT] 
2026-06-29 16:42:06,821 [ERROR] LogOutputStream:75 - [STDERR_REDIRECT] [Fatal Error] :1:1: Premature end of file.
2026-06-29 16:42:06,821 [ERROR] LogOutputStream:75 - [STDERR_REDIRECT] 
2026-06-29 16:42:07,823 [ERROR] LogOutputStream:75 - [STDERR_REDIRECT] [Fatal Error] :1:1: Premature end of file.
2026-06-29 16:42:07,823 [ERROR] LogOutputStream:75 - [STDERR_REDIRECT] 
2026-06-29 16:42:08,846 [ERROR] LogOutputStream:75 - [STDERR_REDIRECT] [Fatal Error] :1:1: Premature end of file.
2026-06-29 16:42:08,846 [ERROR] LogOutputStream:75 - [STDERR_REDIRECT] 
2026-06-29 16:42:09,820 [ERROR] LogOutputStream:75 - [STDERR_REDIRECT] [Fatal Error] :1:1: Premature end of file.
2026-06-29 16:42:09,820 [ERROR] LogOutputStream:75 - [STDERR_REDIRECT] 
2026-06-29 16:42:10,838 [ERROR] LogOutputStream:75 - [STDERR_REDIRECT] [Fatal Error] :1:1: Premature end of file.
2026-06-29 16:42:10,838 [ERROR] LogOutputStream:75 - [STDERR_REDIRECT] 
2026-06-29 16:42:11,839 [ERROR] LogOutputStream:75 - [STDERR_REDIRECT] [Fatal Error] :1:1: Premature end of file.
2026-06-29 16:42:11,839 [ERROR] LogOutputStream:75 - [STDERR_REDIRECT] 
2026-06-29 16:42:12,878 [ERROR] LogOutputStream:75 - [STDERR_REDIRECT] [Fatal Error] :1:1: Premature end of file.
2026-06-29 16:42:12,878 [ERROR] LogOutputStream:75 - [STDERR_REDIRECT] 
2026-06-29 16:42:13,850 [ERROR] LogOutputStream:75 - [STDERR_REDIRECT] [Fatal Error] :1:1: Premature end of file.
2026-06-29 16:42:13,850 [ERROR] LogOutputStream:75 - [STDERR_REDIRECT] 
2026-06-29 16:42:14,832 [ERROR] LogOutputStream:75 - [STDERR_REDIRECT] [Fatal Error] :1:1: Premature end of file.
2026-06-29 16:42:14,832 [ERROR] LogOutputStream:75 - [STDERR_REDIRECT] 
2026-06-29 16:42:15,855 [ERROR] LogOutputStream:75 - [STDERR_REDIRECT] [Fatal Error] :1:1: Premature end of file.
2026-06-29 16:42:15,855 [ERROR] LogOutputStream:75 - [STDERR_REDIRECT] 
2026-06-29 16:42:16,841 [ERROR] LogOutputStream:75 - [STDERR_REDIRECT] [Fatal Error] :1:1: Premature end of file.
2026-06-29 16:42:16,841 [ERROR] LogOutputStream:75 - [STDERR_REDIRECT] 
2026-06-29 16:42:17,851 [ERROR] LogOutputStream:75 - [STDERR_REDIRECT] [Fatal Error] :1:1: Premature end of file.
2026-06-29 16:42:17,851 [ERROR] LogOutputStream:75 - [STDERR_REDIRECT] 
2026-06-29 16:42:18,842 [ERROR] LogOutputStream:75 - [STDERR_REDIRECT] [Fatal Error] :1:1: Premature end of file.
2026-06-29 16:42:18,842 [ERROR] LogOutputStream:75 - [STDERR_REDIRECT] 
2026-06-29 16:42:19,909 [ERROR] LogOutputStream:75 - [STDERR_REDIRECT] [Fatal Error] :1:1: Premature end of file.
2026-06-29 16:42:19,909 [ERROR] LogOutputStream:75 - [STDERR_REDIRECT] 
2026-06-29 16:42:20,845 [ERROR] LogOutputStream:75 - [STDERR_REDIRECT] [Fatal Error] :1:1: Premature end of file.
2026-06-29 16:42:20,845 [ERROR] LogOutputStream:75 - [STDERR_REDIRECT] 
2026-06-29 16:42:21,859 [ERROR] LogOutputStream:75 - [STDERR_REDIRECT] [Fatal Error] :1:1: Premature end of file.
2026-06-29 16:42:21,866 [ERROR] LogOutputStream:75 - [STDERR_REDIRECT] 
2026-06-29 16:42:22,839 [ERROR] LogOutputStream:75 - [STDERR_REDIRECT] [Fatal Error] :1:1: Premature end of file.
2026-06-29 16:42:22,839 [ERROR] LogOutputStream:75 - [STDERR_REDIRECT] 
2026-06-29 16:42:23,851 [ERROR] LogOutputStream:75 - [STDERR_REDIRECT] [Fatal Error] :1:1: Premature end of file.
2026-06-29 16:42:23,851 [ERROR] LogOutputStream:75 - [STDERR_REDIRECT] 
2026-06-29 16:42:24,850 [ERROR] LogOutputStream:75 - [STDERR_REDIRECT] [Fatal Error] :1:1: Premature end of file.
2026-06-29 16:42:24,850 [ERROR] LogOutputStream:75 - [STDERR_REDIRECT] 
2026-06-29 16:42:25,852 [ERROR] LogOutputStream:75 - [STDERR_REDIRECT] [Fatal Error] :1:1: Premature end of file.
2026-06-29 16:42:25,852 [ERROR] LogOutputStream:75 - [STDERR_REDIRECT] 
2026-06-29 16:42:26,854 [ERROR] LogOutputStream:75 - [STDERR_REDIRECT] [Fatal Error] :1:1: Premature end of file.
2026-06-29 16:42:26,854 [ERROR] LogOutputStream:75 - [STDERR_REDIRECT] 
2026-06-29 16:42:27,857 [ERROR] LogOutputStream:75 - [STDERR_REDIRECT] [Fatal Error] :1:1: Premature end of file.
2026-06-29 16:42:27,857 [ERROR] LogOutputStream:75 - [STDERR_REDIRECT] 
2026-06-29 16:42:28,854 [ERROR] LogOutputStream:75 - [STDERR_REDIRECT] [Fatal Error] :1:1: Premature end of file.
2026-06-29 16:42:28,855 [ERROR] LogOutputStream:75 - [STDERR_REDIRECT] 
2026-06-29 16:42:29,859 [ERROR] LogOutputStream:75 - [STDERR_REDIRECT] [Fatal Error] :1:1: Premature end of file.
2026-06-29 16:42:29,859 [ERROR] LogOutputStream:75 - [STDERR_REDIRECT] 
2026-06-29 16:42:30,836 [ERROR] LogOutputStream:75 - [STDERR_REDIRECT] [Fatal Error] :1:1: Premature end of file.
2026-06-29 16:42:30,836 [ERROR] LogOutputStream:75 - [STDERR_REDIRECT] 
2026-06-29 16:42:31,865 [ERROR] LogOutputStream:75 - [STDERR_REDIRECT] [Fatal Error] :1:1: Premature end of file.
2026-06-29 16:42:31,865 [ERROR] LogOutputStream:75 - [STDERR_REDIRECT] 
2026-06-29 16:42:32,855 [ERROR] LogOutputStream:75 - [STDERR_REDIRECT] [Fatal Error] :1:1: Premature end of file.
2026-06-29 16:42:32,855 [ERROR] LogOutputStream:75 - [STDERR_REDIRECT] 
2026-06-29 16:42:33,854 [ERROR] LogOutputStream:75 - [STDERR_REDIRECT] [Fatal Error] :1:1: Premature end of file.
2026-06-29 16:42:33,855 [ERROR] LogOutputStream:75 - [STDERR_REDIRECT] 
2026-06-29 16:42:34,849 [ERROR] LogOutputStream:75 - [STDERR_REDIRECT] [Fatal Error] :1:1: Premature end of file.
2026-06-29 16:42:34,849 [ERROR] LogOutputStream:75 - [STDERR_REDIRECT] 
2026-06-29 16:42:35,849 [ERROR] LogOutputStream:75 - [STDERR_REDIRECT] [Fatal Error] :1:1: Premature end of file.
2026-06-29 16:42:35,849 [ERROR] LogOutputStream:75 - [STDERR_REDIRECT] 
2026-06-29 16:42:36,805 [ERROR] LogOutputStream:75 - [STDERR_REDIRECT] [Fatal Error] :1:1: Premature end of file.
2026-06-29 16:42:36,805 [ERROR] LogOutputStream:75 - [STDERR_REDIRECT] 
2026-06-29 16:42:37,835 [ERROR] LogOutputStream:75 - [STDERR_REDIRECT] [Fatal Error] :1:1: Premature end of file.
2026-06-29 16:42:37,837 [ERROR] LogOutputStream:75 - [STDERR_REDIRECT] 
2026-06-29 16:42:38,816 [ERROR] LogOutputStream:75 - [STDERR_REDIRECT] [Fatal Error] :1:1: Premature end of file.
2026-06-29 16:42:38,818 [ERROR] LogOutputStream:75 - [STDERR_REDIRECT] 
2026-06-29 16:42:39,848 [ERROR] LogOutputStream:75 - [STDERR_REDIRECT] [Fatal Error] :1:1: Premature end of file.
2026-06-29 16:42:39,849 [ERROR] LogOutputStream:75 - [STDERR_REDIRECT] 
2026-06-29 16:42:40,893 [ERROR] LogOutputStream:75 - [STDERR_REDIRECT] [Fatal Error] :1:1: Premature end of file.
2026-06-29 16:42:40,896 [ERROR] LogOutputStream:75 - [STDERR_REDIRECT] 
2026-06-29 16:42:41,854 [ERROR] LogOutputStream:75 - [STDERR_REDIRECT] [Fatal Error] :1:1: Premature end of file.
2026-06-29 16:42:41,855 [ERROR] LogOutputStream:75 - [STDERR_REDIRECT] 
2026-06-29 16:42:42,825 [ERROR] LogOutputStream:75 - [STDERR_REDIRECT] [Fatal Error] :1:1: Premature end of file.
2026-06-29 16:42:42,825 [ERROR] LogOutputStream:75 - [STDERR_REDIRECT] 
2026-06-29 16:42:43,885 [ERROR] LogOutputStream:75 - [STDERR_REDIRECT] [Fatal Error] :1:1: Premature end of file.
2026-06-29 16:42:43,885 [ERROR] LogOutputStream:75 - [STDERR_REDIRECT] 
2026-06-29 16:42:44,851 [ERROR] LogOutputStream:75 - [STDERR_REDIRECT] [Fatal Error] :1:1: Premature end of file.
2026-06-29 16:42:44,853 [ERROR] LogOutputStream:75 - [STDERR_REDIRECT] 
2026-06-29 16:42:45,857 [ERROR] LogOutputStream:75 - [STDERR_REDIRECT] [Fatal Error] :1:1: Premature end of file.
2026-06-29 16:42:45,863 [ERROR] LogOutputStream:75 - [STDERR_REDIRECT] 
2026-06-29 16:42:46,851 [ERROR] LogOutputStream:75 - [STDERR_REDIRECT] [Fatal Error] :1:1: Premature end of file.
2026-06-29 16:42:46,851 [ERROR] LogOutputStream:75 - [STDERR_REDIRECT] 
2026-06-29 16:42:47,836 [ERROR] LogOutputStream:75 - [STDERR_REDIRECT] [Fatal Error] :1:1: Premature end of file.
2026-06-29 16:42:47,836 [ERROR] LogOutputStream:75 - [STDERR_REDIRECT] 
2026-06-29 16:42:48,837 [ERROR] LogOutputStream:75 - [STDERR_REDIRECT] [Fatal Error] :1:1: Premature end of file.
2026-06-29 16:42:48,837 [ERROR] LogOutputStream:75 - [STDERR_REDIRECT] 
2026-06-29 16:42:49,838 [ERROR] LogOutputStream:75 - [STDERR_REDIRECT] [Fatal Error] :1:1: Premature end of file.
2026-06-29 16:42:49,838 [ERROR] LogOutputStream:75 - [STDERR_REDIRECT] 
2026-06-29 16:42:50,835 [ERROR] LogOutputStream:75 - [STDERR_REDIRECT] [Fatal Error] :1:1: Premature end of file.
2026-06-29 16:42:50,835 [ERROR] LogOutputStream:75 - [STDERR_REDIRECT] 
2026-06-29 16:42:51,844 [ERROR] LogOutputStream:75 - [STDERR_REDIRECT] [Fatal Error] :1:1: Premature end of file.
2026-06-29 16:42:51,844 [ERROR] LogOutputStream:75 - [STDERR_REDIRECT] 
2026-06-29 16:42:52,831 [ERROR] LogOutputStream:75 - [STDERR_REDIRECT] [Fatal Error] :1:1: Premature end of file.
2026-06-29 16:42:52,831 [ERROR] LogOutputStream:75 - [STDERR_REDIRECT] 
2026-06-29 16:42:53,842 [ERROR] LogOutputStream:75 - [STDERR_REDIRECT] [Fatal Error] :1:1: Premature end of file.
2026-06-29 16:42:53,844 [ERROR] LogOutputStream:75 - [STDERR_REDIRECT] 
2026-06-29 16:42:54,845 [ERROR] LogOutputStream:75 - [STDERR_REDIRECT] [Fatal Error] :1:1: Premature end of file.
2026-06-29 16:42:54,845 [ERROR] LogOutputStream:75 - [STDERR_REDIRECT] 
2026-06-29 16:42:55,864 [ERROR] LogOutputStream:75 - [STDERR_REDIRECT] [Fatal Error] :1:1: Premature end of file.
2026-06-29 16:42:55,865 [ERROR] LogOutputStream:75 - [STDERR_REDIRECT] 
2026-06-29 16:42:56,827 [ERROR] LogOutputStream:75 - [STDERR_REDIRECT] [Fatal Error] :1:1: Premature end of file.
2026-06-29 16:42:56,827 [ERROR] LogOutputStream:75 - [STDERR_REDIRECT] 
2026-06-29 16:42:57,841 [ERROR] LogOutputStream:75 - [STDERR_REDIRECT] [Fatal Error] :1:1: Premature end of file.
2026-06-29 16:42:57,841 [ERROR] LogOutputStream:75 - [STDERR_REDIRECT] 
2026-06-29 16:42:58,861 [ERROR] LogOutputStream:75 - [STDERR_REDIRECT] [Fatal Error] :1:1: Premature end of file.
2026-06-29 16:42:58,861 [ERROR] LogOutputStream:75 - [STDERR_REDIRECT] 
2026-06-29 16:42:59,814 [ERROR] LogOutputStream:75 - [STDERR_REDIRECT] [Fatal Error] :1:1: Premature end of file.
2026-06-29 16:42:59,814 [ERROR] LogOutputStream:75 - [STDERR_REDIRECT] 
2026-06-29 16:43:00,830 [ERROR] LogOutputStream:75 - [STDERR_REDIRECT] [Fatal Error] :1:1: Premature end of file.
2026-06-29 16:43:00,830 [ERROR] LogOutputStream:75 - [STDERR_REDIRECT] 
2026-06-29 16:43:01,839 [ERROR] LogOutputStream:75 - [STDERR_REDIRECT] [Fatal Error] :1:1: Premature end of file.
2026-06-29 16:43:01,841 [ERROR] LogOutputStream:75 - [STDERR_REDIRECT] 
2026-06-29 16:43:02,833 [ERROR] LogOutputStream:75 - [STDERR_REDIRECT] [Fatal Error] :1:1: Premature end of file.
2026-06-29 16:43:02,833 [ERROR] LogOutputStream:75 - [STDERR_REDIRECT] 
2026-06-29 16:43:03,836 [ERROR] LogOutputStream:75 - [STDERR_REDIRECT] [Fatal Error] :1:1: Premature end of file.
2026-06-29 16:43:03,837 [ERROR] LogOutputStream:75 - [STDERR_REDIRECT] 
2026-06-29 16:43:04,844 [ERROR] LogOutputStream:75 - [STDERR_REDIRECT] [Fatal Error] :1:1: Premature end of file.
2026-06-29 16:43:04,847 [ERROR] LogOutputStream:75 - [STDERR_REDIRECT] 
2026-06-29 16:43:05,827 [ERROR] LogOutputStream:75 - [STDERR_REDIRECT] [Fatal Error] :1:1: Premature end of file.
2026-06-29 16:43:05,829 [ERROR] LogOutputStream:75 - [STDERR_REDIRECT] 
2026-06-29 16:43:06,843 [ERROR] LogOutputStream:75 - [STDERR_REDIRECT] [Fatal Error] :1:1: Premature end of file.
2026-06-29 16:43:06,845 [ERROR] LogOutputStream:75 - [STDERR_REDIRECT] 
2026-06-29 16:43:07,830 [ERROR] LogOutputStream:75 - [STDERR_REDIRECT] [Fatal Error] :1:1: Premature end of file.
2026-06-29 16:43:07,830 [ERROR] LogOutputStream:75 - [STDERR_REDIRECT] 
2026-06-29 16:43:08,827 [ERROR] LogOutputStream:75 - [STDERR_REDIRECT] [Fatal Error] :1:1: Premature end of file.
2026-06-29 16:43:08,827 [ERROR] LogOutputStream:75 - [STDERR_REDIRECT] 
2026-06-29 16:43:09,839 [ERROR] LogOutputStream:75 - [STDERR_REDIRECT] [Fatal Error] :1:1: Premature end of file.
2026-06-29 16:43:09,839 [ERROR] LogOutputStream:75 - [STDERR_REDIRECT] 
2026-06-29 16:43:10,823 [ERROR] LogOutputStream:75 - [STDERR_REDIRECT] [Fatal Error] :1:1: Premature end of file.
2026-06-29 16:43:10,823 [ERROR] LogOutputStream:75 - [STDERR_REDIRECT] 
2026-06-29 16:43:11,881 [ERROR] LogOutputStream:75 - [STDERR_REDIRECT] [Fatal Error] :1:1: Premature end of file.
2026-06-29 16:43:11,884 [ERROR] LogOutputStream:75 - [STDERR_REDIRECT] 
2026-06-29 16:43:12,916 [ERROR] LogOutputStream:75 - [STDERR_REDIRECT] [Fatal Error] :1:1: Premature end of file.
2026-06-29 16:43:12,916 [ERROR] LogOutputStream:75 - [STDERR_REDIRECT] 
2026-06-29 16:43:13,850 [ERROR] LogOutputStream:75 - [STDERR_REDIRECT] [Fatal Error] :1:1: Premature end of file.
2026-06-29 16:43:13,851 [ERROR] LogOutputStream:75 - [STDERR_REDIRECT] 
2026-06-29 16:43:14,835 [ERROR] LogOutputStream:75 - [STDERR_REDIRECT] [Fatal Error] :1:1: Premature end of file.
2026-06-29 16:43:14,835 [ERROR] LogOutputStream:75 - [STDERR_REDIRECT] 
2026-06-29 16:43:15,826 [ERROR] LogOutputStream:75 - [STDERR_REDIRECT] [Fatal Error] :1:1: Premature end of file.
2026-06-29 16:43:15,826 [ERROR] LogOutputStream:75 - [STDERR_REDIRECT] 
2026-06-29 16:43:16,855 [ERROR] LogOutputStream:75 - [STDERR_REDIRECT] [Fatal Error] :1:1: Premature end of file.
2026-06-29 16:43:16,855 [ERROR] LogOutputStream:75 - [STDERR_REDIRECT] 
2026-06-29 16:43:17,826 [ERROR] LogOutputStream:75 - [STDERR_REDIRECT] [Fatal Error] :1:1: Premature end of file.
2026-06-29 16:43:17,826 [ERROR] LogOutputStream:75 - [STDERR_REDIRECT] 
2026-06-29 16:43:18,840 [ERROR] LogOutputStream:75 - [STDERR_REDIRECT] [Fatal Error] :1:1: Premature end of file.
2026-06-29 16:43:18,840 [ERROR] LogOutputStream:75 - [STDERR_REDIRECT] 
2026-06-29 16:43:19,846 [ERROR] LogOutputStream:75 - [STDERR_REDIRECT] [Fatal Error] :1:1: Premature end of file.
2026-06-29 16:43:19,846 [ERROR] LogOutputStream:75 - [STDERR_REDIRECT] 
2026-06-29 16:43:20,833 [ERROR] LogOutputStream:75 - [STDERR_REDIRECT] [Fatal Error] :1:1: Premature end of file.
2026-06-29 16:43:20,833 [ERROR] LogOutputStream:75 - [STDERR_REDIRECT] 
2026-06-29 16:43:21,884 [ERROR] LogOutputStream:75 - [STDERR_REDIRECT] [Fatal Error] :1:1: Premature end of file.
2026-06-29 16:43:21,885 [ERROR] LogOutputStream:75 - [STDERR_REDIRECT] 
2026-06-29 16:43:22,840 [ERROR] LogOutputStream:75 - [STDERR_REDIRECT] [Fatal Error] :1:1: Premature end of file.
2026-06-29 16:43:22,841 [ERROR] LogOutputStream:75 - [STDERR_REDIRECT] 
2026-06-29 16:43:23,837 [ERROR] LogOutputStream:75 - [STDERR_REDIRECT] [Fatal Error] :1:1: Premature end of file.
2026-06-29 16:43:23,837 [ERROR] LogOutputStream:75 - [STDERR_REDIRECT] 
2026-06-29 16:43:24,847 [ERROR] LogOutputStream:75 - [STDERR_REDIRECT] [Fatal Error] :1:1: Premature end of file.
2026-06-29 16:43:24,847 [ERROR] LogOutputStream:75 - [STDERR_REDIRECT] 
2026-06-29 16:43:25,839 [ERROR] LogOutputStream:75 - [STDERR_REDIRECT] [Fatal Error] :1:1: Premature end of file.
2026-06-29 16:43:25,839 [ERROR] LogOutputStream:75 - [STDERR_REDIRECT] 
2026-06-29 16:43:26,856 [ERROR] LogOutputStream:75 - [STDERR_REDIRECT] [Fatal Error] :1:1: Premature end of file.
2026-06-29 16:43:26,856 [ERROR] LogOutputStream:75 - [STDERR_REDIRECT] 
2026-06-29 16:43:27,830 [ERROR] LogOutputStream:75 - [STDERR_REDIRECT] [Fatal Error] :1:1: Premature end of file.
2026-06-29 16:43:27,830 [ERROR] LogOutputStream:75 - [STDERR_REDIRECT] 
2026-06-29 16:43:28,836 [ERROR] LogOutputStream:75 - [STDERR_REDIRECT] [Fatal Error] :1:1: Premature end of file.
2026-06-29 16:43:28,838 [ERROR] LogOutputStream:75 - [STDERR_REDIRECT] 
2026-06-29 16:43:29,852 [ERROR] LogOutputStream:75 - [STDERR_REDIRECT] [Fatal Error] :1:1: Premature end of file.
2026-06-29 16:43:29,852 [ERROR] LogOutputStream:75 - [STDERR_REDIRECT] 
2026-06-29 16:43:30,855 [ERROR] LogOutputStream:75 - [STDERR_REDIRECT] [Fatal Error] :1:1: Premature end of file.
2026-06-29 16:43:30,856 [ERROR] LogOutputStream:75 - [STDERR_REDIRECT] 
2026-06-29 16:43:31,846 [ERROR] LogOutputStream:75 - [STDERR_REDIRECT] [Fatal Error] :1:1: Premature end of file.
2026-06-29 16:43:31,846 [ERROR] LogOutputStream:75 - [STDERR_REDIRECT] 
2026-06-29 16:43:32,857 [ERROR] LogOutputStream:75 - [STDERR_REDIRECT] [Fatal Error] :1:1: Premature end of file.
2026-06-29 16:43:32,857 [ERROR] LogOutputStream:75 - [STDERR_REDIRECT] 
2026-06-29 16:43:33,856 [ERROR] LogOutputStream:75 - [STDERR_REDIRECT] [Fatal Error] :1:1: Premature end of file.
2026-06-29 16:43:33,856 [ERROR] LogOutputStream:75 - [STDERR_REDIRECT] 
2026-06-29 16:43:34,833 [ERROR] LogOutputStream:75 - [STDERR_REDIRECT] [Fatal Error] :1:1: Premature end of file.
2026-06-29 16:43:34,833 [ERROR] LogOutputStream:75 - [STDERR_REDIRECT] 
2026-06-29 16:43:35,844 [ERROR] LogOutputStream:75 - [STDERR_REDIRECT] [Fatal Error] :1:1: Premature end of file.
2026-06-29 16:43:35,845 [ERROR] LogOutputStream:75 - [STDERR_REDIRECT] 
2026-06-29 16:43:36,843 [ERROR] LogOutputStream:75 - [STDERR_REDIRECT] [Fatal Error] :1:1: Premature end of file.
2026-06-29 16:43:36,843 [ERROR] LogOutputStream:75 - [STDERR_REDIRECT] 
2026-06-29 16:43:37,836 [ERROR] LogOutputStream:75 - [STDERR_REDIRECT] [Fatal Error] :1:1: Premature end of file.
2026-06-29 16:43:37,836 [ERROR] LogOutputStream:75 - [STDERR_REDIRECT] 
2026-06-29 16:43:38,831 [ERROR] LogOutputStream:75 - [STDERR_REDIRECT] [Fatal Error] :1:1: Premature end of file.
2026-06-29 16:43:38,831 [ERROR] LogOutputStream:75 - [STDERR_REDIRECT] 
2026-06-29 16:43:39,847 [ERROR] LogOutputStream:75 - [STDERR_REDIRECT] [Fatal Error] :1:1: Premature end of file.
2026-06-29 16:43:39,847 [ERROR] LogOutputStream:75 - [STDERR_REDIRECT] 
2026-06-29 16:43:40,854 [ERROR] LogOutputStream:75 - [STDERR_REDIRECT] [Fatal Error] :1:1: Premature end of file.
2026-06-29 16:43:40,855 [ERROR] LogOutputStream:75 - [STDERR_REDIRECT] 
2026-06-29 16:43:41,844 [ERROR] LogOutputStream:75 - [STDERR_REDIRECT] [Fatal Error] :1:1: Premature end of file.
2026-06-29 16:43:41,844 [ERROR] LogOutputStream:75 - [STDERR_REDIRECT] 
2026-06-29 16:43:42,842 [ERROR] LogOutputStream:75 - [STDERR_REDIRECT] [Fatal Error] :1:1: Premature end of file.
2026-06-29 16:43:42,842 [ERROR] LogOutputStream:75 - [STDERR_REDIRECT] 
2026-06-29 16:43:43,847 [ERROR] LogOutputStream:75 - [STDERR_REDIRECT] [Fatal Error] :1:1: Premature end of file.
2026-06-29 16:43:43,847 [ERROR] LogOutputStream:75 - [STDERR_REDIRECT] 
2026-06-29 16:43:44,831 [ERROR] LogOutputStream:75 - [STDERR_REDIRECT] [Fatal Error] :1:1: Premature end of file.
2026-06-29 16:43:44,831 [ERROR] LogOutputStream:75 - [STDERR_REDIRECT] 
2026-06-29 16:43:45,835 [ERROR] LogOutputStream:75 - [STDERR_REDIRECT] [Fatal Error] :1:1: Premature end of file.
2026-06-29 16:43:45,835 [ERROR] LogOutputStream:75 - [STDERR_REDIRECT] 
2026-06-29 16:43:46,845 [ERROR] LogOutputStream:75 - [STDERR_REDIRECT] [Fatal Error] :1:1: Premature end of file.
2026-06-29 16:43:46,848 [ERROR] LogOutputStream:75 - [STDERR_REDIRECT] 
2026-06-29 16:43:47,838 [ERROR] LogOutputStream:75 - [STDERR_REDIRECT] [Fatal Error] :1:1: Premature end of file.
2026-06-29 16:43:47,838 [ERROR] LogOutputStream:75 - [STDERR_REDIRECT] 
2026-06-29 16:43:48,857 [ERROR] LogOutputStream:75 - [STDERR_REDIRECT] [Fatal Error] :1:1: Premature end of file.
2026-06-29 16:43:48,857 [ERROR] LogOutputStream:75 - [STDERR_REDIRECT] 
2026-06-29 16:43:49,837 [ERROR] LogOutputStream:75 - [STDERR_REDIRECT] [Fatal Error] :1:1: Premature end of file.
2026-06-29 16:43:49,837 [ERROR] LogOutputStream:75 - [STDERR_REDIRECT] 
2026-06-29 16:43:50,835 [ERROR] LogOutputStream:75 - [STDERR_REDIRECT] [Fatal Error] :1:1: Premature end of file.
2026-06-29 16:43:50,835 [ERROR] LogOutputStream:75 - [STDERR_REDIRECT] 
2026-06-29 16:43:51,842 [ERROR] LogOutputStream:75 - [STDERR_REDIRECT] [Fatal Error] :1:1: Premature end of file.
2026-06-29 16:43:51,842 [ERROR] LogOutputStream:75 - [STDERR_REDIRECT] 
2026-06-29 16:43:52,824 [ERROR] LogOutputStream:75 - [STDERR_REDIRECT] [Fatal Error] :1:1: Premature end of file.
2026-06-29 16:43:52,824 [ERROR] LogOutputStream:75 - [STDERR_REDIRECT] 
2026-06-29 16:43:53,852 [ERROR] LogOutputStream:75 - [STDERR_REDIRECT] [Fatal Error] :1:1: Premature end of file.
2026-06-29 16:43:53,852 [ERROR] LogOutputStream:75 - [STDERR_REDIRECT] 
2026-06-29 16:43:54,846 [ERROR] LogOutputStream:75 - [STDERR_REDIRECT] [Fatal Error] :1:1: Premature end of file.
2026-06-29 16:43:54,846 [ERROR] LogOutputStream:75 - [STDERR_REDIRECT] 
2026-06-29 16:43:55,835 [ERROR] LogOutputStream:75 - [STDERR_REDIRECT] [Fatal Error] :1:1: Premature end of file.
2026-06-29 16:43:55,837 [ERROR] LogOutputStream:75 - [STDERR_REDIRECT] 
2026-06-29 16:43:56,840 [ERROR] LogOutputStream:75 - [STDERR_REDIRECT] [Fatal Error] :1:1: Premature end of file.
2026-06-29 16:43:56,840 [ERROR] LogOutputStream:75 - [STDERR_REDIRECT] 
2026-06-29 16:43:57,834 [ERROR] LogOutputStream:75 - [STDERR_REDIRECT] [Fatal Error] :1:1: Premature end of file.
2026-06-29 16:43:57,834 [ERROR] LogOutputStream:75 - [STDERR_REDIRECT] 
2026-06-29 16:43:58,848 [ERROR] LogOutputStream:75 - [STDERR_REDIRECT] [Fatal Error] :1:1: Premature end of file.
2026-06-29 16:43:58,848 [ERROR] LogOutputStream:75 - [STDERR_REDIRECT] 
2026-06-29 16:43:59,837 [ERROR] LogOutputStream:75 - [STDERR_REDIRECT] [Fatal Error] :1:1: Premature end of file.
2026-06-29 16:43:59,837 [ERROR] LogOutputStream:75 - [STDERR_REDIRECT] 
2026-06-29 16:44:00,834 [ERROR] LogOutputStream:75 - [STDERR_REDIRECT] [Fatal Error] :1:1: Premature end of file.
2026-06-29 16:44:00,834 [ERROR] LogOutputStream:75 - [STDERR_REDIRECT] 
2026-06-29 16:44:01,846 [ERROR] LogOutputStream:75 - [STDERR_REDIRECT] [Fatal Error] :1:1: Premature end of file.
2026-06-29 16:44:01,846 [ERROR] LogOutputStream:75 - [STDERR_REDIRECT] 
2026-06-29 16:44:02,822 [ERROR] LogOutputStream:75 - [STDERR_REDIRECT] [Fatal Error] :1:1: Premature end of file.
2026-06-29 16:44:02,822 [ERROR] LogOutputStream:75 - [STDERR_REDIRECT] 
2026-06-29 16:44:03,835 [ERROR] LogOutputStream:75 - [STDERR_REDIRECT] [Fatal Error] :1:1: Premature end of file.
2026-06-29 16:44:03,835 [ERROR] LogOutputStream:75 - [STDERR_REDIRECT] 
2026-06-29 16:44:04,840 [ERROR] LogOutputStream:75 - [STDERR_REDIRECT] [Fatal Error] :1:1: Premature end of file.
2026-06-29 16:44:04,840 [ERROR] LogOutputStream:75 - [STDERR_REDIRECT] 
2026-06-29 16:44:05,850 [ERROR] LogOutputStream:75 - [STDERR_REDIRECT] [Fatal Error] :1:1: Premature end of file.
2026-06-29 16:44:05,850 [ERROR] LogOutputStream:75 - [STDERR_REDIRECT] 
2026-06-29 16:44:06,844 [ERROR] LogOutputStream:75 - [STDERR_REDIRECT] [Fatal Error] :1:1: Premature end of file.
2026-06-29 16:44:06,847 [ERROR] LogOutputStream:75 - [STDERR_REDIRECT] 
2026-06-29 16:44:07,833 [ERROR] LogOutputStream:75 - [STDERR_REDIRECT] [Fatal Error] :1:1: Premature end of file.
2026-06-29 16:44:07,833 [ERROR] LogOutputStream:75 - [STDERR_REDIRECT] 
2026-06-29 16:44:08,857 [ERROR] LogOutputStream:75 - [STDERR_REDIRECT] [Fatal Error] :1:1: Premature end of file.
2026-06-29 16:44:08,857 [ERROR] LogOutputStream:75 - [STDERR_REDIRECT] 
2026-06-29 16:44:09,839 [ERROR] LogOutputStream:75 - [STDERR_REDIRECT] [Fatal Error] :1:1: Premature end of file.
2026-06-29 16:44:09,839 [ERROR] LogOutputStream:75 - [STDERR_REDIRECT] 
2026-06-29 16:44:10,837 [ERROR] LogOutputStream:75 - [STDERR_REDIRECT] [Fatal Error] :1:1: Premature end of file.
2026-06-29 16:44:10,837 [ERROR] LogOutputStream:75 - [STDERR_REDIRECT] 
2026-06-29 16:44:11,845 [ERROR] LogOutputStream:75 - [STDERR_REDIRECT] [Fatal Error] :1:1: Premature end of file.
2026-06-29 16:44:11,845 [ERROR] LogOutputStream:75 - [STDERR_REDIRECT] 
2026-06-29 16:44:12,887 [ERROR] LogOutputStream:75 - [STDERR_REDIRECT] [Fatal Error] :1:1: Premature end of file.
2026-06-29 16:44:12,887 [ERROR] LogOutputStream:75 - [STDERR_REDIRECT] 
2026-06-29 16:44:13,829 [ERROR] LogOutputStream:75 - [STDERR_REDIRECT] [Fatal Error] :1:1: Premature end of file.
2026-06-29 16:44:13,832 [ERROR] LogOutputStream:75 - [STDERR_REDIRECT] 
2026-06-29 16:44:14,841 [ERROR] LogOutputStream:75 - [STDERR_REDIRECT] [Fatal Error] :1:1: Premature end of file.
2026-06-29 16:44:14,841 [ERROR] LogOutputStream:75 - [STDERR_REDIRECT] 
2026-06-29 16:44:15,838 [ERROR] LogOutputStream:75 - [STDERR_REDIRECT] [Fatal Error] :1:1: Premature end of file.
2026-06-29 16:44:15,838 [ERROR] LogOutputStream:75 - [STDERR_REDIRECT] 
2026-06-29 16:44:16,849 [ERROR] LogOutputStream:75 - [STDERR_REDIRECT] [Fatal Error] :1:1: Premature end of file.
2026-06-29 16:44:16,851 [ERROR] LogOutputStream:75 - [STDERR_REDIRECT] 
2026-06-29 16:44:17,891 [ERROR] LogOutputStream:75 - [STDERR_REDIRECT] [Fatal Error] :1:1: Premature end of file.
2026-06-29 16:44:17,891 [ERROR] LogOutputStream:75 - [STDERR_REDIRECT] 
2026-06-29 16:44:18,836 [ERROR] LogOutputStream:75 - [STDERR_REDIRECT] [Fatal Error] :1:1: Premature end of file.
2026-06-29 16:44:18,836 [ERROR] LogOutputStream:75 - [STDERR_REDIRECT] 
2026-06-29 16:44:19,842 [ERROR] LogOutputStream:75 - [STDERR_REDIRECT] [Fatal Error] :1:1: Premature end of file.
2026-06-29 16:44:19,842 [ERROR] LogOutputStream:75 - [STDERR_REDIRECT] 
2026-06-29 16:44:20,823 [ERROR] LogOutputStream:75 - [STDERR_REDIRECT] [Fatal Error] :1:1: Premature end of file.
2026-06-29 16:44:20,823 [ERROR] LogOutputStream:75 - [STDERR_REDIRECT] 
2026-06-29 16:44:21,843 [ERROR] LogOutputStream:75 - [STDERR_REDIRECT] [Fatal Error] :1:1: Premature end of file.
2026-06-29 16:44:21,843 [ERROR] LogOutputStream:75 - [STDERR_REDIRECT] 
2026-06-29 16:44:22,841 [ERROR] LogOutputStream:75 - [STDERR_REDIRECT] [Fatal Error] :1:1: Premature end of file.
2026-06-29 16:44:22,841 [ERROR] LogOutputStream:75 - [STDERR_REDIRECT] 
2026-06-29 16:44:23,843 [ERROR] LogOutputStream:75 - [STDERR_REDIRECT] [Fatal Error] :1:1: Premature end of file.
2026-06-29 16:44:23,846 [ERROR] LogOutputStream:75 - [STDERR_REDIRECT] 
2026-06-29 16:44:24,866 [ERROR] LogOutputStream:75 - [STDERR_REDIRECT] [Fatal Error] :1:1: Premature end of file.
2026-06-29 16:44:24,867 [ERROR] LogOutputStream:75 - [STDERR_REDIRECT] 
2026-06-29 16:44:25,861 [ERROR] LogOutputStream:75 - [STDERR_REDIRECT] [Fatal Error] :1:1: Premature end of file.
2026-06-29 16:44:25,863 [ERROR] LogOutputStream:75 - [STDERR_REDIRECT] 
2026-06-29 16:44:26,850 [ERROR] LogOutputStream:75 - [STDERR_REDIRECT] [Fatal Error] :1:1: Premature end of file.
2026-06-29 16:44:26,850 [ERROR] LogOutputStream:75 - [STDERR_REDIRECT] 
2026-06-29 16:44:27,837 [ERROR] LogOutputStream:75 - [STDERR_REDIRECT] [Fatal Error] :1:1: Premature end of file.
2026-06-29 16:44:27,837 [ERROR] LogOutputStream:75 - [STDERR_REDIRECT] 
2026-06-29 16:44:28,836 [ERROR] LogOutputStream:75 - [STDERR_REDIRECT] [Fatal Error] :1:1: Premature end of file.
2026-06-29 16:44:28,836 [ERROR] LogOutputStream:75 - [STDERR_REDIRECT] 
2026-06-29 16:44:29,836 [ERROR] LogOutputStream:75 - [STDERR_REDIRECT] [Fatal Error] :1:1: Premature end of file.
2026-06-29 16:44:29,836 [ERROR] LogOutputStream:75 - [STDERR_REDIRECT] 
2026-06-29 16:44:30,997 [ERROR] LogOutputStream:75 - [STDERR_REDIRECT] [Fatal Error] :1:1: Premature end of file.
2026-06-29 16:44:31,000 [ERROR] LogOutputStream:75 - [STDERR_REDIRECT] 
2026-06-29 16:44:31,883 [ERROR] LogOutputStream:75 - [STDERR_REDIRECT] [Fatal Error] :1:1: Premature end of file.
2026-06-29 16:44:31,883 [ERROR] LogOutputStream:75 - [STDERR_REDIRECT] 
2026-06-29 16:44:32,836 [ERROR] LogOutputStream:75 - [STDERR_REDIRECT] [Fatal Error] :1:1: Premature end of file.
2026-06-29 16:44:32,836 [ERROR] LogOutputStream:75 - [STDERR_REDIRECT] 
2026-06-29 16:44:33,850 [ERROR] LogOutputStream:75 - [STDERR_REDIRECT] [Fatal Error] :1:1: Premature end of file.
2026-06-29 16:44:33,850 [ERROR] LogOutputStream:75 - [STDERR_REDIRECT] 
2026-06-29 16:44:34,842 [ERROR] LogOutputStream:75 - [STDERR_REDIRECT] [Fatal Error] :1:1: Premature end of file.
2026-06-29 16:44:34,842 [ERROR] LogOutputStream:75 - [STDERR_REDIRECT] 
2026-06-29 16:44:35,845 [ERROR] LogOutputStream:75 - [STDERR_REDIRECT] [Fatal Error] :1:1: Premature end of file.
2026-06-29 16:44:35,845 [ERROR] LogOutputStream:75 - [STDERR_REDIRECT] 
2026-06-29 16:44:36,821 [ERROR] LogOutputStream:75 - [STDERR_REDIRECT] [Fatal Error] :1:1: Premature end of file.
2026-06-29 16:44:36,821 [ERROR] LogOutputStream:75 - [STDERR_REDIRECT] 
2026-06-29 16:44:37,814 [ERROR] LogOutputStream:75 - [STDERR_REDIRECT] [Fatal Error] :1:1: Premature end of file.
2026-06-29 16:44:37,814 [ERROR] LogOutputStream:75 - [STDERR_REDIRECT] 
2026-06-29 16:44:38,847 [ERROR] LogOutputStream:75 - [STDERR_REDIRECT] [Fatal Error] :1:1: Premature end of file.
2026-06-29 16:44:38,847 [ERROR] LogOutputStream:75 - [STDERR_REDIRECT] 
2026-06-29 16:44:39,837 [ERROR] LogOutputStream:75 - [STDERR_REDIRECT] [Fatal Error] :1:1: Premature end of file.
2026-06-29 16:44:39,837 [ERROR] LogOutputStream:75 - [STDERR_REDIRECT] 
2026-06-29 16:44:40,843 [ERROR] LogOutputStream:75 - [STDERR_REDIRECT] [Fatal Error] :1:1: Premature end of file.
2026-06-29 16:44:40,843 [ERROR] LogOutputStream:75 - [STDERR_REDIRECT] 
2026-06-29 16:44:41,974 [ERROR] LogOutputStream:75 - [STDERR_REDIRECT] [Fatal Error] :1:1: Premature end of file.
2026-06-29 16:44:41,974 [ERROR] LogOutputStream:75 - [STDERR_REDIRECT] 
2026-06-29 16:44:42,846 [ERROR] LogOutputStream:75 - [STDERR_REDIRECT] [Fatal Error] :1:1: Premature end of file.
2026-06-29 16:44:42,846 [ERROR] LogOutputStream:75 - [STDERR_REDIRECT] 
2026-06-29 16:44:43,837 [ERROR] LogOutputStream:75 - [STDERR_REDIRECT] [Fatal Error] :1:1: Premature end of file.
2026-06-29 16:44:43,837 [ERROR] LogOutputStream:75 - [STDERR_REDIRECT] 
2026-06-29 16:44:44,846 [ERROR] LogOutputStream:75 - [STDERR_REDIRECT] [Fatal Error] :1:1: Premature end of file.
2026-06-29 16:44:44,846 [ERROR] LogOutputStream:75 - [STDERR_REDIRECT] 
2026-06-29 16:44:45,865 [ERROR] LogOutputStream:75 - [STDERR_REDIRECT] [Fatal Error] :1:1: Premature end of file.
2026-06-29 16:44:45,865 [ERROR] LogOutputStream:75 - [STDERR_REDIRECT] 
2026-06-29 16:44:46,849 [ERROR] LogOutputStream:75 - [STDERR_REDIRECT] [Fatal Error] :1:1: Premature end of file.
2026-06-29 16:44:46,851 [ERROR] LogOutputStream:75 - [STDERR_REDIRECT] 
2026-06-29 16:44:47,832 [ERROR] LogOutputStream:75 - [STDERR_REDIRECT] [Fatal Error] :1:1: Premature end of file.
2026-06-29 16:44:47,832 [ERROR] LogOutputStream:75 - [STDERR_REDIRECT] 
2026-06-29 16:44:48,842 [ERROR] LogOutputStream:75 - [STDERR_REDIRECT] [Fatal Error] :1:1: Premature end of file.
2026-06-29 16:44:48,844 [ERROR] LogOutputStream:75 - [STDERR_REDIRECT] 
2026-06-29 16:44:49,829 [ERROR] LogOutputStream:75 - [STDERR_REDIRECT] [Fatal Error] :1:1: Premature end of file.
2026-06-29 16:44:49,829 [ERROR] LogOutputStream:75 - [STDERR_REDIRECT] 
2026-06-29 16:44:50,850 [ERROR] LogOutputStream:75 - [STDERR_REDIRECT] [Fatal Error] :1:1: Premature end of file.
2026-06-29 16:44:50,850 [ERROR] LogOutputStream:75 - [STDERR_REDIRECT] 
2026-06-29 16:44:51,830 [ERROR] LogOutputStream:75 - [STDERR_REDIRECT] [Fatal Error] :1:1: Premature end of file.
2026-06-29 16:44:51,830 [ERROR] LogOutputStream:75 - [STDERR_REDIRECT] 
2026-06-29 16:44:52,853 [ERROR] LogOutputStream:75 - [STDERR_REDIRECT] [Fatal Error] :1:1: Premature end of file.
2026-06-29 16:44:52,853 [ERROR] LogOutputStream:75 - [STDERR_REDIRECT] 
2026-06-29 16:44:53,836 [ERROR] LogOutputStream:75 - [STDERR_REDIRECT] [Fatal Error] :1:1: Premature end of file.
2026-06-29 16:44:53,836 [ERROR] LogOutputStream:75 - [STDERR_REDIRECT] 
2026-06-29 16:44:54,845 [ERROR] LogOutputStream:75 - [STDERR_REDIRECT] [Fatal Error] :1:1: Premature end of file.
2026-06-29 16:44:54,845 [ERROR] LogOutputStream:75 - [STDERR_REDIRECT] 
2026-06-29 16:44:55,857 [ERROR] LogOutputStream:75 - [STDERR_REDIRECT] [Fatal Error] :1:1: Premature end of file.
2026-06-29 16:44:55,857 [ERROR] LogOutputStream:75 - [STDERR_REDIRECT] 
2026-06-29 16:44:56,838 [ERROR] LogOutputStream:75 - [STDERR_REDIRECT] [Fatal Error] :1:1: Premature end of file.
2026-06-29 16:44:56,838 [ERROR] LogOutputStream:75 - [STDERR_REDIRECT] 
2026-06-29 16:44:57,841 [ERROR] LogOutputStream:75 - [STDERR_REDIRECT] [Fatal Error] :1:1: Premature end of file.
2026-06-29 16:44:57,841 [ERROR] LogOutputStream:75 - [STDERR_REDIRECT] 
2026-06-29 16:44:58,891 [ERROR] LogOutputStream:75 - [STDERR_REDIRECT] [Fatal Error] :1:1: Premature end of file.
2026-06-29 16:44:58,891 [ERROR] LogOutputStream:75 - [STDERR_REDIRECT] 
2026-06-29 16:44:59,856 [ERROR] LogOutputStream:75 - [STDERR_REDIRECT] [Fatal Error] :1:1: Premature end of file.
2026-06-29 16:44:59,856 [ERROR] LogOutputStream:75 - [STDERR_REDIRECT] 
2026-06-29 16:45:00,836 [ERROR] LogOutputStream:75 - [STDERR_REDIRECT] [Fatal Error] :1:1: Premature end of file.
2026-06-29 16:45:00,836 [ERROR] LogOutputStream:75 - [STDERR_REDIRECT] 
2026-06-29 16:45:01,832 [ERROR] LogOutputStream:75 - [STDERR_REDIRECT] [Fatal Error] :1:1: Premature end of file.
2026-06-29 16:45:01,832 [ERROR] LogOutputStream:75 - [STDERR_REDIRECT] 
2026-06-29 16:45:02,856 [ERROR] LogOutputStream:75 - [STDERR_REDIRECT] [Fatal Error] :1:1: Premature end of file.
2026-06-29 16:45:02,858 [ERROR] LogOutputStream:75 - [STDERR_REDIRECT] 
2026-06-29 16:45:03,853 [ERROR] LogOutputStream:75 - [STDERR_REDIRECT] [Fatal Error] :1:1: Premature end of file.
2026-06-29 16:45:03,853 [ERROR] LogOutputStream:75 - [STDERR_REDIRECT] 
2026-06-29 16:45:04,822 [ERROR] LogOutputStream:75 - [STDERR_REDIRECT] [Fatal Error] :1:1: Premature end of file.
2026-06-29 16:45:04,822 [ERROR] LogOutputStream:75 - [STDERR_REDIRECT] 
2026-06-29 16:45:05,825 [ERROR] LogOutputStream:75 - [STDERR_REDIRECT] [Fatal Error] :1:1: Premature end of file.
2026-06-29 16:45:05,825 [ERROR] LogOutputStream:75 - [STDERR_REDIRECT] 
2026-06-29 16:45:06,847 [ERROR] LogOutputStream:75 - [STDERR_REDIRECT] [Fatal Error] :1:1: Premature end of file.
2026-06-29 16:45:06,848 [ERROR] LogOutputStream:75 - [STDERR_REDIRECT] 
2026-06-29 16:45:07,903 [ERROR] LogOutputStream:75 - [STDERR_REDIRECT] [Fatal Error] :1:1: Premature end of file.
2026-06-29 16:45:07,904 [ERROR] LogOutputStream:75 - [STDERR_REDIRECT] 
2026-06-29 16:45:08,832 [ERROR] LogOutputStream:75 - [STDERR_REDIRECT] [Fatal Error] :1:1: Premature end of file.
2026-06-29 16:45:08,832 [ERROR] LogOutputStream:75 - [STDERR_REDIRECT] 
2026-06-29 16:45:09,845 [ERROR] LogOutputStream:75 - [STDERR_REDIRECT] [Fatal Error] :1:1: Premature end of file.
2026-06-29 16:45:09,845 [ERROR] LogOutputStream:75 - [STDERR_REDIRECT] 
2026-06-29 16:45:10,927 [ERROR] LogOutputStream:75 - [STDERR_REDIRECT] [Fatal Error] :1:1: Premature end of file.
2026-06-29 16:45:10,928 [ERROR] LogOutputStream:75 - [STDERR_REDIRECT] 
2026-06-29 16:45:11,846 [ERROR] LogOutputStream:75 - [STDERR_REDIRECT] [Fatal Error] :1:1: Premature end of file.
2026-06-29 16:45:11,846 [ERROR] LogOutputStream:75 - [STDERR_REDIRECT] 
2026-06-29 16:45:12,973 [ERROR] LogOutputStream:75 - [STDERR_REDIRECT] [Fatal Error] :1:1: Premature end of file.
2026-06-29 16:45:12,973 [ERROR] LogOutputStream:75 - [STDERR_REDIRECT] 
2026-06-29 16:45:13,875 [ERROR] LogOutputStream:75 - [STDERR_REDIRECT] [Fatal Error] :1:1: Premature end of file.
2026-06-29 16:45:13,875 [ERROR] LogOutputStream:75 - [STDERR_REDIRECT] 
2026-06-29 16:45:14,834 [ERROR] LogOutputStream:75 - [STDERR_REDIRECT] [Fatal Error] :1:1: Premature end of file.
2026-06-29 16:45:14,834 [ERROR] LogOutputStream:75 - [STDERR_REDIRECT] 
2026-06-29 16:45:15,825 [ERROR] LogOutputStream:75 - [STDERR_REDIRECT] [Fatal Error] :1:1: Premature end of file.
2026-06-29 16:45:15,825 [ERROR] LogOutputStream:75 - [STDERR_REDIRECT] 
2026-06-29 16:45:16,921 [ERROR] LogOutputStream:75 - [STDERR_REDIRECT] [Fatal Error] :1:1: Premature end of file.
2026-06-29 16:45:16,922 [ERROR] LogOutputStream:75 - [STDERR_REDIRECT] 
2026-06-29 16:45:17,908 [ERROR] LogOutputStream:75 - [STDERR_REDIRECT] [Fatal Error] :1:1: Premature end of file.
2026-06-29 16:45:17,910 [ERROR] LogOutputStream:75 - [STDERR_REDIRECT] 
2026-06-29 16:45:18,829 [ERROR] LogOutputStream:75 - [STDERR_REDIRECT] [Fatal Error] :1:1: Premature end of file.
2026-06-29 16:45:18,829 [ERROR] LogOutputStream:75 - [STDERR_REDIRECT] 
2026-06-29 16:45:19,863 [ERROR] LogOutputStream:75 - [STDERR_REDIRECT] [Fatal Error] :1:1: Premature end of file.
2026-06-29 16:45:19,863 [ERROR] LogOutputStream:75 - [STDERR_REDIRECT] 
2026-06-29 16:45:20,828 [ERROR] LogOutputStream:75 - [STDERR_REDIRECT] [Fatal Error] :1:1: Premature end of file.
2026-06-29 16:45:20,828 [ERROR] LogOutputStream:75 - [STDERR_REDIRECT] 
2026-06-29 16:45:21,829 [ERROR] LogOutputStream:75 - [STDERR_REDIRECT] [Fatal Error] :1:1: Premature end of file.
2026-06-29 16:45:21,829 [ERROR] LogOutputStream:75 - [STDERR_REDIRECT] 
2026-06-29 16:45:22,832 [ERROR] LogOutputStream:75 - [STDERR_REDIRECT] [Fatal Error] :1:1: Premature end of file.
2026-06-29 16:45:22,848 [ERROR] LogOutputStream:75 - [STDERR_REDIRECT] 
2026-06-29 16:45:23,836 [ERROR] LogOutputStream:75 - [STDERR_REDIRECT] [Fatal Error] :1:1: Premature end of file.
2026-06-29 16:45:23,852 [ERROR] LogOutputStream:75 - [STDERR_REDIRECT] 
2026-06-29 16:45:24,825 [ERROR] LogOutputStream:75 - [STDERR_REDIRECT] [Fatal Error] :1:1: Premature end of file.
2026-06-29 16:45:24,825 [ERROR] LogOutputStream:75 - [STDERR_REDIRECT] 
2026-06-29 16:45:25,845 [ERROR] LogOutputStream:75 - [STDERR_REDIRECT] [Fatal Error] :1:1: Premature end of file.
2026-06-29 16:45:25,845 [ERROR] LogOutputStream:75 - [STDERR_REDIRECT] 
2026-06-29 16:45:26,818 [ERROR] LogOutputStream:75 - [STDERR_REDIRECT] [Fatal Error] :1:1: Premature end of file.
2026-06-29 16:45:26,834 [ERROR] LogOutputStream:75 - [STDERR_REDIRECT] 
2026-06-29 16:45:27,854 [ERROR] LogOutputStream:75 - [STDERR_REDIRECT] [Fatal Error] :1:1: Premature end of file.
2026-06-29 16:45:27,854 [ERROR] LogOutputStream:75 - [STDERR_REDIRECT] 
2026-06-29 16:45:28,811 [ERROR] LogOutputStream:75 - [STDERR_REDIRECT] [Fatal Error] :1:1: Premature end of file.
2026-06-29 16:45:28,811 [ERROR] LogOutputStream:75 - [STDERR_REDIRECT] 
2026-06-29 16:45:29,845 [ERROR] LogOutputStream:75 - [STDERR_REDIRECT] [Fatal Error] :1:1: Premature end of file.
2026-06-29 16:45:29,845 [ERROR] LogOutputStream:75 - [STDERR_REDIRECT] 
2026-06-29 16:45:30,850 [ERROR] LogOutputStream:75 - [STDERR_REDIRECT] [Fatal Error] :1:1: Premature end of file.
2026-06-29 16:45:30,850 [ERROR] LogOutputStream:75 - [STDERR_REDIRECT] 
2026-06-29 16:45:31,869 [ERROR] LogOutputStream:75 - [STDERR_REDIRECT] [Fatal Error] :1:1: Premature end of file.
2026-06-29 16:45:31,869 [ERROR] LogOutputStream:75 - [STDERR_REDIRECT] 
2026-06-29 16:45:32,880 [ERROR] LogOutputStream:75 - [STDERR_REDIRECT] [Fatal Error] :1:1: Premature end of file.
2026-06-29 16:45:32,880 [ERROR] LogOutputStream:75 - [STDERR_REDIRECT] 
2026-06-29 16:45:33,872 [ERROR] LogOutputStream:75 - [STDERR_REDIRECT] [Fatal Error] :1:1: Premature end of file.
2026-06-29 16:45:33,872 [ERROR] LogOutputStream:75 - [STDERR_REDIRECT] 
2026-06-29 16:45:34,843 [ERROR] LogOutputStream:75 - [STDERR_REDIRECT] [Fatal Error] :1:1: Premature end of file.
2026-06-29 16:45:34,843 [ERROR] LogOutputStream:75 - [STDERR_REDIRECT] 
2026-06-29 16:45:35,832 [ERROR] LogOutputStream:75 - [STDERR_REDIRECT] [Fatal Error] :1:1: Premature end of file.
2026-06-29 16:45:35,832 [ERROR] LogOutputStream:75 - [STDERR_REDIRECT] 
2026-06-29 16:45:36,849 [ERROR] LogOutputStream:75 - [STDERR_REDIRECT] [Fatal Error] :1:1: Premature end of file.
2026-06-29 16:45:36,849 [ERROR] LogOutputStream:75 - [STDERR_REDIRECT] 
2026-06-29 16:45:37,838 [ERROR] LogOutputStream:75 - [STDERR_REDIRECT] [Fatal Error] :1:1: Premature end of file.
2026-06-29 16:45:37,838 [ERROR] LogOutputStream:75 - [STDERR_REDIRECT] 
2026-06-29 16:45:38,844 [ERROR] LogOutputStream:75 - [STDERR_REDIRECT] [Fatal Error] :1:1: Premature end of file.
2026-06-29 16:45:38,844 [ERROR] LogOutputStream:75 - [STDERR_REDIRECT] 
2026-06-29 16:45:39,846 [ERROR] LogOutputStream:75 - [STDERR_REDIRECT] [Fatal Error] :1:1: Premature end of file.
2026-06-29 16:45:39,846 [ERROR] LogOutputStream:75 - [STDERR_REDIRECT] 
2026-06-29 16:45:40,859 [ERROR] LogOutputStream:75 - [STDERR_REDIRECT] [Fatal Error] :1:1: Premature end of file.
2026-06-29 16:45:40,859 [ERROR] LogOutputStream:75 - [STDERR_REDIRECT] 
2026-06-29 16:45:41,823 [ERROR] LogOutputStream:75 - [STDERR_REDIRECT] [Fatal Error] :1:1: Premature end of file.
2026-06-29 16:45:41,823 [ERROR] LogOutputStream:75 - [STDERR_REDIRECT] 
2026-06-29 16:45:42,860 [ERROR] LogOutputStream:75 - [STDERR_REDIRECT] [Fatal Error] :1:1: Premature end of file.
2026-06-29 16:45:42,860 [ERROR] LogOutputStream:75 - [STDERR_REDIRECT] 
2026-06-29 16:45:43,850 [ERROR] LogOutputStream:75 - [STDERR_REDIRECT] [Fatal Error] :1:1: Premature end of file.
2026-06-29 16:45:43,850 [ERROR] LogOutputStream:75 - [STDERR_REDIRECT] 
2026-06-29 16:45:44,840 [ERROR] LogOutputStream:75 - [STDERR_REDIRECT] [Fatal Error] :1:1: Premature end of file.
2026-06-29 16:45:44,840 [ERROR] LogOutputStream:75 - [STDERR_REDIRECT] 
2026-06-29 16:45:45,862 [ERROR] LogOutputStream:75 - [STDERR_REDIRECT] [Fatal Error] :1:1: Premature end of file.
2026-06-29 16:45:45,862 [ERROR] LogOutputStream:75 - [STDERR_REDIRECT] 
2026-06-29 16:45:46,885 [ERROR] LogOutputStream:75 - [STDERR_REDIRECT] [Fatal Error] :1:1: Premature end of file.
2026-06-29 16:45:46,885 [ERROR] LogOutputStream:75 - [STDERR_REDIRECT] 
2026-06-29 16:45:47,874 [ERROR] LogOutputStream:75 - [STDERR_REDIRECT] [Fatal Error] :1:1: Premature end of file.
2026-06-29 16:45:47,874 [ERROR] LogOutputStream:75 - [STDERR_REDIRECT] 
2026-06-29 16:45:48,847 [ERROR] LogOutputStream:75 - [STDERR_REDIRECT] [Fatal Error] :1:1: Premature end of file.
2026-06-29 16:45:48,847 [ERROR] LogOutputStream:75 - [STDERR_REDIRECT] 
2026-06-29 16:45:49,836 [ERROR] LogOutputStream:75 - [STDERR_REDIRECT] [Fatal Error] :1:1: Premature end of file.
2026-06-29 16:45:49,836 [ERROR] LogOutputStream:75 - [STDERR_REDIRECT] 
2026-06-29 16:45:50,843 [ERROR] LogOutputStream:75 - [STDERR_REDIRECT] [Fatal Error] :1:1: Premature end of file.
2026-06-29 16:45:50,843 [ERROR] LogOutputStream:75 - [STDERR_REDIRECT] 
2026-06-29 16:45:51,851 [ERROR] LogOutputStream:75 - [STDERR_REDIRECT] [Fatal Error] :1:1: Premature end of file.
2026-06-29 16:45:51,853 [ERROR] LogOutputStream:75 - [STDERR_REDIRECT] 
2026-06-29 16:45:52,851 [ERROR] LogOutputStream:75 - [STDERR_REDIRECT] [Fatal Error] :1:1: Premature end of file.
2026-06-29 16:45:52,853 [ERROR] LogOutputStream:75 - [STDERR_REDIRECT] 
2026-06-29 16:45:53,829 [ERROR] LogOutputStream:75 - [STDERR_REDIRECT] [Fatal Error] :1:1: Premature end of file.
2026-06-29 16:45:53,829 [ERROR] LogOutputStream:75 - [STDERR_REDIRECT] 
2026-06-29 16:45:54,846 [ERROR] LogOutputStream:75 - [STDERR_REDIRECT] [Fatal Error] :1:1: Premature end of file.
2026-06-29 16:45:54,846 [ERROR] LogOutputStream:75 - [STDERR_REDIRECT] 
2026-06-29 16:45:55,829 [ERROR] LogOutputStream:75 - [STDERR_REDIRECT] [Fatal Error] :1:1: Premature end of file.
2026-06-29 16:45:55,829 [ERROR] LogOutputStream:75 - [STDERR_REDIRECT] 
2026-06-29 16:45:56,829 [ERROR] LogOutputStream:75 - [STDERR_REDIRECT] [Fatal Error] :1:1: Premature end of file.
2026-06-29 16:45:56,829 [ERROR] LogOutputStream:75 - [STDERR_REDIRECT] 
2026-06-29 16:45:57,852 [ERROR] LogOutputStream:75 - [STDERR_REDIRECT] [Fatal Error] :1:1: Premature end of file.
2026-06-29 16:45:57,852 [ERROR] LogOutputStream:75 - [STDERR_REDIRECT] 
2026-06-29 16:45:58,853 [ERROR] LogOutputStream:75 - [STDERR_REDIRECT] [Fatal Error] :1:1: Premature end of file.
2026-06-29 16:45:58,856 [ERROR] LogOutputStream:75 - [STDERR_REDIRECT] 
2026-06-29 16:45:59,836 [ERROR] LogOutputStream:75 - [STDERR_REDIRECT] [Fatal Error] :1:1: Premature end of file.
2026-06-29 16:45:59,836 [ERROR] LogOutputStream:75 - [STDERR_REDIRECT] 
2026-06-29 16:46:00,848 [ERROR] LogOutputStream:75 - [STDERR_REDIRECT] [Fatal Error] :1:1: Premature end of file.
2026-06-29 16:46:00,848 [ERROR] LogOutputStream:75 - [STDERR_REDIRECT] 
2026-06-29 16:46:01,839 [ERROR] LogOutputStream:75 - [STDERR_REDIRECT] [Fatal Error] :1:1: Premature end of file.
2026-06-29 16:46:01,839 [ERROR] LogOutputStream:75 - [STDERR_REDIRECT] 
2026-06-29 16:46:02,845 [ERROR] LogOutputStream:75 - [STDERR_REDIRECT] [Fatal Error] :1:1: Premature end of file.
2026-06-29 16:46:02,845 [ERROR] LogOutputStream:75 - [STDERR_REDIRECT] 
2026-06-29 16:46:03,840 [ERROR] LogOutputStream:75 - [STDERR_REDIRECT] [Fatal Error] :1:1: Premature end of file.
2026-06-29 16:46:03,840 [ERROR] LogOutputStream:75 - [STDERR_REDIRECT] 
2026-06-29 16:46:04,838 [ERROR] LogOutputStream:75 - [STDERR_REDIRECT] [Fatal Error] :1:1: Premature end of file.
2026-06-29 16:46:04,838 [ERROR] LogOutputStream:75 - [STDERR_REDIRECT] 
2026-06-29 16:46:05,850 [ERROR] LogOutputStream:75 - [STDERR_REDIRECT] [Fatal Error] :1:1: Premature end of file.
2026-06-29 16:46:05,850 [ERROR] LogOutputStream:75 - [STDERR_REDIRECT] 
2026-06-29 16:46:06,832 [ERROR] LogOutputStream:75 - [STDERR_REDIRECT] [Fatal Error] :1:1: Premature end of file.
2026-06-29 16:46:06,842 [ERROR] LogOutputStream:75 - [STDERR_REDIRECT] 
2026-06-29 16:46:07,847 [ERROR] LogOutputStream:75 - [STDERR_REDIRECT] [Fatal Error] :1:1: Premature end of file.
2026-06-29 16:46:07,847 [ERROR] LogOutputStream:75 - [STDERR_REDIRECT] 
2026-06-29 16:46:08,812 [ERROR] LogOutputStream:75 - [STDERR_REDIRECT] [Fatal Error] :1:1: Premature end of file.
2026-06-29 16:46:08,812 [ERROR] LogOutputStream:75 - [STDERR_REDIRECT] 
2026-06-29 16:46:09,840 [ERROR] LogOutputStream:75 - [STDERR_REDIRECT] [Fatal Error] :1:1: Premature end of file.
2026-06-29 16:46:09,840 [ERROR] LogOutputStream:75 - [STDERR_REDIRECT] 
2026-06-29 16:46:10,850 [ERROR] LogOutputStream:75 - [STDERR_REDIRECT] [Fatal Error] :1:1: Premature end of file.
2026-06-29 16:46:10,850 [ERROR] LogOutputStream:75 - [STDERR_REDIRECT] 
2026-06-29 16:46:11,826 [ERROR] LogOutputStream:75 - [STDERR_REDIRECT] [Fatal Error] :1:1: Premature end of file.
2026-06-29 16:46:11,826 [ERROR] LogOutputStream:75 - [STDERR_REDIRECT] 
2026-06-29 16:46:12,851 [ERROR] LogOutputStream:75 - [STDERR_REDIRECT] [Fatal Error] :1:1: Premature end of file.
2026-06-29 16:46:12,851 [ERROR] LogOutputStream:75 - [STDERR_REDIRECT] 
2026-06-29 16:46:13,836 [ERROR] LogOutputStream:75 - [STDERR_REDIRECT] [Fatal Error] :1:1: Premature end of file.
2026-06-29 16:46:13,836 [ERROR] LogOutputStream:75 - [STDERR_REDIRECT] 
2026-06-29 16:46:14,848 [ERROR] LogOutputStream:75 - [STDERR_REDIRECT] [Fatal Error] :1:1: Premature end of file.
2026-06-29 16:46:14,848 [ERROR] LogOutputStream:75 - [STDERR_REDIRECT] 
2026-06-29 16:46:15,842 [ERROR] LogOutputStream:75 - [STDERR_REDIRECT] [Fatal Error] :1:1: Premature end of file.
2026-06-29 16:46:15,842 [ERROR] LogOutputStream:75 - [STDERR_REDIRECT] 
2026-06-29 16:46:16,826 [ERROR] LogOutputStream:75 - [STDERR_REDIRECT] [Fatal Error] :1:1: Premature end of file.
2026-06-29 16:46:16,826 [ERROR] LogOutputStream:75 - [STDERR_REDIRECT] 
2026-06-29 16:46:17,835 [ERROR] LogOutputStream:75 - [STDERR_REDIRECT] [Fatal Error] :1:1: Premature end of file.
2026-06-29 16:46:17,835 [ERROR] LogOutputStream:75 - [STDERR_REDIRECT] 
2026-06-29 16:46:18,840 [ERROR] LogOutputStream:75 - [STDERR_REDIRECT] [Fatal Error] :1:1: Premature end of file.
2026-06-29 16:46:18,840 [ERROR] LogOutputStream:75 - [STDERR_REDIRECT] 
2026-06-29 16:46:19,863 [ERROR] LogOutputStream:75 - [STDERR_REDIRECT] [Fatal Error] :1:1: Premature end of file.
2026-06-29 16:46:19,863 [ERROR] LogOutputStream:75 - [STDERR_REDIRECT] 
2026-06-29 16:46:20,830 [ERROR] LogOutputStream:75 - [STDERR_REDIRECT] [Fatal Error] :1:1: Premature end of file.
2026-06-29 16:46:20,830 [ERROR] LogOutputStream:75 - [STDERR_REDIRECT] 
2026-06-29 16:46:21,823 [ERROR] LogOutputStream:75 - [STDERR_REDIRECT] [Fatal Error] :1:1: Premature end of file.
2026-06-29 16:46:21,823 [ERROR] LogOutputStream:75 - [STDERR_REDIRECT] 
2026-06-29 16:46:22,836 [ERROR] LogOutputStream:75 - [STDERR_REDIRECT] [Fatal Error] :1:1: Premature end of file.
2026-06-29 16:46:22,836 [ERROR] LogOutputStream:75 - [STDERR_REDIRECT] 
2026-06-29 16:46:23,837 [ERROR] LogOutputStream:75 - [STDERR_REDIRECT] [Fatal Error] :1:1: Premature end of file.
2026-06-29 16:46:23,837 [ERROR] LogOutputStream:75 - [STDERR_REDIRECT] 
2026-06-29 16:46:24,831 [ERROR] LogOutputStream:75 - [STDERR_REDIRECT] [Fatal Error] :1:1: Premature end of file.
2026-06-29 16:46:24,831 [ERROR] LogOutputStream:75 - [STDERR_REDIRECT] 
2026-06-29 16:46:25,838 [ERROR] LogOutputStream:75 - [STDERR_REDIRECT] [Fatal Error] :1:1: Premature end of file.
2026-06-29 16:46:25,841 [ERROR] LogOutputStream:75 - [STDERR_REDIRECT] 
2026-06-29 16:46:26,838 [ERROR] LogOutputStream:75 - [STDERR_REDIRECT] [Fatal Error] :1:1: Premature end of file.
2026-06-29 16:46:26,838 [ERROR] LogOutputStream:75 - [STDERR_REDIRECT] 
2026-06-29 16:46:27,839 [ERROR] LogOutputStream:75 - [STDERR_REDIRECT] [Fatal Error] :1:1: Premature end of file.
2026-06-29 16:46:27,839 [ERROR] LogOutputStream:75 - [STDERR_REDIRECT] 
2026-06-29 16:46:28,831 [ERROR] LogOutputStream:75 - [STDERR_REDIRECT] [Fatal Error] :1:1: Premature end of file.
2026-06-29 16:46:28,831 [ERROR] LogOutputStream:75 - [STDERR_REDIRECT] 
2026-06-29 16:46:29,838 [ERROR] LogOutputStream:75 - [STDERR_REDIRECT] [Fatal Error] :1:1: Premature end of file.
2026-06-29 16:46:29,840 [ERROR] LogOutputStream:75 - [STDERR_REDIRECT] 
2026-06-29 16:46:30,835 [ERROR] LogOutputStream:75 - [STDERR_REDIRECT] [Fatal Error] :1:1: Premature end of file.
2026-06-29 16:46:30,835 [ERROR] LogOutputStream:75 - [STDERR_REDIRECT] 
2026-06-29 16:46:31,831 [ERROR] LogOutputStream:75 - [STDERR_REDIRECT] [Fatal Error] :1:1: Premature end of file.
2026-06-29 16:46:31,831 [ERROR] LogOutputStream:75 - [STDERR_REDIRECT] 
2026-06-29 16:46:32,845 [ERROR] LogOutputStream:75 - [STDERR_REDIRECT] [Fatal Error] :1:1: Premature end of file.
2026-06-29 16:46:32,845 [ERROR] LogOutputStream:75 - [STDERR_REDIRECT] 
2026-06-29 16:46:33,836 [ERROR] LogOutputStream:75 - [STDERR_REDIRECT] [Fatal Error] :1:1: Premature end of file.
2026-06-29 16:46:33,836 [ERROR] LogOutputStream:75 - [STDERR_REDIRECT] 
2026-06-29 16:46:34,844 [ERROR] LogOutputStream:75 - [STDERR_REDIRECT] [Fatal Error] :1:1: Premature end of file.
2026-06-29 16:46:34,844 [ERROR] LogOutputStream:75 - [STDERR_REDIRECT] 
2026-06-29 16:46:35,846 [ERROR] LogOutputStream:75 - [STDERR_REDIRECT] [Fatal Error] :1:1: Premature end of file.
2026-06-29 16:46:35,846 [ERROR] LogOutputStream:75 - [STDERR_REDIRECT] 
2026-06-29 16:46:36,846 [ERROR] LogOutputStream:75 - [STDERR_REDIRECT] [Fatal Error] :1:1: Premature end of file.
2026-06-29 16:46:36,846 [ERROR] LogOutputStream:75 - [STDERR_REDIRECT] 
2026-06-29 16:46:37,834 [ERROR] LogOutputStream:75 - [STDERR_REDIRECT] [Fatal Error] :1:1: Premature end of file.
2026-06-29 16:46:37,834 [ERROR] LogOutputStream:75 - [STDERR_REDIRECT] 
2026-06-29 16:46:38,842 [ERROR] LogOutputStream:75 - [STDERR_REDIRECT] [Fatal Error] :1:1: Premature end of file.
2026-06-29 16:46:38,842 [ERROR] LogOutputStream:75 - [STDERR_REDIRECT] 
2026-06-29 16:46:39,835 [ERROR] LogOutputStream:75 - [STDERR_REDIRECT] [Fatal Error] :1:1: Premature end of file.
2026-06-29 16:46:39,835 [ERROR] LogOutputStream:75 - [STDERR_REDIRECT] 
2026-06-29 16:46:40,866 [ERROR] LogOutputStream:75 - [STDERR_REDIRECT] [Fatal Error] :1:1: Premature end of file.
2026-06-29 16:46:40,866 [ERROR] LogOutputStream:75 - [STDERR_REDIRECT] 
2026-06-29 16:46:41,831 [ERROR] LogOutputStream:75 - [STDERR_REDIRECT] [Fatal Error] :1:1: Premature end of file.
2026-06-29 16:46:41,831 [ERROR] LogOutputStream:75 - [STDERR_REDIRECT] 
2026-06-29 16:46:42,837 [ERROR] LogOutputStream:75 - [STDERR_REDIRECT] [Fatal Error] :1:1: Premature end of file.
2026-06-29 16:46:42,837 [ERROR] LogOutputStream:75 - [STDERR_REDIRECT] 
2026-06-29 16:46:43,846 [ERROR] LogOutputStream:75 - [STDERR_REDIRECT] [Fatal Error] :1:1: Premature end of file.
2026-06-29 16:46:43,846 [ERROR] LogOutputStream:75 - [STDERR_REDIRECT] 
2026-06-29 16:46:44,837 [ERROR] LogOutputStream:75 - [STDERR_REDIRECT] [Fatal Error] :1:1: Premature end of file.
2026-06-29 16:46:44,839 [ERROR] LogOutputStream:75 - [STDERR_REDIRECT] 
2026-06-29 16:46:45,840 [ERROR] LogOutputStream:75 - [STDERR_REDIRECT] [Fatal Error] :1:1: Premature end of file.
2026-06-29 16:46:45,840 [ERROR] LogOutputStream:75 - [STDERR_REDIRECT] 
2026-06-29 16:46:46,840 [ERROR] LogOutputStream:75 - [STDERR_REDIRECT] [Fatal Error] :1:1: Premature end of file.
2026-06-29 16:46:46,842 [ERROR] LogOutputStream:75 - [STDERR_REDIRECT] 
2026-06-29 16:46:47,833 [ERROR] LogOutputStream:75 - [STDERR_REDIRECT] [Fatal Error] :1:1: Premature end of file.
2026-06-29 16:46:47,833 [ERROR] LogOutputStream:75 - [STDERR_REDIRECT] 
2026-06-29 16:46:48,829 [ERROR] LogOutputStream:75 - [STDERR_REDIRECT] [Fatal Error] :1:1: Premature end of file.
2026-06-29 16:46:48,829 [ERROR] LogOutputStream:75 - [STDERR_REDIRECT] 
2026-06-29 16:46:49,833 [ERROR] LogOutputStream:75 - [STDERR_REDIRECT] [Fatal Error] :1:1: Premature end of file.
2026-06-29 16:46:49,833 [ERROR] LogOutputStream:75 - [STDERR_REDIRECT] 
2026-06-29 16:46:50,822 [ERROR] LogOutputStream:75 - [STDERR_REDIRECT] [Fatal Error] :1:1: Premature end of file.
2026-06-29 16:46:50,822 [ERROR] LogOutputStream:75 - [STDERR_REDIRECT] 
2026-06-29 16:46:51,830 [ERROR] LogOutputStream:75 - [STDERR_REDIRECT] [Fatal Error] :1:1: Premature end of file.
2026-06-29 16:46:51,830 [ERROR] LogOutputStream:75 - [STDERR_REDIRECT] 
2026-06-29 16:46:52,845 [ERROR] LogOutputStream:75 - [STDERR_REDIRECT] [Fatal Error] :1:1: Premature end of file.
2026-06-29 16:46:52,845 [ERROR] LogOutputStream:75 - [STDERR_REDIRECT] 
2026-06-29 16:46:53,840 [ERROR] LogOutputStream:75 - [STDERR_REDIRECT] [Fatal Error] :1:1: Premature end of file.
2026-06-29 16:46:53,840 [ERROR] LogOutputStream:75 - [STDERR_REDIRECT] 
2026-06-29 16:46:54,835 [ERROR] LogOutputStream:75 - [STDERR_REDIRECT] [Fatal Error] :1:1: Premature end of file.
2026-06-29 16:46:54,835 [ERROR] LogOutputStream:75 - [STDERR_REDIRECT] 
2026-06-29 16:46:55,840 [ERROR] LogOutputStream:75 - [STDERR_REDIRECT] [Fatal Error] :1:1: Premature end of file.
2026-06-29 16:46:55,840 [ERROR] LogOutputStream:75 - [STDERR_REDIRECT] 
2026-06-29 16:46:56,842 [ERROR] LogOutputStream:75 - [STDERR_REDIRECT] [Fatal Error] :1:1: Premature end of file.
2026-06-29 16:46:56,842 [ERROR] LogOutputStream:75 - [STDERR_REDIRECT] 
2026-06-29 16:46:57,832 [ERROR] LogOutputStream:75 - [STDERR_REDIRECT] [Fatal Error] :1:1: Premature end of file.
2026-06-29 16:46:57,832 [ERROR] LogOutputStream:75 - [STDERR_REDIRECT] 
2026-06-29 16:46:58,824 [ERROR] LogOutputStream:75 - [STDERR_REDIRECT] [Fatal Error] :1:1: Premature end of file.
2026-06-29 16:46:58,824 [ERROR] LogOutputStream:75 - [STDERR_REDIRECT] 
2026-06-29 16:46:59,835 [ERROR] LogOutputStream:75 - [STDERR_REDIRECT] [Fatal Error] :1:1: Premature end of file.
2026-06-29 16:46:59,835 [ERROR] LogOutputStream:75 - [STDERR_REDIRECT] 
2026-06-29 16:47:00,823 [ERROR] LogOutputStream:75 - [STDERR_REDIRECT] [Fatal Error] :1:1: Premature end of file.
2026-06-29 16:47:00,823 [ERROR] LogOutputStream:75 - [STDERR_REDIRECT] 
2026-06-29 16:47:01,869 [ERROR] LogOutputStream:75 - [STDERR_REDIRECT] [Fatal Error] :1:1: Premature end of file.
2026-06-29 16:47:01,869 [ERROR] LogOutputStream:75 - [STDERR_REDIRECT] 
2026-06-29 16:47:02,823 [ERROR] LogOutputStream:75 - [STDERR_REDIRECT] [Fatal Error] :1:1: Premature end of file.
2026-06-29 16:47:02,823 [ERROR] LogOutputStream:75 - [STDERR_REDIRECT] 
2026-06-29 16:47:03,853 [ERROR] LogOutputStream:75 - [STDERR_REDIRECT] [Fatal Error] :1:1: Premature end of file.
2026-06-29 16:47:03,853 [ERROR] LogOutputStream:75 - [STDERR_REDIRECT] 
2026-06-29 16:47:04,836 [ERROR] LogOutputStream:75 - [STDERR_REDIRECT] [Fatal Error] :1:1: Premature end of file.
2026-06-29 16:47:04,836 [ERROR] LogOutputStream:75 - [STDERR_REDIRECT] 
2026-06-29 16:47:05,835 [ERROR] LogOutputStream:75 - [STDERR_REDIRECT] [Fatal Error] :1:1: Premature end of file.
2026-06-29 16:47:05,835 [ERROR] LogOutputStream:75 - [STDERR_REDIRECT] 
2026-06-29 16:47:06,831 [ERROR] LogOutputStream:75 - [STDERR_REDIRECT] [Fatal Error] :1:1: Premature end of file.
2026-06-29 16:47:06,831 [ERROR] LogOutputStream:75 - [STDERR_REDIRECT] 
2026-06-29 16:47:07,841 [ERROR] LogOutputStream:75 - [STDERR_REDIRECT] [Fatal Error] :1:1: Premature end of file.
2026-06-29 16:47:07,841 [ERROR] LogOutputStream:75 - [STDERR_REDIRECT] 
2026-06-29 16:47:08,848 [ERROR] LogOutputStream:75 - [STDERR_REDIRECT] [Fatal Error] :1:1: Premature end of file.
2026-06-29 16:47:08,848 [ERROR] LogOutputStream:75 - [STDERR_REDIRECT] 
2026-06-29 16:47:09,839 [ERROR] LogOutputStream:75 - [STDERR_REDIRECT] [Fatal Error] :1:1: Premature end of file.
2026-06-29 16:47:09,839 [ERROR] LogOutputStream:75 - [STDERR_REDIRECT] 
2026-06-29 16:47:10,836 [ERROR] LogOutputStream:75 - [STDERR_REDIRECT] [Fatal Error] :1:1: Premature end of file.
2026-06-29 16:47:10,836 [ERROR] LogOutputStream:75 - [STDERR_REDIRECT] 
2026-06-29 16:47:11,840 [ERROR] LogOutputStream:75 - [STDERR_REDIRECT] [Fatal Error] :1:1: Premature end of file.
2026-06-29 16:47:11,840 [ERROR] LogOutputStream:75 - [STDERR_REDIRECT] 
2026-06-29 16:47:12,882 [ERROR] LogOutputStream:75 - [STDERR_REDIRECT] [Fatal Error] :1:1: Premature end of file.
2026-06-29 16:47:12,882 [ERROR] LogOutputStream:75 - [STDERR_REDIRECT] 
2026-06-29 16:47:13,846 [ERROR] LogOutputStream:75 - [STDERR_REDIRECT] [Fatal Error] :1:1: Premature end of file.
2026-06-29 16:47:13,846 [ERROR] LogOutputStream:75 - [STDERR_REDIRECT] 
2026-06-29 16:47:14,840 [ERROR] LogOutputStream:75 - [STDERR_REDIRECT] [Fatal Error] :1:1: Premature end of file.
2026-06-29 16:47:14,843 [ERROR] LogOutputStream:75 - [STDERR_REDIRECT] 
2026-06-29 16:47:15,877 [ERROR] LogOutputStream:75 - [STDERR_REDIRECT] [Fatal Error] :1:1: Premature end of file.
2026-06-29 16:47:15,877 [ERROR] LogOutputStream:75 - [STDERR_REDIRECT] 
2026-06-29 16:47:16,847 [ERROR] LogOutputStream:75 - [STDERR_REDIRECT] [Fatal Error] :1:1: Premature end of file.
2026-06-29 16:47:16,847 [ERROR] LogOutputStream:75 - [STDERR_REDIRECT] 
2026-06-29 16:47:17,834 [ERROR] LogOutputStream:75 - [STDERR_REDIRECT] [Fatal Error] :1:1: Premature end of file.
2026-06-29 16:47:17,834 [ERROR] LogOutputStream:75 - [STDERR_REDIRECT] 
2026-06-29 16:47:18,826 [ERROR] LogOutputStream:75 - [STDERR_REDIRECT] [Fatal Error] :1:1: Premature end of file.
2026-06-29 16:47:18,826 [ERROR] LogOutputStream:75 - [STDERR_REDIRECT] 
2026-06-29 16:47:19,848 [ERROR] LogOutputStream:75 - [STDERR_REDIRECT] [Fatal Error] :1:1: Premature end of file.
2026-06-29 16:47:19,848 [ERROR] LogOutputStream:75 - [STDERR_REDIRECT] 
2026-06-29 16:47:20,833 [ERROR] LogOutputStream:75 - [STDERR_REDIRECT] [Fatal Error] :1:1: Premature end of file.
2026-06-29 16:47:20,833 [ERROR] LogOutputStream:75 - [STDERR_REDIRECT] 
2026-06-29 16:47:21,837 [ERROR] LogOutputStream:75 - [STDERR_REDIRECT] [Fatal Error] :1:1: Premature end of file.
2026-06-29 16:47:21,837 [ERROR] LogOutputStream:75 - [STDERR_REDIRECT] 
2026-06-29 16:47:22,856 [ERROR] LogOutputStream:75 - [STDERR_REDIRECT] [Fatal Error] :1:1: Premature end of file.
2026-06-29 16:47:22,856 [ERROR] LogOutputStream:75 - [STDERR_REDIRECT] 
2026-06-29 16:47:23,826 [ERROR] LogOutputStream:75 - [STDERR_REDIRECT] [Fatal Error] :1:1: Premature end of file.
2026-06-29 16:47:23,826 [ERROR] LogOutputStream:75 - [STDERR_REDIRECT] 
2026-06-29 16:47:24,827 [ERROR] LogOutputStream:75 - [STDERR_REDIRECT] [Fatal Error] :1:1: Premature end of file.
2026-06-29 16:47:24,827 [ERROR] LogOutputStream:75 - [STDERR_REDIRECT] 
2026-06-29 16:47:25,840 [ERROR] LogOutputStream:75 - [STDERR_REDIRECT] [Fatal Error] :1:1: Premature end of file.
2026-06-29 16:47:25,840 [ERROR] LogOutputStream:75 - [STDERR_REDIRECT] 
2026-06-29 16:47:26,844 [ERROR] LogOutputStream:75 - [STDERR_REDIRECT] [Fatal Error] :1:1: Premature end of file.
2026-06-29 16:47:26,844 [ERROR] LogOutputStream:75 - [STDERR_REDIRECT] 
2026-06-29 16:47:27,832 [ERROR] LogOutputStream:75 - [STDERR_REDIRECT] [Fatal Error] :1:1: Premature end of file.
2026-06-29 16:47:27,832 [ERROR] LogOutputStream:75 - [STDERR_REDIRECT] 
2026-06-29 16:47:28,837 [ERROR] LogOutputStream:75 - [STDERR_REDIRECT] [Fatal Error] :1:1: Premature end of file.
2026-06-29 16:47:28,839 [ERROR] LogOutputStream:75 - [STDERR_REDIRECT] 
2026-06-29 16:47:29,841 [ERROR] LogOutputStream:75 - [STDERR_REDIRECT] [Fatal Error] :1:1: Premature end of file.
2026-06-29 16:47:29,841 [ERROR] LogOutputStream:75 - [STDERR_REDIRECT] 
2026-06-29 16:47:30,838 [ERROR] LogOutputStream:75 - [STDERR_REDIRECT] [Fatal Error] :1:1: Premature end of file.
2026-06-29 16:47:30,838 [ERROR] LogOutputStream:75 - [STDERR_REDIRECT] 
2026-06-29 16:47:31,835 [ERROR] LogOutputStream:75 - [STDERR_REDIRECT] [Fatal Error] :1:1: Premature end of file.
2026-06-29 16:47:31,835 [ERROR] LogOutputStream:75 - [STDERR_REDIRECT] 
2026-06-29 16:47:32,851 [ERROR] LogOutputStream:75 - [STDERR_REDIRECT] [Fatal Error] :1:1: Premature end of file.
2026-06-29 16:47:32,851 [ERROR] LogOutputStream:75 - [STDERR_REDIRECT] 
2026-06-29 16:47:33,827 [ERROR] LogOutputStream:75 - [STDERR_REDIRECT] [Fatal Error] :1:1: Premature end of file.
2026-06-29 16:47:33,827 [ERROR] LogOutputStream:75 - [STDERR_REDIRECT] 
2026-06-29 16:47:34,848 [ERROR] LogOutputStream:75 - [STDERR_REDIRECT] [Fatal Error] :1:1: Premature end of file.
2026-06-29 16:47:34,848 [ERROR] LogOutputStream:75 - [STDERR_REDIRECT] 
2026-06-29 16:47:35,842 [ERROR] LogOutputStream:75 - [STDERR_REDIRECT] [Fatal Error] :1:1: Premature end of file.
2026-06-29 16:47:35,842 [ERROR] LogOutputStream:75 - [STDERR_REDIRECT] 
2026-06-29 16:47:36,834 [ERROR] LogOutputStream:75 - [STDERR_REDIRECT] [Fatal Error] :1:1: Premature end of file.
2026-06-29 16:47:36,834 [ERROR] LogOutputStream:75 - [STDERR_REDIRECT] 
2026-06-29 16:47:37,843 [ERROR] LogOutputStream:75 - [STDERR_REDIRECT] [Fatal Error] :1:1: Premature end of file.
2026-06-29 16:47:37,843 [ERROR] LogOutputStream:75 - [STDERR_REDIRECT] 
2026-06-29 16:47:38,846 [ERROR] LogOutputStream:75 - [STDERR_REDIRECT] [Fatal Error] :1:1: Premature end of file.
2026-06-29 16:47:38,846 [ERROR] LogOutputStream:75 - [STDERR_REDIRECT] 
2026-06-29 16:47:39,828 [ERROR] LogOutputStream:75 - [STDERR_REDIRECT] [Fatal Error] :1:1: Premature end of file.
2026-06-29 16:47:39,830 [ERROR] LogOutputStream:75 - [STDERR_REDIRECT] 
2026-06-29 16:47:40,837 [ERROR] LogOutputStream:75 - [STDERR_REDIRECT] [Fatal Error] :1:1: Premature end of file.
2026-06-29 16:47:40,837 [ERROR] LogOutputStream:75 - [STDERR_REDIRECT] 
2026-06-29 16:47:41,839 [ERROR] LogOutputStream:75 - [STDERR_REDIRECT] [Fatal Error] :1:1: Premature end of file.
2026-06-29 16:47:41,839 [ERROR] LogOutputStream:75 - [STDERR_REDIRECT] 
2026-06-29 16:47:42,854 [ERROR] LogOutputStream:75 - [STDERR_REDIRECT] [Fatal Error] :1:1: Premature end of file.
2026-06-29 16:47:42,854 [ERROR] LogOutputStream:75 - [STDERR_REDIRECT] 
2026-06-29 16:47:43,832 [ERROR] LogOutputStream:75 - [STDERR_REDIRECT] [Fatal Error] :1:1: Premature end of file.
2026-06-29 16:47:43,832 [ERROR] LogOutputStream:75 - [STDERR_REDIRECT] 
2026-06-29 16:47:44,840 [ERROR] LogOutputStream:75 - [STDERR_REDIRECT] [Fatal Error] :1:1: Premature end of file.
2026-06-29 16:47:44,842 [ERROR] LogOutputStream:75 - [STDERR_REDIRECT] 
2026-06-29 16:47:45,844 [ERROR] LogOutputStream:75 - [STDERR_REDIRECT] [Fatal Error] :1:1: Premature end of file.
2026-06-29 16:47:45,844 [ERROR] LogOutputStream:75 - [STDERR_REDIRECT] 
2026-06-29 16:47:46,825 [ERROR] LogOutputStream:75 - [STDERR_REDIRECT] [Fatal Error] :1:1: Premature end of file.
2026-06-29 16:47:46,825 [ERROR] LogOutputStream:75 - [STDERR_REDIRECT] 
2026-06-29 16:47:47,834 [ERROR] LogOutputStream:75 - [STDERR_REDIRECT] [Fatal Error] :1:1: Premature end of file.
2026-06-29 16:47:47,834 [ERROR] LogOutputStream:75 - [STDERR_REDIRECT] 
2026-06-29 16:47:48,835 [ERROR] LogOutputStream:75 - [STDERR_REDIRECT] [Fatal Error] :1:1: Premature end of file.
2026-06-29 16:47:48,835 [ERROR] LogOutputStream:75 - [STDERR_REDIRECT] 
2026-06-29 16:47:49,828 [ERROR] LogOutputStream:75 - [STDERR_REDIRECT] [Fatal Error] :1:1: Premature end of file.
2026-06-29 16:47:49,832 [ERROR] LogOutputStream:75 - [STDERR_REDIRECT] 
2026-06-29 16:47:50,834 [ERROR] LogOutputStream:75 - [STDERR_REDIRECT] [Fatal Error] :1:1: Premature end of file.
2026-06-29 16:47:50,834 [ERROR] LogOutputStream:75 - [STDERR_REDIRECT] 
2026-06-29 16:47:51,828 [ERROR] LogOutputStream:75 - [STDERR_REDIRECT] [Fatal Error] :1:1: Premature end of file.
2026-06-29 16:47:51,828 [ERROR] LogOutputStream:75 - [STDERR_REDIRECT] 
2026-06-29 16:47:52,844 [ERROR] LogOutputStream:75 - [STDERR_REDIRECT] [Fatal Error] :1:1: Premature end of file.
2026-06-29 16:47:52,844 [ERROR] LogOutputStream:75 - [STDERR_REDIRECT] 
2026-06-29 16:47:53,856 [ERROR] LogOutputStream:75 - [STDERR_REDIRECT] [Fatal Error] :1:1: Premature end of file.
2026-06-29 16:47:53,859 [ERROR] LogOutputStream:75 - [STDERR_REDIRECT] 
2026-06-29 16:47:54,844 [ERROR] LogOutputStream:75 - [STDERR_REDIRECT] [Fatal Error] :1:1: Premature end of file.
2026-06-29 16:47:54,844 [ERROR] LogOutputStream:75 - [STDERR_REDIRECT] 
2026-06-29 16:47:55,848 [ERROR] LogOutputStream:75 - [STDERR_REDIRECT] [Fatal Error] :1:1: Premature end of file.
2026-06-29 16:47:55,848 [ERROR] LogOutputStream:75 - [STDERR_REDIRECT] 
2026-06-29 16:47:56,830 [ERROR] LogOutputStream:75 - [STDERR_REDIRECT] [Fatal Error] :1:1: Premature end of file.
2026-06-29 16:47:56,830 [ERROR] LogOutputStream:75 - [STDERR_REDIRECT] 
2026-06-29 16:47:57,835 [ERROR] LogOutputStream:75 - [STDERR_REDIRECT] [Fatal Error] :1:1: Premature end of file.
2026-06-29 16:47:57,835 [ERROR] LogOutputStream:75 - [STDERR_REDIRECT] 
2026-06-29 16:47:58,849 [ERROR] LogOutputStream:75 - [STDERR_REDIRECT] [Fatal Error] :1:1: Premature end of file.
2026-06-29 16:47:58,849 [ERROR] LogOutputStream:75 - [STDERR_REDIRECT] 
2026-06-29 16:47:59,827 [ERROR] LogOutputStream:75 - [STDERR_REDIRECT] [Fatal Error] :1:1: Premature end of file.
2026-06-29 16:47:59,827 [ERROR] LogOutputStream:75 - [STDERR_REDIRECT] 
2026-06-29 16:48:00,841 [ERROR] LogOutputStream:75 - [STDERR_REDIRECT] [Fatal Error] :1:1: Premature end of file.
2026-06-29 16:48:00,841 [ERROR] LogOutputStream:75 - [STDERR_REDIRECT] 
2026-06-29 16:48:01,846 [ERROR] LogOutputStream:75 - [STDERR_REDIRECT] [Fatal Error] :1:1: Premature end of file.
2026-06-29 16:48:01,846 [ERROR] LogOutputStream:75 - [STDERR_REDIRECT] 
2026-06-29 16:48:02,844 [ERROR] LogOutputStream:75 - [STDERR_REDIRECT] [Fatal Error] :1:1: Premature end of file.
2026-06-29 16:48:02,844 [ERROR] LogOutputStream:75 - [STDERR_REDIRECT] 
2026-06-29 16:48:03,848 [ERROR] LogOutputStream:75 - [STDERR_REDIRECT] [Fatal Error] :1:1: Premature end of file.
2026-06-29 16:48:03,848 [ERROR] LogOutputStream:75 - [STDERR_REDIRECT] 
2026-06-29 16:48:04,839 [ERROR] LogOutputStream:75 - [STDERR_REDIRECT] [Fatal Error] :1:1: Premature end of file.
2026-06-29 16:48:04,839 [ERROR] LogOutputStream:75 - [STDERR_REDIRECT] 
2026-06-29 16:48:05,843 [ERROR] LogOutputStream:75 - [STDERR_REDIRECT] [Fatal Error] :1:1: Premature end of file.
2026-06-29 16:48:05,843 [ERROR] LogOutputStream:75 - [STDERR_REDIRECT] 
2026-06-29 16:48:06,862 [ERROR] LogOutputStream:75 - [STDERR_REDIRECT] [Fatal Error] :1:1: Premature end of file.
2026-06-29 16:48:06,862 [ERROR] LogOutputStream:75 - [STDERR_REDIRECT] 
2026-06-29 16:48:07,832 [ERROR] LogOutputStream:75 - [STDERR_REDIRECT] [Fatal Error] :1:1: Premature end of file.
2026-06-29 16:48:07,832 [ERROR] LogOutputStream:75 - [STDERR_REDIRECT] 
2026-06-29 16:48:08,817 [ERROR] LogOutputStream:75 - [STDERR_REDIRECT] [Fatal Error] :1:1: Premature end of file.
2026-06-29 16:48:08,817 [ERROR] LogOutputStream:75 - [STDERR_REDIRECT] 
2026-06-29 16:48:09,835 [ERROR] LogOutputStream:75 - [STDERR_REDIRECT] [Fatal Error] :1:1: Premature end of file.
2026-06-29 16:48:09,835 [ERROR] LogOutputStream:75 - [STDERR_REDIRECT] 
2026-06-29 16:48:10,840 [ERROR] LogOutputStream:75 - [STDERR_REDIRECT] [Fatal Error] :1:1: Premature end of file.
2026-06-29 16:48:10,840 [ERROR] LogOutputStream:75 - [STDERR_REDIRECT] 
2026-06-29 16:48:11,837 [ERROR] LogOutputStream:75 - [STDERR_REDIRECT] [Fatal Error] :1:1: Premature end of file.
2026-06-29 16:48:11,837 [ERROR] LogOutputStream:75 - [STDERR_REDIRECT] 
2026-06-29 16:48:12,868 [ERROR] LogOutputStream:75 - [STDERR_REDIRECT] [Fatal Error] :1:1: Premature end of file.
2026-06-29 16:48:12,868 [ERROR] LogOutputStream:75 - [STDERR_REDIRECT] 
2026-06-29 16:48:13,832 [ERROR] LogOutputStream:75 - [STDERR_REDIRECT] [Fatal Error] :1:1: Premature end of file.
2026-06-29 16:48:13,832 [ERROR] LogOutputStream:75 - [STDERR_REDIRECT] 
2026-06-29 16:48:14,866 [ERROR] LogOutputStream:75 - [STDERR_REDIRECT] [Fatal Error] :1:1: Premature end of file.
2026-06-29 16:48:14,866 [ERROR] LogOutputStream:75 - [STDERR_REDIRECT] 
2026-06-29 16:48:15,841 [ERROR] LogOutputStream:75 - [STDERR_REDIRECT] [Fatal Error] :1:1: Premature end of file.
2026-06-29 16:48:15,841 [ERROR] LogOutputStream:75 - [STDERR_REDIRECT] 
2026-06-29 16:48:16,837 [ERROR] LogOutputStream:75 - [STDERR_REDIRECT] [Fatal Error] :1:1: Premature end of file.
2026-06-29 16:48:16,837 [ERROR] LogOutputStream:75 - [STDERR_REDIRECT] 
2026-06-29 16:48:17,835 [ERROR] LogOutputStream:75 - [STDERR_REDIRECT] [Fatal Error] :1:1: Premature end of file.
2026-06-29 16:48:17,835 [ERROR] LogOutputStream:75 - [STDERR_REDIRECT] 
2026-06-29 16:48:18,830 [ERROR] LogOutputStream:75 - [STDERR_REDIRECT] [Fatal Error] :1:1: Premature end of file.
2026-06-29 16:48:18,830 [ERROR] LogOutputStream:75 - [STDERR_REDIRECT] 
2026-06-29 16:48:19,847 [ERROR] LogOutputStream:75 - [STDERR_REDIRECT] [Fatal Error] :1:1: Premature end of file.
2026-06-29 16:48:19,847 [ERROR] LogOutputStream:75 - [STDERR_REDIRECT] 
2026-06-29 16:48:20,841 [ERROR] LogOutputStream:75 - [STDERR_REDIRECT] [Fatal Error] :1:1: Premature end of file.
2026-06-29 16:48:20,841 [ERROR] LogOutputStream:75 - [STDERR_REDIRECT] 
2026-06-29 16:48:21,833 [ERROR] LogOutputStream:75 - [STDERR_REDIRECT] [Fatal Error] :1:1: Premature end of file.
2026-06-29 16:48:21,834 [ERROR] LogOutputStream:75 - [STDERR_REDIRECT] 
2026-06-29 16:48:22,845 [ERROR] LogOutputStream:75 - [STDERR_REDIRECT] [Fatal Error] :1:1: Premature end of file.
2026-06-29 16:48:22,845 [ERROR] LogOutputStream:75 - [STDERR_REDIRECT] 
2026-06-29 16:48:23,846 [ERROR] LogOutputStream:75 - [STDERR_REDIRECT] [Fatal Error] :1:1: Premature end of file.
2026-06-29 16:48:23,846 [ERROR] LogOutputStream:75 - [STDERR_REDIRECT] 
2026-06-29 16:48:24,839 [ERROR] LogOutputStream:75 - [STDERR_REDIRECT] [Fatal Error] :1:1: Premature end of file.
2026-06-29 16:48:24,839 [ERROR] LogOutputStream:75 - [STDERR_REDIRECT] 
2026-06-29 16:48:25,855 [ERROR] LogOutputStream:75 - [STDERR_REDIRECT] [Fatal Error] :1:1: Premature end of file.
2026-06-29 16:48:25,855 [ERROR] LogOutputStream:75 - [STDERR_REDIRECT] 
2026-06-29 16:48:26,839 [ERROR] LogOutputStream:75 - [STDERR_REDIRECT] [Fatal Error] :1:1: Premature end of file.
2026-06-29 16:48:26,839 [ERROR] LogOutputStream:75 - [STDERR_REDIRECT] 
2026-06-29 16:48:27,834 [ERROR] LogOutputStream:75 - [STDERR_REDIRECT] [Fatal Error] :1:1: Premature end of file.
2026-06-29 16:48:27,834 [ERROR] LogOutputStream:75 - [STDERR_REDIRECT] 
2026-06-29 16:48:28,847 [ERROR] LogOutputStream:75 - [STDERR_REDIRECT] [Fatal Error] :1:1: Premature end of file.
2026-06-29 16:48:28,847 [ERROR] LogOutputStream:75 - [STDERR_REDIRECT] 
2026-06-29 16:48:29,832 [ERROR] LogOutputStream:75 - [STDERR_REDIRECT] [Fatal Error] :1:1: Premature end of file.
2026-06-29 16:48:29,832 [ERROR] LogOutputStream:75 - [STDERR_REDIRECT] 
2026-06-29 16:48:30,842 [ERROR] LogOutputStream:75 - [STDERR_REDIRECT] [Fatal Error] :1:1: Premature end of file.
2026-06-29 16:48:30,842 [ERROR] LogOutputStream:75 - [STDERR_REDIRECT] 
2026-06-29 16:48:31,841 [ERROR] LogOutputStream:75 - [STDERR_REDIRECT] [Fatal Error] :1:1: Premature end of file.
2026-06-29 16:48:31,841 [ERROR] LogOutputStream:75 - [STDERR_REDIRECT] 
2026-06-29 16:48:32,844 [ERROR] LogOutputStream:75 - [STDERR_REDIRECT] [Fatal Error] :1:1: Premature end of file.
2026-06-29 16:48:32,846 [ERROR] LogOutputStream:75 - [STDERR_REDIRECT] 
2026-06-29 16:48:33,835 [ERROR] LogOutputStream:75 - [STDERR_REDIRECT] [Fatal Error] :1:1: Premature end of file.
2026-06-29 16:48:33,835 [ERROR] LogOutputStream:75 - [STDERR_REDIRECT] 
2026-06-29 16:48:34,846 [ERROR] LogOutputStream:75 - [STDERR_REDIRECT] [Fatal Error] :1:1: Premature end of file.
2026-06-29 16:48:34,846 [ERROR] LogOutputStream:75 - [STDERR_REDIRECT] 
2026-06-29 16:48:35,850 [ERROR] LogOutputStream:75 - [STDERR_REDIRECT] [Fatal Error] :1:1: Premature end of file.
2026-06-29 16:48:35,850 [ERROR] LogOutputStream:75 - [STDERR_REDIRECT] 
2026-06-29 16:48:36,849 [ERROR] LogOutputStream:75 - [STDERR_REDIRECT] [Fatal Error] :1:1: Premature end of file.
2026-06-29 16:48:36,849 [ERROR] LogOutputStream:75 - [STDERR_REDIRECT] 
2026-06-29 16:48:37,836 [ERROR] LogOutputStream:75 - [STDERR_REDIRECT] [Fatal Error] :1:1: Premature end of file.
2026-06-29 16:48:37,838 [ERROR] LogOutputStream:75 - [STDERR_REDIRECT] 
2026-06-29 16:48:38,822 [ERROR] LogOutputStream:75 - [STDERR_REDIRECT] [Fatal Error] :1:1: Premature end of file.
2026-06-29 16:48:38,837 [ERROR] LogOutputStream:75 - [STDERR_REDIRECT] 
2026-06-29 16:48:39,849 [ERROR] LogOutputStream:75 - [STDERR_REDIRECT] [Fatal Error] :1:1: Premature end of file.
2026-06-29 16:48:39,849 [ERROR] LogOutputStream:75 - [STDERR_REDIRECT] 
2026-06-29 16:48:40,834 [ERROR] LogOutputStream:75 - [STDERR_REDIRECT] [Fatal Error] :1:1: Premature end of file.
2026-06-29 16:48:40,834 [ERROR] LogOutputStream:75 - [STDERR_REDIRECT] 
2026-06-29 16:48:41,832 [ERROR] LogOutputStream:75 - [STDERR_REDIRECT] [Fatal Error] :1:1: Premature end of file.
2026-06-29 16:48:41,832 [ERROR] LogOutputStream:75 - [STDERR_REDIRECT] 
2026-06-29 16:48:42,848 [ERROR] LogOutputStream:75 - [STDERR_REDIRECT] [Fatal Error] :1:1: Premature end of file.
2026-06-29 16:48:42,848 [ERROR] LogOutputStream:75 - [STDERR_REDIRECT] 
2026-06-29 16:48:43,841 [ERROR] LogOutputStream:75 - [STDERR_REDIRECT] [Fatal Error] :1:1: Premature end of file.
2026-06-29 16:48:43,841 [ERROR] LogOutputStream:75 - [STDERR_REDIRECT] 
2026-06-29 16:48:44,823 [ERROR] LogOutputStream:75 - [STDERR_REDIRECT] [Fatal Error] :1:1: Premature end of file.
2026-06-29 16:48:44,823 [ERROR] LogOutputStream:75 - [STDERR_REDIRECT] 
2026-06-29 16:48:45,850 [ERROR] LogOutputStream:75 - [STDERR_REDIRECT] [Fatal Error] :1:1: Premature end of file.
2026-06-29 16:48:45,850 [ERROR] LogOutputStream:75 - [STDERR_REDIRECT] 
2026-06-29 16:48:46,886 [ERROR] LogOutputStream:75 - [STDERR_REDIRECT] [Fatal Error] :1:1: Premature end of file.
2026-06-29 16:48:46,887 [ERROR] LogOutputStream:75 - [STDERR_REDIRECT] 
2026-06-29 16:48:47,849 [ERROR] LogOutputStream:75 - [STDERR_REDIRECT] [Fatal Error] :1:1: Premature end of file.
2026-06-29 16:48:47,849 [ERROR] LogOutputStream:75 - [STDERR_REDIRECT] 
2026-06-29 16:48:48,834 [ERROR] LogOutputStream:75 - [STDERR_REDIRECT] [Fatal Error] :1:1: Premature end of file.
2026-06-29 16:48:48,834 [ERROR] LogOutputStream:75 - [STDERR_REDIRECT] 
2026-06-29 16:48:49,837 [ERROR] LogOutputStream:75 - [STDERR_REDIRECT] [Fatal Error] :1:1: Premature end of file.
2026-06-29 16:48:49,837 [ERROR] LogOutputStream:75 - [STDERR_REDIRECT] 
2026-06-29 16:48:50,884 [ERROR] LogOutputStream:75 - [STDERR_REDIRECT] [Fatal Error] :1:1: Premature end of file.
2026-06-29 16:48:50,884 [ERROR] LogOutputStream:75 - [STDERR_REDIRECT] 
2026-06-29 16:48:51,860 [ERROR] LogOutputStream:75 - [STDERR_REDIRECT] [Fatal Error] :1:1: Premature end of file.
2026-06-29 16:48:51,861 [ERROR] LogOutputStream:75 - [STDERR_REDIRECT] 
2026-06-29 16:48:52,831 [ERROR] LogOutputStream:75 - [STDERR_REDIRECT] [Fatal Error] :1:1: Premature end of file.
2026-06-29 16:48:52,831 [ERROR] LogOutputStream:75 - [STDERR_REDIRECT] 
2026-06-29 16:48:53,840 [ERROR] LogOutputStream:75 - [STDERR_REDIRECT] [Fatal Error] :1:1: Premature end of file.
2026-06-29 16:48:53,840 [ERROR] LogOutputStream:75 - [STDERR_REDIRECT] 
2026-06-29 16:48:54,830 [ERROR] LogOutputStream:75 - [STDERR_REDIRECT] [Fatal Error] :1:1: Premature end of file.
2026-06-29 16:48:54,830 [ERROR] LogOutputStream:75 - [STDERR_REDIRECT] 
2026-06-29 16:48:55,840 [ERROR] LogOutputStream:75 - [STDERR_REDIRECT] [Fatal Error] :1:1: Premature end of file.
2026-06-29 16:48:55,840 [ERROR] LogOutputStream:75 - [STDERR_REDIRECT] 
2026-06-29 16:48:56,836 [ERROR] LogOutputStream:75 - [STDERR_REDIRECT] [Fatal Error] :1:1: Premature end of file.
2026-06-29 16:48:56,839 [ERROR] LogOutputStream:75 - [STDERR_REDIRECT] 
2026-06-29 16:48:57,840 [ERROR] LogOutputStream:75 - [STDERR_REDIRECT] [Fatal Error] :1:1: Premature end of file.
2026-06-29 16:48:57,840 [ERROR] LogOutputStream:75 - [STDERR_REDIRECT] 
2026-06-29 16:48:58,821 [ERROR] LogOutputStream:75 - [STDERR_REDIRECT] [Fatal Error] :1:1: Premature end of file.
2026-06-29 16:48:58,828 [ERROR] LogOutputStream:75 - [STDERR_REDIRECT] 
2026-06-29 16:48:59,834 [ERROR] LogOutputStream:75 - [STDERR_REDIRECT] [Fatal Error] :1:1: Premature end of file.
2026-06-29 16:48:59,834 [ERROR] LogOutputStream:75 - [STDERR_REDIRECT] 
2026-06-29 16:49:00,847 [ERROR] LogOutputStream:75 - [STDERR_REDIRECT] [Fatal Error] :1:1: Premature end of file.
2026-06-29 16:49:00,851 [ERROR] LogOutputStream:75 - [STDERR_REDIRECT] 
2026-06-29 16:49:01,844 [ERROR] LogOutputStream:75 - [STDERR_REDIRECT] [Fatal Error] :1:1: Premature end of file.
2026-06-29 16:49:01,844 [ERROR] LogOutputStream:75 - [STDERR_REDIRECT] 
2026-06-29 16:49:02,850 [ERROR] LogOutputStream:75 - [STDERR_REDIRECT] [Fatal Error] :1:1: Premature end of file.
2026-06-29 16:49:02,850 [ERROR] LogOutputStream:75 - [STDERR_REDIRECT] 
2026-06-29 16:49:03,834 [ERROR] LogOutputStream:75 - [STDERR_REDIRECT] [Fatal Error] :1:1: Premature end of file.
2026-06-29 16:49:03,836 [ERROR] LogOutputStream:75 - [STDERR_REDIRECT] 
2026-06-29 16:49:04,840 [ERROR] LogOutputStream:75 - [STDERR_REDIRECT] [Fatal Error] :1:1: Premature end of file.
2026-06-29 16:49:04,840 [ERROR] LogOutputStream:75 - [STDERR_REDIRECT] 
2026-06-29 16:49:05,842 [ERROR] LogOutputStream:75 - [STDERR_REDIRECT] [Fatal Error] :1:1: Premature end of file.
2026-06-29 16:49:05,842 [ERROR] LogOutputStream:75 - [STDERR_REDIRECT] 
2026-06-29 16:49:06,850 [ERROR] LogOutputStream:75 - [STDERR_REDIRECT] [Fatal Error] :1:1: Premature end of file.
2026-06-29 16:49:06,850 [ERROR] LogOutputStream:75 - [STDERR_REDIRECT] 
2026-06-29 16:49:07,824 [ERROR] LogOutputStream:75 - [STDERR_REDIRECT] [Fatal Error] :1:1: Premature end of file.
2026-06-29 16:49:07,824 [ERROR] LogOutputStream:75 - [STDERR_REDIRECT] 
2026-06-29 16:49:08,817 [ERROR] LogOutputStream:75 - [STDERR_REDIRECT] [Fatal Error] :1:1: Premature end of file.
2026-06-29 16:49:08,817 [ERROR] LogOutputStream:75 - [STDERR_REDIRECT] 
2026-06-29 16:49:09,834 [ERROR] LogOutputStream:75 - [STDERR_REDIRECT] [Fatal Error] :1:1: Premature end of file.
2026-06-29 16:49:09,834 [ERROR] LogOutputStream:75 - [STDERR_REDIRECT] 
2026-06-29 16:49:10,831 [ERROR] LogOutputStream:75 - [STDERR_REDIRECT] [Fatal Error] :1:1: Premature end of file.
2026-06-29 16:49:10,833 [ERROR] LogOutputStream:75 - [STDERR_REDIRECT] 
2026-06-29 16:49:11,841 [ERROR] LogOutputStream:75 - [STDERR_REDIRECT] [Fatal Error] :1:1: Premature end of file.
2026-06-29 16:49:11,841 [ERROR] LogOutputStream:75 - [STDERR_REDIRECT] 
2026-06-29 16:49:12,887 [ERROR] LogOutputStream:75 - [STDERR_REDIRECT] [Fatal Error] :1:1: Premature end of file.
2026-06-29 16:49:12,887 [ERROR] LogOutputStream:75 - [STDERR_REDIRECT] 
2026-06-29 16:49:13,836 [ERROR] LogOutputStream:75 - [STDERR_REDIRECT] [Fatal Error] :1:1: Premature end of file.
2026-06-29 16:49:13,836 [ERROR] LogOutputStream:75 - [STDERR_REDIRECT] 
2026-06-29 16:49:14,844 [ERROR] LogOutputStream:75 - [STDERR_REDIRECT] [Fatal Error] :1:1: Premature end of file.
2026-06-29 16:49:14,844 [ERROR] LogOutputStream:75 - [STDERR_REDIRECT] 
2026-06-29 16:49:15,855 [ERROR] LogOutputStream:75 - [STDERR_REDIRECT] [Fatal Error] :1:1: Premature end of file.
2026-06-29 16:49:15,855 [ERROR] LogOutputStream:75 - [STDERR_REDIRECT] 
2026-06-29 16:49:16,848 [ERROR] LogOutputStream:75 - [STDERR_REDIRECT] [Fatal Error] :1:1: Premature end of file.
2026-06-29 16:49:16,848 [ERROR] LogOutputStream:75 - [STDERR_REDIRECT] 
2026-06-29 16:49:17,828 [ERROR] LogOutputStream:75 - [STDERR_REDIRECT] [Fatal Error] :1:1: Premature end of file.
2026-06-29 16:49:17,828 [ERROR] LogOutputStream:75 - [STDERR_REDIRECT] 
2026-06-29 16:49:18,835 [ERROR] LogOutputStream:75 - [STDERR_REDIRECT] [Fatal Error] :1:1: Premature end of file.
2026-06-29 16:49:18,835 [ERROR] LogOutputStream:75 - [STDERR_REDIRECT] 
2026-06-29 16:49:19,841 [ERROR] LogOutputStream:75 - [STDERR_REDIRECT] [Fatal Error] :1:1: Premature end of file.
2026-06-29 16:49:19,841 [ERROR] LogOutputStream:75 - [STDERR_REDIRECT] 
2026-06-29 16:49:20,825 [ERROR] LogOutputStream:75 - [STDERR_REDIRECT] [Fatal Error] :1:1: Premature end of file.
2026-06-29 16:49:20,825 [ERROR] LogOutputStream:75 - [STDERR_REDIRECT] 
2026-06-29 16:49:21,846 [ERROR] LogOutputStream:75 - [STDERR_REDIRECT] [Fatal Error] :1:1: Premature end of file.
2026-06-29 16:49:21,846 [ERROR] LogOutputStream:75 - [STDERR_REDIRECT] 
2026-06-29 16:49:22,836 [ERROR] LogOutputStream:75 - [STDERR_REDIRECT] [Fatal Error] :1:1: Premature end of file.
2026-06-29 16:49:22,836 [ERROR] LogOutputStream:75 - [STDERR_REDIRECT] 
2026-06-29 16:49:23,839 [ERROR] LogOutputStream:75 - [STDERR_REDIRECT] [Fatal Error] :1:1: Premature end of file.
2026-06-29 16:49:23,839 [ERROR] LogOutputStream:75 - [STDERR_REDIRECT] 
2026-06-29 16:49:24,851 [ERROR] LogOutputStream:75 - [STDERR_REDIRECT] [Fatal Error] :1:1: Premature end of file.
2026-06-29 16:49:24,851 [ERROR] LogOutputStream:75 - [STDERR_REDIRECT] 
2026-06-29 16:49:25,830 [ERROR] LogOutputStream:75 - [STDERR_REDIRECT] [Fatal Error] :1:1: Premature end of file.
2026-06-29 16:49:25,830 [ERROR] LogOutputStream:75 - [STDERR_REDIRECT] 
2026-06-29 16:49:26,846 [ERROR] LogOutputStream:75 - [STDERR_REDIRECT] [Fatal Error] :1:1: Premature end of file.
2026-06-29 16:49:26,846 [ERROR] LogOutputStream:75 - [STDERR_REDIRECT] 
2026-06-29 16:49:27,857 [ERROR] LogOutputStream:75 - [STDERR_REDIRECT] [Fatal Error] :1:1: Premature end of file.
2026-06-29 16:49:27,857 [ERROR] LogOutputStream:75 - [STDERR_REDIRECT] 
2026-06-29 16:49:28,840 [ERROR] LogOutputStream:75 - [STDERR_REDIRECT] [Fatal Error] :1:1: Premature end of file.
2026-06-29 16:49:28,840 [ERROR] LogOutputStream:75 - [STDERR_REDIRECT] 
2026-06-29 16:49:29,827 [ERROR] LogOutputStream:75 - [STDERR_REDIRECT] [Fatal Error] :1:1: Premature end of file.
2026-06-29 16:49:29,827 [ERROR] LogOutputStream:75 - [STDERR_REDIRECT] 
2026-06-29 16:49:30,834 [ERROR] LogOutputStream:75 - [STDERR_REDIRECT] [Fatal Error] :1:1: Premature end of file.
2026-06-29 16:49:30,834 [ERROR] LogOutputStream:75 - [STDERR_REDIRECT] 
2026-06-29 16:49:31,846 [ERROR] LogOutputStream:75 - [STDERR_REDIRECT] [Fatal Error] :1:1: Premature end of file.
2026-06-29 16:49:31,846 [ERROR] LogOutputStream:75 - [STDERR_REDIRECT] 
2026-06-29 16:49:32,843 [ERROR] LogOutputStream:75 - [STDERR_REDIRECT] [Fatal Error] :1:1: Premature end of file.
2026-06-29 16:49:32,844 [ERROR] LogOutputStream:75 - [STDERR_REDIRECT] 
2026-06-29 16:49:33,837 [ERROR] LogOutputStream:75 - [STDERR_REDIRECT] [Fatal Error] :1:1: Premature end of file.
2026-06-29 16:49:33,837 [ERROR] LogOutputStream:75 - [STDERR_REDIRECT] 
2026-06-29 16:49:34,847 [ERROR] LogOutputStream:75 - [STDERR_REDIRECT] [Fatal Error] :1:1: Premature end of file.
2026-06-29 16:49:34,847 [ERROR] LogOutputStream:75 - [STDERR_REDIRECT] 
2026-06-29 16:49:35,826 [ERROR] LogOutputStream:75 - [STDERR_REDIRECT] [Fatal Error] :1:1: Premature end of file.
2026-06-29 16:49:35,826 [ERROR] LogOutputStream:75 - [STDERR_REDIRECT] 
2026-06-29 16:49:36,849 [ERROR] LogOutputStream:75 - [STDERR_REDIRECT] [Fatal Error] :1:1: Premature end of file.
2026-06-29 16:49:36,849 [ERROR] LogOutputStream:75 - [STDERR_REDIRECT] 
2026-06-29 16:49:37,835 [ERROR] LogOutputStream:75 - [STDERR_REDIRECT] [Fatal Error] :1:1: Premature end of file.
2026-06-29 16:49:37,835 [ERROR] LogOutputStream:75 - [STDERR_REDIRECT] 
2026-06-29 16:49:38,841 [ERROR] LogOutputStream:75 - [STDERR_REDIRECT] [Fatal Error] :1:1: Premature end of file.
2026-06-29 16:49:38,841 [ERROR] LogOutputStream:75 - [STDERR_REDIRECT] 
2026-06-29 16:49:39,845 [ERROR] LogOutputStream:75 - [STDERR_REDIRECT] [Fatal Error] :1:1: Premature end of file.
2026-06-29 16:49:39,845 [ERROR] LogOutputStream:75 - [STDERR_REDIRECT] 
2026-06-29 16:49:40,836 [ERROR] LogOutputStream:75 - [STDERR_REDIRECT] [Fatal Error] :1:1: Premature end of file.
2026-06-29 16:49:40,836 [ERROR] LogOutputStream:75 - [STDERR_REDIRECT] 
2026-06-29 16:49:41,830 [ERROR] LogOutputStream:75 - [STDERR_REDIRECT] [Fatal Error] :1:1: Premature end of file.
2026-06-29 16:49:41,830 [ERROR] LogOutputStream:75 - [STDERR_REDIRECT] 
2026-06-29 16:49:42,839 [ERROR] LogOutputStream:75 - [STDERR_REDIRECT] [Fatal Error] :1:1: Premature end of file.
2026-06-29 16:49:42,839 [ERROR] LogOutputStream:75 - [STDERR_REDIRECT] 
2026-06-29 16:49:43,841 [ERROR] LogOutputStream:75 - [STDERR_REDIRECT] [Fatal Error] :1:1: Premature end of file.
2026-06-29 16:49:43,841 [ERROR] LogOutputStream:75 - [STDERR_REDIRECT] 
2026-06-29 16:49:44,831 [ERROR] LogOutputStream:75 - [STDERR_REDIRECT] [Fatal Error] :1:1: Premature end of file.
2026-06-29 16:49:44,831 [ERROR] LogOutputStream:75 - [STDERR_REDIRECT] 
2026-06-29 16:49:45,834 [ERROR] LogOutputStream:75 - [STDERR_REDIRECT] [Fatal Error] :1:1: Premature end of file.
2026-06-29 16:49:45,834 [ERROR] LogOutputStream:75 - [STDERR_REDIRECT] 
2026-06-29 16:49:46,834 [ERROR] LogOutputStream:75 - [STDERR_REDIRECT] [Fatal Error] :1:1: Premature end of file.
2026-06-29 16:49:46,834 [ERROR] LogOutputStream:75 - [STDERR_REDIRECT] 
2026-06-29 16:49:47,821 [ERROR] LogOutputStream:75 - [STDERR_REDIRECT] [Fatal Error] :1:1: Premature end of file.
2026-06-29 16:49:47,821 [ERROR] LogOutputStream:75 - [STDERR_REDIRECT] 
2026-06-29 16:49:48,853 [ERROR] LogOutputStream:75 - [STDERR_REDIRECT] [Fatal Error] :1:1: Premature end of file.
2026-06-29 16:49:48,853 [ERROR] LogOutputStream:75 - [STDERR_REDIRECT] 
2026-06-29 16:49:49,835 [ERROR] LogOutputStream:75 - [STDERR_REDIRECT] [Fatal Error] :1:1: Premature end of file.
2026-06-29 16:49:49,835 [ERROR] LogOutputStream:75 - [STDERR_REDIRECT] 
2026-06-29 16:49:50,846 [ERROR] LogOutputStream:75 - [STDERR_REDIRECT] [Fatal Error] :1:1: Premature end of file.
2026-06-29 16:49:50,846 [ERROR] LogOutputStream:75 - [STDERR_REDIRECT] 
2026-06-29 16:49:51,826 [ERROR] LogOutputStream:75 - [STDERR_REDIRECT] [Fatal Error] :1:1: Premature end of file.
2026-06-29 16:49:51,826 [ERROR] LogOutputStream:75 - [STDERR_REDIRECT] 
2026-06-29 16:49:52,866 [ERROR] LogOutputStream:75 - [STDERR_REDIRECT] [Fatal Error] :1:1: Premature end of file.
2026-06-29 16:49:52,866 [ERROR] LogOutputStream:75 - [STDERR_REDIRECT] 
2026-06-29 16:49:53,848 [ERROR] LogOutputStream:75 - [STDERR_REDIRECT] [Fatal Error] :1:1: Premature end of file.
2026-06-29 16:49:53,848 [ERROR] LogOutputStream:75 - [STDERR_REDIRECT] 
2026-06-29 16:49:54,873 [ERROR] LogOutputStream:75 - [STDERR_REDIRECT] [Fatal Error] :1:1: Premature end of file.
2026-06-29 16:49:54,873 [ERROR] LogOutputStream:75 - [STDERR_REDIRECT] 
2026-06-29 16:49:55,832 [ERROR] LogOutputStream:75 - [STDERR_REDIRECT] [Fatal Error] :1:1: Premature end of file.
2026-06-29 16:49:55,832 [ERROR] LogOutputStream:75 - [STDERR_REDIRECT] 
2026-06-29 16:49:56,832 [ERROR] LogOutputStream:75 - [STDERR_REDIRECT] [Fatal Error] :1:1: Premature end of file.
2026-06-29 16:49:56,832 [ERROR] LogOutputStream:75 - [STDERR_REDIRECT] 
2026-06-29 16:49:57,841 [ERROR] LogOutputStream:75 - [STDERR_REDIRECT] [Fatal Error] :1:1: Premature end of file.
2026-06-29 16:49:57,841 [ERROR] LogOutputStream:75 - [STDERR_REDIRECT] 
2026-06-29 16:49:58,831 [ERROR] LogOutputStream:75 - [STDERR_REDIRECT] [Fatal Error] :1:1: Premature end of file.
2026-06-29 16:49:58,831 [ERROR] LogOutputStream:75 - [STDERR_REDIRECT] 
2026-06-29 16:49:59,830 [ERROR] LogOutputStream:75 - [STDERR_REDIRECT] [Fatal Error] :1:1: Premature end of file.
2026-06-29 16:49:59,830 [ERROR] LogOutputStream:75 - [STDERR_REDIRECT] 
2026-06-29 16:50:00,832 [ERROR] LogOutputStream:75 - [STDERR_REDIRECT] [Fatal Error] :1:1: Premature end of file.
2026-06-29 16:50:00,832 [ERROR] LogOutputStream:75 - [STDERR_REDIRECT] 
2026-06-29 16:50:01,838 [ERROR] LogOutputStream:75 - [STDERR_REDIRECT] [Fatal Error] :1:1: Premature end of file.
2026-06-29 16:50:01,838 [ERROR] LogOutputStream:75 - [STDERR_REDIRECT] 
2026-06-29 16:50:02,840 [ERROR] LogOutputStream:75 - [STDERR_REDIRECT] [Fatal Error] :1:1: Premature end of file.
2026-06-29 16:50:02,840 [ERROR] LogOutputStream:75 - [STDERR_REDIRECT] 
2026-06-29 16:50:03,822 [ERROR] LogOutputStream:75 - [STDERR_REDIRECT] [Fatal Error] :1:1: Premature end of file.
2026-06-29 16:50:03,822 [ERROR] LogOutputStream:75 - [STDERR_REDIRECT] 
2026-06-29 16:50:04,839 [ERROR] LogOutputStream:75 - [STDERR_REDIRECT] [Fatal Error] :1:1: Premature end of file.
2026-06-29 16:50:04,839 [ERROR] LogOutputStream:75 - [STDERR_REDIRECT] 
2026-06-29 16:50:05,824 [ERROR] LogOutputStream:75 - [STDERR_REDIRECT] [Fatal Error] :1:1: Premature end of file.
2026-06-29 16:50:05,824 [ERROR] LogOutputStream:75 - [STDERR_REDIRECT] 
2026-06-29 16:50:06,835 [ERROR] LogOutputStream:75 - [STDERR_REDIRECT] [Fatal Error] :1:1: Premature end of file.
2026-06-29 16:50:06,835 [ERROR] LogOutputStream:75 - [STDERR_REDIRECT] 
2026-06-29 16:50:07,831 [ERROR] LogOutputStream:75 - [STDERR_REDIRECT] [Fatal Error] :1:1: Premature end of file.
2026-06-29 16:50:07,831 [ERROR] LogOutputStream:75 - [STDERR_REDIRECT] 
2026-06-29 16:50:08,843 [ERROR] LogOutputStream:75 - [STDERR_REDIRECT] [Fatal Error] :1:1: Premature end of file.
2026-06-29 16:50:08,843 [ERROR] LogOutputStream:75 - [STDERR_REDIRECT] 
2026-06-29 16:50:09,867 [ERROR] LogOutputStream:75 - [STDERR_REDIRECT] [Fatal Error] :1:1: Premature end of file.
2026-06-29 16:50:09,867 [ERROR] LogOutputStream:75 - [STDERR_REDIRECT] 
2026-06-29 16:50:10,841 [ERROR] LogOutputStream:75 - [STDERR_REDIRECT] [Fatal Error] :1:1: Premature end of file.
2026-06-29 16:50:10,841 [ERROR] LogOutputStream:75 - [STDERR_REDIRECT] 
2026-06-29 16:50:11,822 [ERROR] LogOutputStream:75 - [STDERR_REDIRECT] [Fatal Error] :1:1: Premature end of file.
2026-06-29 16:50:11,822 [ERROR] LogOutputStream:75 - [STDERR_REDIRECT] 
2026-06-29 16:50:12,877 [ERROR] LogOutputStream:75 - [STDERR_REDIRECT] [Fatal Error] :1:1: Premature end of file.
2026-06-29 16:50:12,877 [ERROR] LogOutputStream:75 - [STDERR_REDIRECT] 
2026-06-29 16:50:13,825 [ERROR] LogOutputStream:75 - [STDERR_REDIRECT] [Fatal Error] :1:1: Premature end of file.
2026-06-29 16:50:13,825 [ERROR] LogOutputStream:75 - [STDERR_REDIRECT] 
2026-06-29 16:50:14,838 [ERROR] LogOutputStream:75 - [STDERR_REDIRECT] [Fatal Error] :1:1: Premature end of file.
2026-06-29 16:50:14,838 [ERROR] LogOutputStream:75 - [STDERR_REDIRECT] 
2026-06-29 16:50:15,858 [ERROR] LogOutputStream:75 - [STDERR_REDIRECT] [Fatal Error] :1:1: Premature end of file.
2026-06-29 16:50:15,858 [ERROR] LogOutputStream:75 - [STDERR_REDIRECT] 
2026-06-29 16:50:16,831 [ERROR] LogOutputStream:75 - [STDERR_REDIRECT] [Fatal Error] :1:1: Premature end of file.
2026-06-29 16:50:16,831 [ERROR] LogOutputStream:75 - [STDERR_REDIRECT] 
2026-06-29 16:50:17,845 [ERROR] LogOutputStream:75 - [STDERR_REDIRECT] [Fatal Error] :1:1: Premature end of file.
2026-06-29 16:50:17,845 [ERROR] LogOutputStream:75 - [STDERR_REDIRECT] 
2026-06-29 16:50:18,834 [ERROR] LogOutputStream:75 - [STDERR_REDIRECT] [Fatal Error] :1:1: Premature end of file.
2026-06-29 16:50:18,834 [ERROR] LogOutputStream:75 - [STDERR_REDIRECT] 
2026-06-29 16:50:19,831 [ERROR] LogOutputStream:75 - [STDERR_REDIRECT] [Fatal Error] :1:1: Premature end of file.
2026-06-29 16:50:19,831 [ERROR] LogOutputStream:75 - [STDERR_REDIRECT] 
2026-06-29 16:50:20,842 [ERROR] LogOutputStream:75 - [STDERR_REDIRECT] [Fatal Error] :1:1: Premature end of file.
2026-06-29 16:50:20,842 [ERROR] LogOutputStream:75 - [STDERR_REDIRECT] 
2026-06-29 16:50:21,831 [ERROR] LogOutputStream:75 - [STDERR_REDIRECT] [Fatal Error] :1:1: Premature end of file.
2026-06-29 16:50:21,831 [ERROR] LogOutputStream:75 - [STDERR_REDIRECT] 
2026-06-29 16:50:22,822 [ERROR] LogOutputStream:75 - [STDERR_REDIRECT] [Fatal Error] :1:1: Premature end of file.
2026-06-29 16:50:22,822 [ERROR] LogOutputStream:75 - [STDERR_REDIRECT] 
2026-06-29 16:50:23,840 [ERROR] LogOutputStream:75 - [STDERR_REDIRECT] [Fatal Error] :1:1: Premature end of file.
2026-06-29 16:50:23,840 [ERROR] LogOutputStream:75 - [STDERR_REDIRECT] 
2026-06-29 16:50:24,857 [ERROR] LogOutputStream:75 - [STDERR_REDIRECT] [Fatal Error] :1:1: Premature end of file.
2026-06-29 16:50:24,858 [ERROR] LogOutputStream:75 - [STDERR_REDIRECT] 
2026-06-29 16:50:25,832 [ERROR] LogOutputStream:75 - [STDERR_REDIRECT] [Fatal Error] :1:1: Premature end of file.
2026-06-29 16:50:25,832 [ERROR] LogOutputStream:75 - [STDERR_REDIRECT] 
2026-06-29 16:50:26,827 [ERROR] LogOutputStream:75 - [STDERR_REDIRECT] [Fatal Error] :1:1: Premature end of file.
2026-06-29 16:50:26,827 [ERROR] LogOutputStream:75 - [STDERR_REDIRECT] 
2026-06-29 16:50:27,836 [ERROR] LogOutputStream:75 - [STDERR_REDIRECT] [Fatal Error] :1:1: Premature end of file.
2026-06-29 16:50:27,836 [ERROR] LogOutputStream:75 - [STDERR_REDIRECT] 
2026-06-29 16:50:28,839 [ERROR] LogOutputStream:75 - [STDERR_REDIRECT] [Fatal Error] :1:1: Premature end of file.
2026-06-29 16:50:28,839 [ERROR] LogOutputStream:75 - [STDERR_REDIRECT] 
2026-06-29 16:50:29,840 [ERROR] LogOutputStream:75 - [STDERR_REDIRECT] [Fatal Error] :1:1: Premature end of file.
2026-06-29 16:50:29,840 [ERROR] LogOutputStream:75 - [STDERR_REDIRECT] 
2026-06-29 16:50:30,860 [ERROR] LogOutputStream:75 - [STDERR_REDIRECT] [Fatal Error] :1:1: Premature end of file.
2026-06-29 16:50:30,860 [ERROR] LogOutputStream:75 - [STDERR_REDIRECT] 
2026-06-29 16:50:31,814 [ERROR] LogOutputStream:75 - [STDERR_REDIRECT] [Fatal Error] :1:1: Premature end of file.
2026-06-29 16:50:31,814 [ERROR] LogOutputStream:75 - [STDERR_REDIRECT] 
2026-06-29 16:50:32,835 [ERROR] LogOutputStream:75 - [STDERR_REDIRECT] [Fatal Error] :1:1: Premature end of file.
2026-06-29 16:50:32,835 [ERROR] LogOutputStream:75 - [STDERR_REDIRECT] 
2026-06-29 16:50:33,833 [ERROR] LogOutputStream:75 - [STDERR_REDIRECT] [Fatal Error] :1:1: Premature end of file.
2026-06-29 16:50:33,833 [ERROR] LogOutputStream:75 - [STDERR_REDIRECT] 
2026-06-29 16:50:34,827 [ERROR] LogOutputStream:75 - [STDERR_REDIRECT] [Fatal Error] :1:1: Premature end of file.
2026-06-29 16:50:34,827 [ERROR] LogOutputStream:75 - [STDERR_REDIRECT] 
2026-06-29 16:50:35,843 [ERROR] LogOutputStream:75 - [STDERR_REDIRECT] [Fatal Error] :1:1: Premature end of file.
2026-06-29 16:50:35,843 [ERROR] LogOutputStream:75 - [STDERR_REDIRECT] 
2026-06-29 16:50:36,833 [ERROR] LogOutputStream:75 - [STDERR_REDIRECT] [Fatal Error] :1:1: Premature end of file.
2026-06-29 16:50:36,833 [ERROR] LogOutputStream:75 - [STDERR_REDIRECT] 
2026-06-29 16:50:37,858 [ERROR] LogOutputStream:75 - [STDERR_REDIRECT] [Fatal Error] :1:1: Premature end of file.
2026-06-29 16:50:37,860 [ERROR] LogOutputStream:75 - [STDERR_REDIRECT] 
2026-06-29 16:50:38,829 [ERROR] LogOutputStream:75 - [STDERR_REDIRECT] [Fatal Error] :1:1: Premature end of file.
2026-06-29 16:50:38,829 [ERROR] LogOutputStream:75 - [STDERR_REDIRECT] 
2026-06-29 16:50:39,821 [ERROR] LogOutputStream:75 - [STDERR_REDIRECT] [Fatal Error] :1:1: Premature end of file.
2026-06-29 16:50:39,821 [ERROR] LogOutputStream:75 - [STDERR_REDIRECT] 
2026-06-29 16:50:40,830 [ERROR] LogOutputStream:75 - [STDERR_REDIRECT] [Fatal Error] :1:1: Premature end of file.
2026-06-29 16:50:40,830 [ERROR] LogOutputStream:75 - [STDERR_REDIRECT] 
2026-06-29 16:50:41,835 [ERROR] LogOutputStream:75 - [STDERR_REDIRECT] [Fatal Error] :1:1: Premature end of file.
2026-06-29 16:50:41,835 [ERROR] LogOutputStream:75 - [STDERR_REDIRECT] 
2026-06-29 16:50:42,836 [ERROR] LogOutputStream:75 - [STDERR_REDIRECT] [Fatal Error] :1:1: Premature end of file.
2026-06-29 16:50:42,836 [ERROR] LogOutputStream:75 - [STDERR_REDIRECT] 
2026-06-29 16:50:43,848 [ERROR] LogOutputStream:75 - [STDERR_REDIRECT] [Fatal Error] :1:1: Premature end of file.
2026-06-29 16:50:43,848 [ERROR] LogOutputStream:75 - [STDERR_REDIRECT] 
2026-06-29 16:50:44,825 [ERROR] LogOutputStream:75 - [STDERR_REDIRECT] [Fatal Error] :1:1: Premature end of file.
2026-06-29 16:50:44,825 [ERROR] LogOutputStream:75 - [STDERR_REDIRECT] 
2026-06-29 16:50:45,843 [ERROR] LogOutputStream:75 - [STDERR_REDIRECT] [Fatal Error] :1:1: Premature end of file.
2026-06-29 16:50:45,843 [ERROR] LogOutputStream:75 - [STDERR_REDIRECT] 
2026-06-29 16:50:46,823 [ERROR] LogOutputStream:75 - [STDERR_REDIRECT] [Fatal Error] :1:1: Premature end of file.
2026-06-29 16:50:46,823 [ERROR] LogOutputStream:75 - [STDERR_REDIRECT] 
2026-06-29 16:50:47,840 [ERROR] LogOutputStream:75 - [STDERR_REDIRECT] [Fatal Error] :1:1: Premature end of file.
2026-06-29 16:50:47,840 [ERROR] LogOutputStream:75 - [STDERR_REDIRECT] 
2026-06-29 16:50:48,833 [ERROR] LogOutputStream:75 - [STDERR_REDIRECT] [Fatal Error] :1:1: Premature end of file.
2026-06-29 16:50:48,833 [ERROR] LogOutputStream:75 - [STDERR_REDIRECT] 
2026-06-29 16:50:49,836 [ERROR] LogOutputStream:75 - [STDERR_REDIRECT] [Fatal Error] :1:1: Premature end of file.
2026-06-29 16:50:49,836 [ERROR] LogOutputStream:75 - [STDERR_REDIRECT] 
2026-06-29 16:50:50,846 [ERROR] LogOutputStream:75 - [STDERR_REDIRECT] [Fatal Error] :1:1: Premature end of file.
2026-06-29 16:50:50,846 [ERROR] LogOutputStream:75 - [STDERR_REDIRECT] 
2026-06-29 16:50:51,821 [ERROR] LogOutputStream:75 - [STDERR_REDIRECT] [Fatal Error] :1:1: Premature end of file.
2026-06-29 16:50:51,821 [ERROR] LogOutputStream:75 - [STDERR_REDIRECT] 
2026-06-29 16:50:52,840 [ERROR] LogOutputStream:75 - [STDERR_REDIRECT] [Fatal Error] :1:1: Premature end of file.
2026-06-29 16:50:52,840 [ERROR] LogOutputStream:75 - [STDERR_REDIRECT] 
2026-06-29 16:50:53,837 [ERROR] LogOutputStream:75 - [STDERR_REDIRECT] [Fatal Error] :1:1: Premature end of file.
2026-06-29 16:50:53,837 [ERROR] LogOutputStream:75 - [STDERR_REDIRECT] 
2026-06-29 16:50:54,834 [ERROR] LogOutputStream:75 - [STDERR_REDIRECT] [Fatal Error] :1:1: Premature end of file.
2026-06-29 16:50:54,834 [ERROR] LogOutputStream:75 - [STDERR_REDIRECT] 
2026-06-29 16:50:55,848 [ERROR] LogOutputStream:75 - [STDERR_REDIRECT] [Fatal Error] :1:1: Premature end of file.
2026-06-29 16:50:55,848 [ERROR] LogOutputStream:75 - [STDERR_REDIRECT] 
2026-06-29 16:50:56,842 [ERROR] LogOutputStream:75 - [STDERR_REDIRECT] [Fatal Error] :1:1: Premature end of file.
2026-06-29 16:50:56,842 [ERROR] LogOutputStream:75 - [STDERR_REDIRECT] 
2026-06-29 16:50:57,844 [ERROR] LogOutputStream:75 - [STDERR_REDIRECT] [Fatal Error] :1:1: Premature end of file.
2026-06-29 16:50:57,844 [ERROR] LogOutputStream:75 - [STDERR_REDIRECT] 
2026-06-29 16:50:58,830 [ERROR] LogOutputStream:75 - [STDERR_REDIRECT] [Fatal Error] :1:1: Premature end of file.
2026-06-29 16:50:58,830 [ERROR] LogOutputStream:75 - [STDERR_REDIRECT] 
2026-06-29 16:50:59,835 [ERROR] LogOutputStream:75 - [STDERR_REDIRECT] [Fatal Error] :1:1: Premature end of file.
2026-06-29 16:50:59,835 [ERROR] LogOutputStream:75 - [STDERR_REDIRECT] 
2026-06-29 16:51:00,836 [ERROR] LogOutputStream:75 - [STDERR_REDIRECT] [Fatal Error] :1:1: Premature end of file.
2026-06-29 16:51:00,836 [ERROR] LogOutputStream:75 - [STDERR_REDIRECT] 
2026-06-29 16:51:01,870 [ERROR] LogOutputStream:75 - [STDERR_REDIRECT] [Fatal Error] :1:1: Premature end of file.
2026-06-29 16:51:01,870 [ERROR] LogOutputStream:75 - [STDERR_REDIRECT] 
2026-06-29 16:51:02,846 [ERROR] LogOutputStream:75 - [STDERR_REDIRECT] [Fatal Error] :1:1: Premature end of file.
2026-06-29 16:51:02,846 [ERROR] LogOutputStream:75 - [STDERR_REDIRECT] 
2026-06-29 16:51:03,836 [ERROR] LogOutputStream:75 - [STDERR_REDIRECT] [Fatal Error] :1:1: Premature end of file.
2026-06-29 16:51:03,836 [ERROR] LogOutputStream:75 - [STDERR_REDIRECT] 
2026-06-29 16:51:04,827 [ERROR] LogOutputStream:75 - [STDERR_REDIRECT] [Fatal Error] :1:1: Premature end of file.
2026-06-29 16:51:04,827 [ERROR] LogOutputStream:75 - [STDERR_REDIRECT] 
2026-06-29 16:51:05,823 [ERROR] LogOutputStream:75 - [STDERR_REDIRECT] [Fatal Error] :1:1: Premature end of file.
2026-06-29 16:51:05,823 [ERROR] LogOutputStream:75 - [STDERR_REDIRECT] 
2026-06-29 16:51:06,842 [ERROR] LogOutputStream:75 - [STDERR_REDIRECT] [Fatal Error] :1:1: Premature end of file.
2026-06-29 16:51:06,842 [ERROR] LogOutputStream:75 - [STDERR_REDIRECT] 
2026-06-29 16:51:07,844 [ERROR] LogOutputStream:75 - [STDERR_REDIRECT] [Fatal Error] :1:1: Premature end of file.
2026-06-29 16:51:07,844 [ERROR] LogOutputStream:75 - [STDERR_REDIRECT] 
2026-06-29 16:51:08,837 [ERROR] LogOutputStream:75 - [STDERR_REDIRECT] [Fatal Error] :1:1: Premature end of file.
2026-06-29 16:51:08,837 [ERROR] LogOutputStream:75 - [STDERR_REDIRECT] 
2026-06-29 16:51:09,846 [ERROR] LogOutputStream:75 - [STDERR_REDIRECT] [Fatal Error] :1:1: Premature end of file.
2026-06-29 16:51:09,846 [ERROR] LogOutputStream:75 - [STDERR_REDIRECT] 
2026-06-29 16:51:10,838 [ERROR] LogOutputStream:75 - [STDERR_REDIRECT] [Fatal Error] :1:1: Premature end of file.
2026-06-29 16:51:10,838 [ERROR] LogOutputStream:75 - [STDERR_REDIRECT] 
2026-06-29 16:51:11,833 [ERROR] LogOutputStream:75 - [STDERR_REDIRECT] [Fatal Error] :1:1: Premature end of file.
2026-06-29 16:51:11,833 [ERROR] LogOutputStream:75 - [STDERR_REDIRECT] 
2026-06-29 16:51:12,884 [ERROR] LogOutputStream:75 - [STDERR_REDIRECT] [Fatal Error] :1:1: Premature end of file.
2026-06-29 16:51:12,886 [ERROR] LogOutputStream:75 - [STDERR_REDIRECT] 
2026-06-29 16:51:13,834 [ERROR] LogOutputStream:75 - [STDERR_REDIRECT] [Fatal Error] :1:1: Premature end of file.
2026-06-29 16:51:13,834 [ERROR] LogOutputStream:75 - [STDERR_REDIRECT] 
2026-06-29 16:51:14,847 [ERROR] LogOutputStream:75 - [STDERR_REDIRECT] [Fatal Error] :1:1: Premature end of file.
2026-06-29 16:51:14,847 [ERROR] LogOutputStream:75 - [STDERR_REDIRECT] 
2026-06-29 16:51:15,835 [ERROR] LogOutputStream:75 - [STDERR_REDIRECT] [Fatal Error] :1:1: Premature end of file.
2026-06-29 16:51:15,835 [ERROR] LogOutputStream:75 - [STDERR_REDIRECT] 
2026-06-29 16:51:16,843 [ERROR] LogOutputStream:75 - [STDERR_REDIRECT] [Fatal Error] :1:1: Premature end of file.
2026-06-29 16:51:16,843 [ERROR] LogOutputStream:75 - [STDERR_REDIRECT] 
2026-06-29 16:51:17,825 [ERROR] LogOutputStream:75 - [STDERR_REDIRECT] [Fatal Error] :1:1: Premature end of file.
2026-06-29 16:51:17,825 [ERROR] LogOutputStream:75 - [STDERR_REDIRECT] 
2026-06-29 16:51:18,838 [ERROR] LogOutputStream:75 - [STDERR_REDIRECT] [Fatal Error] :1:1: Premature end of file.
2026-06-29 16:51:18,838 [ERROR] LogOutputStream:75 - [STDERR_REDIRECT] 
2026-06-29 16:51:19,856 [ERROR] LogOutputStream:75 - [STDERR_REDIRECT] [Fatal Error] :1:1: Premature end of file.
2026-06-29 16:51:19,856 [ERROR] LogOutputStream:75 - [STDERR_REDIRECT] 
2026-06-29 16:51:20,836 [ERROR] LogOutputStream:75 - [STDERR_REDIRECT] [Fatal Error] :1:1: Premature end of file.
2026-06-29 16:51:20,836 [ERROR] LogOutputStream:75 - [STDERR_REDIRECT] 
2026-06-29 16:51:21,842 [ERROR] LogOutputStream:75 - [STDERR_REDIRECT] [Fatal Error] :1:1: Premature end of file.
2026-06-29 16:51:21,842 [ERROR] LogOutputStream:75 - [STDERR_REDIRECT] 
2026-06-29 16:51:22,840 [ERROR] LogOutputStream:75 - [STDERR_REDIRECT] [Fatal Error] :1:1: Premature end of file.
2026-06-29 16:51:22,840 [ERROR] LogOutputStream:75 - [STDERR_REDIRECT] 
2026-06-29 16:51:23,837 [ERROR] LogOutputStream:75 - [STDERR_REDIRECT] [Fatal Error] :1:1: Premature end of file.
2026-06-29 16:51:23,837 [ERROR] LogOutputStream:75 - [STDERR_REDIRECT] 
2026-06-29 16:51:24,833 [ERROR] LogOutputStream:75 - [STDERR_REDIRECT] [Fatal Error] :1:1: Premature end of file.
2026-06-29 16:51:24,833 [ERROR] LogOutputStream:75 - [STDERR_REDIRECT] 
2026-06-29 16:51:25,847 [ERROR] LogOutputStream:75 - [STDERR_REDIRECT] [Fatal Error] :1:1: Premature end of file.
2026-06-29 16:51:25,847 [ERROR] LogOutputStream:75 - [STDERR_REDIRECT] 
2026-06-29 16:51:26,856 [ERROR] LogOutputStream:75 - [STDERR_REDIRECT] [Fatal Error] :1:1: Premature end of file.
2026-06-29 16:51:26,856 [ERROR] LogOutputStream:75 - [STDERR_REDIRECT] 
2026-06-29 16:51:27,828 [ERROR] LogOutputStream:75 - [STDERR_REDIRECT] [Fatal Error] :1:1: Premature end of file.
2026-06-29 16:51:27,828 [ERROR] LogOutputStream:75 - [STDERR_REDIRECT] 
2026-06-29 16:51:28,841 [ERROR] LogOutputStream:75 - [STDERR_REDIRECT] [Fatal Error] :1:1: Premature end of file.
2026-06-29 16:51:28,841 [ERROR] LogOutputStream:75 - [STDERR_REDIRECT] 
2026-06-29 16:51:29,836 [ERROR] LogOutputStream:75 - [STDERR_REDIRECT] [Fatal Error] :1:1: Premature end of file.
2026-06-29 16:51:29,836 [ERROR] LogOutputStream:75 - [STDERR_REDIRECT] 
2026-06-29 16:51:30,830 [ERROR] LogOutputStream:75 - [STDERR_REDIRECT] [Fatal Error] :1:1: Premature end of file.
2026-06-29 16:51:30,830 [ERROR] LogOutputStream:75 - [STDERR_REDIRECT] 
2026-06-29 16:51:31,835 [ERROR] LogOutputStream:75 - [STDERR_REDIRECT] [Fatal Error] :1:1: Premature end of file.
2026-06-29 16:51:31,835 [ERROR] LogOutputStream:75 - [STDERR_REDIRECT] 
2026-06-29 16:51:32,827 [ERROR] LogOutputStream:75 - [STDERR_REDIRECT] [Fatal Error] :1:1: Premature end of file.
2026-06-29 16:51:32,827 [ERROR] LogOutputStream:75 - [STDERR_REDIRECT] 
2026-06-29 16:51:33,846 [ERROR] LogOutputStream:75 - [STDERR_REDIRECT] [Fatal Error] :1:1: Premature end of file.
2026-06-29 16:51:33,846 [ERROR] LogOutputStream:75 - [STDERR_REDIRECT] 
2026-06-29 16:51:34,841 [ERROR] LogOutputStream:75 - [STDERR_REDIRECT] [Fatal Error] :1:1: Premature end of file.
2026-06-29 16:51:34,841 [ERROR] LogOutputStream:75 - [STDERR_REDIRECT] 
2026-06-29 16:51:35,824 [ERROR] LogOutputStream:75 - [STDERR_REDIRECT] [Fatal Error] :1:1: Premature end of file.
2026-06-29 16:51:35,824 [ERROR] LogOutputStream:75 - [STDERR_REDIRECT] 
2026-06-29 16:51:36,833 [ERROR] LogOutputStream:75 - [STDERR_REDIRECT] [Fatal Error] :1:1: Premature end of file.
2026-06-29 16:51:36,833 [ERROR] LogOutputStream:75 - [STDERR_REDIRECT] 
2026-06-29 16:51:37,846 [ERROR] LogOutputStream:75 - [STDERR_REDIRECT] [Fatal Error] :1:1: Premature end of file.
2026-06-29 16:51:37,846 [ERROR] LogOutputStream:75 - [STDERR_REDIRECT] 
2026-06-29 16:51:38,830 [ERROR] LogOutputStream:75 - [STDERR_REDIRECT] [Fatal Error] :1:1: Premature end of file.
2026-06-29 16:51:38,830 [ERROR] LogOutputStream:75 - [STDERR_REDIRECT] 
2026-06-29 16:51:39,846 [ERROR] LogOutputStream:75 - [STDERR_REDIRECT] [Fatal Error] :1:1: Premature end of file.
2026-06-29 16:51:39,846 [ERROR] LogOutputStream:75 - [STDERR_REDIRECT] 
2026-06-29 16:51:40,851 [ERROR] LogOutputStream:75 - [STDERR_REDIRECT] [Fatal Error] :1:1: Premature end of file.
2026-06-29 16:51:40,853 [ERROR] LogOutputStream:75 - [STDERR_REDIRECT] 
2026-06-29 16:51:41,838 [ERROR] LogOutputStream:75 - [STDERR_REDIRECT] [Fatal Error] :1:1: Premature end of file.
2026-06-29 16:51:41,838 [ERROR] LogOutputStream:75 - [STDERR_REDIRECT] 
2026-06-29 16:51:42,852 [ERROR] LogOutputStream:75 - [STDERR_REDIRECT] [Fatal Error] :1:1: Premature end of file.
2026-06-29 16:51:42,852 [ERROR] LogOutputStream:75 - [STDERR_REDIRECT] 
2026-06-29 16:51:43,873 [ERROR] LogOutputStream:75 - [STDERR_REDIRECT] [Fatal Error] :1:1: Premature end of file.
2026-06-29 16:51:43,873 [ERROR] LogOutputStream:75 - [STDERR_REDIRECT] 
2026-06-29 16:51:44,830 [ERROR] LogOutputStream:75 - [STDERR_REDIRECT] [Fatal Error] :1:1: Premature end of file.
2026-06-29 16:51:44,830 [ERROR] LogOutputStream:75 - [STDERR_REDIRECT] 
2026-06-29 16:51:45,839 [ERROR] LogOutputStream:75 - [STDERR_REDIRECT] [Fatal Error] :1:1: Premature end of file.
2026-06-29 16:51:45,839 [ERROR] LogOutputStream:75 - [STDERR_REDIRECT] 
2026-06-29 16:51:46,826 [ERROR] LogOutputStream:75 - [STDERR_REDIRECT] [Fatal Error] :1:1: Premature end of file.
2026-06-29 16:51:46,826 [ERROR] LogOutputStream:75 - [STDERR_REDIRECT] 
2026-06-29 16:51:47,832 [ERROR] LogOutputStream:75 - [STDERR_REDIRECT] [Fatal Error] :1:1: Premature end of file.
2026-06-29 16:51:47,832 [ERROR] LogOutputStream:75 - [STDERR_REDIRECT] 
2026-06-29 16:51:48,845 [ERROR] LogOutputStream:75 - [STDERR_REDIRECT] [Fatal Error] :1:1: Premature end of file.
2026-06-29 16:51:48,845 [ERROR] LogOutputStream:75 - [STDERR_REDIRECT] 
2026-06-29 16:51:49,823 [ERROR] LogOutputStream:75 - [STDERR_REDIRECT] [Fatal Error] :1:1: Premature end of file.
2026-06-29 16:51:49,823 [ERROR] LogOutputStream:75 - [STDERR_REDIRECT] 
2026-06-29 16:51:50,836 [ERROR] LogOutputStream:75 - [STDERR_REDIRECT] [Fatal Error] :1:1: Premature end of file.
2026-06-29 16:51:50,836 [ERROR] LogOutputStream:75 - [STDERR_REDIRECT] 
2026-06-29 16:51:51,835 [ERROR] LogOutputStream:75 - [STDERR_REDIRECT] [Fatal Error] :1:1: Premature end of file.
2026-06-29 16:51:51,835 [ERROR] LogOutputStream:75 - [STDERR_REDIRECT] 
2026-06-29 16:51:52,826 [ERROR] LogOutputStream:75 - [STDERR_REDIRECT] [Fatal Error] :1:1: Premature end of file.
2026-06-29 16:51:52,826 [ERROR] LogOutputStream:75 - [STDERR_REDIRECT] 
2026-06-29 16:51:53,843 [ERROR] LogOutputStream:75 - [STDERR_REDIRECT] [Fatal Error] :1:1: Premature end of file.
2026-06-29 16:51:53,845 [ERROR] LogOutputStream:75 - [STDERR_REDIRECT] 
2026-06-29 16:51:54,828 [ERROR] LogOutputStream:75 - [STDERR_REDIRECT] [Fatal Error] :1:1: Premature end of file.
2026-06-29 16:51:54,828 [ERROR] LogOutputStream:75 - [STDERR_REDIRECT] 
2026-06-29 16:51:55,830 [ERROR] LogOutputStream:75 - [STDERR_REDIRECT] [Fatal Error] :1:1: Premature end of file.
2026-06-29 16:51:55,830 [ERROR] LogOutputStream:75 - [STDERR_REDIRECT] 
2026-06-29 16:51:56,834 [ERROR] LogOutputStream:75 - [STDERR_REDIRECT] [Fatal Error] :1:1: Premature end of file.
2026-06-29 16:51:56,834 [ERROR] LogOutputStream:75 - [STDERR_REDIRECT] 
2026-06-29 16:51:57,832 [ERROR] LogOutputStream:75 - [STDERR_REDIRECT] [Fatal Error] :1:1: Premature end of file.
2026-06-29 16:51:57,832 [ERROR] LogOutputStream:75 - [STDERR_REDIRECT] 
2026-06-29 16:51:58,840 [ERROR] LogOutputStream:75 - [STDERR_REDIRECT] [Fatal Error] :1:1: Premature end of file.
2026-06-29 16:51:58,840 [ERROR] LogOutputStream:75 - [STDERR_REDIRECT] 
2026-06-29 16:51:59,844 [ERROR] LogOutputStream:75 - [STDERR_REDIRECT] [Fatal Error] :1:1: Premature end of file.
2026-06-29 16:51:59,844 [ERROR] LogOutputStream:75 - [STDERR_REDIRECT] 
2026-06-29 16:52:00,830 [ERROR] LogOutputStream:75 - [STDERR_REDIRECT] [Fatal Error] :1:1: Premature end of file.
2026-06-29 16:52:00,830 [ERROR] LogOutputStream:75 - [STDERR_REDIRECT] 
2026-06-29 16:52:01,840 [ERROR] LogOutputStream:75 - [STDERR_REDIRECT] [Fatal Error] :1:1: Premature end of file.
2026-06-29 16:52:01,842 [ERROR] LogOutputStream:75 - [STDERR_REDIRECT] 
2026-06-29 16:52:02,830 [ERROR] LogOutputStream:75 - [STDERR_REDIRECT] [Fatal Error] :1:1: Premature end of file.
2026-06-29 16:52:02,830 [ERROR] LogOutputStream:75 - [STDERR_REDIRECT] 
2026-06-29 16:52:03,827 [ERROR] LogOutputStream:75 - [STDERR_REDIRECT] [Fatal Error] :1:1: Premature end of file.
2026-06-29 16:52:03,827 [ERROR] LogOutputStream:75 - [STDERR_REDIRECT] 
2026-06-29 16:52:04,849 [ERROR] LogOutputStream:75 - [STDERR_REDIRECT] [Fatal Error] :1:1: Premature end of file.
2026-06-29 16:52:04,849 [ERROR] LogOutputStream:75 - [STDERR_REDIRECT] 
2026-06-29 16:52:05,832 [ERROR] LogOutputStream:75 - [STDERR_REDIRECT] [Fatal Error] :1:1: Premature end of file.
2026-06-29 16:52:05,832 [ERROR] LogOutputStream:75 - [STDERR_REDIRECT] 
2026-06-29 16:52:06,847 [ERROR] LogOutputStream:75 - [STDERR_REDIRECT] [Fatal Error] :1:1: Premature end of file.
2026-06-29 16:52:06,847 [ERROR] LogOutputStream:75 - [STDERR_REDIRECT] 
2026-06-29 16:52:07,844 [ERROR] LogOutputStream:75 - [STDERR_REDIRECT] [Fatal Error] :1:1: Premature end of file.
2026-06-29 16:52:07,844 [ERROR] LogOutputStream:75 - [STDERR_REDIRECT] 
2026-06-29 16:52:08,847 [ERROR] LogOutputStream:75 - [STDERR_REDIRECT] [Fatal Error] :1:1: Premature end of file.
2026-06-29 16:52:08,847 [ERROR] LogOutputStream:75 - [STDERR_REDIRECT] 
2026-06-29 16:52:09,841 [ERROR] LogOutputStream:75 - [STDERR_REDIRECT] [Fatal Error] :1:1: Premature end of file.
2026-06-29 16:52:09,843 [ERROR] LogOutputStream:75 - [STDERR_REDIRECT] 
2026-06-29 16:52:10,837 [ERROR] LogOutputStream:75 - [STDERR_REDIRECT] [Fatal Error] :1:1: Premature end of file.
2026-06-29 16:52:10,837 [ERROR] LogOutputStream:75 - [STDERR_REDIRECT] 
2026-06-29 16:52:11,838 [ERROR] LogOutputStream:75 - [STDERR_REDIRECT] [Fatal Error] :1:1: Premature end of file.
2026-06-29 16:52:11,838 [ERROR] LogOutputStream:75 - [STDERR_REDIRECT] 
2026-06-29 16:52:12,869 [ERROR] LogOutputStream:75 - [STDERR_REDIRECT] [Fatal Error] :1:1: Premature end of file.
2026-06-29 16:52:12,869 [ERROR] LogOutputStream:75 - [STDERR_REDIRECT] 
2026-06-29 16:52:13,833 [ERROR] LogOutputStream:75 - [STDERR_REDIRECT] [Fatal Error] :1:1: Premature end of file.
2026-06-29 16:52:13,833 [ERROR] LogOutputStream:75 - [STDERR_REDIRECT] 
2026-06-29 16:52:14,825 [ERROR] LogOutputStream:75 - [STDERR_REDIRECT] [Fatal Error] :1:1: Premature end of file.
2026-06-29 16:52:14,834 [ERROR] LogOutputStream:75 - [STDERR_REDIRECT] 
2026-06-29 16:52:15,833 [ERROR] LogOutputStream:75 - [STDERR_REDIRECT] [Fatal Error] :1:1: Premature end of file.
2026-06-29 16:52:15,833 [ERROR] LogOutputStream:75 - [STDERR_REDIRECT] 
2026-06-29 16:52:16,829 [ERROR] LogOutputStream:75 - [STDERR_REDIRECT] [Fatal Error] :1:1: Premature end of file.
2026-06-29 16:52:16,829 [ERROR] LogOutputStream:75 - [STDERR_REDIRECT] 
2026-06-29 16:52:17,834 [ERROR] LogOutputStream:75 - [STDERR_REDIRECT] [Fatal Error] :1:1: Premature end of file.
2026-06-29 16:52:17,834 [ERROR] LogOutputStream:75 - [STDERR_REDIRECT] 
2026-06-29 16:52:18,834 [ERROR] LogOutputStream:75 - [STDERR_REDIRECT] [Fatal Error] :1:1: Premature end of file.
2026-06-29 16:52:18,834 [ERROR] LogOutputStream:75 - [STDERR_REDIRECT] 
2026-06-29 16:52:19,842 [ERROR] LogOutputStream:75 - [STDERR_REDIRECT] [Fatal Error] :1:1: Premature end of file.
2026-06-29 16:52:19,842 [ERROR] LogOutputStream:75 - [STDERR_REDIRECT] 
2026-06-29 16:52:20,839 [ERROR] LogOutputStream:75 - [STDERR_REDIRECT] [Fatal Error] :1:1: Premature end of file.
2026-06-29 16:52:20,839 [ERROR] LogOutputStream:75 - [STDERR_REDIRECT] 
2026-06-29 16:52:21,842 [ERROR] LogOutputStream:75 - [STDERR_REDIRECT] [Fatal Error] :1:1: Premature end of file.
2026-06-29 16:52:21,842 [ERROR] LogOutputStream:75 - [STDERR_REDIRECT] 
2026-06-29 16:52:22,824 [ERROR] LogOutputStream:75 - [STDERR_REDIRECT] [Fatal Error] :1:1: Premature end of file.
2026-06-29 16:52:22,824 [ERROR] LogOutputStream:75 - [STDERR_REDIRECT] 
2026-06-29 16:52:23,835 [ERROR] LogOutputStream:75 - [STDERR_REDIRECT] [Fatal Error] :1:1: Premature end of file.
2026-06-29 16:52:23,835 [ERROR] LogOutputStream:75 - [STDERR_REDIRECT] 
2026-06-29 16:52:24,827 [ERROR] LogOutputStream:75 - [STDERR_REDIRECT] [Fatal Error] :1:1: Premature end of file.
2026-06-29 16:52:24,827 [ERROR] LogOutputStream:75 - [STDERR_REDIRECT] 
2026-06-29 16:52:25,837 [ERROR] LogOutputStream:75 - [STDERR_REDIRECT] [Fatal Error] :1:1: Premature end of file.
2026-06-29 16:52:25,837 [ERROR] LogOutputStream:75 - [STDERR_REDIRECT] 
2026-06-29 16:52:26,825 [ERROR] LogOutputStream:75 - [STDERR_REDIRECT] [Fatal Error] :1:1: Premature end of file.
2026-06-29 16:52:26,825 [ERROR] LogOutputStream:75 - [STDERR_REDIRECT] 
2026-06-29 16:52:27,829 [ERROR] LogOutputStream:75 - [STDERR_REDIRECT] [Fatal Error] :1:1: Premature end of file.
2026-06-29 16:52:27,829 [ERROR] LogOutputStream:75 - [STDERR_REDIRECT] 
2026-06-29 16:52:28,822 [ERROR] LogOutputStream:75 - [STDERR_REDIRECT] [Fatal Error] :1:1: Premature end of file.
2026-06-29 16:52:28,822 [ERROR] LogOutputStream:75 - [STDERR_REDIRECT] 
2026-06-29 16:52:29,839 [ERROR] LogOutputStream:75 - [STDERR_REDIRECT] [Fatal Error] :1:1: Premature end of file.
2026-06-29 16:52:29,839 [ERROR] LogOutputStream:75 - [STDERR_REDIRECT] 
2026-06-29 16:52:30,843 [ERROR] LogOutputStream:75 - [STDERR_REDIRECT] [Fatal Error] :1:1: Premature end of file.
2026-06-29 16:52:30,843 [ERROR] LogOutputStream:75 - [STDERR_REDIRECT] 
2026-06-29 16:52:31,835 [ERROR] LogOutputStream:75 - [STDERR_REDIRECT] [Fatal Error] :1:1: Premature end of file.
2026-06-29 16:52:31,835 [ERROR] LogOutputStream:75 - [STDERR_REDIRECT] 
2026-06-29 16:52:32,833 [ERROR] LogOutputStream:75 - [STDERR_REDIRECT] [Fatal Error] :1:1: Premature end of file.
2026-06-29 16:52:32,833 [ERROR] LogOutputStream:75 - [STDERR_REDIRECT] 
2026-06-29 16:52:33,843 [ERROR] LogOutputStream:75 - [STDERR_REDIRECT] [Fatal Error] :1:1: Premature end of file.
2026-06-29 16:52:33,843 [ERROR] LogOutputStream:75 - [STDERR_REDIRECT] 
2026-06-29 16:52:34,824 [ERROR] LogOutputStream:75 - [STDERR_REDIRECT] [Fatal Error] :1:1: Premature end of file.
2026-06-29 16:52:34,824 [ERROR] LogOutputStream:75 - [STDERR_REDIRECT] 
2026-06-29 16:52:35,866 [ERROR] LogOutputStream:75 - [STDERR_REDIRECT] [Fatal Error] :1:1: Premature end of file.
2026-06-29 16:52:35,866 [ERROR] LogOutputStream:75 - [STDERR_REDIRECT] 
2026-06-29 16:52:36,829 [ERROR] LogOutputStream:75 - [STDERR_REDIRECT] [Fatal Error] :1:1: Premature end of file.
2026-06-29 16:52:36,829 [ERROR] LogOutputStream:75 - [STDERR_REDIRECT] 
2026-06-29 16:52:37,832 [ERROR] LogOutputStream:75 - [STDERR_REDIRECT] [Fatal Error] :1:1: Premature end of file.
2026-06-29 16:52:37,832 [ERROR] LogOutputStream:75 - [STDERR_REDIRECT] 
2026-06-29 16:52:38,840 [ERROR] LogOutputStream:75 - [STDERR_REDIRECT] [Fatal Error] :1:1: Premature end of file.
2026-06-29 16:52:38,840 [ERROR] LogOutputStream:75 - [STDERR_REDIRECT] 
2026-06-29 16:52:39,848 [ERROR] LogOutputStream:75 - [STDERR_REDIRECT] [Fatal Error] :1:1: Premature end of file.
2026-06-29 16:52:39,848 [ERROR] LogOutputStream:75 - [STDERR_REDIRECT] 
2026-06-29 16:52:40,838 [ERROR] LogOutputStream:75 - [STDERR_REDIRECT] [Fatal Error] :1:1: Premature end of file.
2026-06-29 16:52:40,838 [ERROR] LogOutputStream:75 - [STDERR_REDIRECT] 
2026-06-29 16:52:41,833 [ERROR] LogOutputStream:75 - [STDERR_REDIRECT] [Fatal Error] :1:1: Premature end of file.
2026-06-29 16:52:41,833 [ERROR] LogOutputStream:75 - [STDERR_REDIRECT] 
2026-06-29 16:52:42,851 [ERROR] LogOutputStream:75 - [STDERR_REDIRECT] [Fatal Error] :1:1: Premature end of file.
2026-06-29 16:52:42,851 [ERROR] LogOutputStream:75 - [STDERR_REDIRECT] 
2026-06-29 16:52:43,839 [ERROR] LogOutputStream:75 - [STDERR_REDIRECT] [Fatal Error] :1:1: Premature end of file.
2026-06-29 16:52:43,839 [ERROR] LogOutputStream:75 - [STDERR_REDIRECT] 
2026-06-29 16:52:44,832 [ERROR] LogOutputStream:75 - [STDERR_REDIRECT] [Fatal Error] :1:1: Premature end of file.
2026-06-29 16:52:44,832 [ERROR] LogOutputStream:75 - [STDERR_REDIRECT] 
2026-06-29 16:52:45,852 [ERROR] LogOutputStream:75 - [STDERR_REDIRECT] [Fatal Error] :1:1: Premature end of file.
2026-06-29 16:52:45,852 [ERROR] LogOutputStream:75 - [STDERR_REDIRECT] 
2026-06-29 16:52:46,837 [ERROR] LogOutputStream:75 - [STDERR_REDIRECT] [Fatal Error] :1:1: Premature end of file.
2026-06-29 16:52:46,837 [ERROR] LogOutputStream:75 - [STDERR_REDIRECT] 
2026-06-29 16:52:47,826 [ERROR] LogOutputStream:75 - [STDERR_REDIRECT] [Fatal Error] :1:1: Premature end of file.
2026-06-29 16:52:47,827 [ERROR] LogOutputStream:75 - [STDERR_REDIRECT] 
2026-06-29 16:52:48,839 [ERROR] LogOutputStream:75 - [STDERR_REDIRECT] [Fatal Error] :1:1: Premature end of file.
2026-06-29 16:52:48,839 [ERROR] LogOutputStream:75 - [STDERR_REDIRECT] 
2026-06-29 16:52:49,839 [ERROR] LogOutputStream:75 - [STDERR_REDIRECT] [Fatal Error] :1:1: Premature end of file.
2026-06-29 16:52:49,839 [ERROR] LogOutputStream:75 - [STDERR_REDIRECT] 
2026-06-29 16:52:50,849 [ERROR] LogOutputStream:75 - [STDERR_REDIRECT] [Fatal Error] :1:1: Premature end of file.
2026-06-29 16:52:50,849 [ERROR] LogOutputStream:75 - [STDERR_REDIRECT] 
2026-06-29 16:52:51,827 [ERROR] LogOutputStream:75 - [STDERR_REDIRECT] [Fatal Error] :1:1: Premature end of file.
2026-06-29 16:52:51,827 [ERROR] LogOutputStream:75 - [STDERR_REDIRECT] 
2026-06-29 16:52:52,826 [ERROR] LogOutputStream:75 - [STDERR_REDIRECT] [Fatal Error] :1:1: Premature end of file.
2026-06-29 16:52:52,826 [ERROR] LogOutputStream:75 - [STDERR_REDIRECT] 
2026-06-29 16:52:53,832 [ERROR] LogOutputStream:75 - [STDERR_REDIRECT] [Fatal Error] :1:1: Premature end of file.
2026-06-29 16:52:53,832 [ERROR] LogOutputStream:75 - [STDERR_REDIRECT] 
2026-06-29 16:52:54,834 [ERROR] LogOutputStream:75 - [STDERR_REDIRECT] [Fatal Error] :1:1: Premature end of file.
2026-06-29 16:52:54,834 [ERROR] LogOutputStream:75 - [STDERR_REDIRECT] 
2026-06-29 16:52:55,841 [ERROR] LogOutputStream:75 - [STDERR_REDIRECT] [Fatal Error] :1:1: Premature end of file.
2026-06-29 16:52:55,843 [ERROR] LogOutputStream:75 - [STDERR_REDIRECT] 
2026-06-29 16:52:56,862 [ERROR] LogOutputStream:75 - [STDERR_REDIRECT] [Fatal Error] :1:1: Premature end of file.
2026-06-29 16:52:56,862 [ERROR] LogOutputStream:75 - [STDERR_REDIRECT] 
2026-06-29 16:52:57,837 [ERROR] LogOutputStream:75 - [STDERR_REDIRECT] [Fatal Error] :1:1: Premature end of file.
2026-06-29 16:52:57,837 [ERROR] LogOutputStream:75 - [STDERR_REDIRECT] 
2026-06-29 16:52:58,829 [ERROR] LogOutputStream:75 - [STDERR_REDIRECT] [Fatal Error] :1:1: Premature end of file.
2026-06-29 16:52:58,829 [ERROR] LogOutputStream:75 - [STDERR_REDIRECT] 
2026-06-29 16:52:59,825 [ERROR] LogOutputStream:75 - [STDERR_REDIRECT] [Fatal Error] :1:1: Premature end of file.
2026-06-29 16:52:59,825 [ERROR] LogOutputStream:75 - [STDERR_REDIRECT] 
2026-06-29 16:53:00,836 [ERROR] LogOutputStream:75 - [STDERR_REDIRECT] [Fatal Error] :1:1: Premature end of file.
2026-06-29 16:53:00,836 [ERROR] LogOutputStream:75 - [STDERR_REDIRECT] 
2026-06-29 16:53:01,837 [ERROR] LogOutputStream:75 - [STDERR_REDIRECT] [Fatal Error] :1:1: Premature end of file.
2026-06-29 16:53:01,837 [ERROR] LogOutputStream:75 - [STDERR_REDIRECT] 
2026-06-29 16:53:02,852 [ERROR] LogOutputStream:75 - [STDERR_REDIRECT] [Fatal Error] :1:1: Premature end of file.
2026-06-29 16:53:02,852 [ERROR] LogOutputStream:75 - [STDERR_REDIRECT] 
2026-06-29 16:53:03,843 [ERROR] LogOutputStream:75 - [STDERR_REDIRECT] [Fatal Error] :1:1: Premature end of file.
2026-06-29 16:53:03,843 [ERROR] LogOutputStream:75 - [STDERR_REDIRECT] 
2026-06-29 16:53:04,825 [ERROR] LogOutputStream:75 - [STDERR_REDIRECT] [Fatal Error] :1:1: Premature end of file.
2026-06-29 16:53:04,825 [ERROR] LogOutputStream:75 - [STDERR_REDIRECT] 
2026-06-29 16:53:05,830 [ERROR] LogOutputStream:75 - [STDERR_REDIRECT] [Fatal Error] :1:1: Premature end of file.
2026-06-29 16:53:05,830 [ERROR] LogOutputStream:75 - [STDERR_REDIRECT] 
2026-06-29 16:53:06,835 [ERROR] LogOutputStream:75 - [STDERR_REDIRECT] [Fatal Error] :1:1: Premature end of file.
2026-06-29 16:53:06,835 [ERROR] LogOutputStream:75 - [STDERR_REDIRECT] 
2026-06-29 16:53:07,825 [ERROR] LogOutputStream:75 - [STDERR_REDIRECT] [Fatal Error] :1:1: Premature end of file.
2026-06-29 16:53:07,825 [ERROR] LogOutputStream:75 - [STDERR_REDIRECT] 
2026-06-29 16:53:08,818 [ERROR] LogOutputStream:75 - [STDERR_REDIRECT] [Fatal Error] :1:1: Premature end of file.
2026-06-29 16:53:08,818 [ERROR] LogOutputStream:75 - [STDERR_REDIRECT] 
2026-06-29 16:53:09,849 [ERROR] LogOutputStream:75 - [STDERR_REDIRECT] [Fatal Error] :1:1: Premature end of file.
2026-06-29 16:53:09,849 [ERROR] LogOutputStream:75 - [STDERR_REDIRECT] 
2026-06-29 16:53:10,857 [ERROR] LogOutputStream:75 - [STDERR_REDIRECT] [Fatal Error] :1:1: Premature end of file.
2026-06-29 16:53:10,871 [ERROR] LogOutputStream:75 - [STDERR_REDIRECT] 
2026-06-29 16:53:11,877 [ERROR] LogOutputStream:75 - [STDERR_REDIRECT] [Fatal Error] :1:1: Premature end of file.
2026-06-29 16:53:11,877 [ERROR] LogOutputStream:75 - [STDERR_REDIRECT] 
2026-06-29 16:53:12,862 [ERROR] LogOutputStream:75 - [STDERR_REDIRECT] [Fatal Error] :1:1: Premature end of file.
2026-06-29 16:53:12,862 [ERROR] LogOutputStream:75 - [STDERR_REDIRECT] 
2026-06-29 16:53:13,846 [ERROR] LogOutputStream:75 - [STDERR_REDIRECT] [Fatal Error] :1:1: Premature end of file.
2026-06-29 16:53:13,846 [ERROR] LogOutputStream:75 - [STDERR_REDIRECT] 
2026-06-29 16:53:14,852 [ERROR] LogOutputStream:75 - [STDERR_REDIRECT] [Fatal Error] :1:1: Premature end of file.
2026-06-29 16:53:14,852 [ERROR] LogOutputStream:75 - [STDERR_REDIRECT] 
2026-06-29 16:53:15,967 [ERROR] LogOutputStream:75 - [STDERR_REDIRECT] [Fatal Error] :1:1: Premature end of file.
2026-06-29 16:53:15,968 [ERROR] LogOutputStream:75 - [STDERR_REDIRECT] 
2026-06-29 16:53:16,843 [ERROR] LogOutputStream:75 - [STDERR_REDIRECT] [Fatal Error] :1:1: Premature end of file.
2026-06-29 16:53:16,843 [ERROR] LogOutputStream:75 - [STDERR_REDIRECT] 
2026-06-29 16:53:17,852 [ERROR] LogOutputStream:75 - [STDERR_REDIRECT] [Fatal Error] :1:1: Premature end of file.
2026-06-29 16:53:17,852 [ERROR] LogOutputStream:75 - [STDERR_REDIRECT] 
2026-06-29 16:53:18,888 [ERROR] LogOutputStream:75 - [STDERR_REDIRECT] [Fatal Error] :1:1: Premature end of file.
2026-06-29 16:53:18,888 [ERROR] LogOutputStream:75 - [STDERR_REDIRECT] 
2026-06-29 16:53:19,860 [ERROR] LogOutputStream:75 - [STDERR_REDIRECT] [Fatal Error] :1:1: Premature end of file.
2026-06-29 16:53:19,860 [ERROR] LogOutputStream:75 - [STDERR_REDIRECT] 
2026-06-29 16:53:20,898 [ERROR] LogOutputStream:75 - [STDERR_REDIRECT] [Fatal Error] :1:1: Premature end of file.
2026-06-29 16:53:20,898 [ERROR] LogOutputStream:75 - [STDERR_REDIRECT] 
2026-06-29 16:53:21,897 [ERROR] LogOutputStream:75 - [STDERR_REDIRECT] [Fatal Error] :1:1: Premature end of file.
2026-06-29 16:53:21,897 [ERROR] LogOutputStream:75 - [STDERR_REDIRECT] 
2026-06-29 16:53:22,852 [ERROR] LogOutputStream:75 - [STDERR_REDIRECT] [Fatal Error] :1:1: Premature end of file.
2026-06-29 16:53:22,852 [ERROR] LogOutputStream:75 - [STDERR_REDIRECT] 
2026-06-29 16:53:23,856 [ERROR] LogOutputStream:75 - [STDERR_REDIRECT] [Fatal Error] :1:1: Premature end of file.
2026-06-29 16:53:23,856 [ERROR] LogOutputStream:75 - [STDERR_REDIRECT] 
2026-06-29 16:53:24,865 [ERROR] LogOutputStream:75 - [STDERR_REDIRECT] [Fatal Error] :1:1: Premature end of file.
2026-06-29 16:53:24,867 [ERROR] LogOutputStream:75 - [STDERR_REDIRECT] 
2026-06-29 16:53:25,905 [ERROR] LogOutputStream:75 - [STDERR_REDIRECT] [Fatal Error] :1:1: Premature end of file.
2026-06-29 16:53:25,906 [ERROR] LogOutputStream:75 - [STDERR_REDIRECT] 
2026-06-29 16:53:26,909 [ERROR] LogOutputStream:75 - [STDERR_REDIRECT] [Fatal Error] :1:1: Premature end of file.
2026-06-29 16:53:26,913 [ERROR] LogOutputStream:75 - [STDERR_REDIRECT] 
2026-06-29 16:53:27,845 [ERROR] LogOutputStream:75 - [STDERR_REDIRECT] [Fatal Error] :1:1: Premature end of file.
2026-06-29 16:53:27,845 [ERROR] LogOutputStream:75 - [STDERR_REDIRECT] 
2026-06-29 16:53:28,830 [ERROR] LogOutputStream:75 - [STDERR_REDIRECT] [Fatal Error] :1:1: Premature end of file.
2026-06-29 16:53:28,830 [ERROR] LogOutputStream:75 - [STDERR_REDIRECT] 
2026-06-29 16:53:29,886 [ERROR] LogOutputStream:75 - [STDERR_REDIRECT] [Fatal Error] :1:1: Premature end of file.
2026-06-29 16:53:29,886 [ERROR] LogOutputStream:75 - [STDERR_REDIRECT] 
2026-06-29 16:53:30,833 [ERROR] LogOutputStream:75 - [STDERR_REDIRECT] [Fatal Error] :1:1: Premature end of file.
2026-06-29 16:53:30,833 [ERROR] LogOutputStream:75 - [STDERR_REDIRECT] 
2026-06-29 16:53:31,837 [ERROR] LogOutputStream:75 - [STDERR_REDIRECT] [Fatal Error] :1:1: Premature end of file.
2026-06-29 16:53:31,837 [ERROR] LogOutputStream:75 - [STDERR_REDIRECT] 
2026-06-29 16:53:32,910 [ERROR] LogOutputStream:75 - [STDERR_REDIRECT] [Fatal Error] :1:1: Premature end of file.
2026-06-29 16:53:32,910 [ERROR] LogOutputStream:75 - [STDERR_REDIRECT] 
2026-06-29 16:53:33,923 [ERROR] LogOutputStream:75 - [STDERR_REDIRECT] [Fatal Error] :1:1: Premature end of file.
2026-06-29 16:53:33,923 [ERROR] LogOutputStream:75 - [STDERR_REDIRECT] 
2026-06-29 16:53:34,895 [ERROR] LogOutputStream:75 - [STDERR_REDIRECT] [Fatal Error] :1:1: Premature end of file.
2026-06-29 16:53:34,896 [ERROR] LogOutputStream:75 - [STDERR_REDIRECT] 
2026-06-29 16:53:35,854 [ERROR] LogOutputStream:75 - [STDERR_REDIRECT] [Fatal Error] :1:1: Premature end of file.
2026-06-29 16:53:35,854 [ERROR] LogOutputStream:75 - [STDERR_REDIRECT] 
2026-06-29 16:53:36,835 [ERROR] LogOutputStream:75 - [STDERR_REDIRECT] [Fatal Error] :1:1: Premature end of file.
2026-06-29 16:53:36,835 [ERROR] LogOutputStream:75 - [STDERR_REDIRECT] 
2026-06-29 16:53:37,857 [ERROR] LogOutputStream:75 - [STDERR_REDIRECT] [Fatal Error] :1:1: Premature end of file.
2026-06-29 16:53:37,857 [ERROR] LogOutputStream:75 - [STDERR_REDIRECT] 
2026-06-29 16:53:38,878 [ERROR] LogOutputStream:75 - [STDERR_REDIRECT] [Fatal Error] :1:1: Premature end of file.
2026-06-29 16:53:38,878 [ERROR] LogOutputStream:75 - [STDERR_REDIRECT] 
2026-06-29 16:53:39,851 [ERROR] LogOutputStream:75 - [STDERR_REDIRECT] [Fatal Error] :1:1: Premature end of file.
2026-06-29 16:53:39,851 [ERROR] LogOutputStream:75 - [STDERR_REDIRECT] 
2026-06-29 16:53:40,852 [ERROR] LogOutputStream:75 - [STDERR_REDIRECT] [Fatal Error] :1:1: Premature end of file.
2026-06-29 16:53:40,852 [ERROR] LogOutputStream:75 - [STDERR_REDIRECT] 
2026-06-29 16:53:41,840 [ERROR] LogOutputStream:75 - [STDERR_REDIRECT] [Fatal Error] :1:1: Premature end of file.
2026-06-29 16:53:41,840 [ERROR] LogOutputStream:75 - [STDERR_REDIRECT] 
2026-06-29 16:53:42,847 [ERROR] LogOutputStream:75 - [STDERR_REDIRECT] [Fatal Error] :1:1: Premature end of file.
2026-06-29 16:53:42,847 [ERROR] LogOutputStream:75 - [STDERR_REDIRECT] 
2026-06-29 16:53:43,867 [ERROR] LogOutputStream:75 - [STDERR_REDIRECT] [Fatal Error] :1:1: Premature end of file.
2026-06-29 16:53:43,867 [ERROR] LogOutputStream:75 - [STDERR_REDIRECT] 
2026-06-29 16:53:44,837 [ERROR] LogOutputStream:75 - [STDERR_REDIRECT] [Fatal Error] :1:1: Premature end of file.
2026-06-29 16:53:44,837 [ERROR] LogOutputStream:75 - [STDERR_REDIRECT] 
2026-06-29 16:53:45,858 [ERROR] LogOutputStream:75 - [STDERR_REDIRECT] [Fatal Error] :1:1: Premature end of file.
2026-06-29 16:53:45,860 [ERROR] LogOutputStream:75 - [STDERR_REDIRECT] 
2026-06-29 16:53:46,836 [ERROR] LogOutputStream:75 - [STDERR_REDIRECT] [Fatal Error] :1:1: Premature end of file.
2026-06-29 16:53:46,836 [ERROR] LogOutputStream:75 - [STDERR_REDIRECT] 
2026-06-29 16:53:47,846 [ERROR] LogOutputStream:75 - [STDERR_REDIRECT] [Fatal Error] :1:1: Premature end of file.
2026-06-29 16:53:47,846 [ERROR] LogOutputStream:75 - [STDERR_REDIRECT] 
2026-06-29 16:53:48,874 [ERROR] LogOutputStream:75 - [STDERR_REDIRECT] [Fatal Error] :1:1: Premature end of file.
2026-06-29 16:53:48,874 [ERROR] LogOutputStream:75 - [STDERR_REDIRECT] 
2026-06-29 16:53:49,847 [ERROR] LogOutputStream:75 - [STDERR_REDIRECT] [Fatal Error] :1:1: Premature end of file.
2026-06-29 16:53:49,847 [ERROR] LogOutputStream:75 - [STDERR_REDIRECT] 
2026-06-29 16:53:50,827 [ERROR] LogOutputStream:75 - [STDERR_REDIRECT] [Fatal Error] :1:1: Premature end of file.
2026-06-29 16:53:50,827 [ERROR] LogOutputStream:75 - [STDERR_REDIRECT] 
2026-06-29 16:53:51,849 [ERROR] LogOutputStream:75 - [STDERR_REDIRECT] [Fatal Error] :1:1: Premature end of file.
2026-06-29 16:53:51,849 [ERROR] LogOutputStream:75 - [STDERR_REDIRECT] 
2026-06-29 16:53:52,854 [ERROR] LogOutputStream:75 - [STDERR_REDIRECT] [Fatal Error] :1:1: Premature end of file.
2026-06-29 16:53:52,868 [ERROR] LogOutputStream:75 - [STDERR_REDIRECT] 
2026-06-29 16:53:53,873 [ERROR] LogOutputStream:75 - [STDERR_REDIRECT] [Fatal Error] :1:1: Premature end of file.
2026-06-29 16:53:53,873 [ERROR] LogOutputStream:75 - [STDERR_REDIRECT] 
2026-06-29 16:53:54,839 [ERROR] LogOutputStream:75 - [STDERR_REDIRECT] [Fatal Error] :1:1: Premature end of file.
2026-06-29 16:53:54,839 [ERROR] LogOutputStream:75 - [STDERR_REDIRECT] 
2026-06-29 16:53:55,867 [ERROR] LogOutputStream:75 - [STDERR_REDIRECT] [Fatal Error] :1:1: Premature end of file.
2026-06-29 16:53:55,868 [ERROR] LogOutputStream:75 - [STDERR_REDIRECT] 
2026-06-29 16:53:56,898 [ERROR] LogOutputStream:75 - [STDERR_REDIRECT] [Fatal Error] :1:1: Premature end of file.
2026-06-29 16:53:56,898 [ERROR] LogOutputStream:75 - [STDERR_REDIRECT] 
2026-06-29 16:53:57,838 [ERROR] LogOutputStream:75 - [STDERR_REDIRECT] [Fatal Error] :1:1: Premature end of file.
2026-06-29 16:53:57,838 [ERROR] LogOutputStream:75 - [STDERR_REDIRECT] 
2026-06-29 16:53:58,875 [ERROR] LogOutputStream:75 - [STDERR_REDIRECT] [Fatal Error] :1:1: Premature end of file.
2026-06-29 16:53:58,875 [ERROR] LogOutputStream:75 - [STDERR_REDIRECT] 
2026-06-29 16:53:59,868 [ERROR] LogOutputStream:75 - [STDERR_REDIRECT] [Fatal Error] :1:1: Premature end of file.
2026-06-29 16:53:59,873 [ERROR] LogOutputStream:75 - [STDERR_REDIRECT] 
2026-06-29 16:54:00,866 [ERROR] LogOutputStream:75 - [STDERR_REDIRECT] [Fatal Error] :1:1: Premature end of file.
2026-06-29 16:54:00,866 [ERROR] LogOutputStream:75 - [STDERR_REDIRECT] 
2026-06-29 16:54:01,844 [ERROR] LogOutputStream:75 - [STDERR_REDIRECT] [Fatal Error] :1:1: Premature end of file.
2026-06-29 16:54:01,844 [ERROR] LogOutputStream:75 - [STDERR_REDIRECT] 
2026-06-29 16:54:02,852 [ERROR] LogOutputStream:75 - [STDERR_REDIRECT] [Fatal Error] :1:1: Premature end of file.
2026-06-29 16:54:02,852 [ERROR] LogOutputStream:75 - [STDERR_REDIRECT] 
2026-06-29 16:54:03,827 [ERROR] LogOutputStream:75 - [STDERR_REDIRECT] [Fatal Error] :1:1: Premature end of file.
2026-06-29 16:54:03,827 [ERROR] LogOutputStream:75 - [STDERR_REDIRECT] 
2026-06-29 16:54:04,851 [ERROR] LogOutputStream:75 - [STDERR_REDIRECT] [Fatal Error] :1:1: Premature end of file.
2026-06-29 16:54:04,851 [ERROR] LogOutputStream:75 - [STDERR_REDIRECT] 
2026-06-29 16:54:05,848 [ERROR] LogOutputStream:75 - [STDERR_REDIRECT] [Fatal Error] :1:1: Premature end of file.
2026-06-29 16:54:05,848 [ERROR] LogOutputStream:75 - [STDERR_REDIRECT] 
2026-06-29 16:54:06,845 [ERROR] LogOutputStream:75 - [STDERR_REDIRECT] [Fatal Error] :1:1: Premature end of file.
2026-06-29 16:54:06,845 [ERROR] LogOutputStream:75 - [STDERR_REDIRECT] 
2026-06-29 16:54:07,840 [ERROR] LogOutputStream:75 - [STDERR_REDIRECT] [Fatal Error] :1:1: Premature end of file.
2026-06-29 16:54:07,840 [ERROR] LogOutputStream:75 - [STDERR_REDIRECT] 
2026-06-29 16:54:08,846 [ERROR] LogOutputStream:75 - [STDERR_REDIRECT] [Fatal Error] :1:1: Premature end of file.
2026-06-29 16:54:08,846 [ERROR] LogOutputStream:75 - [STDERR_REDIRECT] 
2026-06-29 16:54:09,903 [ERROR] LogOutputStream:75 - [STDERR_REDIRECT] [Fatal Error] :1:1: Premature end of file.
2026-06-29 16:54:09,904 [ERROR] LogOutputStream:75 - [STDERR_REDIRECT] 
2026-06-29 16:54:10,906 [ERROR] LogOutputStream:75 - [STDERR_REDIRECT] [Fatal Error] :1:1: Premature end of file.
2026-06-29 16:54:10,907 [ERROR] LogOutputStream:75 - [STDERR_REDIRECT] 
2026-06-29 16:54:11,867 [ERROR] LogOutputStream:75 - [STDERR_REDIRECT] [Fatal Error] :1:1: Premature end of file.
2026-06-29 16:54:11,867 [ERROR] LogOutputStream:75 - [STDERR_REDIRECT] 
2026-06-29 16:54:12,883 [ERROR] LogOutputStream:75 - [STDERR_REDIRECT] [Fatal Error] :1:1: Premature end of file.
2026-06-29 16:54:12,883 [ERROR] LogOutputStream:75 - [STDERR_REDIRECT] 
2026-06-29 16:54:13,831 [ERROR] LogOutputStream:75 - [STDERR_REDIRECT] [Fatal Error] :1:1: Premature end of file.
2026-06-29 16:54:13,831 [ERROR] LogOutputStream:75 - [STDERR_REDIRECT] 
2026-06-29 16:54:14,834 [ERROR] LogOutputStream:75 - [STDERR_REDIRECT] [Fatal Error] :1:1: Premature end of file.
2026-06-29 16:54:14,834 [ERROR] LogOutputStream:75 - [STDERR_REDIRECT] 
2026-06-29 16:54:15,855 [ERROR] LogOutputStream:75 - [STDERR_REDIRECT] [Fatal Error] :1:1: Premature end of file.
2026-06-29 16:54:15,855 [ERROR] LogOutputStream:75 - [STDERR_REDIRECT] 
2026-06-29 16:54:16,834 [ERROR] LogOutputStream:75 - [STDERR_REDIRECT] [Fatal Error] :1:1: Premature end of file.
2026-06-29 16:54:16,834 [ERROR] LogOutputStream:75 - [STDERR_REDIRECT] 
2026-06-29 16:54:17,838 [ERROR] LogOutputStream:75 - [STDERR_REDIRECT] [Fatal Error] :1:1: Premature end of file.
2026-06-29 16:54:17,838 [ERROR] LogOutputStream:75 - [STDERR_REDIRECT] 
2026-06-29 16:54:18,881 [ERROR] LogOutputStream:75 - [STDERR_REDIRECT] [Fatal Error] :1:1: Premature end of file.
2026-06-29 16:54:18,881 [ERROR] LogOutputStream:75 - [STDERR_REDIRECT] 
2026-06-29 16:54:20,043 [ERROR] LogOutputStream:75 - [STDERR_REDIRECT] [Fatal Error] :1:1: Premature end of file.
2026-06-29 16:54:20,044 [ERROR] LogOutputStream:75 - [STDERR_REDIRECT] 
2026-06-29 16:54:20,856 [ERROR] LogOutputStream:75 - [STDERR_REDIRECT] [Fatal Error] :1:1: Premature end of file.
2026-06-29 16:54:20,856 [ERROR] LogOutputStream:75 - [STDERR_REDIRECT] 
2026-06-29 16:54:21,860 [ERROR] LogOutputStream:75 - [STDERR_REDIRECT] [Fatal Error] :1:1: Premature end of file.
2026-06-29 16:54:21,860 [ERROR] LogOutputStream:75 - [STDERR_REDIRECT] 
2026-06-29 16:54:22,833 [ERROR] LogOutputStream:75 - [STDERR_REDIRECT] [Fatal Error] :1:1: Premature end of file.
2026-06-29 16:54:22,833 [ERROR] LogOutputStream:75 - [STDERR_REDIRECT] 
2026-06-29 16:54:23,841 [ERROR] LogOutputStream:75 - [STDERR_REDIRECT] [Fatal Error] :1:1: Premature end of file.
2026-06-29 16:54:23,841 [ERROR] LogOutputStream:75 - [STDERR_REDIRECT] 
2026-06-29 16:54:24,853 [ERROR] LogOutputStream:75 - [STDERR_REDIRECT] [Fatal Error] :1:1: Premature end of file.
2026-06-29 16:54:24,854 [ERROR] LogOutputStream:75 - [STDERR_REDIRECT] 
2026-06-29 16:54:25,839 [ERROR] LogOutputStream:75 - [STDERR_REDIRECT] [Fatal Error] :1:1: Premature end of file.
2026-06-29 16:54:25,839 [ERROR] LogOutputStream:75 - [STDERR_REDIRECT] 
2026-06-29 16:54:26,833 [ERROR] LogOutputStream:75 - [STDERR_REDIRECT] [Fatal Error] :1:1: Premature end of file.
2026-06-29 16:54:26,833 [ERROR] LogOutputStream:75 - [STDERR_REDIRECT] 
2026-06-29 16:54:27,826 [ERROR] LogOutputStream:75 - [STDERR_REDIRECT] [Fatal Error] :1:1: Premature end of file.
2026-06-29 16:54:27,826 [ERROR] LogOutputStream:75 - [STDERR_REDIRECT] 
2026-06-29 16:54:28,842 [ERROR] LogOutputStream:75 - [STDERR_REDIRECT] [Fatal Error] :1:1: Premature end of file.
2026-06-29 16:54:28,842 [ERROR] LogOutputStream:75 - [STDERR_REDIRECT] 
2026-06-29 16:54:29,844 [ERROR] LogOutputStream:75 - [STDERR_REDIRECT] [Fatal Error] :1:1: Premature end of file.
2026-06-29 16:54:29,844 [ERROR] LogOutputStream:75 - [STDERR_REDIRECT] 
2026-06-29 16:54:30,834 [ERROR] LogOutputStream:75 - [STDERR_REDIRECT] [Fatal Error] :1:1: Premature end of file.
2026-06-29 16:54:30,835 [ERROR] LogOutputStream:75 - [STDERR_REDIRECT] 
2026-06-29 16:54:31,833 [ERROR] LogOutputStream:75 - [STDERR_REDIRECT] [Fatal Error] :1:1: Premature end of file.
2026-06-29 16:54:31,833 [ERROR] LogOutputStream:75 - [STDERR_REDIRECT] 
2026-06-29 16:54:32,821 [ERROR] LogOutputStream:75 - [STDERR_REDIRECT] [Fatal Error] :1:1: Premature end of file.
2026-06-29 16:54:32,833 [ERROR] LogOutputStream:75 - [STDERR_REDIRECT] 
2026-06-29 16:54:33,841 [ERROR] LogOutputStream:75 - [STDERR_REDIRECT] [Fatal Error] :1:1: Premature end of file.
2026-06-29 16:54:33,841 [ERROR] LogOutputStream:75 - [STDERR_REDIRECT] 
2026-06-29 16:54:34,854 [ERROR] LogOutputStream:75 - [STDERR_REDIRECT] [Fatal Error] :1:1: Premature end of file.
2026-06-29 16:54:34,855 [ERROR] LogOutputStream:75 - [STDERR_REDIRECT] 
2026-06-29 16:54:35,852 [ERROR] LogOutputStream:75 - [STDERR_REDIRECT] [Fatal Error] :1:1: Premature end of file.
2026-06-29 16:54:35,852 [ERROR] LogOutputStream:75 - [STDERR_REDIRECT] 
2026-06-29 16:54:36,865 [ERROR] LogOutputStream:75 - [STDERR_REDIRECT] [Fatal Error] :1:1: Premature end of file.
2026-06-29 16:54:36,866 [ERROR] LogOutputStream:75 - [STDERR_REDIRECT] 
2026-06-29 16:54:37,834 [ERROR] LogOutputStream:75 - [STDERR_REDIRECT] [Fatal Error] :1:1: Premature end of file.
2026-06-29 16:54:37,844 [ERROR] LogOutputStream:75 - [STDERR_REDIRECT] 
2026-06-29 16:54:38,843 [ERROR] LogOutputStream:75 - [STDERR_REDIRECT] [Fatal Error] :1:1: Premature end of file.
2026-06-29 16:54:38,844 [ERROR] LogOutputStream:75 - [STDERR_REDIRECT] 
2026-06-29 16:54:39,854 [ERROR] LogOutputStream:75 - [STDERR_REDIRECT] [Fatal Error] :1:1: Premature end of file.
2026-06-29 16:54:39,854 [ERROR] LogOutputStream:75 - [STDERR_REDIRECT] 
2026-06-29 16:54:40,831 [ERROR] LogOutputStream:75 - [STDERR_REDIRECT] [Fatal Error] :1:1: Premature end of file.
2026-06-29 16:54:40,831 [ERROR] LogOutputStream:75 - [STDERR_REDIRECT] 
2026-06-29 16:54:41,848 [ERROR] LogOutputStream:75 - [STDERR_REDIRECT] [Fatal Error] :1:1: Premature end of file.
2026-06-29 16:54:41,848 [ERROR] LogOutputStream:75 - [STDERR_REDIRECT] 
2026-06-29 16:54:42,823 [ERROR] LogOutputStream:75 - [STDERR_REDIRECT] [Fatal Error] :1:1: Premature end of file.
2026-06-29 16:54:42,824 [ERROR] LogOutputStream:75 - [STDERR_REDIRECT] 
2026-06-29 16:54:43,825 [ERROR] LogOutputStream:75 - [STDERR_REDIRECT] [Fatal Error] :1:1: Premature end of file.
2026-06-29 16:54:43,825 [ERROR] LogOutputStream:75 - [STDERR_REDIRECT] 
2026-06-29 16:54:44,837 [ERROR] LogOutputStream:75 - [STDERR_REDIRECT] [Fatal Error] :1:1: Premature end of file.
2026-06-29 16:54:44,838 [ERROR] LogOutputStream:75 - [STDERR_REDIRECT] 
2026-06-29 16:54:45,845 [ERROR] LogOutputStream:75 - [STDERR_REDIRECT] [Fatal Error] :1:1: Premature end of file.
2026-06-29 16:54:45,845 [ERROR] LogOutputStream:75 - [STDERR_REDIRECT] 
2026-06-29 16:54:46,835 [ERROR] LogOutputStream:75 - [STDERR_REDIRECT] [Fatal Error] :1:1: Premature end of file.
2026-06-29 16:54:46,835 [ERROR] LogOutputStream:75 - [STDERR_REDIRECT] 
2026-06-29 16:54:47,888 [ERROR] LogOutputStream:75 - [STDERR_REDIRECT] [Fatal Error] :1:1: Premature end of file.
2026-06-29 16:54:47,889 [ERROR] LogOutputStream:75 - [STDERR_REDIRECT] 
2026-06-29 16:54:48,844 [ERROR] LogOutputStream:75 - [STDERR_REDIRECT] [Fatal Error] :1:1: Premature end of file.
2026-06-29 16:54:48,844 [ERROR] LogOutputStream:75 - [STDERR_REDIRECT] 
2026-06-29 16:54:49,842 [ERROR] LogOutputStream:75 - [STDERR_REDIRECT] [Fatal Error] :1:1: Premature end of file.
2026-06-29 16:54:49,843 [ERROR] LogOutputStream:75 - [STDERR_REDIRECT] 
2026-06-29 16:54:50,841 [ERROR] LogOutputStream:75 - [STDERR_REDIRECT] [Fatal Error] :1:1: Premature end of file.
2026-06-29 16:54:50,842 [ERROR] LogOutputStream:75 - [STDERR_REDIRECT] 
2026-06-29 16:54:51,816 [ERROR] LogOutputStream:75 - [STDERR_REDIRECT] [Fatal Error] :1:1: Premature end of file.
2026-06-29 16:54:51,817 [ERROR] LogOutputStream:75 - [STDERR_REDIRECT] 
2026-06-29 16:54:52,836 [ERROR] LogOutputStream:75 - [STDERR_REDIRECT] [Fatal Error] :1:1: Premature end of file.
2026-06-29 16:54:52,836 [ERROR] LogOutputStream:75 - [STDERR_REDIRECT] 
2026-06-29 16:54:53,848 [ERROR] LogOutputStream:75 - [STDERR_REDIRECT] [Fatal Error] :1:1: Premature end of file.
2026-06-29 16:54:53,848 [ERROR] LogOutputStream:75 - [STDERR_REDIRECT] 
2026-06-29 16:54:54,838 [ERROR] LogOutputStream:75 - [STDERR_REDIRECT] [Fatal Error] :1:1: Premature end of file.
2026-06-29 16:54:54,838 [ERROR] LogOutputStream:75 - [STDERR_REDIRECT] 
2026-06-29 16:54:55,845 [ERROR] LogOutputStream:75 - [STDERR_REDIRECT] [Fatal Error] :1:1: Premature end of file.
2026-06-29 16:54:55,846 [ERROR] LogOutputStream:75 - [STDERR_REDIRECT] 
2026-06-29 16:54:56,846 [ERROR] LogOutputStream:75 - [STDERR_REDIRECT] [Fatal Error] :1:1: Premature end of file.
2026-06-29 16:54:56,846 [ERROR] LogOutputStream:75 - [STDERR_REDIRECT] 
2026-06-29 16:54:57,839 [ERROR] LogOutputStream:75 - [STDERR_REDIRECT] [Fatal Error] :1:1: Premature end of file.
2026-06-29 16:54:57,840 [ERROR] LogOutputStream:75 - [STDERR_REDIRECT] 
2026-06-29 16:54:58,850 [ERROR] LogOutputStream:75 - [STDERR_REDIRECT] [Fatal Error] :1:1: Premature end of file.
2026-06-29 16:54:58,850 [ERROR] LogOutputStream:75 - [STDERR_REDIRECT] 
2026-06-29 16:54:59,835 [ERROR] LogOutputStream:75 - [STDERR_REDIRECT] [Fatal Error] :1:1: Premature end of file.
2026-06-29 16:54:59,836 [ERROR] LogOutputStream:75 - [STDERR_REDIRECT] 
2026-06-29 16:55:00,831 [ERROR] LogOutputStream:75 - [STDERR_REDIRECT] [Fatal Error] :1:1: Premature end of file.
2026-06-29 16:55:00,831 [ERROR] LogOutputStream:75 - [STDERR_REDIRECT] 
2026-06-29 16:55:01,854 [ERROR] LogOutputStream:75 - [STDERR_REDIRECT] [Fatal Error] :1:1: Premature end of file.
2026-06-29 16:55:01,854 [ERROR] LogOutputStream:75 - [STDERR_REDIRECT] 
2026-06-29 16:55:02,847 [ERROR] LogOutputStream:75 - [STDERR_REDIRECT] [Fatal Error] :1:1: Premature end of file.
2026-06-29 16:55:02,847 [ERROR] LogOutputStream:75 - [STDERR_REDIRECT] 
2026-06-29 16:55:03,832 [ERROR] LogOutputStream:75 - [STDERR_REDIRECT] [Fatal Error] :1:1: Premature end of file.
2026-06-29 16:55:03,832 [ERROR] LogOutputStream:75 - [STDERR_REDIRECT] 
2026-06-29 16:55:04,884 [ERROR] LogOutputStream:75 - [STDERR_REDIRECT] [Fatal Error] :1:1: Premature end of file.
2026-06-29 16:55:04,884 [ERROR] LogOutputStream:75 - [STDERR_REDIRECT] 
2026-06-29 16:55:05,827 [ERROR] LogOutputStream:75 - [STDERR_REDIRECT] [Fatal Error] :1:1: Premature end of file.
2026-06-29 16:55:05,827 [ERROR] LogOutputStream:75 - [STDERR_REDIRECT] 
2026-06-29 16:55:06,844 [ERROR] LogOutputStream:75 - [STDERR_REDIRECT] [Fatal Error] :1:1: Premature end of file.
2026-06-29 16:55:06,844 [ERROR] LogOutputStream:75 - [STDERR_REDIRECT] 
2026-06-29 16:55:07,825 [ERROR] LogOutputStream:75 - [STDERR_REDIRECT] [Fatal Error] :1:1: Premature end of file.
2026-06-29 16:55:07,825 [ERROR] LogOutputStream:75 - [STDERR_REDIRECT] 
2026-06-29 16:55:08,842 [ERROR] LogOutputStream:75 - [STDERR_REDIRECT] [Fatal Error] :1:1: Premature end of file.
2026-06-29 16:55:08,842 [ERROR] LogOutputStream:75 - [STDERR_REDIRECT] 
2026-06-29 16:55:09,845 [ERROR] LogOutputStream:75 - [STDERR_REDIRECT] [Fatal Error] :1:1: Premature end of file.
2026-06-29 16:55:09,845 [ERROR] LogOutputStream:75 - [STDERR_REDIRECT] 
2026-06-29 16:55:10,835 [ERROR] LogOutputStream:75 - [STDERR_REDIRECT] [Fatal Error] :1:1: Premature end of file.
2026-06-29 16:55:10,835 [ERROR] LogOutputStream:75 - [STDERR_REDIRECT] 
2026-06-29 16:55:11,847 [ERROR] LogOutputStream:75 - [STDERR_REDIRECT] [Fatal Error] :1:1: Premature end of file.
2026-06-29 16:55:11,847 [ERROR] LogOutputStream:75 - [STDERR_REDIRECT] 
2026-06-29 16:55:12,916 [ERROR] LogOutputStream:75 - [STDERR_REDIRECT] [Fatal Error] :1:1: Premature end of file.
2026-06-29 16:55:12,917 [ERROR] LogOutputStream:75 - [STDERR_REDIRECT] 
2026-06-29 16:55:13,841 [ERROR] LogOutputStream:75 - [STDERR_REDIRECT] [Fatal Error] :1:1: Premature end of file.
2026-06-29 16:55:13,842 [ERROR] LogOutputStream:75 - [STDERR_REDIRECT] 
2026-06-29 16:55:14,843 [ERROR] LogOutputStream:75 - [STDERR_REDIRECT] [Fatal Error] :1:1: Premature end of file.
2026-06-29 16:55:14,843 [ERROR] LogOutputStream:75 - [STDERR_REDIRECT] 
2026-06-29 16:55:15,841 [ERROR] LogOutputStream:75 - [STDERR_REDIRECT] [Fatal Error] :1:1: Premature end of file.
2026-06-29 16:55:15,841 [ERROR] LogOutputStream:75 - [STDERR_REDIRECT] 
2026-06-29 16:55:16,835 [ERROR] LogOutputStream:75 - [STDERR_REDIRECT] [Fatal Error] :1:1: Premature end of file.
2026-06-29 16:55:16,841 [ERROR] LogOutputStream:75 - [STDERR_REDIRECT] 
2026-06-29 16:55:17,851 [ERROR] LogOutputStream:75 - [STDERR_REDIRECT] [Fatal Error] :1:1: Premature end of file.
2026-06-29 16:55:17,851 [ERROR] LogOutputStream:75 - [STDERR_REDIRECT] 
2026-06-29 16:55:18,851 [ERROR] LogOutputStream:75 - [STDERR_REDIRECT] [Fatal Error] :1:1: Premature end of file.
2026-06-29 16:55:18,851 [ERROR] LogOutputStream:75 - [STDERR_REDIRECT] 
2026-06-29 16:55:19,845 [ERROR] LogOutputStream:75 - [STDERR_REDIRECT] [Fatal Error] :1:1: Premature end of file.
2026-06-29 16:55:19,845 [ERROR] LogOutputStream:75 - [STDERR_REDIRECT] 
2026-06-29 16:55:20,840 [ERROR] LogOutputStream:75 - [STDERR_REDIRECT] [Fatal Error] :1:1: Premature end of file.
2026-06-29 16:55:20,840 [ERROR] LogOutputStream:75 - [STDERR_REDIRECT] 
2026-06-29 16:55:21,830 [ERROR] LogOutputStream:75 - [STDERR_REDIRECT] [Fatal Error] :1:1: Premature end of file.
2026-06-29 16:55:21,831 [ERROR] LogOutputStream:75 - [STDERR_REDIRECT] 
2026-06-29 16:55:22,850 [ERROR] LogOutputStream:75 - [STDERR_REDIRECT] [Fatal Error] :1:1: Premature end of file.
2026-06-29 16:55:22,850 [ERROR] LogOutputStream:75 - [STDERR_REDIRECT] 
2026-06-29 16:55:23,810 [ERROR] LogOutputStream:75 - [STDERR_REDIRECT] [Fatal Error] :1:1: Premature end of file.
2026-06-29 16:55:23,810 [ERROR] LogOutputStream:75 - [STDERR_REDIRECT] 
2026-06-29 16:55:24,836 [ERROR] LogOutputStream:75 - [STDERR_REDIRECT] [Fatal Error] :1:1: Premature end of file.
2026-06-29 16:55:24,837 [ERROR] LogOutputStream:75 - [STDERR_REDIRECT] 
2026-06-29 16:55:25,966 [ERROR] LogOutputStream:75 - [STDERR_REDIRECT] [Fatal Error] :1:1: Premature end of file.
2026-06-29 16:55:25,966 [ERROR] LogOutputStream:75 - [STDERR_REDIRECT] 
2026-06-29 16:55:26,876 [ERROR] LogOutputStream:75 - [STDERR_REDIRECT] [Fatal Error] :1:1: Premature end of file.
2026-06-29 16:55:26,876 [ERROR] LogOutputStream:75 - [STDERR_REDIRECT] 
2026-06-29 16:55:27,853 [ERROR] LogOutputStream:75 - [STDERR_REDIRECT] [Fatal Error] :1:1: Premature end of file.
2026-06-29 16:55:27,853 [ERROR] LogOutputStream:75 - [STDERR_REDIRECT] 
2026-06-29 16:55:28,841 [ERROR] LogOutputStream:75 - [STDERR_REDIRECT] [Fatal Error] :1:1: Premature end of file.
2026-06-29 16:55:28,842 [ERROR] LogOutputStream:75 - [STDERR_REDIRECT] 
2026-06-29 16:55:29,839 [ERROR] LogOutputStream:75 - [STDERR_REDIRECT] [Fatal Error] :1:1: Premature end of file.
2026-06-29 16:55:29,839 [ERROR] LogOutputStream:75 - [STDERR_REDIRECT] 
2026-06-29 16:55:30,832 [ERROR] LogOutputStream:75 - [STDERR_REDIRECT] [Fatal Error] :1:1: Premature end of file.
2026-06-29 16:55:30,832 [ERROR] LogOutputStream:75 - [STDERR_REDIRECT] 
2026-06-29 16:55:31,822 [ERROR] LogOutputStream:75 - [STDERR_REDIRECT] [Fatal Error] :1:1: Premature end of file.
2026-06-29 16:55:31,822 [ERROR] LogOutputStream:75 - [STDERR_REDIRECT] 
2026-06-29 16:55:32,827 [ERROR] LogOutputStream:75 - [STDERR_REDIRECT] [Fatal Error] :1:1: Premature end of file.
2026-06-29 16:55:32,827 [ERROR] LogOutputStream:75 - [STDERR_REDIRECT] 
2026-06-29 16:55:33,856 [ERROR] LogOutputStream:75 - [STDERR_REDIRECT] [Fatal Error] :1:1: Premature end of file.
2026-06-29 16:55:33,856 [ERROR] LogOutputStream:75 - [STDERR_REDIRECT] 
2026-06-29 16:55:34,848 [ERROR] LogOutputStream:75 - [STDERR_REDIRECT] [Fatal Error] :1:1: Premature end of file.
2026-06-29 16:55:34,848 [ERROR] LogOutputStream:75 - [STDERR_REDIRECT] 
2026-06-29 16:55:35,844 [ERROR] LogOutputStream:75 - [STDERR_REDIRECT] [Fatal Error] :1:1: Premature end of file.
2026-06-29 16:55:35,844 [ERROR] LogOutputStream:75 - [STDERR_REDIRECT] 
2026-06-29 16:55:36,839 [ERROR] LogOutputStream:75 - [STDERR_REDIRECT] [Fatal Error] :1:1: Premature end of file.
2026-06-29 16:55:36,839 [ERROR] LogOutputStream:75 - [STDERR_REDIRECT] 
2026-06-29 16:55:37,854 [ERROR] LogOutputStream:75 - [STDERR_REDIRECT] [Fatal Error] :1:1: Premature end of file.
2026-06-29 16:55:37,854 [ERROR] LogOutputStream:75 - [STDERR_REDIRECT] 
2026-06-29 16:55:38,839 [ERROR] LogOutputStream:75 - [STDERR_REDIRECT] [Fatal Error] :1:1: Premature end of file.
2026-06-29 16:55:38,839 [ERROR] LogOutputStream:75 - [STDERR_REDIRECT] 
2026-06-29 16:55:39,838 [ERROR] LogOutputStream:75 - [STDERR_REDIRECT] [Fatal Error] :1:1: Premature end of file.
2026-06-29 16:55:39,838 [ERROR] LogOutputStream:75 - [STDERR_REDIRECT] 
2026-06-29 16:55:40,850 [ERROR] LogOutputStream:75 - [STDERR_REDIRECT] [Fatal Error] :1:1: Premature end of file.
2026-06-29 16:55:40,850 [ERROR] LogOutputStream:75 - [STDERR_REDIRECT] 
2026-06-29 16:55:41,819 [ERROR] LogOutputStream:75 - [STDERR_REDIRECT] [Fatal Error] :1:1: Premature end of file.
2026-06-29 16:55:41,819 [ERROR] LogOutputStream:75 - [STDERR_REDIRECT] 
2026-06-29 16:55:42,831 [ERROR] LogOutputStream:75 - [STDERR_REDIRECT] [Fatal Error] :1:1: Premature end of file.
2026-06-29 16:55:42,831 [ERROR] LogOutputStream:75 - [STDERR_REDIRECT] 
2026-06-29 16:55:43,848 [ERROR] LogOutputStream:75 - [STDERR_REDIRECT] [Fatal Error] :1:1: Premature end of file.
2026-06-29 16:55:43,848 [ERROR] LogOutputStream:75 - [STDERR_REDIRECT] 
2026-06-29 16:55:44,829 [ERROR] LogOutputStream:75 - [STDERR_REDIRECT] [Fatal Error] :1:1: Premature end of file.
2026-06-29 16:55:44,843 [ERROR] LogOutputStream:75 - [STDERR_REDIRECT] 
2026-06-29 16:55:45,841 [ERROR] LogOutputStream:75 - [STDERR_REDIRECT] [Fatal Error] :1:1: Premature end of file.
2026-06-29 16:55:45,844 [ERROR] LogOutputStream:75 - [STDERR_REDIRECT] 
2026-06-29 16:55:46,847 [ERROR] LogOutputStream:75 - [STDERR_REDIRECT] [Fatal Error] :1:1: Premature end of file.
2026-06-29 16:55:46,847 [ERROR] LogOutputStream:75 - [STDERR_REDIRECT] 
2026-06-29 16:55:47,843 [ERROR] LogOutputStream:75 - [STDERR_REDIRECT] [Fatal Error] :1:1: Premature end of file.
2026-06-29 16:55:47,843 [ERROR] LogOutputStream:75 - [STDERR_REDIRECT] 
2026-06-29 16:55:48,842 [ERROR] LogOutputStream:75 - [STDERR_REDIRECT] [Fatal Error] :1:1: Premature end of file.
2026-06-29 16:55:48,845 [ERROR] LogOutputStream:75 - [STDERR_REDIRECT] 
2026-06-29 16:55:49,840 [ERROR] LogOutputStream:75 - [STDERR_REDIRECT] [Fatal Error] :1:1: Premature end of file.
2026-06-29 16:55:49,840 [ERROR] LogOutputStream:75 - [STDERR_REDIRECT] 
2026-06-29 16:55:50,841 [ERROR] LogOutputStream:75 - [STDERR_REDIRECT] [Fatal Error] :1:1: Premature end of file.
2026-06-29 16:55:50,841 [ERROR] LogOutputStream:75 - [STDERR_REDIRECT] 
2026-06-29 16:55:51,823 [ERROR] LogOutputStream:75 - [STDERR_REDIRECT] [Fatal Error] :1:1: Premature end of file.
2026-06-29 16:55:51,823 [ERROR] LogOutputStream:75 - [STDERR_REDIRECT] 
2026-06-29 16:55:52,851 [ERROR] LogOutputStream:75 - [STDERR_REDIRECT] [Fatal Error] :1:1: Premature end of file.
2026-06-29 16:55:52,851 [ERROR] LogOutputStream:75 - [STDERR_REDIRECT] 
2026-06-29 16:55:53,839 [ERROR] LogOutputStream:75 - [STDERR_REDIRECT] [Fatal Error] :1:1: Premature end of file.
2026-06-29 16:55:53,839 [ERROR] LogOutputStream:75 - [STDERR_REDIRECT] 
2026-06-29 16:55:54,872 [ERROR] LogOutputStream:75 - [STDERR_REDIRECT] [Fatal Error] :1:1: Premature end of file.
2026-06-29 16:55:54,872 [ERROR] LogOutputStream:75 - [STDERR_REDIRECT] 
2026-06-29 16:55:55,871 [ERROR] LogOutputStream:75 - [STDERR_REDIRECT] [Fatal Error] :1:1: Premature end of file.
2026-06-29 16:55:55,871 [ERROR] LogOutputStream:75 - [STDERR_REDIRECT] 
2026-06-29 16:55:57,050 [ERROR] LogOutputStream:75 - [STDERR_REDIRECT] [Fatal Error] :1:1: Premature end of file.
2026-06-29 16:55:57,050 [ERROR] LogOutputStream:75 - [STDERR_REDIRECT] 
2026-06-29 16:55:57,920 [ERROR] LogOutputStream:75 - [STDERR_REDIRECT] [Fatal Error] :1:1: Premature end of file.
2026-06-29 16:55:57,920 [ERROR] LogOutputStream:75 - [STDERR_REDIRECT] 
2026-06-29 16:55:58,900 [ERROR] LogOutputStream:75 - [STDERR_REDIRECT] [Fatal Error] :1:1: Premature end of file.
2026-06-29 16:55:58,902 [ERROR] LogOutputStream:75 - [STDERR_REDIRECT] 
2026-06-29 16:55:59,897 [ERROR] LogOutputStream:75 - [STDERR_REDIRECT] [Fatal Error] :1:1: Premature end of file.
2026-06-29 16:55:59,898 [ERROR] LogOutputStream:75 - [STDERR_REDIRECT] 
2026-06-29 16:56:00,901 [ERROR] LogOutputStream:75 - [STDERR_REDIRECT] [Fatal Error] :1:1: Premature end of file.
2026-06-29 16:56:00,901 [ERROR] LogOutputStream:75 - [STDERR_REDIRECT] 
2026-06-29 16:56:01,866 [ERROR] LogOutputStream:75 - [STDERR_REDIRECT] [Fatal Error] :1:1: Premature end of file.
2026-06-29 16:56:01,866 [ERROR] LogOutputStream:75 - [STDERR_REDIRECT] 
2026-06-29 16:56:02,832 [ERROR] LogOutputStream:75 - [STDERR_REDIRECT] [Fatal Error] :1:1: Premature end of file.
2026-06-29 16:56:02,832 [ERROR] LogOutputStream:75 - [STDERR_REDIRECT] 
2026-06-29 16:56:03,845 [ERROR] LogOutputStream:75 - [STDERR_REDIRECT] [Fatal Error] :1:1: Premature end of file.
2026-06-29 16:56:03,845 [ERROR] LogOutputStream:75 - [STDERR_REDIRECT] 
2026-06-29 16:56:04,830 [ERROR] LogOutputStream:75 - [STDERR_REDIRECT] [Fatal Error] :1:1: Premature end of file.
2026-06-29 16:56:04,830 [ERROR] LogOutputStream:75 - [STDERR_REDIRECT] 
2026-06-29 16:56:05,874 [ERROR] LogOutputStream:75 - [STDERR_REDIRECT] [Fatal Error] :1:1: Premature end of file.
2026-06-29 16:56:05,875 [ERROR] LogOutputStream:75 - [STDERR_REDIRECT] 
2026-06-29 16:56:06,828 [ERROR] LogOutputStream:75 - [STDERR_REDIRECT] [Fatal Error] :1:1: Premature end of file.
2026-06-29 16:56:06,828 [ERROR] LogOutputStream:75 - [STDERR_REDIRECT] 
2026-06-29 16:56:07,835 [ERROR] LogOutputStream:75 - [STDERR_REDIRECT] [Fatal Error] :1:1: Premature end of file.
2026-06-29 16:56:07,835 [ERROR] LogOutputStream:75 - [STDERR_REDIRECT] 
2026-06-29 16:56:08,843 [ERROR] LogOutputStream:75 - [STDERR_REDIRECT] [Fatal Error] :1:1: Premature end of file.
2026-06-29 16:56:08,843 [ERROR] LogOutputStream:75 - [STDERR_REDIRECT] 
2026-06-29 16:56:09,872 [ERROR] LogOutputStream:75 - [STDERR_REDIRECT] [Fatal Error] :1:1: Premature end of file.
2026-06-29 16:56:09,873 [ERROR] LogOutputStream:75 - [STDERR_REDIRECT] 
2026-06-29 16:56:10,858 [ERROR] LogOutputStream:75 - [STDERR_REDIRECT] [Fatal Error] :1:1: Premature end of file.
2026-06-29 16:56:10,858 [ERROR] LogOutputStream:75 - [STDERR_REDIRECT] 
2026-06-29 16:56:11,870 [ERROR] LogOutputStream:75 - [STDERR_REDIRECT] [Fatal Error] :1:1: Premature end of file.
2026-06-29 16:56:11,872 [ERROR] LogOutputStream:75 - [STDERR_REDIRECT] 
2026-06-29 16:56:12,941 [ERROR] LogOutputStream:75 - [STDERR_REDIRECT] [Fatal Error] :1:1: Premature end of file.
2026-06-29 16:56:12,942 [ERROR] LogOutputStream:75 - [STDERR_REDIRECT] 
2026-06-29 16:56:13,841 [ERROR] LogOutputStream:75 - [STDERR_REDIRECT] [Fatal Error] :1:1: Premature end of file.
2026-06-29 16:56:13,843 [ERROR] LogOutputStream:75 - [STDERR_REDIRECT] 
2026-06-29 16:56:14,880 [ERROR] LogOutputStream:75 - [STDERR_REDIRECT] [Fatal Error] :1:1: Premature end of file.
2026-06-29 16:56:14,880 [ERROR] LogOutputStream:75 - [STDERR_REDIRECT] 
2026-06-29 16:56:15,921 [ERROR] LogOutputStream:75 - [STDERR_REDIRECT] [Fatal Error] :1:1: Premature end of file.
2026-06-29 16:56:15,923 [ERROR] LogOutputStream:75 - [STDERR_REDIRECT] 
2026-06-29 16:56:16,857 [ERROR] LogOutputStream:75 - [STDERR_REDIRECT] [Fatal Error] :1:1: Premature end of file.
2026-06-29 16:56:16,857 [ERROR] LogOutputStream:75 - [STDERR_REDIRECT] 
2026-06-29 16:56:17,818 [ERROR] LogOutputStream:75 - [STDERR_REDIRECT] [Fatal Error] :1:1: Premature end of file.
2026-06-29 16:56:17,818 [ERROR] LogOutputStream:75 - [STDERR_REDIRECT] 
2026-06-29 16:56:18,914 [ERROR] LogOutputStream:75 - [STDERR_REDIRECT] [Fatal Error] :1:1: Premature end of file.
2026-06-29 16:56:18,914 [ERROR] LogOutputStream:75 - [STDERR_REDIRECT] 
2026-06-29 16:56:19,855 [ERROR] LogOutputStream:75 - [STDERR_REDIRECT] [Fatal Error] :1:1: Premature end of file.
2026-06-29 16:56:19,856 [ERROR] LogOutputStream:75 - [STDERR_REDIRECT] 
2026-06-29 16:56:20,850 [ERROR] LogOutputStream:75 - [STDERR_REDIRECT] [Fatal Error] :1:1: Premature end of file.
2026-06-29 16:56:20,850 [ERROR] LogOutputStream:75 - [STDERR_REDIRECT] 
2026-06-29 16:56:21,849 [ERROR] LogOutputStream:75 - [STDERR_REDIRECT] [Fatal Error] :1:1: Premature end of file.
2026-06-29 16:56:21,849 [ERROR] LogOutputStream:75 - [STDERR_REDIRECT] 
2026-06-29 16:56:22,843 [ERROR] LogOutputStream:75 - [STDERR_REDIRECT] [Fatal Error] :1:1: Premature end of file.
2026-06-29 16:56:22,843 [ERROR] LogOutputStream:75 - [STDERR_REDIRECT] 
2026-06-29 16:56:23,854 [ERROR] LogOutputStream:75 - [STDERR_REDIRECT] [Fatal Error] :1:1: Premature end of file.
2026-06-29 16:56:23,854 [ERROR] LogOutputStream:75 - [STDERR_REDIRECT] 
2026-06-29 16:56:24,830 [ERROR] LogOutputStream:75 - [STDERR_REDIRECT] [Fatal Error] :1:1: Premature end of file.
2026-06-29 16:56:24,830 [ERROR] LogOutputStream:75 - [STDERR_REDIRECT] 
2026-06-29 16:56:25,918 [ERROR] LogOutputStream:75 - [STDERR_REDIRECT] [Fatal Error] :1:1: Premature end of file.
2026-06-29 16:56:25,919 [ERROR] LogOutputStream:75 - [STDERR_REDIRECT] 
2026-06-29 16:56:26,828 [ERROR] LogOutputStream:75 - [STDERR_REDIRECT] [Fatal Error] :1:1: Premature end of file.
2026-06-29 16:56:26,828 [ERROR] LogOutputStream:75 - [STDERR_REDIRECT] 
2026-06-29 16:56:27,843 [ERROR] LogOutputStream:75 - [STDERR_REDIRECT] [Fatal Error] :1:1: Premature end of file.
2026-06-29 16:56:27,844 [ERROR] LogOutputStream:75 - [STDERR_REDIRECT] 
2026-06-29 16:56:28,856 [ERROR] LogOutputStream:75 - [STDERR_REDIRECT] [Fatal Error] :1:1: Premature end of file.
2026-06-29 16:56:28,856 [ERROR] LogOutputStream:75 - [STDERR_REDIRECT] 
2026-06-29 16:56:29,908 [ERROR] LogOutputStream:75 - [STDERR_REDIRECT] [Fatal Error] :1:1: Premature end of file.
2026-06-29 16:56:29,910 [ERROR] LogOutputStream:75 - [STDERR_REDIRECT] 
2026-06-29 16:56:30,878 [ERROR] LogOutputStream:75 - [STDERR_REDIRECT] [Fatal Error] :1:1: Premature end of file.
2026-06-29 16:56:30,878 [ERROR] LogOutputStream:75 - [STDERR_REDIRECT] 
2026-06-29 16:56:31,836 [ERROR] LogOutputStream:75 - [STDERR_REDIRECT] [Fatal Error] :1:1: Premature end of file.
2026-06-29 16:56:31,836 [ERROR] LogOutputStream:75 - [STDERR_REDIRECT] 
2026-06-29 16:56:32,835 [ERROR] LogOutputStream:75 - [STDERR_REDIRECT] [Fatal Error] :1:1: Premature end of file.
2026-06-29 16:56:32,835 [ERROR] LogOutputStream:75 - [STDERR_REDIRECT] 
2026-06-29 16:56:33,907 [ERROR] LogOutputStream:75 - [STDERR_REDIRECT] [Fatal Error] :1:1: Premature end of file.
2026-06-29 16:56:33,909 [ERROR] LogOutputStream:75 - [STDERR_REDIRECT] 
2026-06-29 16:56:34,892 [ERROR] LogOutputStream:75 - [STDERR_REDIRECT] [Fatal Error] :1:1: Premature end of file.
2026-06-29 16:56:34,892 [ERROR] LogOutputStream:75 - [STDERR_REDIRECT] 
2026-06-29 16:56:35,922 [ERROR] LogOutputStream:75 - [STDERR_REDIRECT] [Fatal Error] :1:1: Premature end of file.
2026-06-29 16:56:35,922 [ERROR] LogOutputStream:75 - [STDERR_REDIRECT] 
2026-06-29 16:56:36,894 [ERROR] LogOutputStream:75 - [STDERR_REDIRECT] [Fatal Error] :1:1: Premature end of file.
2026-06-29 16:56:36,895 [ERROR] LogOutputStream:75 - [STDERR_REDIRECT] 
2026-06-29 16:56:37,839 [ERROR] LogOutputStream:75 - [STDERR_REDIRECT] [Fatal Error] :1:1: Premature end of file.
2026-06-29 16:56:37,839 [ERROR] LogOutputStream:75 - [STDERR_REDIRECT] 
2026-06-29 16:56:38,839 [ERROR] LogOutputStream:75 - [STDERR_REDIRECT] [Fatal Error] :1:1: Premature end of file.
2026-06-29 16:56:38,839 [ERROR] LogOutputStream:75 - [STDERR_REDIRECT] 
2026-06-29 16:56:39,852 [ERROR] LogOutputStream:75 - [STDERR_REDIRECT] [Fatal Error] :1:1: Premature end of file.
2026-06-29 16:56:39,852 [ERROR] LogOutputStream:75 - [STDERR_REDIRECT] 
2026-06-29 16:56:40,846 [ERROR] LogOutputStream:75 - [STDERR_REDIRECT] [Fatal Error] :1:1: Premature end of file.
2026-06-29 16:56:40,846 [ERROR] LogOutputStream:75 - [STDERR_REDIRECT] 
2026-06-29 16:56:41,850 [ERROR] LogOutputStream:75 - [STDERR_REDIRECT] [Fatal Error] :1:1: Premature end of file.
2026-06-29 16:56:41,850 [ERROR] LogOutputStream:75 - [STDERR_REDIRECT] 
2026-06-29 16:56:42,847 [ERROR] LogOutputStream:75 - [STDERR_REDIRECT] [Fatal Error] :1:1: Premature end of file.
2026-06-29 16:56:42,847 [ERROR] LogOutputStream:75 - [STDERR_REDIRECT] 
2026-06-29 16:56:43,853 [ERROR] LogOutputStream:75 - [STDERR_REDIRECT] [Fatal Error] :1:1: Premature end of file.
2026-06-29 16:56:43,853 [ERROR] LogOutputStream:75 - [STDERR_REDIRECT] 
2026-06-29 16:56:44,850 [ERROR] LogOutputStream:75 - [STDERR_REDIRECT] [Fatal Error] :1:1: Premature end of file.
2026-06-29 16:56:44,851 [ERROR] LogOutputStream:75 - [STDERR_REDIRECT] 
2026-06-29 16:56:45,831 [ERROR] LogOutputStream:75 - [STDERR_REDIRECT] [Fatal Error] :1:1: Premature end of file.
2026-06-29 16:56:45,831 [ERROR] LogOutputStream:75 - [STDERR_REDIRECT] 
2026-06-29 16:56:46,829 [ERROR] LogOutputStream:75 - [STDERR_REDIRECT] [Fatal Error] :1:1: Premature end of file.
2026-06-29 16:56:46,829 [ERROR] LogOutputStream:75 - [STDERR_REDIRECT] 
2026-06-29 16:56:47,837 [ERROR] LogOutputStream:75 - [STDERR_REDIRECT] [Fatal Error] :1:1: Premature end of file.
2026-06-29 16:56:47,837 [ERROR] LogOutputStream:75 - [STDERR_REDIRECT] 
2026-06-29 16:56:48,821 [ERROR] LogOutputStream:75 - [STDERR_REDIRECT] [Fatal Error] :1:1: Premature end of file.
2026-06-29 16:56:48,824 [ERROR] LogOutputStream:75 - [STDERR_REDIRECT] 
2026-06-29 16:56:49,840 [ERROR] LogOutputStream:75 - [STDERR_REDIRECT] [Fatal Error] :1:1: Premature end of file.
2026-06-29 16:56:49,842 [ERROR] LogOutputStream:75 - [STDERR_REDIRECT] 
2026-06-29 16:56:50,842 [ERROR] LogOutputStream:75 - [STDERR_REDIRECT] [Fatal Error] :1:1: Premature end of file.
2026-06-29 16:56:50,843 [ERROR] LogOutputStream:75 - [STDERR_REDIRECT] 
2026-06-29 16:56:51,840 [ERROR] LogOutputStream:75 - [STDERR_REDIRECT] [Fatal Error] :1:1: Premature end of file.
2026-06-29 16:56:51,840 [ERROR] LogOutputStream:75 - [STDERR_REDIRECT] 
2026-06-29 16:56:52,840 [ERROR] LogOutputStream:75 - [STDERR_REDIRECT] [Fatal Error] :1:1: Premature end of file.
2026-06-29 16:56:52,841 [ERROR] LogOutputStream:75 - [STDERR_REDIRECT] 
2026-06-29 16:56:53,829 [ERROR] LogOutputStream:75 - [STDERR_REDIRECT] [Fatal Error] :1:1: Premature end of file.
2026-06-29 16:56:53,829 [ERROR] LogOutputStream:75 - [STDERR_REDIRECT] 
2026-06-29 16:56:54,836 [ERROR] LogOutputStream:75 - [STDERR_REDIRECT] [Fatal Error] :1:1: Premature end of file.
2026-06-29 16:56:54,836 [ERROR] LogOutputStream:75 - [STDERR_REDIRECT] 
2026-06-29 16:56:55,831 [ERROR] LogOutputStream:75 - [STDERR_REDIRECT] [Fatal Error] :1:1: Premature end of file.
2026-06-29 16:56:55,831 [ERROR] LogOutputStream:75 - [STDERR_REDIRECT] 
2026-06-29 16:56:56,820 [ERROR] LogOutputStream:75 - [STDERR_REDIRECT] [Fatal Error] :1:1: Premature end of file.
2026-06-29 16:56:56,820 [ERROR] LogOutputStream:75 - [STDERR_REDIRECT] 
2026-06-29 16:56:57,836 [ERROR] LogOutputStream:75 - [STDERR_REDIRECT] [Fatal Error] :1:1: Premature end of file.
2026-06-29 16:56:57,836 [ERROR] LogOutputStream:75 - [STDERR_REDIRECT] 
2026-06-29 16:56:58,835 [ERROR] LogOutputStream:75 - [STDERR_REDIRECT] [Fatal Error] :1:1: Premature end of file.
2026-06-29 16:56:58,835 [ERROR] LogOutputStream:75 - [STDERR_REDIRECT] 
2026-06-29 16:56:59,864 [ERROR] LogOutputStream:75 - [STDERR_REDIRECT] [Fatal Error] :1:1: Premature end of file.
2026-06-29 16:56:59,865 [ERROR] LogOutputStream:75 - [STDERR_REDIRECT] 
2026-06-29 16:57:00,833 [ERROR] LogOutputStream:75 - [STDERR_REDIRECT] [Fatal Error] :1:1: Premature end of file.
2026-06-29 16:57:00,833 [ERROR] LogOutputStream:75 - [STDERR_REDIRECT] 
2026-06-29 16:57:01,865 [ERROR] LogOutputStream:75 - [STDERR_REDIRECT] [Fatal Error] :1:1: Premature end of file.
2026-06-29 16:57:01,866 [ERROR] LogOutputStream:75 - [STDERR_REDIRECT] 
2026-06-29 16:57:02,850 [ERROR] LogOutputStream:75 - [STDERR_REDIRECT] [Fatal Error] :1:1: Premature end of file.
2026-06-29 16:57:02,852 [ERROR] LogOutputStream:75 - [STDERR_REDIRECT] 
2026-06-29 16:57:03,859 [ERROR] LogOutputStream:75 - [STDERR_REDIRECT] [Fatal Error] :1:1: Premature end of file.
2026-06-29 16:57:03,863 [ERROR] LogOutputStream:75 - [STDERR_REDIRECT] 
2026-06-29 16:57:04,821 [ERROR] LogOutputStream:75 - [STDERR_REDIRECT] [Fatal Error] :1:1: Premature end of file.
2026-06-29 16:57:04,829 [ERROR] LogOutputStream:75 - [STDERR_REDIRECT] 
2026-06-29 16:57:05,851 [ERROR] LogOutputStream:75 - [STDERR_REDIRECT] [Fatal Error] :1:1: Premature end of file.
2026-06-29 16:57:05,851 [ERROR] LogOutputStream:75 - [STDERR_REDIRECT] 
2026-06-29 16:57:06,846 [ERROR] LogOutputStream:75 - [STDERR_REDIRECT] [Fatal Error] :1:1: Premature end of file.
2026-06-29 16:57:06,846 [ERROR] LogOutputStream:75 - [STDERR_REDIRECT] 
2026-06-29 16:57:07,871 [ERROR] LogOutputStream:75 - [STDERR_REDIRECT] [Fatal Error] :1:1: Premature end of file.
2026-06-29 16:57:07,871 [ERROR] LogOutputStream:75 - [STDERR_REDIRECT] 
2026-06-29 16:57:08,833 [ERROR] LogOutputStream:75 - [STDERR_REDIRECT] [Fatal Error] :1:1: Premature end of file.
2026-06-29 16:57:08,833 [ERROR] LogOutputStream:75 - [STDERR_REDIRECT] 
2026-06-29 16:57:09,843 [ERROR] LogOutputStream:75 - [STDERR_REDIRECT] [Fatal Error] :1:1: Premature end of file.
2026-06-29 16:57:09,843 [ERROR] LogOutputStream:75 - [STDERR_REDIRECT] 
2026-06-29 16:57:10,834 [ERROR] LogOutputStream:75 - [STDERR_REDIRECT] [Fatal Error] :1:1: Premature end of file.
2026-06-29 16:57:10,834 [ERROR] LogOutputStream:75 - [STDERR_REDIRECT] 
2026-06-29 16:57:11,842 [ERROR] LogOutputStream:75 - [STDERR_REDIRECT] [Fatal Error] :1:1: Premature end of file.
2026-06-29 16:57:11,842 [ERROR] LogOutputStream:75 - [STDERR_REDIRECT] 
2026-06-29 16:57:12,927 [ERROR] LogOutputStream:75 - [STDERR_REDIRECT] [Fatal Error] :1:1: Premature end of file.
2026-06-29 16:57:12,927 [ERROR] LogOutputStream:75 - [STDERR_REDIRECT] 
2026-06-29 16:57:13,840 [ERROR] LogOutputStream:75 - [STDERR_REDIRECT] [Fatal Error] :1:1: Premature end of file.
2026-06-29 16:57:13,840 [ERROR] LogOutputStream:75 - [STDERR_REDIRECT] 
2026-06-29 16:57:14,833 [ERROR] LogOutputStream:75 - [STDERR_REDIRECT] [Fatal Error] :1:1: Premature end of file.
2026-06-29 16:57:14,833 [ERROR] LogOutputStream:75 - [STDERR_REDIRECT] 
2026-06-29 16:57:15,837 [ERROR] LogOutputStream:75 - [STDERR_REDIRECT] [Fatal Error] :1:1: Premature end of file.
2026-06-29 16:57:15,837 [ERROR] LogOutputStream:75 - [STDERR_REDIRECT] 
2026-06-29 16:57:16,835 [ERROR] LogOutputStream:75 - [STDERR_REDIRECT] [Fatal Error] :1:1: Premature end of file.
2026-06-29 16:57:16,836 [ERROR] LogOutputStream:75 - [STDERR_REDIRECT] 
2026-06-29 16:57:17,837 [ERROR] LogOutputStream:75 - [STDERR_REDIRECT] [Fatal Error] :1:1: Premature end of file.
2026-06-29 16:57:17,837 [ERROR] LogOutputStream:75 - [STDERR_REDIRECT] 
2026-06-29 16:57:18,846 [ERROR] LogOutputStream:75 - [STDERR_REDIRECT] [Fatal Error] :1:1: Premature end of file.
2026-06-29 16:57:18,846 [ERROR] LogOutputStream:75 - [STDERR_REDIRECT] 
2026-06-29 16:57:19,854 [ERROR] LogOutputStream:75 - [STDERR_REDIRECT] [Fatal Error] :1:1: Premature end of file.
2026-06-29 16:57:19,854 [ERROR] LogOutputStream:75 - [STDERR_REDIRECT] 
2026-06-29 16:57:20,841 [ERROR] LogOutputStream:75 - [STDERR_REDIRECT] [Fatal Error] :1:1: Premature end of file.
2026-06-29 16:57:20,841 [ERROR] LogOutputStream:75 - [STDERR_REDIRECT] 
2026-06-29 16:57:21,851 [ERROR] LogOutputStream:75 - [STDERR_REDIRECT] [Fatal Error] :1:1: Premature end of file.
2026-06-29 16:57:21,852 [ERROR] LogOutputStream:75 - [STDERR_REDIRECT] 
2026-06-29 16:57:22,832 [ERROR] LogOutputStream:75 - [STDERR_REDIRECT] [Fatal Error] :1:1: Premature end of file.
2026-06-29 16:57:22,842 [ERROR] LogOutputStream:75 - [STDERR_REDIRECT] 
2026-06-29 16:57:23,839 [ERROR] LogOutputStream:75 - [STDERR_REDIRECT] [Fatal Error] :1:1: Premature end of file.
2026-06-29 16:57:23,839 [ERROR] LogOutputStream:75 - [STDERR_REDIRECT] 
2026-06-29 16:57:24,831 [ERROR] LogOutputStream:75 - [STDERR_REDIRECT] [Fatal Error] :1:1: Premature end of file.
2026-06-29 16:57:24,831 [ERROR] LogOutputStream:75 - [STDERR_REDIRECT] 
2026-06-29 16:57:25,847 [ERROR] LogOutputStream:75 - [STDERR_REDIRECT] [Fatal Error] :1:1: Premature end of file.
2026-06-29 16:57:25,848 [ERROR] LogOutputStream:75 - [STDERR_REDIRECT] 
2026-06-29 16:57:26,855 [ERROR] LogOutputStream:75 - [STDERR_REDIRECT] [Fatal Error] :1:1: Premature end of file.
2026-06-29 16:57:26,855 [ERROR] LogOutputStream:75 - [STDERR_REDIRECT] 
2026-06-29 16:57:27,841 [ERROR] LogOutputStream:75 - [STDERR_REDIRECT] [Fatal Error] :1:1: Premature end of file.
2026-06-29 16:57:27,841 [ERROR] LogOutputStream:75 - [STDERR_REDIRECT] 
2026-06-29 16:57:28,957 [ERROR] LogOutputStream:75 - [STDERR_REDIRECT] [Fatal Error] :1:1: Premature end of file.
2026-06-29 16:57:28,957 [ERROR] LogOutputStream:75 - [STDERR_REDIRECT] 
2026-06-29 16:57:29,852 [ERROR] LogOutputStream:75 - [STDERR_REDIRECT] [Fatal Error] :1:1: Premature end of file.
2026-06-29 16:57:29,853 [ERROR] LogOutputStream:75 - [STDERR_REDIRECT] 
2026-06-29 16:57:30,846 [ERROR] LogOutputStream:75 - [STDERR_REDIRECT] [Fatal Error] :1:1: Premature end of file.
2026-06-29 16:57:30,847 [ERROR] LogOutputStream:75 - [STDERR_REDIRECT] 
2026-06-29 16:57:31,824 [ERROR] LogOutputStream:75 - [STDERR_REDIRECT] [Fatal Error] :1:1: Premature end of file.
2026-06-29 16:57:31,824 [ERROR] LogOutputStream:75 - [STDERR_REDIRECT] 
2026-06-29 16:57:32,830 [ERROR] LogOutputStream:75 - [STDERR_REDIRECT] [Fatal Error] :1:1: Premature end of file.
2026-06-29 16:57:32,830 [ERROR] LogOutputStream:75 - [STDERR_REDIRECT] 
2026-06-29 16:57:33,898 [ERROR] LogOutputStream:75 - [STDERR_REDIRECT] [Fatal Error] :1:1: Premature end of file.
2026-06-29 16:57:33,898 [ERROR] LogOutputStream:75 - [STDERR_REDIRECT] 
2026-06-29 16:57:34,861 [ERROR] LogOutputStream:75 - [STDERR_REDIRECT] [Fatal Error] :1:1: Premature end of file.
2026-06-29 16:57:34,861 [ERROR] LogOutputStream:75 - [STDERR_REDIRECT] 
2026-06-29 16:57:35,836 [ERROR] LogOutputStream:75 - [STDERR_REDIRECT] [Fatal Error] :1:1: Premature end of file.
2026-06-29 16:57:35,837 [ERROR] LogOutputStream:75 - [STDERR_REDIRECT] 
2026-06-29 16:57:36,834 [ERROR] LogOutputStream:75 - [STDERR_REDIRECT] [Fatal Error] :1:1: Premature end of file.
2026-06-29 16:57:36,834 [ERROR] LogOutputStream:75 - [STDERR_REDIRECT] 
2026-06-29 16:57:37,842 [ERROR] LogOutputStream:75 - [STDERR_REDIRECT] [Fatal Error] :1:1: Premature end of file.
2026-06-29 16:57:37,844 [ERROR] LogOutputStream:75 - [STDERR_REDIRECT] 
2026-06-29 16:57:38,858 [ERROR] LogOutputStream:75 - [STDERR_REDIRECT] [Fatal Error] :1:1: Premature end of file.
2026-06-29 16:57:38,858 [ERROR] LogOutputStream:75 - [STDERR_REDIRECT] 
2026-06-29 16:57:39,888 [ERROR] LogOutputStream:75 - [STDERR_REDIRECT] [Fatal Error] :1:1: Premature end of file.
2026-06-29 16:57:39,888 [ERROR] LogOutputStream:75 - [STDERR_REDIRECT] 
2026-06-29 16:57:40,888 [ERROR] LogOutputStream:75 - [STDERR_REDIRECT] [Fatal Error] :1:1: Premature end of file.
2026-06-29 16:57:40,888 [ERROR] LogOutputStream:75 - [STDERR_REDIRECT] 
2026-06-29 16:57:41,843 [ERROR] LogOutputStream:75 - [STDERR_REDIRECT] [Fatal Error] :1:1: Premature end of file.
2026-06-29 16:57:41,843 [ERROR] LogOutputStream:75 - [STDERR_REDIRECT] 
2026-06-29 16:57:42,843 [ERROR] LogOutputStream:75 - [STDERR_REDIRECT] [Fatal Error] :1:1: Premature end of file.
2026-06-29 16:57:42,844 [ERROR] LogOutputStream:75 - [STDERR_REDIRECT] 
2026-06-29 16:57:43,872 [ERROR] LogOutputStream:75 - [STDERR_REDIRECT] [Fatal Error] :1:1: Premature end of file.
2026-06-29 16:57:43,872 [ERROR] LogOutputStream:75 - [STDERR_REDIRECT] 
2026-06-29 16:57:44,847 [ERROR] LogOutputStream:75 - [STDERR_REDIRECT] [Fatal Error] :1:1: Premature end of file.
2026-06-29 16:57:44,847 [ERROR] LogOutputStream:75 - [STDERR_REDIRECT] 
2026-06-29 16:57:45,847 [ERROR] LogOutputStream:75 - [STDERR_REDIRECT] [Fatal Error] :1:1: Premature end of file.
2026-06-29 16:57:45,847 [ERROR] LogOutputStream:75 - [STDERR_REDIRECT] 
2026-06-29 16:57:46,849 [ERROR] LogOutputStream:75 - [STDERR_REDIRECT] [Fatal Error] :1:1: Premature end of file.
2026-06-29 16:57:46,849 [ERROR] LogOutputStream:75 - [STDERR_REDIRECT] 
2026-06-29 16:57:47,852 [ERROR] LogOutputStream:75 - [STDERR_REDIRECT] [Fatal Error] :1:1: Premature end of file.
2026-06-29 16:57:47,852 [ERROR] LogOutputStream:75 - [STDERR_REDIRECT] 
2026-06-29 16:57:48,847 [ERROR] LogOutputStream:75 - [STDERR_REDIRECT] [Fatal Error] :1:1: Premature end of file.
2026-06-29 16:57:48,847 [ERROR] LogOutputStream:75 - [STDERR_REDIRECT] 
2026-06-29 16:57:49,853 [ERROR] LogOutputStream:75 - [STDERR_REDIRECT] [Fatal Error] :1:1: Premature end of file.
2026-06-29 16:57:49,853 [ERROR] LogOutputStream:75 - [STDERR_REDIRECT] 
2026-06-29 16:57:50,835 [ERROR] LogOutputStream:75 - [STDERR_REDIRECT] [Fatal Error] :1:1: Premature end of file.
2026-06-29 16:57:50,835 [ERROR] LogOutputStream:75 - [STDERR_REDIRECT] 
2026-06-29 16:57:51,846 [ERROR] LogOutputStream:75 - [STDERR_REDIRECT] [Fatal Error] :1:1: Premature end of file.
2026-06-29 16:57:51,846 [ERROR] LogOutputStream:75 - [STDERR_REDIRECT] 
2026-06-29 16:57:52,929 [ERROR] LogOutputStream:75 - [STDERR_REDIRECT] [Fatal Error] :1:1: Premature end of file.
2026-06-29 16:57:52,931 [ERROR] LogOutputStream:75 - [STDERR_REDIRECT] 
2026-06-29 16:57:53,911 [ERROR] LogOutputStream:75 - [STDERR_REDIRECT] [Fatal Error] :1:1: Premature end of file.
2026-06-29 16:57:53,911 [ERROR] LogOutputStream:75 - [STDERR_REDIRECT] 
2026-06-29 16:57:54,916 [ERROR] LogOutputStream:75 - [STDERR_REDIRECT] [Fatal Error] :1:1: Premature end of file.
2026-06-29 16:57:54,918 [ERROR] LogOutputStream:75 - [STDERR_REDIRECT] 
2026-06-29 16:57:55,878 [ERROR] LogOutputStream:75 - [STDERR_REDIRECT] [Fatal Error] :1:1: Premature end of file.
2026-06-29 16:57:55,878 [ERROR] LogOutputStream:75 - [STDERR_REDIRECT] 
2026-06-29 16:57:56,875 [ERROR] LogOutputStream:75 - [STDERR_REDIRECT] [Fatal Error] :1:1: Premature end of file.
2026-06-29 16:57:56,876 [ERROR] LogOutputStream:75 - [STDERR_REDIRECT] 
2026-06-29 16:57:57,845 [ERROR] LogOutputStream:75 - [STDERR_REDIRECT] [Fatal Error] :1:1: Premature end of file.
2026-06-29 16:57:57,845 [ERROR] LogOutputStream:75 - [STDERR_REDIRECT] 
2026-06-29 16:57:58,873 [ERROR] LogOutputStream:75 - [STDERR_REDIRECT] [Fatal Error] :1:1: Premature end of file.
2026-06-29 16:57:58,873 [ERROR] LogOutputStream:75 - [STDERR_REDIRECT] 
2026-06-29 16:57:59,851 [ERROR] LogOutputStream:75 - [STDERR_REDIRECT] [Fatal Error] :1:1: Premature end of file.
2026-06-29 16:57:59,851 [ERROR] LogOutputStream:75 - [STDERR_REDIRECT] 
2026-06-29 16:58:00,850 [ERROR] LogOutputStream:75 - [STDERR_REDIRECT] [Fatal Error] :1:1: Premature end of file.
2026-06-29 16:58:00,850 [ERROR] LogOutputStream:75 - [STDERR_REDIRECT] 
2026-06-29 16:58:01,868 [ERROR] LogOutputStream:75 - [STDERR_REDIRECT] [Fatal Error] :1:1: Premature end of file.
2026-06-29 16:58:01,868 [ERROR] LogOutputStream:75 - [STDERR_REDIRECT] 
2026-06-29 16:58:02,847 [ERROR] LogOutputStream:75 - [STDERR_REDIRECT] [Fatal Error] :1:1: Premature end of file.
2026-06-29 16:58:02,848 [ERROR] LogOutputStream:75 - [STDERR_REDIRECT] 
2026-06-29 16:58:03,845 [ERROR] LogOutputStream:75 - [STDERR_REDIRECT] [Fatal Error] :1:1: Premature end of file.
2026-06-29 16:58:03,845 [ERROR] LogOutputStream:75 - [STDERR_REDIRECT] 
2026-06-29 16:58:04,847 [ERROR] LogOutputStream:75 - [STDERR_REDIRECT] [Fatal Error] :1:1: Premature end of file.
2026-06-29 16:58:04,848 [ERROR] LogOutputStream:75 - [STDERR_REDIRECT] 
2026-06-29 16:58:05,846 [ERROR] LogOutputStream:75 - [STDERR_REDIRECT] [Fatal Error] :1:1: Premature end of file.
2026-06-29 16:58:05,846 [ERROR] LogOutputStream:75 - [STDERR_REDIRECT] 
2026-06-29 16:58:06,846 [ERROR] LogOutputStream:75 - [STDERR_REDIRECT] [Fatal Error] :1:1: Premature end of file.
2026-06-29 16:58:06,846 [ERROR] LogOutputStream:75 - [STDERR_REDIRECT] 
2026-06-29 16:58:07,902 [ERROR] LogOutputStream:75 - [STDERR_REDIRECT] [Fatal Error] :1:1: Premature end of file.
2026-06-29 16:58:07,902 [ERROR] LogOutputStream:75 - [STDERR_REDIRECT] 
2026-06-29 16:58:08,860 [ERROR] LogOutputStream:75 - [STDERR_REDIRECT] [Fatal Error] :1:1: Premature end of file.
2026-06-29 16:58:08,860 [ERROR] LogOutputStream:75 - [STDERR_REDIRECT] 
2026-06-29 16:58:09,845 [ERROR] LogOutputStream:75 - [STDERR_REDIRECT] [Fatal Error] :1:1: Premature end of file.
2026-06-29 16:58:09,846 [ERROR] LogOutputStream:75 - [STDERR_REDIRECT] 
2026-06-29 16:58:10,843 [ERROR] LogOutputStream:75 - [STDERR_REDIRECT] [Fatal Error] :1:1: Premature end of file.
2026-06-29 16:58:10,844 [ERROR] LogOutputStream:75 - [STDERR_REDIRECT] 
2026-06-29 16:58:11,827 [ERROR] LogOutputStream:75 - [STDERR_REDIRECT] [Fatal Error] :1:1: Premature end of file.
2026-06-29 16:58:11,827 [ERROR] LogOutputStream:75 - [STDERR_REDIRECT] 
2026-06-29 16:58:12,862 [ERROR] LogOutputStream:75 - [STDERR_REDIRECT] [Fatal Error] :1:1: Premature end of file.
2026-06-29 16:58:12,862 [ERROR] LogOutputStream:75 - [STDERR_REDIRECT] 
2026-06-29 16:58:13,842 [ERROR] LogOutputStream:75 - [STDERR_REDIRECT] [Fatal Error] :1:1: Premature end of file.
2026-06-29 16:58:13,842 [ERROR] LogOutputStream:75 - [STDERR_REDIRECT] 
2026-06-29 16:58:14,831 [ERROR] LogOutputStream:75 - [STDERR_REDIRECT] [Fatal Error] :1:1: Premature end of file.
2026-06-29 16:58:14,831 [ERROR] LogOutputStream:75 - [STDERR_REDIRECT] 
2026-06-29 16:58:15,834 [ERROR] LogOutputStream:75 - [STDERR_REDIRECT] [Fatal Error] :1:1: Premature end of file.
2026-06-29 16:58:15,834 [ERROR] LogOutputStream:75 - [STDERR_REDIRECT] 
2026-06-29 16:58:16,846 [ERROR] LogOutputStream:75 - [STDERR_REDIRECT] [Fatal Error] :1:1: Premature end of file.
2026-06-29 16:58:16,846 [ERROR] LogOutputStream:75 - [STDERR_REDIRECT] 
2026-06-29 16:58:17,832 [ERROR] LogOutputStream:75 - [STDERR_REDIRECT] [Fatal Error] :1:1: Premature end of file.
2026-06-29 16:58:17,832 [ERROR] LogOutputStream:75 - [STDERR_REDIRECT] 
2026-06-29 16:58:18,835 [ERROR] LogOutputStream:75 - [STDERR_REDIRECT] [Fatal Error] :1:1: Premature end of file.
2026-06-29 16:58:18,835 [ERROR] LogOutputStream:75 - [STDERR_REDIRECT] 
2026-06-29 16:58:19,836 [ERROR] LogOutputStream:75 - [STDERR_REDIRECT] [Fatal Error] :1:1: Premature end of file.
2026-06-29 16:58:19,836 [ERROR] LogOutputStream:75 - [STDERR_REDIRECT] 
2026-06-29 16:58:20,866 [ERROR] LogOutputStream:75 - [STDERR_REDIRECT] [Fatal Error] :1:1: Premature end of file.
2026-06-29 16:58:20,867 [ERROR] LogOutputStream:75 - [STDERR_REDIRECT] 
2026-06-29 16:58:21,834 [ERROR] LogOutputStream:75 - [STDERR_REDIRECT] [Fatal Error] :1:1: Premature end of file.
2026-06-29 16:58:21,834 [ERROR] LogOutputStream:75 - [STDERR_REDIRECT] 
2026-06-29 16:58:22,875 [ERROR] LogOutputStream:75 - [STDERR_REDIRECT] [Fatal Error] :1:1: Premature end of file.
2026-06-29 16:58:22,875 [ERROR] LogOutputStream:75 - [STDERR_REDIRECT] 
2026-06-29 16:58:23,849 [ERROR] LogOutputStream:75 - [STDERR_REDIRECT] [Fatal Error] :1:1: Premature end of file.
2026-06-29 16:58:23,850 [ERROR] LogOutputStream:75 - [STDERR_REDIRECT] 
2026-06-29 16:58:24,860 [ERROR] LogOutputStream:75 - [STDERR_REDIRECT] [Fatal Error] :1:1: Premature end of file.
2026-06-29 16:58:24,861 [ERROR] LogOutputStream:75 - [STDERR_REDIRECT] 
2026-06-29 16:58:25,841 [ERROR] LogOutputStream:75 - [STDERR_REDIRECT] [Fatal Error] :1:1: Premature end of file.
2026-06-29 16:58:25,842 [ERROR] LogOutputStream:75 - [STDERR_REDIRECT] 
2026-06-29 16:58:26,826 [ERROR] LogOutputStream:75 - [STDERR_REDIRECT] [Fatal Error] :1:1: Premature end of file.
2026-06-29 16:58:26,826 [ERROR] LogOutputStream:75 - [STDERR_REDIRECT] 
2026-06-29 16:58:27,813 [ERROR] LogOutputStream:75 - [STDERR_REDIRECT] [Fatal Error] :1:1: Premature end of file.
2026-06-29 16:58:27,813 [ERROR] LogOutputStream:75 - [STDERR_REDIRECT] 
2026-06-29 16:58:28,823 [ERROR] LogOutputStream:75 - [STDERR_REDIRECT] [Fatal Error] :1:1: Premature end of file.
2026-06-29 16:58:28,823 [ERROR] LogOutputStream:75 - [STDERR_REDIRECT] 
2026-06-29 16:58:29,827 [ERROR] LogOutputStream:75 - [STDERR_REDIRECT] [Fatal Error] :1:1: Premature end of file.
2026-06-29 16:58:29,827 [ERROR] LogOutputStream:75 - [STDERR_REDIRECT] 
2026-06-29 16:58:30,819 [ERROR] LogOutputStream:75 - [STDERR_REDIRECT] [Fatal Error] :1:1: Premature end of file.
2026-06-29 16:58:30,821 [ERROR] LogOutputStream:75 - [STDERR_REDIRECT] 
2026-06-29 16:58:31,836 [ERROR] LogOutputStream:75 - [STDERR_REDIRECT] [Fatal Error] :1:1: Premature end of file.
2026-06-29 16:58:31,836 [ERROR] LogOutputStream:75 - [STDERR_REDIRECT] 
2026-06-29 16:58:32,846 [ERROR] LogOutputStream:75 - [STDERR_REDIRECT] [Fatal Error] :1:1: Premature end of file.
2026-06-29 16:58:32,846 [ERROR] LogOutputStream:75 - [STDERR_REDIRECT] 
2026-06-29 16:58:33,828 [ERROR] LogOutputStream:75 - [STDERR_REDIRECT] [Fatal Error] :1:1: Premature end of file.
2026-06-29 16:58:33,832 [ERROR] LogOutputStream:75 - [STDERR_REDIRECT] 
2026-06-29 16:58:34,828 [ERROR] LogOutputStream:75 - [STDERR_REDIRECT] [Fatal Error] :1:1: Premature end of file.
2026-06-29 16:58:34,828 [ERROR] LogOutputStream:75 - [STDERR_REDIRECT] 
2026-06-29 16:58:35,838 [ERROR] LogOutputStream:75 - [STDERR_REDIRECT] [Fatal Error] :1:1: Premature end of file.
2026-06-29 16:58:35,838 [ERROR] LogOutputStream:75 - [STDERR_REDIRECT] 
2026-06-29 16:58:36,841 [ERROR] LogOutputStream:75 - [STDERR_REDIRECT] [Fatal Error] :1:1: Premature end of file.
2026-06-29 16:58:36,841 [ERROR] LogOutputStream:75 - [STDERR_REDIRECT] 
2026-06-29 16:58:37,837 [ERROR] LogOutputStream:75 - [STDERR_REDIRECT] [Fatal Error] :1:1: Premature end of file.
2026-06-29 16:58:37,837 [ERROR] LogOutputStream:75 - [STDERR_REDIRECT] 
2026-06-29 16:58:38,852 [ERROR] LogOutputStream:75 - [STDERR_REDIRECT] [Fatal Error] :1:1: Premature end of file.
2026-06-29 16:58:38,855 [ERROR] LogOutputStream:75 - [STDERR_REDIRECT] 
2026-06-29 16:58:39,850 [ERROR] LogOutputStream:75 - [STDERR_REDIRECT] [Fatal Error] :1:1: Premature end of file.
2026-06-29 16:58:39,850 [ERROR] LogOutputStream:75 - [STDERR_REDIRECT] 
2026-06-29 16:58:40,834 [ERROR] LogOutputStream:75 - [STDERR_REDIRECT] [Fatal Error] :1:1: Premature end of file.
2026-06-29 16:58:40,834 [ERROR] LogOutputStream:75 - [STDERR_REDIRECT] 
2026-06-29 16:58:41,822 [ERROR] LogOutputStream:75 - [STDERR_REDIRECT] [Fatal Error] :1:1: Premature end of file.
2026-06-29 16:58:41,823 [ERROR] LogOutputStream:75 - [STDERR_REDIRECT] 
2026-06-29 16:58:42,845 [ERROR] LogOutputStream:75 - [STDERR_REDIRECT] [Fatal Error] :1:1: Premature end of file.
2026-06-29 16:58:42,846 [ERROR] LogOutputStream:75 - [STDERR_REDIRECT] 
2026-06-29 16:58:43,815 [ERROR] LogOutputStream:75 - [STDERR_REDIRECT] [Fatal Error] :1:1: Premature end of file.
2026-06-29 16:58:43,816 [ERROR] LogOutputStream:75 - [STDERR_REDIRECT] 
2026-06-29 16:58:44,843 [ERROR] LogOutputStream:75 - [STDERR_REDIRECT] [Fatal Error] :1:1: Premature end of file.
2026-06-29 16:58:44,843 [ERROR] LogOutputStream:75 - [STDERR_REDIRECT] 
2026-06-29 16:58:45,850 [ERROR] LogOutputStream:75 - [STDERR_REDIRECT] [Fatal Error] :1:1: Premature end of file.
2026-06-29 16:58:45,850 [ERROR] LogOutputStream:75 - [STDERR_REDIRECT] 
2026-06-29 16:58:46,835 [ERROR] LogOutputStream:75 - [STDERR_REDIRECT] [Fatal Error] :1:1: Premature end of file.
2026-06-29 16:58:46,835 [ERROR] LogOutputStream:75 - [STDERR_REDIRECT] 
2026-06-29 16:58:47,820 [ERROR] LogOutputStream:75 - [STDERR_REDIRECT] [Fatal Error] :1:1: Premature end of file.
2026-06-29 16:58:47,820 [ERROR] LogOutputStream:75 - [STDERR_REDIRECT] 
2026-06-29 16:58:48,823 [ERROR] LogOutputStream:75 - [STDERR_REDIRECT] [Fatal Error] :1:1: Premature end of file.
2026-06-29 16:58:48,823 [ERROR] LogOutputStream:75 - [STDERR_REDIRECT] 
2026-06-29 16:58:49,830 [ERROR] LogOutputStream:75 - [STDERR_REDIRECT] [Fatal Error] :1:1: Premature end of file.
2026-06-29 16:58:49,831 [ERROR] LogOutputStream:75 - [STDERR_REDIRECT] 
2026-06-29 16:58:50,846 [ERROR] LogOutputStream:75 - [STDERR_REDIRECT] [Fatal Error] :1:1: Premature end of file.
2026-06-29 16:58:50,846 [ERROR] LogOutputStream:75 - [STDERR_REDIRECT] 
2026-06-29 16:58:51,863 [ERROR] LogOutputStream:75 - [STDERR_REDIRECT] [Fatal Error] :1:1: Premature end of file.
2026-06-29 16:58:51,864 [ERROR] LogOutputStream:75 - [STDERR_REDIRECT] 
2026-06-29 16:58:52,848 [ERROR] LogOutputStream:75 - [STDERR_REDIRECT] [Fatal Error] :1:1: Premature end of file.
2026-06-29 16:58:52,849 [ERROR] LogOutputStream:75 - [STDERR_REDIRECT] 
2026-06-29 16:58:53,826 [ERROR] LogOutputStream:75 - [STDERR_REDIRECT] [Fatal Error] :1:1: Premature end of file.
2026-06-29 16:58:53,827 [ERROR] LogOutputStream:75 - [STDERR_REDIRECT] 
2026-06-29 16:58:54,849 [ERROR] LogOutputStream:75 - [STDERR_REDIRECT] [Fatal Error] :1:1: Premature end of file.
2026-06-29 16:58:54,850 [ERROR] LogOutputStream:75 - [STDERR_REDIRECT] 
2026-06-29 16:58:55,831 [ERROR] LogOutputStream:75 - [STDERR_REDIRECT] [Fatal Error] :1:1: Premature end of file.
2026-06-29 16:58:55,832 [ERROR] LogOutputStream:75 - [STDERR_REDIRECT] 
2026-06-29 16:58:56,839 [ERROR] LogOutputStream:75 - [STDERR_REDIRECT] [Fatal Error] :1:1: Premature end of file.
2026-06-29 16:58:56,839 [ERROR] LogOutputStream:75 - [STDERR_REDIRECT] 
2026-06-29 16:58:57,837 [ERROR] LogOutputStream:75 - [STDERR_REDIRECT] [Fatal Error] :1:1: Premature end of file.
2026-06-29 16:58:57,837 [ERROR] LogOutputStream:75 - [STDERR_REDIRECT] 
2026-06-29 16:58:58,856 [ERROR] LogOutputStream:75 - [STDERR_REDIRECT] [Fatal Error] :1:1: Premature end of file.
2026-06-29 16:58:58,857 [ERROR] LogOutputStream:75 - [STDERR_REDIRECT] 
2026-06-29 16:58:59,834 [ERROR] LogOutputStream:75 - [STDERR_REDIRECT] [Fatal Error] :1:1: Premature end of file.
2026-06-29 16:58:59,834 [ERROR] LogOutputStream:75 - [STDERR_REDIRECT] 
2026-06-29 16:59:00,857 [ERROR] LogOutputStream:75 - [STDERR_REDIRECT] [Fatal Error] :1:1: Premature end of file.
2026-06-29 16:59:00,857 [ERROR] LogOutputStream:75 - [STDERR_REDIRECT] 
2026-06-29 16:59:01,833 [ERROR] LogOutputStream:75 - [STDERR_REDIRECT] [Fatal Error] :1:1: Premature end of file.
2026-06-29 16:59:01,833 [ERROR] LogOutputStream:75 - [STDERR_REDIRECT] 
2026-06-29 16:59:02,834 [ERROR] LogOutputStream:75 - [STDERR_REDIRECT] [Fatal Error] :1:1: Premature end of file.
2026-06-29 16:59:02,835 [ERROR] LogOutputStream:75 - [STDERR_REDIRECT] 
2026-06-29 16:59:03,815 [ERROR] LogOutputStream:75 - [STDERR_REDIRECT] [Fatal Error] :1:1: Premature end of file.
2026-06-29 16:59:03,815 [ERROR] LogOutputStream:75 - [STDERR_REDIRECT] 
2026-06-29 16:59:04,829 [ERROR] LogOutputStream:75 - [STDERR_REDIRECT] [Fatal Error] :1:1: Premature end of file.
2026-06-29 16:59:04,829 [ERROR] LogOutputStream:75 - [STDERR_REDIRECT] 
2026-06-29 16:59:05,847 [ERROR] LogOutputStream:75 - [STDERR_REDIRECT] [Fatal Error] :1:1: Premature end of file.
2026-06-29 16:59:05,847 [ERROR] LogOutputStream:75 - [STDERR_REDIRECT] 
2026-06-29 16:59:06,828 [ERROR] LogOutputStream:75 - [STDERR_REDIRECT] [Fatal Error] :1:1: Premature end of file.
2026-06-29 16:59:06,828 [ERROR] LogOutputStream:75 - [STDERR_REDIRECT] 
2026-06-29 16:59:07,824 [ERROR] LogOutputStream:75 - [STDERR_REDIRECT] [Fatal Error] :1:1: Premature end of file.
2026-06-29 16:59:07,824 [ERROR] LogOutputStream:75 - [STDERR_REDIRECT] 
2026-06-29 16:59:08,812 [ERROR] LogOutputStream:75 - [STDERR_REDIRECT] [Fatal Error] :1:1: Premature end of file.
2026-06-29 16:59:08,813 [ERROR] LogOutputStream:75 - [STDERR_REDIRECT] 
2026-06-29 16:59:09,834 [ERROR] LogOutputStream:75 - [STDERR_REDIRECT] [Fatal Error] :1:1: Premature end of file.
2026-06-29 16:59:09,835 [ERROR] LogOutputStream:75 - [STDERR_REDIRECT] 
2026-06-29 16:59:10,817 [ERROR] LogOutputStream:75 - [STDERR_REDIRECT] [Fatal Error] :1:1: Premature end of file.
2026-06-29 16:59:10,817 [ERROR] LogOutputStream:75 - [STDERR_REDIRECT] 
2026-06-29 16:59:11,823 [ERROR] LogOutputStream:75 - [STDERR_REDIRECT] [Fatal Error] :1:1: Premature end of file.
2026-06-29 16:59:11,824 [ERROR] LogOutputStream:75 - [STDERR_REDIRECT] 
2026-06-29 16:59:12,837 [ERROR] LogOutputStream:75 - [STDERR_REDIRECT] [Fatal Error] :1:1: Premature end of file.
2026-06-29 16:59:12,837 [ERROR] LogOutputStream:75 - [STDERR_REDIRECT] 
2026-06-29 16:59:13,831 [ERROR] LogOutputStream:75 - [STDERR_REDIRECT] [Fatal Error] :1:1: Premature end of file.
2026-06-29 16:59:13,831 [ERROR] LogOutputStream:75 - [STDERR_REDIRECT] 
2026-06-29 16:59:14,810 [ERROR] LogOutputStream:75 - [STDERR_REDIRECT] [Fatal Error] :1:1: Premature end of file.
2026-06-29 16:59:14,811 [ERROR] LogOutputStream:75 - [STDERR_REDIRECT] 
2026-06-29 16:59:15,818 [ERROR] LogOutputStream:75 - [STDERR_REDIRECT] [Fatal Error] :1:1: Premature end of file.
2026-06-29 16:59:15,818 [ERROR] LogOutputStream:75 - [STDERR_REDIRECT] 
2026-06-29 16:59:16,821 [ERROR] LogOutputStream:75 - [STDERR_REDIRECT] [Fatal Error] :1:1: Premature end of file.
2026-06-29 16:59:16,821 [ERROR] LogOutputStream:75 - [STDERR_REDIRECT] 
2026-06-29 16:59:17,814 [ERROR] LogOutputStream:75 - [STDERR_REDIRECT] [Fatal Error] :1:1: Premature end of file.
2026-06-29 16:59:17,814 [ERROR] LogOutputStream:75 - [STDERR_REDIRECT] 
2026-06-29 16:59:18,827 [ERROR] LogOutputStream:75 - [STDERR_REDIRECT] [Fatal Error] :1:1: Premature end of file.
2026-06-29 16:59:18,827 [ERROR] LogOutputStream:75 - [STDERR_REDIRECT] 
2026-06-29 16:59:19,830 [ERROR] LogOutputStream:75 - [STDERR_REDIRECT] [Fatal Error] :1:1: Premature end of file.
2026-06-29 16:59:19,832 [ERROR] LogOutputStream:75 - [STDERR_REDIRECT] 
2026-06-29 16:59:20,811 [ERROR] LogOutputStream:75 - [STDERR_REDIRECT] [Fatal Error] :1:1: Premature end of file.
2026-06-29 16:59:20,811 [ERROR] LogOutputStream:75 - [STDERR_REDIRECT] 
2026-06-29 16:59:21,830 [ERROR] LogOutputStream:75 - [STDERR_REDIRECT] [Fatal Error] :1:1: Premature end of file.
2026-06-29 16:59:21,831 [ERROR] LogOutputStream:75 - [STDERR_REDIRECT] 
2026-06-29 16:59:22,840 [ERROR] LogOutputStream:75 - [STDERR_REDIRECT] [Fatal Error] :1:1: Premature end of file.
2026-06-29 16:59:22,840 [ERROR] LogOutputStream:75 - [STDERR_REDIRECT] 
2026-06-29 16:59:23,846 [ERROR] LogOutputStream:75 - [STDERR_REDIRECT] [Fatal Error] :1:1: Premature end of file.
2026-06-29 16:59:23,848 [ERROR] LogOutputStream:75 - [STDERR_REDIRECT] 
2026-06-29 16:59:24,833 [ERROR] LogOutputStream:75 - [STDERR_REDIRECT] [Fatal Error] :1:1: Premature end of file.
2026-06-29 16:59:24,833 [ERROR] LogOutputStream:75 - [STDERR_REDIRECT] 
2026-06-29 16:59:25,823 [ERROR] LogOutputStream:75 - [STDERR_REDIRECT] [Fatal Error] :1:1: Premature end of file.
2026-06-29 16:59:25,823 [ERROR] LogOutputStream:75 - [STDERR_REDIRECT] 
2026-06-29 16:59:26,842 [ERROR] LogOutputStream:75 - [STDERR_REDIRECT] [Fatal Error] :1:1: Premature end of file.
2026-06-29 16:59:26,842 [ERROR] LogOutputStream:75 - [STDERR_REDIRECT] 
2026-06-29 16:59:27,847 [ERROR] LogOutputStream:75 - [STDERR_REDIRECT] [Fatal Error] :1:1: Premature end of file.
2026-06-29 16:59:27,848 [ERROR] LogOutputStream:75 - [STDERR_REDIRECT] 
2026-06-29 16:59:28,841 [ERROR] LogOutputStream:75 - [STDERR_REDIRECT] [Fatal Error] :1:1: Premature end of file.
2026-06-29 16:59:28,841 [ERROR] LogOutputStream:75 - [STDERR_REDIRECT] 
2026-06-29 16:59:29,856 [ERROR] LogOutputStream:75 - [STDERR_REDIRECT] [Fatal Error] :1:1: Premature end of file.
2026-06-29 16:59:29,856 [ERROR] LogOutputStream:75 - [STDERR_REDIRECT] 
2026-06-29 16:59:30,822 [ERROR] LogOutputStream:75 - [STDERR_REDIRECT] [Fatal Error] :1:1: Premature end of file.
2026-06-29 16:59:30,822 [ERROR] LogOutputStream:75 - [STDERR_REDIRECT] 
2026-06-29 16:59:31,838 [ERROR] LogOutputStream:75 - [STDERR_REDIRECT] [Fatal Error] :1:1: Premature end of file.
2026-06-29 16:59:31,839 [ERROR] LogOutputStream:75 - [STDERR_REDIRECT] 
2026-06-29 16:59:32,845 [ERROR] LogOutputStream:75 - [STDERR_REDIRECT] [Fatal Error] :1:1: Premature end of file.
2026-06-29 16:59:32,845 [ERROR] LogOutputStream:75 - [STDERR_REDIRECT] 
2026-06-29 16:59:33,855 [ERROR] LogOutputStream:75 - [STDERR_REDIRECT] [Fatal Error] :1:1: Premature end of file.
2026-06-29 16:59:33,855 [ERROR] LogOutputStream:75 - [STDERR_REDIRECT] 
2026-06-29 16:59:34,842 [ERROR] LogOutputStream:75 - [STDERR_REDIRECT] [Fatal Error] :1:1: Premature end of file.
2026-06-29 16:59:34,842 [ERROR] LogOutputStream:75 - [STDERR_REDIRECT] 
2026-06-29 16:59:35,830 [ERROR] LogOutputStream:75 - [STDERR_REDIRECT] [Fatal Error] :1:1: Premature end of file.
2026-06-29 16:59:35,830 [ERROR] LogOutputStream:75 - [STDERR_REDIRECT] 
2026-06-29 16:59:36,835 [ERROR] LogOutputStream:75 - [STDERR_REDIRECT] [Fatal Error] :1:1: Premature end of file.
2026-06-29 16:59:36,835 [ERROR] LogOutputStream:75 - [STDERR_REDIRECT] 
2026-06-29 16:59:37,835 [ERROR] LogOutputStream:75 - [STDERR_REDIRECT] [Fatal Error] :1:1: Premature end of file.
2026-06-29 16:59:37,835 [ERROR] LogOutputStream:75 - [STDERR_REDIRECT] 
2026-06-29 16:59:38,832 [ERROR] LogOutputStream:75 - [STDERR_REDIRECT] [Fatal Error] :1:1: Premature end of file.
2026-06-29 16:59:38,833 [ERROR] LogOutputStream:75 - [STDERR_REDIRECT] 
2026-06-29 16:59:39,822 [ERROR] LogOutputStream:75 - [STDERR_REDIRECT] [Fatal Error] :1:1: Premature end of file.
2026-06-29 16:59:39,822 [ERROR] LogOutputStream:75 - [STDERR_REDIRECT] 
2026-06-29 16:59:40,845 [ERROR] LogOutputStream:75 - [STDERR_REDIRECT] [Fatal Error] :1:1: Premature end of file.
2026-06-29 16:59:40,845 [ERROR] LogOutputStream:75 - [STDERR_REDIRECT] 
2026-06-29 16:59:41,838 [ERROR] LogOutputStream:75 - [STDERR_REDIRECT] [Fatal Error] :1:1: Premature end of file.
2026-06-29 16:59:41,838 [ERROR] LogOutputStream:75 - [STDERR_REDIRECT] 
2026-06-29 16:59:42,852 [ERROR] LogOutputStream:75 - [STDERR_REDIRECT] [Fatal Error] :1:1: Premature end of file.
2026-06-29 16:59:42,852 [ERROR] LogOutputStream:75 - [STDERR_REDIRECT] 
2026-06-29 16:59:43,839 [ERROR] LogOutputStream:75 - [STDERR_REDIRECT] [Fatal Error] :1:1: Premature end of file.
2026-06-29 16:59:43,839 [ERROR] LogOutputStream:75 - [STDERR_REDIRECT] 
2026-06-29 16:59:44,833 [ERROR] LogOutputStream:75 - [STDERR_REDIRECT] [Fatal Error] :1:1: Premature end of file.
2026-06-29 16:59:44,833 [ERROR] LogOutputStream:75 - [STDERR_REDIRECT] 
2026-06-29 16:59:45,849 [ERROR] LogOutputStream:75 - [STDERR_REDIRECT] [Fatal Error] :1:1: Premature end of file.
2026-06-29 16:59:45,849 [ERROR] LogOutputStream:75 - [STDERR_REDIRECT] 
2026-06-29 16:59:46,851 [ERROR] LogOutputStream:75 - [STDERR_REDIRECT] [Fatal Error] :1:1: Premature end of file.
2026-06-29 16:59:46,851 [ERROR] LogOutputStream:75 - [STDERR_REDIRECT] 
2026-06-29 16:59:47,847 [ERROR] LogOutputStream:75 - [STDERR_REDIRECT] [Fatal Error] :1:1: Premature end of file.
2026-06-29 16:59:47,847 [ERROR] LogOutputStream:75 - [STDERR_REDIRECT] 
2026-06-29 16:59:48,845 [ERROR] LogOutputStream:75 - [STDERR_REDIRECT] [Fatal Error] :1:1: Premature end of file.
2026-06-29 16:59:48,845 [ERROR] LogOutputStream:75 - [STDERR_REDIRECT] 
2026-06-29 16:59:49,817 [ERROR] LogOutputStream:75 - [STDERR_REDIRECT] [Fatal Error] :1:1: Premature end of file.
2026-06-29 16:59:49,827 [ERROR] LogOutputStream:75 - [STDERR_REDIRECT] 
2026-06-29 16:59:50,837 [ERROR] LogOutputStream:75 - [STDERR_REDIRECT] [Fatal Error] :1:1: Premature end of file.
2026-06-29 16:59:50,837 [ERROR] LogOutputStream:75 - [STDERR_REDIRECT] 
2026-06-29 16:59:51,826 [ERROR] LogOutputStream:75 - [STDERR_REDIRECT] [Fatal Error] :1:1: Premature end of file.
2026-06-29 16:59:51,827 [ERROR] LogOutputStream:75 - [STDERR_REDIRECT] 
2026-06-29 16:59:52,900 [ERROR] LogOutputStream:75 - [STDERR_REDIRECT] [Fatal Error] :1:1: Premature end of file.
2026-06-29 16:59:52,901 [ERROR] LogOutputStream:75 - [STDERR_REDIRECT] 
2026-06-29 16:59:53,874 [ERROR] LogOutputStream:75 - [STDERR_REDIRECT] [Fatal Error] :1:1: Premature end of file.
2026-06-29 16:59:53,874 [ERROR] LogOutputStream:75 - [STDERR_REDIRECT] 
2026-06-29 16:59:54,855 [ERROR] LogOutputStream:75 - [STDERR_REDIRECT] [Fatal Error] :1:1: Premature end of file.
2026-06-29 16:59:54,855 [ERROR] LogOutputStream:75 - [STDERR_REDIRECT] 
2026-06-29 16:59:55,832 [ERROR] LogOutputStream:75 - [STDERR_REDIRECT] [Fatal Error] :1:1: Premature end of file.
2026-06-29 16:59:55,833 [ERROR] LogOutputStream:75 - [STDERR_REDIRECT] 
2026-06-29 16:59:56,834 [ERROR] LogOutputStream:75 - [STDERR_REDIRECT] [Fatal Error] :1:1: Premature end of file.
2026-06-29 16:59:56,835 [ERROR] LogOutputStream:75 - [STDERR_REDIRECT] 
2026-06-29 16:59:57,871 [ERROR] LogOutputStream:75 - [STDERR_REDIRECT] [Fatal Error] :1:1: Premature end of file.
2026-06-29 16:59:57,871 [ERROR] LogOutputStream:75 - [STDERR_REDIRECT] 
2026-06-29 16:59:58,898 [ERROR] LogOutputStream:75 - [STDERR_REDIRECT] [Fatal Error] :1:1: Premature end of file.
2026-06-29 16:59:58,898 [ERROR] LogOutputStream:75 - [STDERR_REDIRECT] 
2026-06-29 16:59:59,823 [ERROR] LogOutputStream:75 - [STDERR_REDIRECT] [Fatal Error] :1:1: Premature end of file.
2026-06-29 16:59:59,823 [ERROR] LogOutputStream:75 - [STDERR_REDIRECT] 
2026-06-29 17:00:00,847 [ERROR] LogOutputStream:75 - [STDERR_REDIRECT] [Fatal Error] :1:1: Premature end of file.
2026-06-29 17:00:00,847 [ERROR] LogOutputStream:75 - [STDERR_REDIRECT] 
2026-06-29 17:00:01,842 [ERROR] LogOutputStream:75 - [STDERR_REDIRECT] [Fatal Error] :1:1: Premature end of file.
2026-06-29 17:00:01,843 [ERROR] LogOutputStream:75 - [STDERR_REDIRECT] 
2026-06-29 17:00:02,828 [ERROR] LogOutputStream:75 - [STDERR_REDIRECT] [Fatal Error] :1:1: Premature end of file.
2026-06-29 17:00:02,833 [ERROR] LogOutputStream:75 - [STDERR_REDIRECT] 
2026-06-29 17:00:03,853 [ERROR] LogOutputStream:75 - [STDERR_REDIRECT] [Fatal Error] :1:1: Premature end of file.
2026-06-29 17:00:03,853 [ERROR] LogOutputStream:75 - [STDERR_REDIRECT] 
2026-06-29 17:00:04,834 [ERROR] LogOutputStream:75 - [STDERR_REDIRECT] [Fatal Error] :1:1: Premature end of file.
2026-06-29 17:00:04,834 [ERROR] LogOutputStream:75 - [STDERR_REDIRECT] 
2026-06-29 17:00:05,847 [ERROR] LogOutputStream:75 - [STDERR_REDIRECT] [Fatal Error] :1:1: Premature end of file.
2026-06-29 17:00:05,847 [ERROR] LogOutputStream:75 - [STDERR_REDIRECT] 
2026-06-29 17:00:06,832 [ERROR] LogOutputStream:75 - [STDERR_REDIRECT] [Fatal Error] :1:1: Premature end of file.
2026-06-29 17:00:06,832 [ERROR] LogOutputStream:75 - [STDERR_REDIRECT] 
2026-06-29 17:00:07,836 [ERROR] LogOutputStream:75 - [STDERR_REDIRECT] [Fatal Error] :1:1: Premature end of file.
2026-06-29 17:00:07,836 [ERROR] LogOutputStream:75 - [STDERR_REDIRECT] 
2026-06-29 17:00:08,842 [ERROR] LogOutputStream:75 - [STDERR_REDIRECT] [Fatal Error] :1:1: Premature end of file.
2026-06-29 17:00:08,842 [ERROR] LogOutputStream:75 - [STDERR_REDIRECT] 
2026-06-29 17:00:09,829 [ERROR] LogOutputStream:75 - [STDERR_REDIRECT] [Fatal Error] :1:1: Premature end of file.
2026-06-29 17:00:09,834 [ERROR] LogOutputStream:75 - [STDERR_REDIRECT] 
2026-06-29 17:00:10,842 [ERROR] LogOutputStream:75 - [STDERR_REDIRECT] [Fatal Error] :1:1: Premature end of file.
2026-06-29 17:00:10,842 [ERROR] LogOutputStream:75 - [STDERR_REDIRECT] 
2026-06-29 17:00:11,844 [ERROR] LogOutputStream:75 - [STDERR_REDIRECT] [Fatal Error] :1:1: Premature end of file.
2026-06-29 17:00:11,844 [ERROR] LogOutputStream:75 - [STDERR_REDIRECT] 
2026-06-29 17:00:12,877 [ERROR] LogOutputStream:75 - [STDERR_REDIRECT] [Fatal Error] :1:1: Premature end of file.
2026-06-29 17:00:12,877 [ERROR] LogOutputStream:75 - [STDERR_REDIRECT] 
2026-06-29 17:00:13,895 [ERROR] LogOutputStream:75 - [STDERR_REDIRECT] [Fatal Error] :1:1: Premature end of file.
2026-06-29 17:00:13,896 [ERROR] LogOutputStream:75 - [STDERR_REDIRECT] 
2026-06-29 17:00:14,840 [ERROR] LogOutputStream:75 - [STDERR_REDIRECT] [Fatal Error] :1:1: Premature end of file.
2026-06-29 17:00:14,840 [ERROR] LogOutputStream:75 - [STDERR_REDIRECT] 
2026-06-29 17:00:15,834 [ERROR] LogOutputStream:75 - [STDERR_REDIRECT] [Fatal Error] :1:1: Premature end of file.
2026-06-29 17:00:15,835 [ERROR] LogOutputStream:75 - [STDERR_REDIRECT] 
2026-06-29 17:00:16,845 [ERROR] LogOutputStream:75 - [STDERR_REDIRECT] [Fatal Error] :1:1: Premature end of file.
2026-06-29 17:00:16,845 [ERROR] LogOutputStream:75 - [STDERR_REDIRECT] 
2026-06-29 17:00:17,842 [ERROR] LogOutputStream:75 - [STDERR_REDIRECT] [Fatal Error] :1:1: Premature end of file.
2026-06-29 17:00:17,842 [ERROR] LogOutputStream:75 - [STDERR_REDIRECT] 
2026-06-29 17:00:18,843 [ERROR] LogOutputStream:75 - [STDERR_REDIRECT] [Fatal Error] :1:1: Premature end of file.
2026-06-29 17:00:18,843 [ERROR] LogOutputStream:75 - [STDERR_REDIRECT] 
2026-06-29 17:00:19,838 [ERROR] LogOutputStream:75 - [STDERR_REDIRECT] [Fatal Error] :1:1: Premature end of file.
2026-06-29 17:00:19,838 [ERROR] LogOutputStream:75 - [STDERR_REDIRECT] 
2026-06-29 17:00:20,857 [ERROR] LogOutputStream:75 - [STDERR_REDIRECT] [Fatal Error] :1:1: Premature end of file.
2026-06-29 17:00:20,858 [ERROR] LogOutputStream:75 - [STDERR_REDIRECT] 
2026-06-29 17:00:21,839 [ERROR] LogOutputStream:75 - [STDERR_REDIRECT] [Fatal Error] :1:1: Premature end of file.
2026-06-29 17:00:21,839 [ERROR] LogOutputStream:75 - [STDERR_REDIRECT] 
2026-06-29 17:00:22,857 [ERROR] LogOutputStream:75 - [STDERR_REDIRECT] [Fatal Error] :1:1: Premature end of file.
2026-06-29 17:00:22,857 [ERROR] LogOutputStream:75 - [STDERR_REDIRECT] 
2026-06-29 17:00:23,833 [ERROR] LogOutputStream:75 - [STDERR_REDIRECT] [Fatal Error] :1:1: Premature end of file.
2026-06-29 17:00:23,833 [ERROR] LogOutputStream:75 - [STDERR_REDIRECT] 
2026-06-29 17:00:24,828 [ERROR] LogOutputStream:75 - [STDERR_REDIRECT] [Fatal Error] :1:1: Premature end of file.
2026-06-29 17:00:24,828 [ERROR] LogOutputStream:75 - [STDERR_REDIRECT] 
2026-06-29 17:00:25,863 [ERROR] LogOutputStream:75 - [STDERR_REDIRECT] [Fatal Error] :1:1: Premature end of file.
2026-06-29 17:00:25,863 [ERROR] LogOutputStream:75 - [STDERR_REDIRECT] 
2026-06-29 17:00:26,838 [ERROR] LogOutputStream:75 - [STDERR_REDIRECT] [Fatal Error] :1:1: Premature end of file.
2026-06-29 17:00:26,838 [ERROR] LogOutputStream:75 - [STDERR_REDIRECT] 
2026-06-29 17:00:27,833 [ERROR] LogOutputStream:75 - [STDERR_REDIRECT] [Fatal Error] :1:1: Premature end of file.
2026-06-29 17:00:27,833 [ERROR] LogOutputStream:75 - [STDERR_REDIRECT] 
2026-06-29 17:00:28,831 [ERROR] LogOutputStream:75 - [STDERR_REDIRECT] [Fatal Error] :1:1: Premature end of file.
2026-06-29 17:00:28,831 [ERROR] LogOutputStream:75 - [STDERR_REDIRECT] 
2026-06-29 17:00:29,840 [ERROR] LogOutputStream:75 - [STDERR_REDIRECT] [Fatal Error] :1:1: Premature end of file.
2026-06-29 17:00:29,840 [ERROR] LogOutputStream:75 - [STDERR_REDIRECT] 
2026-06-29 17:00:30,846 [ERROR] LogOutputStream:75 - [STDERR_REDIRECT] [Fatal Error] :1:1: Premature end of file.
2026-06-29 17:00:30,846 [ERROR] LogOutputStream:75 - [STDERR_REDIRECT] 
2026-06-29 17:00:31,854 [ERROR] LogOutputStream:75 - [STDERR_REDIRECT] [Fatal Error] :1:1: Premature end of file.
2026-06-29 17:00:31,854 [ERROR] LogOutputStream:75 - [STDERR_REDIRECT] 
2026-06-29 17:00:32,831 [ERROR] LogOutputStream:75 - [STDERR_REDIRECT] [Fatal Error] :1:1: Premature end of file.
2026-06-29 17:00:32,831 [ERROR] LogOutputStream:75 - [STDERR_REDIRECT] 
2026-06-29 17:00:33,828 [ERROR] LogOutputStream:75 - [STDERR_REDIRECT] [Fatal Error] :1:1: Premature end of file.
2026-06-29 17:00:33,828 [ERROR] LogOutputStream:75 - [STDERR_REDIRECT] 
2026-06-29 17:00:34,889 [ERROR] LogOutputStream:75 - [STDERR_REDIRECT] [Fatal Error] :1:1: Premature end of file.
2026-06-29 17:00:34,889 [ERROR] LogOutputStream:75 - [STDERR_REDIRECT] 
2026-06-29 17:00:35,848 [ERROR] LogOutputStream:75 - [STDERR_REDIRECT] [Fatal Error] :1:1: Premature end of file.
2026-06-29 17:00:35,848 [ERROR] LogOutputStream:75 - [STDERR_REDIRECT] 
2026-06-29 17:00:36,833 [ERROR] LogOutputStream:75 - [STDERR_REDIRECT] [Fatal Error] :1:1: Premature end of file.
2026-06-29 17:00:36,833 [ERROR] LogOutputStream:75 - [STDERR_REDIRECT] 
2026-06-29 17:00:37,857 [ERROR] LogOutputStream:75 - [STDERR_REDIRECT] [Fatal Error] :1:1: Premature end of file.
2026-06-29 17:00:37,857 [ERROR] LogOutputStream:75 - [STDERR_REDIRECT] 
2026-06-29 17:00:38,832 [ERROR] LogOutputStream:75 - [STDERR_REDIRECT] [Fatal Error] :1:1: Premature end of file.
2026-06-29 17:00:38,839 [ERROR] LogOutputStream:75 - [STDERR_REDIRECT] 
2026-06-29 17:00:39,819 [ERROR] LogOutputStream:75 - [STDERR_REDIRECT] [Fatal Error] :1:1: Premature end of file.
2026-06-29 17:00:39,820 [ERROR] LogOutputStream:75 - [STDERR_REDIRECT] 
2026-06-29 17:00:40,848 [ERROR] LogOutputStream:75 - [STDERR_REDIRECT] [Fatal Error] :1:1: Premature end of file.
2026-06-29 17:00:40,848 [ERROR] LogOutputStream:75 - [STDERR_REDIRECT] 
2026-06-29 17:00:41,829 [ERROR] LogOutputStream:75 - [STDERR_REDIRECT] [Fatal Error] :1:1: Premature end of file.
2026-06-29 17:00:41,829 [ERROR] LogOutputStream:75 - [STDERR_REDIRECT] 
2026-06-29 17:00:42,850 [ERROR] LogOutputStream:75 - [STDERR_REDIRECT] [Fatal Error] :1:1: Premature end of file.
2026-06-29 17:00:42,851 [ERROR] LogOutputStream:75 - [STDERR_REDIRECT] 
2026-06-29 17:00:43,841 [ERROR] LogOutputStream:75 - [STDERR_REDIRECT] [Fatal Error] :1:1: Premature end of file.
2026-06-29 17:00:43,842 [ERROR] LogOutputStream:75 - [STDERR_REDIRECT] 
2026-06-29 17:00:44,892 [ERROR] LogOutputStream:75 - [STDERR_REDIRECT] [Fatal Error] :1:1: Premature end of file.
2026-06-29 17:00:44,892 [ERROR] LogOutputStream:75 - [STDERR_REDIRECT] 
2026-06-29 17:00:45,840 [ERROR] LogOutputStream:75 - [STDERR_REDIRECT] [Fatal Error] :1:1: Premature end of file.
2026-06-29 17:00:45,840 [ERROR] LogOutputStream:75 - [STDERR_REDIRECT] 
2026-06-29 17:00:46,852 [ERROR] LogOutputStream:75 - [STDERR_REDIRECT] [Fatal Error] :1:1: Premature end of file.
2026-06-29 17:00:46,852 [ERROR] LogOutputStream:75 - [STDERR_REDIRECT] 
2026-06-29 17:00:47,837 [ERROR] LogOutputStream:75 - [STDERR_REDIRECT] [Fatal Error] :1:1: Premature end of file.
2026-06-29 17:00:47,837 [ERROR] LogOutputStream:75 - [STDERR_REDIRECT] 
2026-06-29 17:00:48,831 [ERROR] LogOutputStream:75 - [STDERR_REDIRECT] [Fatal Error] :1:1: Premature end of file.
2026-06-29 17:00:48,831 [ERROR] LogOutputStream:75 - [STDERR_REDIRECT] 
2026-06-29 17:00:49,838 [ERROR] LogOutputStream:75 - [STDERR_REDIRECT] [Fatal Error] :1:1: Premature end of file.
2026-06-29 17:00:49,838 [ERROR] LogOutputStream:75 - [STDERR_REDIRECT] 
2026-06-29 17:00:50,836 [ERROR] LogOutputStream:75 - [STDERR_REDIRECT] [Fatal Error] :1:1: Premature end of file.
2026-06-29 17:00:50,836 [ERROR] LogOutputStream:75 - [STDERR_REDIRECT] 
2026-06-29 17:00:51,844 [ERROR] LogOutputStream:75 - [STDERR_REDIRECT] [Fatal Error] :1:1: Premature end of file.
2026-06-29 17:00:51,844 [ERROR] LogOutputStream:75 - [STDERR_REDIRECT] 
2026-06-29 17:00:52,874 [ERROR] LogOutputStream:75 - [STDERR_REDIRECT] [Fatal Error] :1:1: Premature end of file.
2026-06-29 17:00:52,874 [ERROR] LogOutputStream:75 - [STDERR_REDIRECT] 
2026-06-29 17:00:53,877 [ERROR] LogOutputStream:75 - [STDERR_REDIRECT] [Fatal Error] :1:1: Premature end of file.
2026-06-29 17:00:53,877 [ERROR] LogOutputStream:75 - [STDERR_REDIRECT] 
2026-06-29 17:00:54,845 [ERROR] LogOutputStream:75 - [STDERR_REDIRECT] [Fatal Error] :1:1: Premature end of file.
2026-06-29 17:00:54,846 [ERROR] LogOutputStream:75 - [STDERR_REDIRECT] 
2026-06-29 17:00:55,844 [ERROR] LogOutputStream:75 - [STDERR_REDIRECT] [Fatal Error] :1:1: Premature end of file.
2026-06-29 17:00:55,844 [ERROR] LogOutputStream:75 - [STDERR_REDIRECT] 
2026-06-29 17:00:56,863 [ERROR] LogOutputStream:75 - [STDERR_REDIRECT] [Fatal Error] :1:1: Premature end of file.
2026-06-29 17:00:56,863 [ERROR] LogOutputStream:75 - [STDERR_REDIRECT] 
2026-06-29 17:00:57,849 [ERROR] LogOutputStream:75 - [STDERR_REDIRECT] [Fatal Error] :1:1: Premature end of file.
2026-06-29 17:00:57,849 [ERROR] LogOutputStream:75 - [STDERR_REDIRECT] 
2026-06-29 17:00:58,857 [ERROR] LogOutputStream:75 - [STDERR_REDIRECT] [Fatal Error] :1:1: Premature end of file.
2026-06-29 17:00:58,857 [ERROR] LogOutputStream:75 - [STDERR_REDIRECT] 
2026-06-29 17:00:59,862 [ERROR] LogOutputStream:75 - [STDERR_REDIRECT] [Fatal Error] :1:1: Premature end of file.
2026-06-29 17:00:59,862 [ERROR] LogOutputStream:75 - [STDERR_REDIRECT] 
2026-06-29 17:01:00,871 [ERROR] LogOutputStream:75 - [STDERR_REDIRECT] [Fatal Error] :1:1: Premature end of file.
2026-06-29 17:01:00,872 [ERROR] LogOutputStream:75 - [STDERR_REDIRECT] 
2026-06-29 17:01:01,880 [ERROR] LogOutputStream:75 - [STDERR_REDIRECT] [Fatal Error] :1:1: Premature end of file.
2026-06-29 17:01:01,880 [ERROR] LogOutputStream:75 - [STDERR_REDIRECT] 
2026-06-29 17:01:02,841 [ERROR] LogOutputStream:75 - [STDERR_REDIRECT] [Fatal Error] :1:1: Premature end of file.
2026-06-29 17:01:02,851 [ERROR] LogOutputStream:75 - [STDERR_REDIRECT] 
2026-06-29 17:01:03,820 [ERROR] LogOutputStream:75 - [STDERR_REDIRECT] [Fatal Error] :1:1: Premature end of file.
2026-06-29 17:01:03,820 [ERROR] LogOutputStream:75 - [STDERR_REDIRECT] 
2026-06-29 17:01:04,854 [ERROR] LogOutputStream:75 - [STDERR_REDIRECT] [Fatal Error] :1:1: Premature end of file.
2026-06-29 17:01:04,854 [ERROR] LogOutputStream:75 - [STDERR_REDIRECT] 
2026-06-29 17:01:05,821 [ERROR] LogOutputStream:75 - [STDERR_REDIRECT] [Fatal Error] :1:1: Premature end of file.
2026-06-29 17:01:05,821 [ERROR] LogOutputStream:75 - [STDERR_REDIRECT] 
2026-06-29 17:01:06,833 [ERROR] LogOutputStream:75 - [STDERR_REDIRECT] [Fatal Error] :1:1: Premature end of file.
2026-06-29 17:01:06,834 [ERROR] LogOutputStream:75 - [STDERR_REDIRECT] 
2026-06-29 17:01:07,850 [ERROR] LogOutputStream:75 - [STDERR_REDIRECT] [Fatal Error] :1:1: Premature end of file.
2026-06-29 17:01:07,850 [ERROR] LogOutputStream:75 - [STDERR_REDIRECT] 
2026-06-29 17:01:08,857 [ERROR] LogOutputStream:75 - [STDERR_REDIRECT] [Fatal Error] :1:1: Premature end of file.
2026-06-29 17:01:08,857 [ERROR] LogOutputStream:75 - [STDERR_REDIRECT] 
2026-06-29 17:01:09,885 [ERROR] LogOutputStream:75 - [STDERR_REDIRECT] [Fatal Error] :1:1: Premature end of file.
2026-06-29 17:01:09,886 [ERROR] LogOutputStream:75 - [STDERR_REDIRECT] 
2026-06-29 17:01:10,845 [ERROR] LogOutputStream:75 - [STDERR_REDIRECT] [Fatal Error] :1:1: Premature end of file.
2026-06-29 17:01:10,845 [ERROR] LogOutputStream:75 - [STDERR_REDIRECT] 
2026-06-29 17:01:11,844 [ERROR] LogOutputStream:75 - [STDERR_REDIRECT] [Fatal Error] :1:1: Premature end of file.
2026-06-29 17:01:11,844 [ERROR] LogOutputStream:75 - [STDERR_REDIRECT] 
2026-06-29 17:01:12,859 [ERROR] LogOutputStream:75 - [STDERR_REDIRECT] [Fatal Error] :1:1: Premature end of file.
2026-06-29 17:01:12,859 [ERROR] LogOutputStream:75 - [STDERR_REDIRECT] 
2026-06-29 17:01:13,825 [ERROR] LogOutputStream:75 - [STDERR_REDIRECT] [Fatal Error] :1:1: Premature end of file.
2026-06-29 17:01:13,826 [ERROR] LogOutputStream:75 - [STDERR_REDIRECT] 
2026-06-29 17:01:14,841 [ERROR] LogOutputStream:75 - [STDERR_REDIRECT] [Fatal Error] :1:1: Premature end of file.
2026-06-29 17:01:14,842 [ERROR] LogOutputStream:75 - [STDERR_REDIRECT] 
2026-06-29 17:01:15,823 [ERROR] LogOutputStream:75 - [STDERR_REDIRECT] [Fatal Error] :1:1: Premature end of file.
2026-06-29 17:01:15,823 [ERROR] LogOutputStream:75 - [STDERR_REDIRECT] 
2026-06-29 17:01:16,830 [ERROR] LogOutputStream:75 - [STDERR_REDIRECT] [Fatal Error] :1:1: Premature end of file.
2026-06-29 17:01:16,830 [ERROR] LogOutputStream:75 - [STDERR_REDIRECT] 
2026-06-29 17:01:17,861 [ERROR] LogOutputStream:75 - [STDERR_REDIRECT] [Fatal Error] :1:1: Premature end of file.
2026-06-29 17:01:17,861 [ERROR] LogOutputStream:75 - [STDERR_REDIRECT] 
2026-06-29 17:01:18,826 [ERROR] LogOutputStream:75 - [STDERR_REDIRECT] [Fatal Error] :1:1: Premature end of file.
2026-06-29 17:01:18,827 [ERROR] LogOutputStream:75 - [STDERR_REDIRECT] 
2026-06-29 17:01:19,842 [ERROR] LogOutputStream:75 - [STDERR_REDIRECT] [Fatal Error] :1:1: Premature end of file.
2026-06-29 17:01:19,842 [ERROR] LogOutputStream:75 - [STDERR_REDIRECT] 
2026-06-29 17:01:20,850 [ERROR] LogOutputStream:75 - [STDERR_REDIRECT] [Fatal Error] :1:1: Premature end of file.
2026-06-29 17:01:20,850 [ERROR] LogOutputStream:75 - [STDERR_REDIRECT] 
2026-06-29 17:01:21,839 [ERROR] LogOutputStream:75 - [STDERR_REDIRECT] [Fatal Error] :1:1: Premature end of file.
2026-06-29 17:01:21,839 [ERROR] LogOutputStream:75 - [STDERR_REDIRECT] 
2026-06-29 17:01:22,824 [ERROR] LogOutputStream:75 - [STDERR_REDIRECT] [Fatal Error] :1:1: Premature end of file.
2026-06-29 17:01:22,826 [ERROR] LogOutputStream:75 - [STDERR_REDIRECT] 
2026-06-29 17:01:23,835 [ERROR] LogOutputStream:75 - [STDERR_REDIRECT] [Fatal Error] :1:1: Premature end of file.
2026-06-29 17:01:23,836 [ERROR] LogOutputStream:75 - [STDERR_REDIRECT] 
2026-06-29 17:01:24,841 [ERROR] LogOutputStream:75 - [STDERR_REDIRECT] [Fatal Error] :1:1: Premature end of file.
2026-06-29 17:01:24,841 [ERROR] LogOutputStream:75 - [STDERR_REDIRECT] 
2026-06-29 17:01:25,840 [ERROR] LogOutputStream:75 - [STDERR_REDIRECT] [Fatal Error] :1:1: Premature end of file.
2026-06-29 17:01:25,840 [ERROR] LogOutputStream:75 - [STDERR_REDIRECT] 
2026-06-29 17:01:26,832 [ERROR] LogOutputStream:75 - [STDERR_REDIRECT] [Fatal Error] :1:1: Premature end of file.
2026-06-29 17:01:26,832 [ERROR] LogOutputStream:75 - [STDERR_REDIRECT] 
2026-06-29 17:01:27,833 [ERROR] LogOutputStream:75 - [STDERR_REDIRECT] [Fatal Error] :1:1: Premature end of file.
2026-06-29 17:01:27,833 [ERROR] LogOutputStream:75 - [STDERR_REDIRECT] 
2026-06-29 17:01:28,860 [ERROR] LogOutputStream:75 - [STDERR_REDIRECT] [Fatal Error] :1:1: Premature end of file.
2026-06-29 17:01:28,860 [ERROR] LogOutputStream:75 - [STDERR_REDIRECT] 
2026-06-29 17:01:29,866 [ERROR] LogOutputStream:75 - [STDERR_REDIRECT] [Fatal Error] :1:1: Premature end of file.
2026-06-29 17:01:29,866 [ERROR] LogOutputStream:75 - [STDERR_REDIRECT] 
2026-06-29 17:01:30,837 [ERROR] LogOutputStream:75 - [STDERR_REDIRECT] [Fatal Error] :1:1: Premature end of file.
2026-06-29 17:01:30,837 [ERROR] LogOutputStream:75 - [STDERR_REDIRECT] 
2026-06-29 17:01:31,836 [ERROR] LogOutputStream:75 - [STDERR_REDIRECT] [Fatal Error] :1:1: Premature end of file.
2026-06-29 17:01:31,836 [ERROR] LogOutputStream:75 - [STDERR_REDIRECT] 
2026-06-29 17:01:32,837 [ERROR] LogOutputStream:75 - [STDERR_REDIRECT] [Fatal Error] :1:1: Premature end of file.
2026-06-29 17:01:32,837 [ERROR] LogOutputStream:75 - [STDERR_REDIRECT] 
2026-06-29 17:01:33,871 [ERROR] LogOutputStream:75 - [STDERR_REDIRECT] [Fatal Error] :1:1: Premature end of file.
2026-06-29 17:01:33,872 [ERROR] LogOutputStream:75 - [STDERR_REDIRECT] 
2026-06-29 17:01:34,826 [ERROR] LogOutputStream:75 - [STDERR_REDIRECT] [Fatal Error] :1:1: Premature end of file.
2026-06-29 17:01:34,832 [ERROR] LogOutputStream:75 - [STDERR_REDIRECT] 
2026-06-29 17:01:35,828 [ERROR] LogOutputStream:75 - [STDERR_REDIRECT] [Fatal Error] :1:1: Premature end of file.
2026-06-29 17:01:35,829 [ERROR] LogOutputStream:75 - [STDERR_REDIRECT] 
2026-06-29 17:01:36,835 [ERROR] LogOutputStream:75 - [STDERR_REDIRECT] [Fatal Error] :1:1: Premature end of file.
2026-06-29 17:01:36,835 [ERROR] LogOutputStream:75 - [STDERR_REDIRECT] 
2026-06-29 17:01:37,872 [ERROR] LogOutputStream:75 - [STDERR_REDIRECT] [Fatal Error] :1:1: Premature end of file.
2026-06-29 17:01:37,872 [ERROR] LogOutputStream:75 - [STDERR_REDIRECT] 
2026-06-29 17:01:38,872 [ERROR] LogOutputStream:75 - [STDERR_REDIRECT] [Fatal Error] :1:1: Premature end of file.
2026-06-29 17:01:38,875 [ERROR] LogOutputStream:75 - [STDERR_REDIRECT] 
2026-06-29 17:01:39,860 [ERROR] LogOutputStream:75 - [STDERR_REDIRECT] [Fatal Error] :1:1: Premature end of file.
2026-06-29 17:01:39,860 [ERROR] LogOutputStream:75 - [STDERR_REDIRECT] 
2026-06-29 17:01:40,831 [ERROR] LogOutputStream:75 - [STDERR_REDIRECT] [Fatal Error] :1:1: Premature end of file.
2026-06-29 17:01:40,832 [ERROR] LogOutputStream:75 - [STDERR_REDIRECT] 
2026-06-29 17:01:41,835 [ERROR] LogOutputStream:75 - [STDERR_REDIRECT] [Fatal Error] :1:1: Premature end of file.
2026-06-29 17:01:41,835 [ERROR] LogOutputStream:75 - [STDERR_REDIRECT] 
2026-06-29 17:01:42,846 [ERROR] LogOutputStream:75 - [STDERR_REDIRECT] [Fatal Error] :1:1: Premature end of file.
2026-06-29 17:01:42,847 [ERROR] LogOutputStream:75 - [STDERR_REDIRECT] 
2026-06-29 17:01:43,840 [ERROR] LogOutputStream:75 - [STDERR_REDIRECT] [Fatal Error] :1:1: Premature end of file.
2026-06-29 17:01:43,840 [ERROR] LogOutputStream:75 - [STDERR_REDIRECT] 
2026-06-29 17:01:44,821 [ERROR] LogOutputStream:75 - [STDERR_REDIRECT] [Fatal Error] :1:1: Premature end of file.
2026-06-29 17:01:44,821 [ERROR] LogOutputStream:75 - [STDERR_REDIRECT] 
2026-06-29 17:01:45,847 [ERROR] LogOutputStream:75 - [STDERR_REDIRECT] [Fatal Error] :1:1: Premature end of file.
2026-06-29 17:01:45,847 [ERROR] LogOutputStream:75 - [STDERR_REDIRECT] 
2026-06-29 17:01:46,807 [ERROR] LogOutputStream:75 - [STDERR_REDIRECT] [Fatal Error] :1:1: Premature end of file.
2026-06-29 17:01:46,807 [ERROR] LogOutputStream:75 - [STDERR_REDIRECT] 
2026-06-29 17:01:47,836 [ERROR] LogOutputStream:75 - [STDERR_REDIRECT] [Fatal Error] :1:1: Premature end of file.
2026-06-29 17:01:47,836 [ERROR] LogOutputStream:75 - [STDERR_REDIRECT] 
2026-06-29 17:01:48,820 [ERROR] LogOutputStream:75 - [STDERR_REDIRECT] [Fatal Error] :1:1: Premature end of file.
2026-06-29 17:01:48,834 [ERROR] LogOutputStream:75 - [STDERR_REDIRECT] 
2026-06-29 17:01:49,836 [ERROR] LogOutputStream:75 - [STDERR_REDIRECT] [Fatal Error] :1:1: Premature end of file.
2026-06-29 17:01:49,836 [ERROR] LogOutputStream:75 - [STDERR_REDIRECT] 
2026-06-29 17:01:50,825 [ERROR] LogOutputStream:75 - [STDERR_REDIRECT] [Fatal Error] :1:1: Premature end of file.
2026-06-29 17:01:50,825 [ERROR] LogOutputStream:75 - [STDERR_REDIRECT] 
2026-06-29 17:01:51,848 [ERROR] LogOutputStream:75 - [STDERR_REDIRECT] [Fatal Error] :1:1: Premature end of file.
2026-06-29 17:01:51,848 [ERROR] LogOutputStream:75 - [STDERR_REDIRECT] 
2026-06-29 17:01:52,835 [ERROR] LogOutputStream:75 - [STDERR_REDIRECT] [Fatal Error] :1:1: Premature end of file.
2026-06-29 17:01:52,835 [ERROR] LogOutputStream:75 - [STDERR_REDIRECT] 
2026-06-29 17:01:53,831 [ERROR] LogOutputStream:75 - [STDERR_REDIRECT] [Fatal Error] :1:1: Premature end of file.
2026-06-29 17:01:53,831 [ERROR] LogOutputStream:75 - [STDERR_REDIRECT] 
2026-06-29 17:01:54,843 [ERROR] LogOutputStream:75 - [STDERR_REDIRECT] [Fatal Error] :1:1: Premature end of file.
2026-06-29 17:01:54,843 [ERROR] LogOutputStream:75 - [STDERR_REDIRECT] 
2026-06-29 17:01:55,820 [ERROR] LogOutputStream:75 - [STDERR_REDIRECT] [Fatal Error] :1:1: Premature end of file.
2026-06-29 17:01:55,820 [ERROR] LogOutputStream:75 - [STDERR_REDIRECT] 
2026-06-29 17:01:56,824 [ERROR] LogOutputStream:75 - [STDERR_REDIRECT] [Fatal Error] :1:1: Premature end of file.
2026-06-29 17:01:56,824 [ERROR] LogOutputStream:75 - [STDERR_REDIRECT] 
2026-06-29 17:01:57,828 [ERROR] LogOutputStream:75 - [STDERR_REDIRECT] [Fatal Error] :1:1: Premature end of file.
2026-06-29 17:01:57,828 [ERROR] LogOutputStream:75 - [STDERR_REDIRECT] 
2026-06-29 17:01:58,825 [ERROR] LogOutputStream:75 - [STDERR_REDIRECT] [Fatal Error] :1:1: Premature end of file.
2026-06-29 17:01:58,825 [ERROR] LogOutputStream:75 - [STDERR_REDIRECT] 
2026-06-29 17:01:59,838 [ERROR] LogOutputStream:75 - [STDERR_REDIRECT] [Fatal Error] :1:1: Premature end of file.
2026-06-29 17:01:59,838 [ERROR] LogOutputStream:75 - [STDERR_REDIRECT] 
2026-06-29 17:02:00,840 [ERROR] LogOutputStream:75 - [STDERR_REDIRECT] [Fatal Error] :1:1: Premature end of file.
2026-06-29 17:02:00,840 [ERROR] LogOutputStream:75 - [STDERR_REDIRECT] 
2026-06-29 17:02:01,837 [ERROR] LogOutputStream:75 - [STDERR_REDIRECT] [Fatal Error] :1:1: Premature end of file.
2026-06-29 17:02:01,837 [ERROR] LogOutputStream:75 - [STDERR_REDIRECT] 
2026-06-29 17:02:02,828 [ERROR] LogOutputStream:75 - [STDERR_REDIRECT] [Fatal Error] :1:1: Premature end of file.
2026-06-29 17:02:02,828 [ERROR] LogOutputStream:75 - [STDERR_REDIRECT] 
2026-06-29 17:02:03,852 [ERROR] LogOutputStream:75 - [STDERR_REDIRECT] [Fatal Error] :1:1: Premature end of file.
2026-06-29 17:02:03,852 [ERROR] LogOutputStream:75 - [STDERR_REDIRECT] 
2026-06-29 17:02:04,841 [ERROR] LogOutputStream:75 - [STDERR_REDIRECT] [Fatal Error] :1:1: Premature end of file.
2026-06-29 17:02:04,841 [ERROR] LogOutputStream:75 - [STDERR_REDIRECT] 
2026-06-29 17:02:05,836 [ERROR] LogOutputStream:75 - [STDERR_REDIRECT] [Fatal Error] :1:1: Premature end of file.
2026-06-29 17:02:05,836 [ERROR] LogOutputStream:75 - [STDERR_REDIRECT] 
2026-06-29 17:02:06,838 [ERROR] LogOutputStream:75 - [STDERR_REDIRECT] [Fatal Error] :1:1: Premature end of file.
2026-06-29 17:02:06,838 [ERROR] LogOutputStream:75 - [STDERR_REDIRECT] 
2026-06-29 17:02:07,840 [ERROR] LogOutputStream:75 - [STDERR_REDIRECT] [Fatal Error] :1:1: Premature end of file.
2026-06-29 17:02:07,840 [ERROR] LogOutputStream:75 - [STDERR_REDIRECT] 
2026-06-29 17:02:08,862 [ERROR] LogOutputStream:75 - [STDERR_REDIRECT] [Fatal Error] :1:1: Premature end of file.
2026-06-29 17:02:08,862 [ERROR] LogOutputStream:75 - [STDERR_REDIRECT] 
2026-06-29 17:02:09,825 [ERROR] LogOutputStream:75 - [STDERR_REDIRECT] [Fatal Error] :1:1: Premature end of file.
2026-06-29 17:02:09,825 [ERROR] LogOutputStream:75 - [STDERR_REDIRECT] 
2026-06-29 17:02:10,832 [ERROR] LogOutputStream:75 - [STDERR_REDIRECT] [Fatal Error] :1:1: Premature end of file.
2026-06-29 17:02:10,832 [ERROR] LogOutputStream:75 - [STDERR_REDIRECT] 
2026-06-29 17:02:11,831 [ERROR] LogOutputStream:75 - [STDERR_REDIRECT] [Fatal Error] :1:1: Premature end of file.
2026-06-29 17:02:11,831 [ERROR] LogOutputStream:75 - [STDERR_REDIRECT] 
2026-06-29 17:02:12,836 [ERROR] LogOutputStream:75 - [STDERR_REDIRECT] [Fatal Error] :1:1: Premature end of file.
2026-06-29 17:02:12,836 [ERROR] LogOutputStream:75 - [STDERR_REDIRECT] 
2026-06-29 17:02:13,825 [ERROR] LogOutputStream:75 - [STDERR_REDIRECT] [Fatal Error] :1:1: Premature end of file.
2026-06-29 17:02:13,827 [ERROR] LogOutputStream:75 - [STDERR_REDIRECT] 
2026-06-29 17:02:14,832 [ERROR] LogOutputStream:75 - [STDERR_REDIRECT] [Fatal Error] :1:1: Premature end of file.
2026-06-29 17:02:14,832 [ERROR] LogOutputStream:75 - [STDERR_REDIRECT] 
2026-06-29 17:02:15,831 [ERROR] LogOutputStream:75 - [STDERR_REDIRECT] [Fatal Error] :1:1: Premature end of file.
2026-06-29 17:02:15,831 [ERROR] LogOutputStream:75 - [STDERR_REDIRECT] 
2026-06-29 17:02:16,824 [ERROR] LogOutputStream:75 - [STDERR_REDIRECT] [Fatal Error] :1:1: Premature end of file.
2026-06-29 17:02:16,824 [ERROR] LogOutputStream:75 - [STDERR_REDIRECT] 
2026-06-29 17:02:17,826 [ERROR] LogOutputStream:75 - [STDERR_REDIRECT] [Fatal Error] :1:1: Premature end of file.
2026-06-29 17:02:17,826 [ERROR] LogOutputStream:75 - [STDERR_REDIRECT] 
2026-06-29 17:02:18,837 [ERROR] LogOutputStream:75 - [STDERR_REDIRECT] [Fatal Error] :1:1: Premature end of file.
2026-06-29 17:02:18,837 [ERROR] LogOutputStream:75 - [STDERR_REDIRECT] 
2026-06-29 17:02:19,882 [ERROR] LogOutputStream:75 - [STDERR_REDIRECT] [Fatal Error] :1:1: Premature end of file.
2026-06-29 17:02:19,882 [ERROR] LogOutputStream:75 - [STDERR_REDIRECT] 
2026-06-29 17:02:20,893 [ERROR] LogOutputStream:75 - [STDERR_REDIRECT] [Fatal Error] :1:1: Premature end of file.
2026-06-29 17:02:20,894 [ERROR] LogOutputStream:75 - [STDERR_REDIRECT] 
2026-06-29 17:02:21,820 [ERROR] LogOutputStream:75 - [STDERR_REDIRECT] [Fatal Error] :1:1: Premature end of file.
2026-06-29 17:02:21,820 [ERROR] LogOutputStream:75 - [STDERR_REDIRECT] 
2026-06-29 17:02:22,826 [ERROR] LogOutputStream:75 - [STDERR_REDIRECT] [Fatal Error] :1:1: Premature end of file.
2026-06-29 17:02:22,827 [ERROR] LogOutputStream:75 - [STDERR_REDIRECT] 
2026-06-29 17:02:23,891 [ERROR] LogOutputStream:75 - [STDERR_REDIRECT] [Fatal Error] :1:1: Premature end of file.
2026-06-29 17:02:23,893 [ERROR] LogOutputStream:75 - [STDERR_REDIRECT] 
2026-06-29 17:02:24,822 [ERROR] LogOutputStream:75 - [STDERR_REDIRECT] [Fatal Error] :1:1: Premature end of file.
2026-06-29 17:02:24,822 [ERROR] LogOutputStream:75 - [STDERR_REDIRECT] 
2026-06-29 17:02:25,874 [ERROR] LogOutputStream:75 - [STDERR_REDIRECT] [Fatal Error] :1:1: Premature end of file.
2026-06-29 17:02:25,875 [ERROR] LogOutputStream:75 - [STDERR_REDIRECT] 
2026-06-29 17:02:26,916 [ERROR] LogOutputStream:75 - [STDERR_REDIRECT] [Fatal Error] :1:1: Premature end of file.
2026-06-29 17:02:26,918 [ERROR] LogOutputStream:75 - [STDERR_REDIRECT] 
2026-06-29 17:02:27,907 [ERROR] LogOutputStream:75 - [STDERR_REDIRECT] [Fatal Error] :1:1: Premature end of file.
2026-06-29 17:02:27,907 [ERROR] LogOutputStream:75 - [STDERR_REDIRECT] 
2026-06-29 17:02:28,881 [ERROR] LogOutputStream:75 - [STDERR_REDIRECT] [Fatal Error] :1:1: Premature end of file.
2026-06-29 17:02:28,881 [ERROR] LogOutputStream:75 - [STDERR_REDIRECT] 
2026-06-29 17:02:29,833 [ERROR] LogOutputStream:75 - [STDERR_REDIRECT] [Fatal Error] :1:1: Premature end of file.
2026-06-29 17:02:29,833 [ERROR] LogOutputStream:75 - [STDERR_REDIRECT] 
2026-06-29 17:02:30,834 [ERROR] LogOutputStream:75 - [STDERR_REDIRECT] [Fatal Error] :1:1: Premature end of file.
2026-06-29 17:02:30,834 [ERROR] LogOutputStream:75 - [STDERR_REDIRECT] 
2026-06-29 17:02:31,836 [ERROR] LogOutputStream:75 - [STDERR_REDIRECT] [Fatal Error] :1:1: Premature end of file.
2026-06-29 17:02:31,836 [ERROR] LogOutputStream:75 - [STDERR_REDIRECT] 
2026-06-29 17:02:32,867 [ERROR] LogOutputStream:75 - [STDERR_REDIRECT] [Fatal Error] :1:1: Premature end of file.
2026-06-29 17:02:32,869 [ERROR] LogOutputStream:75 - [STDERR_REDIRECT] 
2026-06-29 17:02:33,833 [ERROR] LogOutputStream:75 - [STDERR_REDIRECT] [Fatal Error] :1:1: Premature end of file.
2026-06-29 17:02:33,833 [ERROR] LogOutputStream:75 - [STDERR_REDIRECT] 
2026-06-29 17:02:34,841 [ERROR] LogOutputStream:75 - [STDERR_REDIRECT] [Fatal Error] :1:1: Premature end of file.
2026-06-29 17:02:34,841 [ERROR] LogOutputStream:75 - [STDERR_REDIRECT] 
2026-06-29 17:02:35,829 [ERROR] LogOutputStream:75 - [STDERR_REDIRECT] [Fatal Error] :1:1: Premature end of file.
2026-06-29 17:02:35,829 [ERROR] LogOutputStream:75 - [STDERR_REDIRECT] 
2026-06-29 17:02:36,832 [ERROR] LogOutputStream:75 - [STDERR_REDIRECT] [Fatal Error] :1:1: Premature end of file.
2026-06-29 17:02:36,833 [ERROR] LogOutputStream:75 - [STDERR_REDIRECT] 
2026-06-29 17:02:37,826 [ERROR] LogOutputStream:75 - [STDERR_REDIRECT] [Fatal Error] :1:1: Premature end of file.
2026-06-29 17:02:37,826 [ERROR] LogOutputStream:75 - [STDERR_REDIRECT] 
2026-06-29 17:02:38,838 [ERROR] LogOutputStream:75 - [STDERR_REDIRECT] [Fatal Error] :1:1: Premature end of file.
2026-06-29 17:02:38,838 [ERROR] LogOutputStream:75 - [STDERR_REDIRECT] 
2026-06-29 17:02:39,823 [ERROR] LogOutputStream:75 - [STDERR_REDIRECT] [Fatal Error] :1:1: Premature end of file.
2026-06-29 17:02:39,825 [ERROR] LogOutputStream:75 - [STDERR_REDIRECT] 
2026-06-29 17:02:40,820 [ERROR] LogOutputStream:75 - [STDERR_REDIRECT] [Fatal Error] :1:1: Premature end of file.
2026-06-29 17:02:40,820 [ERROR] LogOutputStream:75 - [STDERR_REDIRECT] 
2026-06-29 17:02:41,835 [ERROR] LogOutputStream:75 - [STDERR_REDIRECT] [Fatal Error] :1:1: Premature end of file.
2026-06-29 17:02:41,835 [ERROR] LogOutputStream:75 - [STDERR_REDIRECT] 
2026-06-29 17:02:42,838 [ERROR] LogOutputStream:75 - [STDERR_REDIRECT] [Fatal Error] :1:1: Premature end of file.
2026-06-29 17:02:42,854 [ERROR] LogOutputStream:75 - [STDERR_REDIRECT] 
2026-06-29 17:02:43,819 [ERROR] LogOutputStream:75 - [STDERR_REDIRECT] [Fatal Error] :1:1: Premature end of file.
2026-06-29 17:02:43,819 [ERROR] LogOutputStream:75 - [STDERR_REDIRECT] 
2026-06-29 17:02:44,828 [ERROR] LogOutputStream:75 - [STDERR_REDIRECT] [Fatal Error] :1:1: Premature end of file.
2026-06-29 17:02:44,829 [ERROR] LogOutputStream:75 - [STDERR_REDIRECT] 
2026-06-29 17:02:45,820 [ERROR] LogOutputStream:75 - [STDERR_REDIRECT] [Fatal Error] :1:1: Premature end of file.
2026-06-29 17:02:45,820 [ERROR] LogOutputStream:75 - [STDERR_REDIRECT] 
2026-06-29 17:02:46,823 [ERROR] LogOutputStream:75 - [STDERR_REDIRECT] [Fatal Error] :1:1: Premature end of file.
2026-06-29 17:02:46,823 [ERROR] LogOutputStream:75 - [STDERR_REDIRECT] 
2026-06-29 17:02:47,838 [ERROR] LogOutputStream:75 - [STDERR_REDIRECT] [Fatal Error] :1:1: Premature end of file.
2026-06-29 17:02:47,838 [ERROR] LogOutputStream:75 - [STDERR_REDIRECT] 
2026-06-29 17:02:48,838 [ERROR] LogOutputStream:75 - [STDERR_REDIRECT] [Fatal Error] :1:1: Premature end of file.
2026-06-29 17:02:48,838 [ERROR] LogOutputStream:75 - [STDERR_REDIRECT] 
2026-06-29 17:02:49,829 [ERROR] LogOutputStream:75 - [STDERR_REDIRECT] [Fatal Error] :1:1: Premature end of file.
2026-06-29 17:02:49,829 [ERROR] LogOutputStream:75 - [STDERR_REDIRECT] 
2026-06-29 17:02:50,823 [ERROR] LogOutputStream:75 - [STDERR_REDIRECT] [Fatal Error] :1:1: Premature end of file.
2026-06-29 17:02:50,829 [ERROR] LogOutputStream:75 - [STDERR_REDIRECT] 
2026-06-29 17:02:51,850 [ERROR] LogOutputStream:75 - [STDERR_REDIRECT] [Fatal Error] :1:1: Premature end of file.
2026-06-29 17:02:51,850 [ERROR] LogOutputStream:75 - [STDERR_REDIRECT] 
2026-06-29 17:02:52,829 [ERROR] LogOutputStream:75 - [STDERR_REDIRECT] [Fatal Error] :1:1: Premature end of file.
2026-06-29 17:02:52,829 [ERROR] LogOutputStream:75 - [STDERR_REDIRECT] 
2026-06-29 17:02:53,837 [ERROR] LogOutputStream:75 - [STDERR_REDIRECT] [Fatal Error] :1:1: Premature end of file.
2026-06-29 17:02:53,837 [ERROR] LogOutputStream:75 - [STDERR_REDIRECT] 
2026-06-29 17:02:54,831 [ERROR] LogOutputStream:75 - [STDERR_REDIRECT] [Fatal Error] :1:1: Premature end of file.
2026-06-29 17:02:54,831 [ERROR] LogOutputStream:75 - [STDERR_REDIRECT] 
2026-06-29 17:02:55,827 [ERROR] LogOutputStream:75 - [STDERR_REDIRECT] [Fatal Error] :1:1: Premature end of file.
2026-06-29 17:02:55,829 [ERROR] LogOutputStream:75 - [STDERR_REDIRECT] 
2026-06-29 17:02:56,851 [ERROR] LogOutputStream:75 - [STDERR_REDIRECT] [Fatal Error] :1:1: Premature end of file.
2026-06-29 17:02:56,851 [ERROR] LogOutputStream:75 - [STDERR_REDIRECT] 
2026-06-29 17:02:57,830 [ERROR] LogOutputStream:75 - [STDERR_REDIRECT] [Fatal Error] :1:1: Premature end of file.
2026-06-29 17:02:57,830 [ERROR] LogOutputStream:75 - [STDERR_REDIRECT] 
2026-06-29 17:02:58,832 [ERROR] LogOutputStream:75 - [STDERR_REDIRECT] [Fatal Error] :1:1: Premature end of file.
2026-06-29 17:02:58,833 [ERROR] LogOutputStream:75 - [STDERR_REDIRECT] 
2026-06-29 17:02:59,820 [ERROR] LogOutputStream:75 - [STDERR_REDIRECT] [Fatal Error] :1:1: Premature end of file.
2026-06-29 17:02:59,820 [ERROR] LogOutputStream:75 - [STDERR_REDIRECT] 
2026-06-29 17:03:00,833 [ERROR] LogOutputStream:75 - [STDERR_REDIRECT] [Fatal Error] :1:1: Premature end of file.
2026-06-29 17:03:00,833 [ERROR] LogOutputStream:75 - [STDERR_REDIRECT] 
2026-06-29 17:03:01,821 [ERROR] LogOutputStream:75 - [STDERR_REDIRECT] [Fatal Error] :1:1: Premature end of file.
2026-06-29 17:03:01,821 [ERROR] LogOutputStream:75 - [STDERR_REDIRECT] 
2026-06-29 17:03:02,840 [ERROR] LogOutputStream:75 - [STDERR_REDIRECT] [Fatal Error] :1:1: Premature end of file.
2026-06-29 17:03:02,840 [ERROR] LogOutputStream:75 - [STDERR_REDIRECT] 
2026-06-29 17:03:03,842 [ERROR] LogOutputStream:75 - [STDERR_REDIRECT] [Fatal Error] :1:1: Premature end of file.
2026-06-29 17:03:03,842 [ERROR] LogOutputStream:75 - [STDERR_REDIRECT] 
2026-06-29 17:03:04,832 [ERROR] LogOutputStream:75 - [STDERR_REDIRECT] [Fatal Error] :1:1: Premature end of file.
2026-06-29 17:03:04,832 [ERROR] LogOutputStream:75 - [STDERR_REDIRECT] 
2026-06-29 17:03:05,820 [ERROR] LogOutputStream:75 - [STDERR_REDIRECT] [Fatal Error] :1:1: Premature end of file.
2026-06-29 17:03:05,820 [ERROR] LogOutputStream:75 - [STDERR_REDIRECT] 
2026-06-29 17:03:06,826 [ERROR] LogOutputStream:75 - [STDERR_REDIRECT] [Fatal Error] :1:1: Premature end of file.
2026-06-29 17:03:06,826 [ERROR] LogOutputStream:75 - [STDERR_REDIRECT] 
2026-06-29 17:03:07,836 [ERROR] LogOutputStream:75 - [STDERR_REDIRECT] [Fatal Error] :1:1: Premature end of file.
2026-06-29 17:03:07,836 [ERROR] LogOutputStream:75 - [STDERR_REDIRECT] 
2026-06-29 17:03:08,822 [ERROR] LogOutputStream:75 - [STDERR_REDIRECT] [Fatal Error] :1:1: Premature end of file.
2026-06-29 17:03:08,822 [ERROR] LogOutputStream:75 - [STDERR_REDIRECT] 
2026-06-29 17:03:09,835 [ERROR] LogOutputStream:75 - [STDERR_REDIRECT] [Fatal Error] :1:1: Premature end of file.
2026-06-29 17:03:09,835 [ERROR] LogOutputStream:75 - [STDERR_REDIRECT] 
2026-06-29 17:03:10,837 [ERROR] LogOutputStream:75 - [STDERR_REDIRECT] [Fatal Error] :1:1: Premature end of file.
2026-06-29 17:03:10,837 [ERROR] LogOutputStream:75 - [STDERR_REDIRECT] 
2026-06-29 17:03:11,842 [ERROR] LogOutputStream:75 - [STDERR_REDIRECT] [Fatal Error] :1:1: Premature end of file.
2026-06-29 17:03:11,842 [ERROR] LogOutputStream:75 - [STDERR_REDIRECT] 
2026-06-29 17:03:12,873 [ERROR] LogOutputStream:75 - [STDERR_REDIRECT] [Fatal Error] :1:1: Premature end of file.
2026-06-29 17:03:12,873 [ERROR] LogOutputStream:75 - [STDERR_REDIRECT] 
2026-06-29 17:03:13,836 [ERROR] LogOutputStream:75 - [STDERR_REDIRECT] [Fatal Error] :1:1: Premature end of file.
2026-06-29 17:03:13,836 [ERROR] LogOutputStream:75 - [STDERR_REDIRECT] 
2026-06-29 17:03:14,833 [ERROR] LogOutputStream:75 - [STDERR_REDIRECT] [Fatal Error] :1:1: Premature end of file.
2026-06-29 17:03:14,833 [ERROR] LogOutputStream:75 - [STDERR_REDIRECT] 
2026-06-29 17:03:15,835 [ERROR] LogOutputStream:75 - [STDERR_REDIRECT] [Fatal Error] :1:1: Premature end of file.
2026-06-29 17:03:15,835 [ERROR] LogOutputStream:75 - [STDERR_REDIRECT] 
2026-06-29 17:03:16,830 [ERROR] LogOutputStream:75 - [STDERR_REDIRECT] [Fatal Error] :1:1: Premature end of file.
2026-06-29 17:03:16,830 [ERROR] LogOutputStream:75 - [STDERR_REDIRECT] 
2026-06-29 17:03:17,834 [ERROR] LogOutputStream:75 - [STDERR_REDIRECT] [Fatal Error] :1:1: Premature end of file.
2026-06-29 17:03:17,834 [ERROR] LogOutputStream:75 - [STDERR_REDIRECT] 
2026-06-29 17:03:18,835 [ERROR] LogOutputStream:75 - [STDERR_REDIRECT] [Fatal Error] :1:1: Premature end of file.
2026-06-29 17:03:18,836 [ERROR] LogOutputStream:75 - [STDERR_REDIRECT] 
2026-06-29 17:03:19,836 [ERROR] LogOutputStream:75 - [STDERR_REDIRECT] [Fatal Error] :1:1: Premature end of file.
2026-06-29 17:03:19,836 [ERROR] LogOutputStream:75 - [STDERR_REDIRECT] 
2026-06-29 17:03:20,835 [ERROR] LogOutputStream:75 - [STDERR_REDIRECT] [Fatal Error] :1:1: Premature end of file.
2026-06-29 17:03:20,836 [ERROR] LogOutputStream:75 - [STDERR_REDIRECT] 
2026-06-29 17:03:21,837 [ERROR] LogOutputStream:75 - [STDERR_REDIRECT] [Fatal Error] :1:1: Premature end of file.
2026-06-29 17:03:21,837 [ERROR] LogOutputStream:75 - [STDERR_REDIRECT] 
2026-06-29 17:03:22,842 [ERROR] LogOutputStream:75 - [STDERR_REDIRECT] [Fatal Error] :1:1: Premature end of file.
2026-06-29 17:03:22,842 [ERROR] LogOutputStream:75 - [STDERR_REDIRECT] 
2026-06-29 17:03:23,851 [ERROR] LogOutputStream:75 - [STDERR_REDIRECT] [Fatal Error] :1:1: Premature end of file.
2026-06-29 17:03:23,851 [ERROR] LogOutputStream:75 - [STDERR_REDIRECT] 
2026-06-29 17:03:24,828 [ERROR] LogOutputStream:75 - [STDERR_REDIRECT] [Fatal Error] :1:1: Premature end of file.
2026-06-29 17:03:24,828 [ERROR] LogOutputStream:75 - [STDERR_REDIRECT] 
2026-06-29 17:03:25,833 [ERROR] LogOutputStream:75 - [STDERR_REDIRECT] [Fatal Error] :1:1: Premature end of file.
2026-06-29 17:03:25,833 [ERROR] LogOutputStream:75 - [STDERR_REDIRECT] 
2026-06-29 17:03:26,845 [ERROR] LogOutputStream:75 - [STDERR_REDIRECT] [Fatal Error] :1:1: Premature end of file.
2026-06-29 17:03:26,845 [ERROR] LogOutputStream:75 - [STDERR_REDIRECT] 
2026-06-29 17:03:27,824 [ERROR] LogOutputStream:75 - [STDERR_REDIRECT] [Fatal Error] :1:1: Premature end of file.
2026-06-29 17:03:27,824 [ERROR] LogOutputStream:75 - [STDERR_REDIRECT] 
2026-06-29 17:03:28,836 [ERROR] LogOutputStream:75 - [STDERR_REDIRECT] [Fatal Error] :1:1: Premature end of file.
2026-06-29 17:03:28,836 [ERROR] LogOutputStream:75 - [STDERR_REDIRECT] 
2026-06-29 17:03:29,824 [ERROR] LogOutputStream:75 - [STDERR_REDIRECT] [Fatal Error] :1:1: Premature end of file.
2026-06-29 17:03:29,835 [ERROR] LogOutputStream:75 - [STDERR_REDIRECT] 
2026-06-29 17:03:30,837 [ERROR] LogOutputStream:75 - [STDERR_REDIRECT] [Fatal Error] :1:1: Premature end of file.
2026-06-29 17:03:30,837 [ERROR] LogOutputStream:75 - [STDERR_REDIRECT] 
2026-06-29 17:03:31,829 [ERROR] LogOutputStream:75 - [STDERR_REDIRECT] [Fatal Error] :1:1: Premature end of file.
2026-06-29 17:03:31,830 [ERROR] LogOutputStream:75 - [STDERR_REDIRECT] 
2026-06-29 17:03:32,825 [ERROR] LogOutputStream:75 - [STDERR_REDIRECT] [Fatal Error] :1:1: Premature end of file.
2026-06-29 17:03:32,825 [ERROR] LogOutputStream:75 - [STDERR_REDIRECT] 
2026-06-29 17:03:33,853 [ERROR] LogOutputStream:75 - [STDERR_REDIRECT] [Fatal Error] :1:1: Premature end of file.
2026-06-29 17:03:33,853 [ERROR] LogOutputStream:75 - [STDERR_REDIRECT] 
2026-06-29 17:03:34,833 [ERROR] LogOutputStream:75 - [STDERR_REDIRECT] [Fatal Error] :1:1: Premature end of file.
2026-06-29 17:03:34,833 [ERROR] LogOutputStream:75 - [STDERR_REDIRECT] 
2026-06-29 17:03:35,825 [ERROR] LogOutputStream:75 - [STDERR_REDIRECT] [Fatal Error] :1:1: Premature end of file.
2026-06-29 17:03:35,825 [ERROR] LogOutputStream:75 - [STDERR_REDIRECT] 
2026-06-29 17:03:36,832 [ERROR] LogOutputStream:75 - [STDERR_REDIRECT] [Fatal Error] :1:1: Premature end of file.
2026-06-29 17:03:36,832 [ERROR] LogOutputStream:75 - [STDERR_REDIRECT] 
2026-06-29 17:03:37,823 [ERROR] LogOutputStream:75 - [STDERR_REDIRECT] [Fatal Error] :1:1: Premature end of file.
2026-06-29 17:03:37,823 [ERROR] LogOutputStream:75 - [STDERR_REDIRECT] 
2026-06-29 17:03:38,839 [ERROR] LogOutputStream:75 - [STDERR_REDIRECT] [Fatal Error] :1:1: Premature end of file.
2026-06-29 17:03:38,839 [ERROR] LogOutputStream:75 - [STDERR_REDIRECT] 
2026-06-29 17:03:39,832 [ERROR] LogOutputStream:75 - [STDERR_REDIRECT] [Fatal Error] :1:1: Premature end of file.
2026-06-29 17:03:39,832 [ERROR] LogOutputStream:75 - [STDERR_REDIRECT] 
2026-06-29 17:03:40,832 [ERROR] LogOutputStream:75 - [STDERR_REDIRECT] [Fatal Error] :1:1: Premature end of file.
2026-06-29 17:03:40,832 [ERROR] LogOutputStream:75 - [STDERR_REDIRECT] 
2026-06-29 17:03:41,829 [ERROR] LogOutputStream:75 - [STDERR_REDIRECT] [Fatal Error] :1:1: Premature end of file.
2026-06-29 17:03:41,830 [ERROR] LogOutputStream:75 - [STDERR_REDIRECT] 
2026-06-29 17:03:42,823 [ERROR] LogOutputStream:75 - [STDERR_REDIRECT] [Fatal Error] :1:1: Premature end of file.
2026-06-29 17:03:42,824 [ERROR] LogOutputStream:75 - [STDERR_REDIRECT] 
2026-06-29 17:03:43,825 [ERROR] LogOutputStream:75 - [STDERR_REDIRECT] [Fatal Error] :1:1: Premature end of file.
2026-06-29 17:03:43,825 [ERROR] LogOutputStream:75 - [STDERR_REDIRECT] 
2026-06-29 17:03:44,821 [ERROR] LogOutputStream:75 - [STDERR_REDIRECT] [Fatal Error] :1:1: Premature end of file.
2026-06-29 17:03:44,821 [ERROR] LogOutputStream:75 - [STDERR_REDIRECT] 
2026-06-29 17:03:45,831 [ERROR] LogOutputStream:75 - [STDERR_REDIRECT] [Fatal Error] :1:1: Premature end of file.
2026-06-29 17:03:45,831 [ERROR] LogOutputStream:75 - [STDERR_REDIRECT] 
2026-06-29 17:03:46,839 [ERROR] LogOutputStream:75 - [STDERR_REDIRECT] [Fatal Error] :1:1: Premature end of file.
2026-06-29 17:03:46,839 [ERROR] LogOutputStream:75 - [STDERR_REDIRECT] 
2026-06-29 17:03:47,844 [ERROR] LogOutputStream:75 - [STDERR_REDIRECT] [Fatal Error] :1:1: Premature end of file.
2026-06-29 17:03:47,844 [ERROR] LogOutputStream:75 - [STDERR_REDIRECT] 
2026-06-29 17:03:48,834 [ERROR] LogOutputStream:75 - [STDERR_REDIRECT] [Fatal Error] :1:1: Premature end of file.
2026-06-29 17:03:48,834 [ERROR] LogOutputStream:75 - [STDERR_REDIRECT] 
2026-06-29 17:03:49,840 [ERROR] LogOutputStream:75 - [STDERR_REDIRECT] [Fatal Error] :1:1: Premature end of file.
2026-06-29 17:03:49,840 [ERROR] LogOutputStream:75 - [STDERR_REDIRECT] 
2026-06-29 17:03:50,818 [ERROR] LogOutputStream:75 - [STDERR_REDIRECT] [Fatal Error] :1:1: Premature end of file.
2026-06-29 17:03:50,818 [ERROR] LogOutputStream:75 - [STDERR_REDIRECT] 
2026-06-29 17:03:51,836 [ERROR] LogOutputStream:75 - [STDERR_REDIRECT] [Fatal Error] :1:1: Premature end of file.
2026-06-29 17:03:51,836 [ERROR] LogOutputStream:75 - [STDERR_REDIRECT] 
2026-06-29 17:03:52,831 [ERROR] LogOutputStream:75 - [STDERR_REDIRECT] [Fatal Error] :1:1: Premature end of file.
2026-06-29 17:03:52,831 [ERROR] LogOutputStream:75 - [STDERR_REDIRECT] 
2026-06-29 17:03:53,829 [ERROR] LogOutputStream:75 - [STDERR_REDIRECT] [Fatal Error] :1:1: Premature end of file.
2026-06-29 17:03:53,829 [ERROR] LogOutputStream:75 - [STDERR_REDIRECT] 
2026-06-29 17:03:54,837 [ERROR] LogOutputStream:75 - [STDERR_REDIRECT] [Fatal Error] :1:1: Premature end of file.
2026-06-29 17:03:54,837 [ERROR] LogOutputStream:75 - [STDERR_REDIRECT] 
2026-06-29 17:03:55,838 [ERROR] LogOutputStream:75 - [STDERR_REDIRECT] [Fatal Error] :1:1: Premature end of file.
2026-06-29 17:03:55,838 [ERROR] LogOutputStream:75 - [STDERR_REDIRECT] 
2026-06-29 17:03:56,826 [ERROR] LogOutputStream:75 - [STDERR_REDIRECT] [Fatal Error] :1:1: Premature end of file.
2026-06-29 17:03:56,826 [ERROR] LogOutputStream:75 - [STDERR_REDIRECT] 
2026-06-29 17:03:57,830 [ERROR] LogOutputStream:75 - [STDERR_REDIRECT] [Fatal Error] :1:1: Premature end of file.
2026-06-29 17:03:57,830 [ERROR] LogOutputStream:75 - [STDERR_REDIRECT] 
2026-06-29 17:03:58,820 [ERROR] LogOutputStream:75 - [STDERR_REDIRECT] [Fatal Error] :1:1: Premature end of file.
2026-06-29 17:03:58,820 [ERROR] LogOutputStream:75 - [STDERR_REDIRECT] 
2026-06-29 17:03:59,829 [ERROR] LogOutputStream:75 - [STDERR_REDIRECT] [Fatal Error] :1:1: Premature end of file.
2026-06-29 17:03:59,829 [ERROR] LogOutputStream:75 - [STDERR_REDIRECT] 
2026-06-29 17:04:00,829 [ERROR] LogOutputStream:75 - [STDERR_REDIRECT] [Fatal Error] :1:1: Premature end of file.
2026-06-29 17:04:00,829 [ERROR] LogOutputStream:75 - [STDERR_REDIRECT] 
2026-06-29 17:04:01,851 [ERROR] LogOutputStream:75 - [STDERR_REDIRECT] [Fatal Error] :1:1: Premature end of file.
2026-06-29 17:04:01,851 [ERROR] LogOutputStream:75 - [STDERR_REDIRECT] 
2026-06-29 17:04:02,808 [ERROR] LogOutputStream:75 - [STDERR_REDIRECT] [Fatal Error] :1:1: Premature end of file.
2026-06-29 17:04:02,822 [ERROR] LogOutputStream:75 - [STDERR_REDIRECT] 
2026-06-29 17:04:03,816 [ERROR] LogOutputStream:75 - [STDERR_REDIRECT] [Fatal Error] :1:1: Premature end of file.
2026-06-29 17:04:03,816 [ERROR] LogOutputStream:75 - [STDERR_REDIRECT] 
2026-06-29 17:04:04,878 [ERROR] LogOutputStream:75 - [STDERR_REDIRECT] [Fatal Error] :1:1: Premature end of file.
2026-06-29 17:04:04,878 [ERROR] LogOutputStream:75 - [STDERR_REDIRECT] 
2026-06-29 17:04:05,829 [ERROR] LogOutputStream:75 - [STDERR_REDIRECT] [Fatal Error] :1:1: Premature end of file.
2026-06-29 17:04:05,830 [ERROR] LogOutputStream:75 - [STDERR_REDIRECT] 
2026-06-29 17:04:06,836 [ERROR] LogOutputStream:75 - [STDERR_REDIRECT] [Fatal Error] :1:1: Premature end of file.
2026-06-29 17:04:06,836 [ERROR] LogOutputStream:75 - [STDERR_REDIRECT] 
2026-06-29 17:04:07,804 [ERROR] LogOutputStream:75 - [STDERR_REDIRECT] [Fatal Error] :1:1: Premature end of file.
2026-06-29 17:04:07,804 [ERROR] LogOutputStream:75 - [STDERR_REDIRECT] 
2026-06-29 17:04:08,838 [ERROR] LogOutputStream:75 - [STDERR_REDIRECT] [Fatal Error] :1:1: Premature end of file.
2026-06-29 17:04:08,838 [ERROR] LogOutputStream:75 - [STDERR_REDIRECT] 
2026-06-29 17:04:09,835 [ERROR] LogOutputStream:75 - [STDERR_REDIRECT] [Fatal Error] :1:1: Premature end of file.
2026-06-29 17:04:09,836 [ERROR] LogOutputStream:75 - [STDERR_REDIRECT] 
2026-06-29 17:04:10,834 [ERROR] LogOutputStream:75 - [STDERR_REDIRECT] [Fatal Error] :1:1: Premature end of file.
2026-06-29 17:04:10,834 [ERROR] LogOutputStream:75 - [STDERR_REDIRECT] 
2026-06-29 17:04:11,843 [ERROR] LogOutputStream:75 - [STDERR_REDIRECT] [Fatal Error] :1:1: Premature end of file.
2026-06-29 17:04:11,843 [ERROR] LogOutputStream:75 - [STDERR_REDIRECT] 
2026-06-29 17:04:12,886 [ERROR] LogOutputStream:75 - [STDERR_REDIRECT] [Fatal Error] :1:1: Premature end of file.
2026-06-29 17:04:12,886 [ERROR] LogOutputStream:75 - [STDERR_REDIRECT] 
2026-06-29 17:04:13,827 [ERROR] LogOutputStream:75 - [STDERR_REDIRECT] [Fatal Error] :1:1: Premature end of file.
2026-06-29 17:04:13,835 [ERROR] LogOutputStream:75 - [STDERR_REDIRECT] 
2026-06-29 17:04:14,830 [ERROR] LogOutputStream:75 - [STDERR_REDIRECT] [Fatal Error] :1:1: Premature end of file.
2026-06-29 17:04:14,830 [ERROR] LogOutputStream:75 - [STDERR_REDIRECT] 
2026-06-29 17:04:15,837 [ERROR] LogOutputStream:75 - [STDERR_REDIRECT] [Fatal Error] :1:1: Premature end of file.
2026-06-29 17:04:15,837 [ERROR] LogOutputStream:75 - [STDERR_REDIRECT] 
2026-06-29 17:04:16,834 [ERROR] LogOutputStream:75 - [STDERR_REDIRECT] [Fatal Error] :1:1: Premature end of file.
2026-06-29 17:04:16,834 [ERROR] LogOutputStream:75 - [STDERR_REDIRECT] 
2026-06-29 17:04:17,822 [ERROR] LogOutputStream:75 - [STDERR_REDIRECT] [Fatal Error] :1:1: Premature end of file.
2026-06-29 17:04:17,822 [ERROR] LogOutputStream:75 - [STDERR_REDIRECT] 
2026-06-29 17:04:18,828 [ERROR] LogOutputStream:75 - [STDERR_REDIRECT] [Fatal Error] :1:1: Premature end of file.
2026-06-29 17:04:18,828 [ERROR] LogOutputStream:75 - [STDERR_REDIRECT] 
2026-06-29 17:04:19,830 [ERROR] LogOutputStream:75 - [STDERR_REDIRECT] [Fatal Error] :1:1: Premature end of file.
2026-06-29 17:04:19,830 [ERROR] LogOutputStream:75 - [STDERR_REDIRECT] 
2026-06-29 17:04:20,837 [ERROR] LogOutputStream:75 - [STDERR_REDIRECT] [Fatal Error] :1:1: Premature end of file.
2026-06-29 17:04:20,837 [ERROR] LogOutputStream:75 - [STDERR_REDIRECT] 
2026-06-29 17:04:21,827 [ERROR] LogOutputStream:75 - [STDERR_REDIRECT] [Fatal Error] :1:1: Premature end of file.
2026-06-29 17:04:21,827 [ERROR] LogOutputStream:75 - [STDERR_REDIRECT] 
2026-06-29 17:04:22,825 [ERROR] LogOutputStream:75 - [STDERR_REDIRECT] [Fatal Error] :1:1: Premature end of file.
2026-06-29 17:04:22,825 [ERROR] LogOutputStream:75 - [STDERR_REDIRECT] 
2026-06-29 17:04:23,821 [ERROR] LogOutputStream:75 - [STDERR_REDIRECT] [Fatal Error] :1:1: Premature end of file.
2026-06-29 17:04:23,821 [ERROR] LogOutputStream:75 - [STDERR_REDIRECT] 
2026-06-29 17:04:24,843 [ERROR] LogOutputStream:75 - [STDERR_REDIRECT] [Fatal Error] :1:1: Premature end of file.
2026-06-29 17:04:24,843 [ERROR] LogOutputStream:75 - [STDERR_REDIRECT] 
2026-06-29 17:04:25,849 [ERROR] LogOutputStream:75 - [STDERR_REDIRECT] [Fatal Error] :1:1: Premature end of file.
2026-06-29 17:04:25,849 [ERROR] LogOutputStream:75 - [STDERR_REDIRECT] 
2026-06-29 17:04:26,821 [ERROR] LogOutputStream:75 - [STDERR_REDIRECT] [Fatal Error] :1:1: Premature end of file.
2026-06-29 17:04:26,821 [ERROR] LogOutputStream:75 - [STDERR_REDIRECT] 
2026-06-29 17:04:27,822 [ERROR] LogOutputStream:75 - [STDERR_REDIRECT] [Fatal Error] :1:1: Premature end of file.
2026-06-29 17:04:27,834 [ERROR] LogOutputStream:75 - [STDERR_REDIRECT] 
2026-06-29 17:04:28,831 [ERROR] LogOutputStream:75 - [STDERR_REDIRECT] [Fatal Error] :1:1: Premature end of file.
2026-06-29 17:04:28,831 [ERROR] LogOutputStream:75 - [STDERR_REDIRECT] 
2026-06-29 17:04:29,845 [ERROR] LogOutputStream:75 - [STDERR_REDIRECT] [Fatal Error] :1:1: Premature end of file.
2026-06-29 17:04:29,845 [ERROR] LogOutputStream:75 - [STDERR_REDIRECT] 
2026-06-29 17:04:30,824 [ERROR] LogOutputStream:75 - [STDERR_REDIRECT] [Fatal Error] :1:1: Premature end of file.
2026-06-29 17:04:30,824 [ERROR] LogOutputStream:75 - [STDERR_REDIRECT] 
2026-06-29 17:04:31,837 [ERROR] LogOutputStream:75 - [STDERR_REDIRECT] [Fatal Error] :1:1: Premature end of file.
2026-06-29 17:04:31,837 [ERROR] LogOutputStream:75 - [STDERR_REDIRECT] 
2026-06-29 17:04:32,830 [ERROR] LogOutputStream:75 - [STDERR_REDIRECT] [Fatal Error] :1:1: Premature end of file.
2026-06-29 17:04:32,830 [ERROR] LogOutputStream:75 - [STDERR_REDIRECT] 
2026-06-29 17:04:33,836 [ERROR] LogOutputStream:75 - [STDERR_REDIRECT] [Fatal Error] :1:1: Premature end of file.
2026-06-29 17:04:33,836 [ERROR] LogOutputStream:75 - [STDERR_REDIRECT] 
2026-06-29 17:04:34,830 [ERROR] LogOutputStream:75 - [STDERR_REDIRECT] [Fatal Error] :1:1: Premature end of file.
2026-06-29 17:04:34,832 [ERROR] LogOutputStream:75 - [STDERR_REDIRECT] 
2026-06-29 17:04:35,834 [ERROR] LogOutputStream:75 - [STDERR_REDIRECT] [Fatal Error] :1:1: Premature end of file.
2026-06-29 17:04:35,834 [ERROR] LogOutputStream:75 - [STDERR_REDIRECT] 
2026-06-29 17:04:36,826 [ERROR] LogOutputStream:75 - [STDERR_REDIRECT] [Fatal Error] :1:1: Premature end of file.
2026-06-29 17:04:36,827 [ERROR] LogOutputStream:75 - [STDERR_REDIRECT] 
2026-06-29 17:04:37,831 [ERROR] LogOutputStream:75 - [STDERR_REDIRECT] [Fatal Error] :1:1: Premature end of file.
2026-06-29 17:04:37,832 [ERROR] LogOutputStream:75 - [STDERR_REDIRECT] 
2026-06-29 17:04:38,830 [ERROR] LogOutputStream:75 - [STDERR_REDIRECT] [Fatal Error] :1:1: Premature end of file.
2026-06-29 17:04:38,830 [ERROR] LogOutputStream:75 - [STDERR_REDIRECT] 
2026-06-29 17:04:39,827 [ERROR] LogOutputStream:75 - [STDERR_REDIRECT] [Fatal Error] :1:1: Premature end of file.
2026-06-29 17:04:39,827 [ERROR] LogOutputStream:75 - [STDERR_REDIRECT] 
2026-06-29 17:04:40,831 [ERROR] LogOutputStream:75 - [STDERR_REDIRECT] [Fatal Error] :1:1: Premature end of file.
2026-06-29 17:04:40,831 [ERROR] LogOutputStream:75 - [STDERR_REDIRECT] 
2026-06-29 17:04:41,826 [ERROR] LogOutputStream:75 - [STDERR_REDIRECT] [Fatal Error] :1:1: Premature end of file.
2026-06-29 17:04:41,828 [ERROR] LogOutputStream:75 - [STDERR_REDIRECT] 
2026-06-29 17:04:42,807 [ERROR] LogOutputStream:75 - [STDERR_REDIRECT] [Fatal Error] :1:1: Premature end of file.
2026-06-29 17:04:42,807 [ERROR] LogOutputStream:75 - [STDERR_REDIRECT] 
2026-06-29 17:04:43,829 [ERROR] LogOutputStream:75 - [STDERR_REDIRECT] [Fatal Error] :1:1: Premature end of file.
2026-06-29 17:04:43,830 [ERROR] LogOutputStream:75 - [STDERR_REDIRECT] 
2026-06-29 17:04:44,830 [ERROR] LogOutputStream:75 - [STDERR_REDIRECT] [Fatal Error] :1:1: Premature end of file.
2026-06-29 17:04:44,830 [ERROR] LogOutputStream:75 - [STDERR_REDIRECT] 
2026-06-29 17:04:45,843 [ERROR] LogOutputStream:75 - [STDERR_REDIRECT] [Fatal Error] :1:1: Premature end of file.
2026-06-29 17:04:45,843 [ERROR] LogOutputStream:75 - [STDERR_REDIRECT] 
2026-06-29 17:04:46,842 [ERROR] LogOutputStream:75 - [STDERR_REDIRECT] [Fatal Error] :1:1: Premature end of file.
2026-06-29 17:04:46,842 [ERROR] LogOutputStream:75 - [STDERR_REDIRECT] 
2026-06-29 17:04:47,835 [ERROR] LogOutputStream:75 - [STDERR_REDIRECT] [Fatal Error] :1:1: Premature end of file.
2026-06-29 17:04:47,835 [ERROR] LogOutputStream:75 - [STDERR_REDIRECT] 
2026-06-29 17:04:48,815 [ERROR] LogOutputStream:75 - [STDERR_REDIRECT] [Fatal Error] :1:1: Premature end of file.
2026-06-29 17:04:48,815 [ERROR] LogOutputStream:75 - [STDERR_REDIRECT] 
2026-06-29 17:04:49,838 [ERROR] LogOutputStream:75 - [STDERR_REDIRECT] [Fatal Error] :1:1: Premature end of file.
2026-06-29 17:04:49,838 [ERROR] LogOutputStream:75 - [STDERR_REDIRECT] 
2026-06-29 17:04:50,839 [ERROR] LogOutputStream:75 - [STDERR_REDIRECT] [Fatal Error] :1:1: Premature end of file.
2026-06-29 17:04:50,839 [ERROR] LogOutputStream:75 - [STDERR_REDIRECT] 
2026-06-29 17:04:51,844 [ERROR] LogOutputStream:75 - [STDERR_REDIRECT] [Fatal Error] :1:1: Premature end of file.
2026-06-29 17:04:51,845 [ERROR] LogOutputStream:75 - [STDERR_REDIRECT] 
2026-06-29 17:04:53,178 [ERROR] LogOutputStream:75 - [STDERR_REDIRECT] [Fatal Error] :1:1: Premature end of file.
2026-06-29 17:04:53,178 [ERROR] LogOutputStream:75 - [STDERR_REDIRECT] 
2026-06-29 17:04:54,018 [ERROR] LogOutputStream:75 - [STDERR_REDIRECT] [Fatal Error] :1:1: Premature end of file.
2026-06-29 17:04:54,020 [ERROR] LogOutputStream:75 - [STDERR_REDIRECT] 
2026-06-29 17:04:54,903 [ERROR] LogOutputStream:75 - [STDERR_REDIRECT] [Fatal Error] :1:1: Premature end of file.
2026-06-29 17:04:54,903 [ERROR] LogOutputStream:75 - [STDERR_REDIRECT] 
2026-06-29 17:04:55,883 [ERROR] LogOutputStream:75 - [STDERR_REDIRECT] [Fatal Error] :1:1: Premature end of file.
2026-06-29 17:04:55,883 [ERROR] LogOutputStream:75 - [STDERR_REDIRECT] 
2026-06-29 17:04:56,884 [ERROR] LogOutputStream:75 - [STDERR_REDIRECT] [Fatal Error] :1:1: Premature end of file.
2026-06-29 17:04:56,884 [ERROR] LogOutputStream:75 - [STDERR_REDIRECT] 
2026-06-29 17:04:57,900 [ERROR] LogOutputStream:75 - [STDERR_REDIRECT] [Fatal Error] :1:1: Premature end of file.
2026-06-29 17:04:57,900 [ERROR] LogOutputStream:75 - [STDERR_REDIRECT] 
2026-06-29 17:04:58,890 [ERROR] LogOutputStream:75 - [STDERR_REDIRECT] [Fatal Error] :1:1: Premature end of file.
2026-06-29 17:04:58,890 [ERROR] LogOutputStream:75 - [STDERR_REDIRECT] 
2026-06-29 17:04:59,869 [ERROR] LogOutputStream:75 - [STDERR_REDIRECT] [Fatal Error] :1:1: Premature end of file.
2026-06-29 17:04:59,884 [ERROR] LogOutputStream:75 - [STDERR_REDIRECT] 
2026-06-29 17:05:00,894 [ERROR] LogOutputStream:75 - [STDERR_REDIRECT] [Fatal Error] :1:1: Premature end of file.
2026-06-29 17:05:00,894 [ERROR] LogOutputStream:75 - [STDERR_REDIRECT] 
2026-06-29 17:05:01,912 [ERROR] LogOutputStream:75 - [STDERR_REDIRECT] [Fatal Error] :1:1: Premature end of file.
2026-06-29 17:05:01,912 [ERROR] LogOutputStream:75 - [STDERR_REDIRECT] 
2026-06-29 17:05:02,884 [ERROR] LogOutputStream:75 - [STDERR_REDIRECT] [Fatal Error] :1:1: Premature end of file.
2026-06-29 17:05:02,884 [ERROR] LogOutputStream:75 - [STDERR_REDIRECT] 
2026-06-29 17:05:03,909 [ERROR] LogOutputStream:75 - [STDERR_REDIRECT] [Fatal Error] :1:1: Premature end of file.
2026-06-29 17:05:03,909 [ERROR] LogOutputStream:75 - [STDERR_REDIRECT] 
2026-06-29 17:05:04,872 [ERROR] LogOutputStream:75 - [STDERR_REDIRECT] [Fatal Error] :1:1: Premature end of file.
2026-06-29 17:05:04,872 [ERROR] LogOutputStream:75 - [STDERR_REDIRECT] 
2026-06-29 17:05:05,904 [ERROR] LogOutputStream:75 - [STDERR_REDIRECT] [Fatal Error] :1:1: Premature end of file.
2026-06-29 17:05:05,904 [ERROR] LogOutputStream:75 - [STDERR_REDIRECT] 
2026-06-29 17:05:06,903 [ERROR] LogOutputStream:75 - [STDERR_REDIRECT] [Fatal Error] :1:1: Premature end of file.
2026-06-29 17:05:06,908 [ERROR] LogOutputStream:75 - [STDERR_REDIRECT] 
2026-06-29 17:05:07,900 [ERROR] LogOutputStream:75 - [STDERR_REDIRECT] [Fatal Error] :1:1: Premature end of file.
2026-06-29 17:05:07,904 [ERROR] LogOutputStream:75 - [STDERR_REDIRECT] 
2026-06-29 17:05:08,887 [ERROR] LogOutputStream:75 - [STDERR_REDIRECT] [Fatal Error] :1:1: Premature end of file.
2026-06-29 17:05:08,887 [ERROR] LogOutputStream:75 - [STDERR_REDIRECT] 
2026-06-29 17:05:09,902 [ERROR] LogOutputStream:75 - [STDERR_REDIRECT] [Fatal Error] :1:1: Premature end of file.
2026-06-29 17:05:09,902 [ERROR] LogOutputStream:75 - [STDERR_REDIRECT] 
2026-06-29 17:05:10,899 [ERROR] LogOutputStream:75 - [STDERR_REDIRECT] [Fatal Error] :1:1: Premature end of file.
2026-06-29 17:05:10,901 [ERROR] LogOutputStream:75 - [STDERR_REDIRECT] 
2026-06-29 17:05:11,881 [ERROR] LogOutputStream:75 - [STDERR_REDIRECT] [Fatal Error] :1:1: Premature end of file.
2026-06-29 17:05:11,881 [ERROR] LogOutputStream:75 - [STDERR_REDIRECT] 
2026-06-29 17:05:12,915 [ERROR] LogOutputStream:75 - [STDERR_REDIRECT] [Fatal Error] :1:1: Premature end of file.
2026-06-29 17:05:12,915 [ERROR] LogOutputStream:75 - [STDERR_REDIRECT] 
2026-06-29 17:05:13,905 [ERROR] LogOutputStream:75 - [STDERR_REDIRECT] [Fatal Error] :1:1: Premature end of file.
2026-06-29 17:05:13,905 [ERROR] LogOutputStream:75 - [STDERR_REDIRECT] 
2026-06-29 17:05:14,905 [ERROR] LogOutputStream:75 - [STDERR_REDIRECT] [Fatal Error] :1:1: Premature end of file.
2026-06-29 17:05:14,905 [ERROR] LogOutputStream:75 - [STDERR_REDIRECT] 
2026-06-29 17:05:15,904 [ERROR] LogOutputStream:75 - [STDERR_REDIRECT] [Fatal Error] :1:1: Premature end of file.
2026-06-29 17:05:15,904 [ERROR] LogOutputStream:75 - [STDERR_REDIRECT] 
2026-06-29 17:05:16,905 [ERROR] LogOutputStream:75 - [STDERR_REDIRECT] [Fatal Error] :1:1: Premature end of file.
2026-06-29 17:05:16,905 [ERROR] LogOutputStream:75 - [STDERR_REDIRECT] 
2026-06-29 17:05:17,904 [ERROR] LogOutputStream:75 - [STDERR_REDIRECT] [Fatal Error] :1:1: Premature end of file.
2026-06-29 17:05:17,904 [ERROR] LogOutputStream:75 - [STDERR_REDIRECT] 
2026-06-29 17:05:18,892 [ERROR] LogOutputStream:75 - [STDERR_REDIRECT] [Fatal Error] :1:1: Premature end of file.
2026-06-29 17:05:18,892 [ERROR] LogOutputStream:75 - [STDERR_REDIRECT] 
2026-06-29 17:05:19,908 [ERROR] LogOutputStream:75 - [STDERR_REDIRECT] [Fatal Error] :1:1: Premature end of file.
2026-06-29 17:05:19,908 [ERROR] LogOutputStream:75 - [STDERR_REDIRECT] 
2026-06-29 17:05:20,897 [ERROR] LogOutputStream:75 - [STDERR_REDIRECT] [Fatal Error] :1:1: Premature end of file.
2026-06-29 17:05:20,897 [ERROR] LogOutputStream:75 - [STDERR_REDIRECT] 
2026-06-29 17:05:21,922 [ERROR] LogOutputStream:75 - [STDERR_REDIRECT] [Fatal Error] :1:1: Premature end of file.
2026-06-29 17:05:21,922 [ERROR] LogOutputStream:75 - [STDERR_REDIRECT] 
2026-06-29 17:05:22,924 [ERROR] LogOutputStream:75 - [STDERR_REDIRECT] [Fatal Error] :1:1: Premature end of file.
2026-06-29 17:05:22,928 [ERROR] LogOutputStream:75 - [STDERR_REDIRECT] 
2026-06-29 17:05:23,892 [ERROR] LogOutputStream:75 - [STDERR_REDIRECT] [Fatal Error] :1:1: Premature end of file.
2026-06-29 17:05:23,892 [ERROR] LogOutputStream:75 - [STDERR_REDIRECT] 
2026-06-29 17:05:24,876 [ERROR] LogOutputStream:75 - [STDERR_REDIRECT] [Fatal Error] :1:1: Premature end of file.
2026-06-29 17:05:24,876 [ERROR] LogOutputStream:75 - [STDERR_REDIRECT] 
2026-06-29 17:05:25,857 [ERROR] LogOutputStream:75 - [STDERR_REDIRECT] [Fatal Error] :1:1: Premature end of file.
2026-06-29 17:05:25,857 [ERROR] LogOutputStream:75 - [STDERR_REDIRECT] 
2026-06-29 17:05:26,906 [ERROR] LogOutputStream:75 - [STDERR_REDIRECT] [Fatal Error] :1:1: Premature end of file.
2026-06-29 17:05:26,906 [ERROR] LogOutputStream:75 - [STDERR_REDIRECT] 
2026-06-29 17:05:27,884 [ERROR] LogOutputStream:75 - [STDERR_REDIRECT] [Fatal Error] :1:1: Premature end of file.
2026-06-29 17:05:27,884 [ERROR] LogOutputStream:75 - [STDERR_REDIRECT] 
2026-06-29 17:05:28,922 [ERROR] LogOutputStream:75 - [STDERR_REDIRECT] [Fatal Error] :1:1: Premature end of file.
2026-06-29 17:05:28,922 [ERROR] LogOutputStream:75 - [STDERR_REDIRECT] 
2026-06-29 17:05:29,897 [ERROR] LogOutputStream:75 - [STDERR_REDIRECT] [Fatal Error] :1:1: Premature end of file.
2026-06-29 17:05:29,897 [ERROR] LogOutputStream:75 - [STDERR_REDIRECT] 
2026-06-29 17:05:30,881 [ERROR] LogOutputStream:75 - [STDERR_REDIRECT] [Fatal Error] :1:1: Premature end of file.
2026-06-29 17:05:30,881 [ERROR] LogOutputStream:75 - [STDERR_REDIRECT] 
2026-06-29 17:05:31,896 [ERROR] LogOutputStream:75 - [STDERR_REDIRECT] [Fatal Error] :1:1: Premature end of file.
2026-06-29 17:05:31,896 [ERROR] LogOutputStream:75 - [STDERR_REDIRECT] 
2026-06-29 17:05:32,930 [ERROR] LogOutputStream:75 - [STDERR_REDIRECT] [Fatal Error] :1:1: Premature end of file.
2026-06-29 17:05:32,930 [ERROR] LogOutputStream:75 - [STDERR_REDIRECT] 
2026-06-29 17:05:33,908 [ERROR] LogOutputStream:75 - [STDERR_REDIRECT] [Fatal Error] :1:1: Premature end of file.
2026-06-29 17:05:33,908 [ERROR] LogOutputStream:75 - [STDERR_REDIRECT] 
2026-06-29 17:05:34,898 [ERROR] LogOutputStream:75 - [STDERR_REDIRECT] [Fatal Error] :1:1: Premature end of file.
2026-06-29 17:05:34,898 [ERROR] LogOutputStream:75 - [STDERR_REDIRECT] 
2026-06-29 17:05:35,903 [ERROR] LogOutputStream:75 - [STDERR_REDIRECT] [Fatal Error] :1:1: Premature end of file.
2026-06-29 17:05:35,903 [ERROR] LogOutputStream:75 - [STDERR_REDIRECT] 
2026-06-29 17:05:36,886 [ERROR] LogOutputStream:75 - [STDERR_REDIRECT] [Fatal Error] :1:1: Premature end of file.
2026-06-29 17:05:36,886 [ERROR] LogOutputStream:75 - [STDERR_REDIRECT] 
2026-06-29 17:05:37,873 [ERROR] LogOutputStream:75 - [STDERR_REDIRECT] [Fatal Error] :1:1: Premature end of file.
2026-06-29 17:05:37,873 [ERROR] LogOutputStream:75 - [STDERR_REDIRECT] 
2026-06-29 17:05:38,909 [ERROR] LogOutputStream:75 - [STDERR_REDIRECT] [Fatal Error] :1:1: Premature end of file.
2026-06-29 17:05:38,909 [ERROR] LogOutputStream:75 - [STDERR_REDIRECT] 
2026-06-29 17:05:39,908 [ERROR] LogOutputStream:75 - [STDERR_REDIRECT] [Fatal Error] :1:1: Premature end of file.
2026-06-29 17:05:39,908 [ERROR] LogOutputStream:75 - [STDERR_REDIRECT] 
2026-06-29 17:05:40,917 [ERROR] LogOutputStream:75 - [STDERR_REDIRECT] [Fatal Error] :1:1: Premature end of file.
2026-06-29 17:05:40,917 [ERROR] LogOutputStream:75 - [STDERR_REDIRECT] 
2026-06-29 17:05:41,928 [ERROR] LogOutputStream:75 - [STDERR_REDIRECT] [Fatal Error] :1:1: Premature end of file.
2026-06-29 17:05:41,928 [ERROR] LogOutputStream:75 - [STDERR_REDIRECT] 
2026-06-29 17:05:42,913 [ERROR] LogOutputStream:75 - [STDERR_REDIRECT] [Fatal Error] :1:1: Premature end of file.
2026-06-29 17:05:42,913 [ERROR] LogOutputStream:75 - [STDERR_REDIRECT] 
2026-06-29 17:05:43,894 [ERROR] LogOutputStream:75 - [STDERR_REDIRECT] [Fatal Error] :1:1: Premature end of file.
2026-06-29 17:05:43,894 [ERROR] LogOutputStream:75 - [STDERR_REDIRECT] 
2026-06-29 17:05:44,887 [ERROR] LogOutputStream:75 - [STDERR_REDIRECT] [Fatal Error] :1:1: Premature end of file.
2026-06-29 17:05:44,889 [ERROR] LogOutputStream:75 - [STDERR_REDIRECT] 
2026-06-29 17:05:45,858 [ERROR] LogOutputStream:75 - [STDERR_REDIRECT] [Fatal Error] :1:1: Premature end of file.
2026-06-29 17:05:45,858 [ERROR] LogOutputStream:75 - [STDERR_REDIRECT] 
2026-06-29 17:05:46,859 [ERROR] LogOutputStream:75 - [STDERR_REDIRECT] [Fatal Error] :1:1: Premature end of file.
2026-06-29 17:05:46,859 [ERROR] LogOutputStream:75 - [STDERR_REDIRECT] 
2026-06-29 17:05:47,898 [ERROR] LogOutputStream:75 - [STDERR_REDIRECT] [Fatal Error] :1:1: Premature end of file.
2026-06-29 17:05:47,898 [ERROR] LogOutputStream:75 - [STDERR_REDIRECT] 
2026-06-29 17:05:48,903 [ERROR] LogOutputStream:75 - [STDERR_REDIRECT] [Fatal Error] :1:1: Premature end of file.
2026-06-29 17:05:48,903 [ERROR] LogOutputStream:75 - [STDERR_REDIRECT] 
2026-06-29 17:05:49,931 [ERROR] LogOutputStream:75 - [STDERR_REDIRECT] [Fatal Error] :1:1: Premature end of file.
2026-06-29 17:05:49,935 [ERROR] LogOutputStream:75 - [STDERR_REDIRECT] 
2026-06-29 17:05:50,894 [ERROR] LogOutputStream:75 - [STDERR_REDIRECT] [Fatal Error] :1:1: Premature end of file.
2026-06-29 17:05:50,894 [ERROR] LogOutputStream:75 - [STDERR_REDIRECT] 
2026-06-29 17:05:51,915 [ERROR] LogOutputStream:75 - [STDERR_REDIRECT] [Fatal Error] :1:1: Premature end of file.
2026-06-29 17:05:51,915 [ERROR] LogOutputStream:75 - [STDERR_REDIRECT] 
2026-06-29 17:05:52,912 [ERROR] LogOutputStream:75 - [STDERR_REDIRECT] [Fatal Error] :1:1: Premature end of file.
2026-06-29 17:05:52,912 [ERROR] LogOutputStream:75 - [STDERR_REDIRECT] 
2026-06-29 17:05:53,911 [ERROR] LogOutputStream:75 - [STDERR_REDIRECT] [Fatal Error] :1:1: Premature end of file.
2026-06-29 17:05:53,911 [ERROR] LogOutputStream:75 - [STDERR_REDIRECT] 
2026-06-29 17:05:54,914 [ERROR] LogOutputStream:75 - [STDERR_REDIRECT] [Fatal Error] :1:1: Premature end of file.
2026-06-29 17:05:54,916 [ERROR] LogOutputStream:75 - [STDERR_REDIRECT] 
2026-06-29 17:05:55,902 [ERROR] LogOutputStream:75 - [STDERR_REDIRECT] [Fatal Error] :1:1: Premature end of file.
2026-06-29 17:05:55,902 [ERROR] LogOutputStream:75 - [STDERR_REDIRECT] 
2026-06-29 17:05:56,897 [ERROR] LogOutputStream:75 - [STDERR_REDIRECT] [Fatal Error] :1:1: Premature end of file.
2026-06-29 17:05:56,897 [ERROR] LogOutputStream:75 - [STDERR_REDIRECT] 
2026-06-29 17:05:57,914 [ERROR] LogOutputStream:75 - [STDERR_REDIRECT] [Fatal Error] :1:1: Premature end of file.
2026-06-29 17:05:57,914 [ERROR] LogOutputStream:75 - [STDERR_REDIRECT] 
2026-06-29 17:05:58,905 [ERROR] LogOutputStream:75 - [STDERR_REDIRECT] [Fatal Error] :1:1: Premature end of file.
2026-06-29 17:05:58,905 [ERROR] LogOutputStream:75 - [STDERR_REDIRECT] 
2026-06-29 17:05:59,896 [ERROR] LogOutputStream:75 - [STDERR_REDIRECT] [Fatal Error] :1:1: Premature end of file.
2026-06-29 17:05:59,898 [ERROR] LogOutputStream:75 - [STDERR_REDIRECT] 
2026-06-29 17:06:00,910 [ERROR] LogOutputStream:75 - [STDERR_REDIRECT] [Fatal Error] :1:1: Premature end of file.
2026-06-29 17:06:00,910 [ERROR] LogOutputStream:75 - [STDERR_REDIRECT] 
2026-06-29 17:06:01,918 [ERROR] LogOutputStream:75 - [STDERR_REDIRECT] [Fatal Error] :1:1: Premature end of file.
2026-06-29 17:06:01,918 [ERROR] LogOutputStream:75 - [STDERR_REDIRECT] 
2026-06-29 17:06:02,907 [ERROR] LogOutputStream:75 - [STDERR_REDIRECT] [Fatal Error] :1:1: Premature end of file.
2026-06-29 17:06:02,907 [ERROR] LogOutputStream:75 - [STDERR_REDIRECT] 
2026-06-29 17:06:03,905 [ERROR] LogOutputStream:75 - [STDERR_REDIRECT] [Fatal Error] :1:1: Premature end of file.
2026-06-29 17:06:03,905 [ERROR] LogOutputStream:75 - [STDERR_REDIRECT] 
2026-06-29 17:06:04,887 [ERROR] LogOutputStream:75 - [STDERR_REDIRECT] [Fatal Error] :1:1: Premature end of file.
2026-06-29 17:06:04,887 [ERROR] LogOutputStream:75 - [STDERR_REDIRECT] 
2026-06-29 17:06:05,887 [ERROR] LogOutputStream:75 - [STDERR_REDIRECT] [Fatal Error] :1:1: Premature end of file.
2026-06-29 17:06:05,887 [ERROR] LogOutputStream:75 - [STDERR_REDIRECT] 
2026-06-29 17:06:06,873 [ERROR] LogOutputStream:75 - [STDERR_REDIRECT] [Fatal Error] :1:1: Premature end of file.
2026-06-29 17:06:06,873 [ERROR] LogOutputStream:75 - [STDERR_REDIRECT] 
2026-06-29 17:06:07,886 [ERROR] LogOutputStream:75 - [STDERR_REDIRECT] [Fatal Error] :1:1: Premature end of file.
2026-06-29 17:06:07,888 [ERROR] LogOutputStream:75 - [STDERR_REDIRECT] 
2026-06-29 17:06:08,900 [ERROR] LogOutputStream:75 - [STDERR_REDIRECT] [Fatal Error] :1:1: Premature end of file.
2026-06-29 17:06:08,900 [ERROR] LogOutputStream:75 - [STDERR_REDIRECT] 
2026-06-29 17:06:09,871 [ERROR] LogOutputStream:75 - [STDERR_REDIRECT] [Fatal Error] :1:1: Premature end of file.
2026-06-29 17:06:09,871 [ERROR] LogOutputStream:75 - [STDERR_REDIRECT] 
2026-06-29 17:06:10,927 [ERROR] LogOutputStream:75 - [STDERR_REDIRECT] [Fatal Error] :1:1: Premature end of file.
2026-06-29 17:06:10,927 [ERROR] LogOutputStream:75 - [STDERR_REDIRECT] 
2026-06-29 17:06:11,917 [ERROR] LogOutputStream:75 - [STDERR_REDIRECT] [Fatal Error] :1:1: Premature end of file.
2026-06-29 17:06:11,917 [ERROR] LogOutputStream:75 - [STDERR_REDIRECT] 
2026-06-29 17:06:12,903 [ERROR] LogOutputStream:75 - [STDERR_REDIRECT] [Fatal Error] :1:1: Premature end of file.
2026-06-29 17:06:12,903 [ERROR] LogOutputStream:75 - [STDERR_REDIRECT] 
2026-06-29 17:06:13,906 [ERROR] LogOutputStream:75 - [STDERR_REDIRECT] [Fatal Error] :1:1: Premature end of file.
2026-06-29 17:06:13,906 [ERROR] LogOutputStream:75 - [STDERR_REDIRECT] 
2026-06-29 17:06:14,902 [ERROR] LogOutputStream:75 - [STDERR_REDIRECT] [Fatal Error] :1:1: Premature end of file.
2026-06-29 17:06:14,902 [ERROR] LogOutputStream:75 - [STDERR_REDIRECT] 
2026-06-29 17:06:15,897 [ERROR] LogOutputStream:75 - [STDERR_REDIRECT] [Fatal Error] :1:1: Premature end of file.
2026-06-29 17:06:15,897 [ERROR] LogOutputStream:75 - [STDERR_REDIRECT] 
2026-06-29 17:06:16,874 [ERROR] LogOutputStream:75 - [STDERR_REDIRECT] [Fatal Error] :1:1: Premature end of file.
2026-06-29 17:06:16,874 [ERROR] LogOutputStream:75 - [STDERR_REDIRECT] 
2026-06-29 17:06:17,897 [ERROR] LogOutputStream:75 - [STDERR_REDIRECT] [Fatal Error] :1:1: Premature end of file.
2026-06-29 17:06:17,897 [ERROR] LogOutputStream:75 - [STDERR_REDIRECT] 
2026-06-29 17:06:18,884 [ERROR] LogOutputStream:75 - [STDERR_REDIRECT] [Fatal Error] :1:1: Premature end of file.
2026-06-29 17:06:18,884 [ERROR] LogOutputStream:75 - [STDERR_REDIRECT] 
2026-06-29 17:06:19,894 [ERROR] LogOutputStream:75 - [STDERR_REDIRECT] [Fatal Error] :1:1: Premature end of file.
2026-06-29 17:06:19,894 [ERROR] LogOutputStream:75 - [STDERR_REDIRECT] 
2026-06-29 17:06:20,894 [ERROR] LogOutputStream:75 - [STDERR_REDIRECT] [Fatal Error] :1:1: Premature end of file.
2026-06-29 17:06:20,894 [ERROR] LogOutputStream:75 - [STDERR_REDIRECT] 
2026-06-29 17:06:21,900 [ERROR] LogOutputStream:75 - [STDERR_REDIRECT] [Fatal Error] :1:1: Premature end of file.
2026-06-29 17:06:21,900 [ERROR] LogOutputStream:75 - [STDERR_REDIRECT] 
2026-06-29 17:06:22,901 [ERROR] LogOutputStream:75 - [STDERR_REDIRECT] [Fatal Error] :1:1: Premature end of file.
2026-06-29 17:06:22,903 [ERROR] LogOutputStream:75 - [STDERR_REDIRECT] 
2026-06-29 17:06:23,901 [ERROR] LogOutputStream:75 - [STDERR_REDIRECT] [Fatal Error] :1:1: Premature end of file.
2026-06-29 17:06:23,901 [ERROR] LogOutputStream:75 - [STDERR_REDIRECT] 
2026-06-29 17:06:24,892 [ERROR] LogOutputStream:75 - [STDERR_REDIRECT] [Fatal Error] :1:1: Premature end of file.
2026-06-29 17:06:24,892 [ERROR] LogOutputStream:75 - [STDERR_REDIRECT] 
2026-06-29 17:06:25,902 [ERROR] LogOutputStream:75 - [STDERR_REDIRECT] [Fatal Error] :1:1: Premature end of file.
2026-06-29 17:06:25,902 [ERROR] LogOutputStream:75 - [STDERR_REDIRECT] 
2026-06-29 17:06:26,888 [ERROR] LogOutputStream:75 - [STDERR_REDIRECT] [Fatal Error] :1:1: Premature end of file.
2026-06-29 17:06:26,888 [ERROR] LogOutputStream:75 - [STDERR_REDIRECT] 
2026-06-29 17:06:27,888 [ERROR] LogOutputStream:75 - [STDERR_REDIRECT] [Fatal Error] :1:1: Premature end of file.
2026-06-29 17:06:27,888 [ERROR] LogOutputStream:75 - [STDERR_REDIRECT] 
2026-06-29 17:06:28,905 [ERROR] LogOutputStream:75 - [STDERR_REDIRECT] [Fatal Error] :1:1: Premature end of file.
2026-06-29 17:06:28,905 [ERROR] LogOutputStream:75 - [STDERR_REDIRECT] 
2026-06-29 17:06:29,979 [ERROR] LogOutputStream:75 - [STDERR_REDIRECT] [Fatal Error] :1:1: Premature end of file.
2026-06-29 17:06:29,979 [ERROR] LogOutputStream:75 - [STDERR_REDIRECT] 
2026-06-29 17:06:30,969 [ERROR] LogOutputStream:75 - [STDERR_REDIRECT] [Fatal Error] :1:1: Premature end of file.
2026-06-29 17:06:30,971 [ERROR] LogOutputStream:75 - [STDERR_REDIRECT] 
2026-06-29 17:06:32,018 [ERROR] LogOutputStream:75 - [STDERR_REDIRECT] [Fatal Error] :1:1: Premature end of file.
2026-06-29 17:06:32,018 [ERROR] LogOutputStream:75 - [STDERR_REDIRECT] 
2026-06-29 17:06:33,014 [ERROR] LogOutputStream:75 - [STDERR_REDIRECT] [Fatal Error] :1:1: Premature end of file.
2026-06-29 17:06:33,014 [ERROR] LogOutputStream:75 - [STDERR_REDIRECT] 
2026-06-29 17:06:33,972 [ERROR] LogOutputStream:75 - [STDERR_REDIRECT] [Fatal Error] :1:1: Premature end of file.
2026-06-29 17:06:33,972 [ERROR] LogOutputStream:75 - [STDERR_REDIRECT] 
2026-06-29 17:06:34,991 [ERROR] LogOutputStream:75 - [STDERR_REDIRECT] [Fatal Error] :1:1: Premature end of file.
2026-06-29 17:06:34,991 [ERROR] LogOutputStream:75 - [STDERR_REDIRECT] 
2026-06-29 17:06:36,002 [ERROR] LogOutputStream:75 - [STDERR_REDIRECT] [Fatal Error] :1:1: Premature end of file.
2026-06-29 17:06:36,002 [ERROR] LogOutputStream:75 - [STDERR_REDIRECT] 
2026-06-29 17:06:36,968 [ERROR] LogOutputStream:75 - [STDERR_REDIRECT] [Fatal Error] :1:1: Premature end of file.
2026-06-29 17:06:36,968 [ERROR] LogOutputStream:75 - [STDERR_REDIRECT] 
2026-06-29 17:06:37,979 [ERROR] LogOutputStream:75 - [STDERR_REDIRECT] [Fatal Error] :1:1: Premature end of file.
2026-06-29 17:06:37,979 [ERROR] LogOutputStream:75 - [STDERR_REDIRECT] 
2026-06-29 17:06:38,951 [ERROR] LogOutputStream:75 - [STDERR_REDIRECT] [Fatal Error] :1:1: Premature end of file.
2026-06-29 17:06:38,951 [ERROR] LogOutputStream:75 - [STDERR_REDIRECT] 
2026-06-29 17:06:39,996 [ERROR] LogOutputStream:75 - [STDERR_REDIRECT] [Fatal Error] :1:1: Premature end of file.
2026-06-29 17:06:39,996 [ERROR] LogOutputStream:75 - [STDERR_REDIRECT] 
2026-06-29 17:06:40,943 [ERROR] LogOutputStream:75 - [STDERR_REDIRECT] [Fatal Error] :1:1: Premature end of file.
2026-06-29 17:06:40,943 [ERROR] LogOutputStream:75 - [STDERR_REDIRECT] 
2026-06-29 17:06:41,967 [ERROR] LogOutputStream:75 - [STDERR_REDIRECT] [Fatal Error] :1:1: Premature end of file.
2026-06-29 17:06:41,967 [ERROR] LogOutputStream:75 - [STDERR_REDIRECT] 
2026-06-29 17:06:42,887 [ERROR] LogOutputStream:75 - [STDERR_REDIRECT] [Fatal Error] :1:1: Premature end of file.
2026-06-29 17:06:42,887 [ERROR] LogOutputStream:75 - [STDERR_REDIRECT] 
2026-06-29 17:06:43,967 [ERROR] LogOutputStream:75 - [STDERR_REDIRECT] [Fatal Error] :1:1: Premature end of file.
2026-06-29 17:06:43,967 [ERROR] LogOutputStream:75 - [STDERR_REDIRECT] 
2026-06-29 17:06:44,979 [ERROR] LogOutputStream:75 - [STDERR_REDIRECT] [Fatal Error] :1:1: Premature end of file.
2026-06-29 17:06:44,986 [ERROR] LogOutputStream:75 - [STDERR_REDIRECT] 
2026-06-29 17:06:45,989 [ERROR] LogOutputStream:75 - [STDERR_REDIRECT] [Fatal Error] :1:1: Premature end of file.
2026-06-29 17:06:45,989 [ERROR] LogOutputStream:75 - [STDERR_REDIRECT] 
2026-06-29 17:06:47,023 [ERROR] LogOutputStream:75 - [STDERR_REDIRECT] [Fatal Error] :1:1: Premature end of file.
2026-06-29 17:06:47,024 [ERROR] LogOutputStream:75 - [STDERR_REDIRECT] 
2026-06-29 17:06:47,939 [ERROR] LogOutputStream:75 - [STDERR_REDIRECT] [Fatal Error] :1:1: Premature end of file.
2026-06-29 17:06:47,939 [ERROR] LogOutputStream:75 - [STDERR_REDIRECT] 
2026-06-29 17:06:48,975 [ERROR] LogOutputStream:75 - [STDERR_REDIRECT] [Fatal Error] :1:1: Premature end of file.
2026-06-29 17:06:48,975 [ERROR] LogOutputStream:75 - [STDERR_REDIRECT] 
2026-06-29 17:06:49,975 [ERROR] LogOutputStream:75 - [STDERR_REDIRECT] [Fatal Error] :1:1: Premature end of file.
2026-06-29 17:06:49,975 [ERROR] LogOutputStream:75 - [STDERR_REDIRECT] 
2026-06-29 17:06:50,984 [ERROR] LogOutputStream:75 - [STDERR_REDIRECT] [Fatal Error] :1:1: Premature end of file.
2026-06-29 17:06:50,984 [ERROR] LogOutputStream:75 - [STDERR_REDIRECT] 
2026-06-29 17:06:51,969 [ERROR] LogOutputStream:75 - [STDERR_REDIRECT] [Fatal Error] :1:1: Premature end of file.
2026-06-29 17:06:51,969 [ERROR] LogOutputStream:75 - [STDERR_REDIRECT] 
2026-06-29 17:06:53,045 [ERROR] LogOutputStream:75 - [STDERR_REDIRECT] [Fatal Error] :1:1: Premature end of file.
2026-06-29 17:06:53,045 [ERROR] LogOutputStream:75 - [STDERR_REDIRECT] 
2026-06-29 17:06:53,973 [ERROR] LogOutputStream:75 - [STDERR_REDIRECT] [Fatal Error] :1:1: Premature end of file.
2026-06-29 17:06:53,973 [ERROR] LogOutputStream:75 - [STDERR_REDIRECT] 
2026-06-29 17:06:54,955 [ERROR] LogOutputStream:75 - [STDERR_REDIRECT] [Fatal Error] :1:1: Premature end of file.
2026-06-29 17:06:54,955 [ERROR] LogOutputStream:75 - [STDERR_REDIRECT] 
2026-06-29 17:06:55,932 [ERROR] LogOutputStream:75 - [STDERR_REDIRECT] [Fatal Error] :1:1: Premature end of file.
2026-06-29 17:06:55,932 [ERROR] LogOutputStream:75 - [STDERR_REDIRECT] 
2026-06-29 17:06:56,946 [ERROR] LogOutputStream:75 - [STDERR_REDIRECT] [Fatal Error] :1:1: Premature end of file.
2026-06-29 17:06:56,948 [ERROR] LogOutputStream:75 - [STDERR_REDIRECT] 
2026-06-29 17:06:57,965 [ERROR] LogOutputStream:75 - [STDERR_REDIRECT] [Fatal Error] :1:1: Premature end of file.
2026-06-29 17:06:57,965 [ERROR] LogOutputStream:75 - [STDERR_REDIRECT] 
2026-06-29 17:06:58,951 [ERROR] LogOutputStream:75 - [STDERR_REDIRECT] [Fatal Error] :1:1: Premature end of file.
2026-06-29 17:06:58,951 [ERROR] LogOutputStream:75 - [STDERR_REDIRECT] 
2026-06-29 17:06:59,965 [ERROR] LogOutputStream:75 - [STDERR_REDIRECT] [Fatal Error] :1:1: Premature end of file.
2026-06-29 17:06:59,965 [ERROR] LogOutputStream:75 - [STDERR_REDIRECT] 
2026-06-29 17:07:00,978 [ERROR] LogOutputStream:75 - [STDERR_REDIRECT] [Fatal Error] :1:1: Premature end of file.
2026-06-29 17:07:00,978 [ERROR] LogOutputStream:75 - [STDERR_REDIRECT] 
2026-06-29 17:07:02,000 [ERROR] LogOutputStream:75 - [STDERR_REDIRECT] [Fatal Error] :1:1: Premature end of file.
2026-06-29 17:07:02,000 [ERROR] LogOutputStream:75 - [STDERR_REDIRECT] 
2026-06-29 17:07:02,982 [ERROR] LogOutputStream:75 - [STDERR_REDIRECT] [Fatal Error] :1:1: Premature end of file.
2026-06-29 17:07:02,982 [ERROR] LogOutputStream:75 - [STDERR_REDIRECT] 
2026-06-29 17:07:03,980 [ERROR] LogOutputStream:75 - [STDERR_REDIRECT] [Fatal Error] :1:1: Premature end of file.
2026-06-29 17:07:03,980 [ERROR] LogOutputStream:75 - [STDERR_REDIRECT] 
2026-06-29 17:07:04,952 [ERROR] LogOutputStream:75 - [STDERR_REDIRECT] [Fatal Error] :1:1: Premature end of file.
2026-06-29 17:07:04,954 [ERROR] LogOutputStream:75 - [STDERR_REDIRECT] 
2026-06-29 17:07:05,961 [ERROR] LogOutputStream:75 - [STDERR_REDIRECT] [Fatal Error] :1:1: Premature end of file.
2026-06-29 17:07:05,961 [ERROR] LogOutputStream:75 - [STDERR_REDIRECT] 
2026-06-29 17:07:06,982 [ERROR] LogOutputStream:75 - [STDERR_REDIRECT] [Fatal Error] :1:1: Premature end of file.
2026-06-29 17:07:06,982 [ERROR] LogOutputStream:75 - [STDERR_REDIRECT] 
2026-06-29 17:07:07,970 [ERROR] LogOutputStream:75 - [STDERR_REDIRECT] [Fatal Error] :1:1: Premature end of file.
2026-06-29 17:07:07,970 [ERROR] LogOutputStream:75 - [STDERR_REDIRECT] 
2026-06-29 17:07:08,993 [ERROR] LogOutputStream:75 - [STDERR_REDIRECT] [Fatal Error] :1:1: Premature end of file.
2026-06-29 17:07:08,993 [ERROR] LogOutputStream:75 - [STDERR_REDIRECT] 
2026-06-29 17:07:09,981 [ERROR] LogOutputStream:75 - [STDERR_REDIRECT] [Fatal Error] :1:1: Premature end of file.
2026-06-29 17:07:09,981 [ERROR] LogOutputStream:75 - [STDERR_REDIRECT] 
2026-06-29 17:07:10,989 [ERROR] LogOutputStream:75 - [STDERR_REDIRECT] [Fatal Error] :1:1: Premature end of file.
2026-06-29 17:07:10,991 [ERROR] LogOutputStream:75 - [STDERR_REDIRECT] 
2026-06-29 17:07:11,995 [ERROR] LogOutputStream:75 - [STDERR_REDIRECT] [Fatal Error] :1:1: Premature end of file.
2026-06-29 17:07:11,995 [ERROR] LogOutputStream:75 - [STDERR_REDIRECT] 
2026-06-29 17:07:13,021 [ERROR] LogOutputStream:75 - [STDERR_REDIRECT] [Fatal Error] :1:1: Premature end of file.
2026-06-29 17:07:13,021 [ERROR] LogOutputStream:75 - [STDERR_REDIRECT] 
2026-06-29 17:07:14,010 [ERROR] LogOutputStream:75 - [STDERR_REDIRECT] [Fatal Error] :1:1: Premature end of file.
2026-06-29 17:07:14,010 [ERROR] LogOutputStream:75 - [STDERR_REDIRECT] 
2026-06-29 17:07:14,923 [ERROR] LogOutputStream:75 - [STDERR_REDIRECT] [Fatal Error] :1:1: Premature end of file.
2026-06-29 17:07:14,923 [ERROR] LogOutputStream:75 - [STDERR_REDIRECT] 
2026-06-29 17:07:15,956 [ERROR] LogOutputStream:75 - [STDERR_REDIRECT] [Fatal Error] :1:1: Premature end of file.
2026-06-29 17:07:15,959 [ERROR] LogOutputStream:75 - [STDERR_REDIRECT] 
2026-06-29 17:07:16,959 [ERROR] LogOutputStream:75 - [STDERR_REDIRECT] [Fatal Error] :1:1: Premature end of file.
2026-06-29 17:07:16,959 [ERROR] LogOutputStream:75 - [STDERR_REDIRECT] 
2026-06-29 17:07:17,944 [ERROR] LogOutputStream:75 - [STDERR_REDIRECT] [Fatal Error] :1:1: Premature end of file.
2026-06-29 17:07:17,946 [ERROR] LogOutputStream:75 - [STDERR_REDIRECT] 
2026-06-29 17:07:18,937 [ERROR] LogOutputStream:75 - [STDERR_REDIRECT] [Fatal Error] :1:1: Premature end of file.
2026-06-29 17:07:18,937 [ERROR] LogOutputStream:75 - [STDERR_REDIRECT] 
2026-06-29 17:07:19,983 [ERROR] LogOutputStream:75 - [STDERR_REDIRECT] [Fatal Error] :1:1: Premature end of file.
2026-06-29 17:07:19,983 [ERROR] LogOutputStream:75 - [STDERR_REDIRECT] 
2026-06-29 17:07:20,938 [ERROR] LogOutputStream:75 - [STDERR_REDIRECT] [Fatal Error] :1:1: Premature end of file.
2026-06-29 17:07:20,938 [ERROR] LogOutputStream:75 - [STDERR_REDIRECT] 
2026-06-29 17:07:21,980 [ERROR] LogOutputStream:75 - [STDERR_REDIRECT] [Fatal Error] :1:1: Premature end of file.
2026-06-29 17:07:21,980 [ERROR] LogOutputStream:75 - [STDERR_REDIRECT] 
2026-06-29 17:07:22,970 [ERROR] LogOutputStream:75 - [STDERR_REDIRECT] [Fatal Error] :1:1: Premature end of file.
2026-06-29 17:07:22,970 [ERROR] LogOutputStream:75 - [STDERR_REDIRECT] 
2026-06-29 17:07:23,979 [ERROR] LogOutputStream:75 - [STDERR_REDIRECT] [Fatal Error] :1:1: Premature end of file.
2026-06-29 17:07:23,979 [ERROR] LogOutputStream:75 - [STDERR_REDIRECT] 
2026-06-29 17:07:24,984 [ERROR] LogOutputStream:75 - [STDERR_REDIRECT] [Fatal Error] :1:1: Premature end of file.
2026-06-29 17:07:24,984 [ERROR] LogOutputStream:75 - [STDERR_REDIRECT] 
2026-06-29 17:07:25,955 [ERROR] LogOutputStream:75 - [STDERR_REDIRECT] [Fatal Error] :1:1: Premature end of file.
2026-06-29 17:07:25,955 [ERROR] LogOutputStream:75 - [STDERR_REDIRECT] 
2026-06-29 17:07:27,005 [ERROR] LogOutputStream:75 - [STDERR_REDIRECT] [Fatal Error] :1:1: Premature end of file.
2026-06-29 17:07:27,005 [ERROR] LogOutputStream:75 - [STDERR_REDIRECT] 
2026-06-29 17:07:27,975 [ERROR] LogOutputStream:75 - [STDERR_REDIRECT] [Fatal Error] :1:1: Premature end of file.
2026-06-29 17:07:27,975 [ERROR] LogOutputStream:75 - [STDERR_REDIRECT] 
2026-06-29 17:07:28,975 [ERROR] LogOutputStream:75 - [STDERR_REDIRECT] [Fatal Error] :1:1: Premature end of file.
2026-06-29 17:07:28,975 [ERROR] LogOutputStream:75 - [STDERR_REDIRECT] 
2026-06-29 17:07:29,971 [ERROR] LogOutputStream:75 - [STDERR_REDIRECT] [Fatal Error] :1:1: Premature end of file.
2026-06-29 17:07:29,971 [ERROR] LogOutputStream:75 - [STDERR_REDIRECT] 
2026-06-29 17:07:30,923 [ERROR] LogOutputStream:75 - [STDERR_REDIRECT] [Fatal Error] :1:1: Premature end of file.
2026-06-29 17:07:30,923 [ERROR] LogOutputStream:75 - [STDERR_REDIRECT] 
2026-06-29 17:07:31,964 [ERROR] LogOutputStream:75 - [STDERR_REDIRECT] [Fatal Error] :1:1: Premature end of file.
2026-06-29 17:07:31,964 [ERROR] LogOutputStream:75 - [STDERR_REDIRECT] 
2026-06-29 17:07:32,982 [ERROR] LogOutputStream:75 - [STDERR_REDIRECT] [Fatal Error] :1:1: Premature end of file.
2026-06-29 17:07:32,982 [ERROR] LogOutputStream:75 - [STDERR_REDIRECT] 
2026-06-29 17:07:33,971 [ERROR] LogOutputStream:75 - [STDERR_REDIRECT] [Fatal Error] :1:1: Premature end of file.
2026-06-29 17:07:33,971 [ERROR] LogOutputStream:75 - [STDERR_REDIRECT] 
2026-06-29 17:07:34,952 [ERROR] LogOutputStream:75 - [STDERR_REDIRECT] [Fatal Error] :1:1: Premature end of file.
2026-06-29 17:07:34,952 [ERROR] LogOutputStream:75 - [STDERR_REDIRECT] 
2026-06-29 17:07:35,950 [ERROR] LogOutputStream:75 - [STDERR_REDIRECT] [Fatal Error] :1:1: Premature end of file.
2026-06-29 17:07:35,950 [ERROR] LogOutputStream:75 - [STDERR_REDIRECT] 
2026-06-29 17:07:36,974 [ERROR] LogOutputStream:75 - [STDERR_REDIRECT] [Fatal Error] :1:1: Premature end of file.
2026-06-29 17:07:36,976 [ERROR] LogOutputStream:75 - [STDERR_REDIRECT] 
2026-06-29 17:07:37,935 [ERROR] LogOutputStream:75 - [STDERR_REDIRECT] [Fatal Error] :1:1: Premature end of file.
2026-06-29 17:07:37,935 [ERROR] LogOutputStream:75 - [STDERR_REDIRECT] 
2026-06-29 17:07:38,941 [ERROR] LogOutputStream:75 - [STDERR_REDIRECT] [Fatal Error] :1:1: Premature end of file.
2026-06-29 17:07:38,941 [ERROR] LogOutputStream:75 - [STDERR_REDIRECT] 
2026-06-29 17:07:39,953 [ERROR] LogOutputStream:75 - [STDERR_REDIRECT] [Fatal Error] :1:1: Premature end of file.
2026-06-29 17:07:39,953 [ERROR] LogOutputStream:75 - [STDERR_REDIRECT] 
2026-06-29 17:07:40,939 [ERROR] LogOutputStream:75 - [STDERR_REDIRECT] [Fatal Error] :1:1: Premature end of file.
2026-06-29 17:07:40,939 [ERROR] LogOutputStream:75 - [STDERR_REDIRECT] 
2026-06-29 17:07:41,921 [ERROR] LogOutputStream:75 - [STDERR_REDIRECT] [Fatal Error] :1:1: Premature end of file.
2026-06-29 17:07:41,921 [ERROR] LogOutputStream:75 - [STDERR_REDIRECT] 
2026-06-29 17:07:42,933 [ERROR] LogOutputStream:75 - [STDERR_REDIRECT] [Fatal Error] :1:1: Premature end of file.
2026-06-29 17:07:42,933 [ERROR] LogOutputStream:75 - [STDERR_REDIRECT] 
2026-06-29 17:07:43,914 [ERROR] LogOutputStream:75 - [STDERR_REDIRECT] [Fatal Error] :1:1: Premature end of file.
2026-06-29 17:07:43,914 [ERROR] LogOutputStream:75 - [STDERR_REDIRECT] 
2026-06-29 17:07:44,896 [ERROR] LogOutputStream:75 - [STDERR_REDIRECT] [Fatal Error] :1:1: Premature end of file.
2026-06-29 17:07:44,896 [ERROR] LogOutputStream:75 - [STDERR_REDIRECT] 
2026-06-29 17:07:45,903 [ERROR] LogOutputStream:75 - [STDERR_REDIRECT] [Fatal Error] :1:1: Premature end of file.
2026-06-29 17:07:45,903 [ERROR] LogOutputStream:75 - [STDERR_REDIRECT] 
2026-06-29 17:07:46,873 [ERROR] LogOutputStream:75 - [STDERR_REDIRECT] [Fatal Error] :1:1: Premature end of file.
2026-06-29 17:07:46,873 [ERROR] LogOutputStream:75 - [STDERR_REDIRECT] 
2026-06-29 17:07:47,901 [ERROR] LogOutputStream:75 - [STDERR_REDIRECT] [Fatal Error] :1:1: Premature end of file.
2026-06-29 17:07:47,901 [ERROR] LogOutputStream:75 - [STDERR_REDIRECT] 
2026-06-29 17:07:48,894 [ERROR] LogOutputStream:75 - [STDERR_REDIRECT] [Fatal Error] :1:1: Premature end of file.
2026-06-29 17:07:48,894 [ERROR] LogOutputStream:75 - [STDERR_REDIRECT] 
2026-06-29 17:07:49,885 [ERROR] LogOutputStream:75 - [STDERR_REDIRECT] [Fatal Error] :1:1: Premature end of file.
2026-06-29 17:07:49,889 [ERROR] LogOutputStream:75 - [STDERR_REDIRECT] 
2026-06-29 17:07:50,888 [ERROR] LogOutputStream:75 - [STDERR_REDIRECT] [Fatal Error] :1:1: Premature end of file.
2026-06-29 17:07:50,888 [ERROR] LogOutputStream:75 - [STDERR_REDIRECT] 
2026-06-29 17:07:51,902 [ERROR] LogOutputStream:75 - [STDERR_REDIRECT] [Fatal Error] :1:1: Premature end of file.
2026-06-29 17:07:51,903 [ERROR] LogOutputStream:75 - [STDERR_REDIRECT] 
2026-06-29 17:07:52,904 [ERROR] LogOutputStream:75 - [STDERR_REDIRECT] [Fatal Error] :1:1: Premature end of file.
2026-06-29 17:07:52,905 [ERROR] LogOutputStream:75 - [STDERR_REDIRECT] 
2026-06-29 17:07:53,894 [ERROR] LogOutputStream:75 - [STDERR_REDIRECT] [Fatal Error] :1:1: Premature end of file.
2026-06-29 17:07:53,894 [ERROR] LogOutputStream:75 - [STDERR_REDIRECT] 
2026-06-29 17:07:54,913 [ERROR] LogOutputStream:75 - [STDERR_REDIRECT] [Fatal Error] :1:1: Premature end of file.
2026-06-29 17:07:54,913 [ERROR] LogOutputStream:75 - [STDERR_REDIRECT] 
2026-06-29 17:07:55,905 [ERROR] LogOutputStream:75 - [STDERR_REDIRECT] [Fatal Error] :1:1: Premature end of file.
2026-06-29 17:07:55,905 [ERROR] LogOutputStream:75 - [STDERR_REDIRECT] 
2026-06-29 17:07:56,864 [ERROR] LogOutputStream:75 - [STDERR_REDIRECT] [Fatal Error] :1:1: Premature end of file.
2026-06-29 17:07:56,880 [ERROR] LogOutputStream:75 - [STDERR_REDIRECT] 
2026-06-29 17:07:57,883 [ERROR] LogOutputStream:75 - [STDERR_REDIRECT] [Fatal Error] :1:1: Premature end of file.
2026-06-29 17:07:57,883 [ERROR] LogOutputStream:75 - [STDERR_REDIRECT] 
2026-06-29 17:07:58,901 [ERROR] LogOutputStream:75 - [STDERR_REDIRECT] [Fatal Error] :1:1: Premature end of file.
2026-06-29 17:07:58,901 [ERROR] LogOutputStream:75 - [STDERR_REDIRECT] 
2026-06-29 17:07:59,871 [ERROR] LogOutputStream:75 - [STDERR_REDIRECT] [Fatal Error] :1:1: Premature end of file.
2026-06-29 17:07:59,886 [ERROR] LogOutputStream:75 - [STDERR_REDIRECT] 
2026-06-29 17:08:00,898 [ERROR] LogOutputStream:75 - [STDERR_REDIRECT] [Fatal Error] :1:1: Premature end of file.
2026-06-29 17:08:00,898 [ERROR] LogOutputStream:75 - [STDERR_REDIRECT] 
2026-06-29 17:08:01,927 [ERROR] LogOutputStream:75 - [STDERR_REDIRECT] [Fatal Error] :1:1: Premature end of file.
2026-06-29 17:08:01,927 [ERROR] LogOutputStream:75 - [STDERR_REDIRECT] 
2026-06-29 17:08:02,902 [ERROR] LogOutputStream:75 - [STDERR_REDIRECT] [Fatal Error] :1:1: Premature end of file.
2026-06-29 17:08:02,902 [ERROR] LogOutputStream:75 - [STDERR_REDIRECT] 
2026-06-29 17:08:03,884 [ERROR] LogOutputStream:75 - [STDERR_REDIRECT] [Fatal Error] :1:1: Premature end of file.
2026-06-29 17:08:03,884 [ERROR] LogOutputStream:75 - [STDERR_REDIRECT] 
2026-06-29 17:08:04,861 [ERROR] LogOutputStream:75 - [STDERR_REDIRECT] [Fatal Error] :1:1: Premature end of file.
2026-06-29 17:08:04,876 [ERROR] LogOutputStream:75 - [STDERR_REDIRECT] 
2026-06-29 17:08:05,892 [ERROR] LogOutputStream:75 - [STDERR_REDIRECT] [Fatal Error] :1:1: Premature end of file.
2026-06-29 17:08:05,892 [ERROR] LogOutputStream:75 - [STDERR_REDIRECT] 
2026-06-29 17:08:06,902 [ERROR] LogOutputStream:75 - [STDERR_REDIRECT] [Fatal Error] :1:1: Premature end of file.
2026-06-29 17:08:06,902 [ERROR] LogOutputStream:75 - [STDERR_REDIRECT] 
2026-06-29 17:08:07,900 [ERROR] LogOutputStream:75 - [STDERR_REDIRECT] [Fatal Error] :1:1: Premature end of file.
2026-06-29 17:08:07,900 [ERROR] LogOutputStream:75 - [STDERR_REDIRECT] 
2026-06-29 17:08:08,886 [ERROR] LogOutputStream:75 - [STDERR_REDIRECT] [Fatal Error] :1:1: Premature end of file.
2026-06-29 17:08:08,886 [ERROR] LogOutputStream:75 - [STDERR_REDIRECT] 
2026-06-29 17:08:09,909 [ERROR] LogOutputStream:75 - [STDERR_REDIRECT] [Fatal Error] :1:1: Premature end of file.
2026-06-29 17:08:09,909 [ERROR] LogOutputStream:75 - [STDERR_REDIRECT] 
2026-06-29 17:08:11,003 [ERROR] LogOutputStream:75 - [STDERR_REDIRECT] [Fatal Error] :1:1: Premature end of file.
2026-06-29 17:08:11,005 [ERROR] LogOutputStream:75 - [STDERR_REDIRECT] 
2026-06-29 17:08:11,951 [ERROR] LogOutputStream:75 - [STDERR_REDIRECT] [Fatal Error] :1:1: Premature end of file.
2026-06-29 17:08:11,953 [ERROR] LogOutputStream:75 - [STDERR_REDIRECT] 
2026-06-29 17:08:12,943 [ERROR] LogOutputStream:75 - [STDERR_REDIRECT] [Fatal Error] :1:1: Premature end of file.
2026-06-29 17:08:12,943 [ERROR] LogOutputStream:75 - [STDERR_REDIRECT] 
2026-06-29 17:08:13,887 [ERROR] LogOutputStream:75 - [STDERR_REDIRECT] [Fatal Error] :1:1: Premature end of file.
2026-06-29 17:08:13,887 [ERROR] LogOutputStream:75 - [STDERR_REDIRECT] 
2026-06-29 17:08:14,870 [ERROR] LogOutputStream:75 - [STDERR_REDIRECT] [Fatal Error] :1:1: Premature end of file.
2026-06-29 17:08:14,870 [ERROR] LogOutputStream:75 - [STDERR_REDIRECT] 
2026-06-29 17:08:15,886 [ERROR] LogOutputStream:75 - [STDERR_REDIRECT] [Fatal Error] :1:1: Premature end of file.
2026-06-29 17:08:15,886 [ERROR] LogOutputStream:75 - [STDERR_REDIRECT] 
2026-06-29 17:08:16,875 [ERROR] LogOutputStream:75 - [STDERR_REDIRECT] [Fatal Error] :1:1: Premature end of file.
2026-06-29 17:08:16,875 [ERROR] LogOutputStream:75 - [STDERR_REDIRECT] 
2026-06-29 17:08:17,902 [ERROR] LogOutputStream:75 - [STDERR_REDIRECT] [Fatal Error] :1:1: Premature end of file.
2026-06-29 17:08:17,902 [ERROR] LogOutputStream:75 - [STDERR_REDIRECT] 
2026-06-29 17:08:18,912 [ERROR] LogOutputStream:75 - [STDERR_REDIRECT] [Fatal Error] :1:1: Premature end of file.
2026-06-29 17:08:18,916 [ERROR] LogOutputStream:75 - [STDERR_REDIRECT] 
2026-06-29 17:08:19,926 [ERROR] LogOutputStream:75 - [STDERR_REDIRECT] [Fatal Error] :1:1: Premature end of file.
2026-06-29 17:08:19,926 [ERROR] LogOutputStream:75 - [STDERR_REDIRECT] 
2026-06-29 17:08:20,914 [ERROR] LogOutputStream:75 - [STDERR_REDIRECT] [Fatal Error] :1:1: Premature end of file.
2026-06-29 17:08:20,914 [ERROR] LogOutputStream:75 - [STDERR_REDIRECT] 
2026-06-29 17:08:21,950 [ERROR] LogOutputStream:75 - [STDERR_REDIRECT] [Fatal Error] :1:1: Premature end of file.
2026-06-29 17:08:21,950 [ERROR] LogOutputStream:75 - [STDERR_REDIRECT] 
2026-06-29 17:08:22,875 [ERROR] LogOutputStream:75 - [STDERR_REDIRECT] [Fatal Error] :1:1: Premature end of file.
2026-06-29 17:08:22,880 [ERROR] LogOutputStream:75 - [STDERR_REDIRECT] 
2026-06-29 17:08:23,906 [ERROR] LogOutputStream:75 - [STDERR_REDIRECT] [Fatal Error] :1:1: Premature end of file.
2026-06-29 17:08:23,906 [ERROR] LogOutputStream:75 - [STDERR_REDIRECT] 
2026-06-29 17:08:24,929 [ERROR] LogOutputStream:75 - [STDERR_REDIRECT] [Fatal Error] :1:1: Premature end of file.
2026-06-29 17:08:24,929 [ERROR] LogOutputStream:75 - [STDERR_REDIRECT] 
2026-06-29 17:08:25,944 [ERROR] LogOutputStream:75 - [STDERR_REDIRECT] [Fatal Error] :1:1: Premature end of file.
2026-06-29 17:08:25,944 [ERROR] LogOutputStream:75 - [STDERR_REDIRECT] 
2026-06-29 17:08:26,894 [ERROR] LogOutputStream:75 - [STDERR_REDIRECT] [Fatal Error] :1:1: Premature end of file.
2026-06-29 17:08:26,896 [ERROR] LogOutputStream:75 - [STDERR_REDIRECT] 
2026-06-29 17:08:27,906 [ERROR] LogOutputStream:75 - [STDERR_REDIRECT] [Fatal Error] :1:1: Premature end of file.
2026-06-29 17:08:27,906 [ERROR] LogOutputStream:75 - [STDERR_REDIRECT] 
2026-06-29 17:08:28,883 [ERROR] LogOutputStream:75 - [STDERR_REDIRECT] [Fatal Error] :1:1: Premature end of file.
2026-06-29 17:08:28,883 [ERROR] LogOutputStream:75 - [STDERR_REDIRECT] 
2026-06-29 17:08:29,894 [ERROR] LogOutputStream:75 - [STDERR_REDIRECT] [Fatal Error] :1:1: Premature end of file.
2026-06-29 17:08:29,894 [ERROR] LogOutputStream:75 - [STDERR_REDIRECT] 
2026-06-29 17:08:30,877 [ERROR] LogOutputStream:75 - [STDERR_REDIRECT] [Fatal Error] :1:1: Premature end of file.
2026-06-29 17:08:30,877 [ERROR] LogOutputStream:75 - [STDERR_REDIRECT] 
2026-06-29 17:08:31,926 [ERROR] LogOutputStream:75 - [STDERR_REDIRECT] [Fatal Error] :1:1: Premature end of file.
2026-06-29 17:08:31,926 [ERROR] LogOutputStream:75 - [STDERR_REDIRECT] 
2026-06-29 17:08:32,889 [ERROR] LogOutputStream:75 - [STDERR_REDIRECT] [Fatal Error] :1:1: Premature end of file.
2026-06-29 17:08:32,889 [ERROR] LogOutputStream:75 - [STDERR_REDIRECT] 
2026-06-29 17:08:33,888 [ERROR] LogOutputStream:75 - [STDERR_REDIRECT] [Fatal Error] :1:1: Premature end of file.
2026-06-29 17:08:33,888 [ERROR] LogOutputStream:75 - [STDERR_REDIRECT] 
2026-06-29 17:08:34,906 [ERROR] LogOutputStream:75 - [STDERR_REDIRECT] [Fatal Error] :1:1: Premature end of file.
2026-06-29 17:08:34,914 [ERROR] LogOutputStream:75 - [STDERR_REDIRECT] 
2026-06-29 17:08:35,871 [ERROR] LogOutputStream:75 - [STDERR_REDIRECT] [Fatal Error] :1:1: Premature end of file.
2026-06-29 17:08:35,871 [ERROR] LogOutputStream:75 - [STDERR_REDIRECT] 
2026-06-29 17:08:36,893 [ERROR] LogOutputStream:75 - [STDERR_REDIRECT] [Fatal Error] :1:1: Premature end of file.
2026-06-29 17:08:36,894 [ERROR] LogOutputStream:75 - [STDERR_REDIRECT] 
2026-06-29 17:08:37,895 [ERROR] LogOutputStream:75 - [STDERR_REDIRECT] [Fatal Error] :1:1: Premature end of file.
2026-06-29 17:08:37,895 [ERROR] LogOutputStream:75 - [STDERR_REDIRECT] 
2026-06-29 17:08:38,876 [ERROR] LogOutputStream:75 - [STDERR_REDIRECT] [Fatal Error] :1:1: Premature end of file.
2026-06-29 17:08:38,877 [ERROR] LogOutputStream:75 - [STDERR_REDIRECT] 
2026-06-29 17:08:39,882 [ERROR] LogOutputStream:75 - [STDERR_REDIRECT] [Fatal Error] :1:1: Premature end of file.
2026-06-29 17:08:39,882 [ERROR] LogOutputStream:75 - [STDERR_REDIRECT] 
2026-06-29 17:08:40,887 [ERROR] LogOutputStream:75 - [STDERR_REDIRECT] [Fatal Error] :1:1: Premature end of file.
2026-06-29 17:08:40,887 [ERROR] LogOutputStream:75 - [STDERR_REDIRECT] 
2026-06-29 17:08:41,993 [ERROR] LogOutputStream:75 - [STDERR_REDIRECT] [Fatal Error] :1:1: Premature end of file.
2026-06-29 17:08:41,996 [ERROR] LogOutputStream:75 - [STDERR_REDIRECT] 
2026-06-29 17:08:42,876 [ERROR] LogOutputStream:75 - [STDERR_REDIRECT] [Fatal Error] :1:1: Premature end of file.
2026-06-29 17:08:42,876 [ERROR] LogOutputStream:75 - [STDERR_REDIRECT] 
2026-06-29 17:08:43,897 [ERROR] LogOutputStream:75 - [STDERR_REDIRECT] [Fatal Error] :1:1: Premature end of file.
2026-06-29 17:08:43,897 [ERROR] LogOutputStream:75 - [STDERR_REDIRECT] 
2026-06-29 17:08:44,962 [ERROR] LogOutputStream:75 - [STDERR_REDIRECT] [Fatal Error] :1:1: Premature end of file.
2026-06-29 17:08:44,962 [ERROR] LogOutputStream:75 - [STDERR_REDIRECT] 
2026-06-29 17:08:45,933 [ERROR] LogOutputStream:75 - [STDERR_REDIRECT] [Fatal Error] :1:1: Premature end of file.
2026-06-29 17:08:45,933 [ERROR] LogOutputStream:75 - [STDERR_REDIRECT] 
2026-06-29 17:08:46,902 [ERROR] LogOutputStream:75 - [STDERR_REDIRECT] [Fatal Error] :1:1: Premature end of file.
2026-06-29 17:08:46,902 [ERROR] LogOutputStream:75 - [STDERR_REDIRECT] 
2026-06-29 17:08:47,889 [ERROR] LogOutputStream:75 - [STDERR_REDIRECT] [Fatal Error] :1:1: Premature end of file.
2026-06-29 17:08:47,894 [ERROR] LogOutputStream:75 - [STDERR_REDIRECT] 
2026-06-29 17:08:48,960 [ERROR] LogOutputStream:75 - [STDERR_REDIRECT] [Fatal Error] :1:1: Premature end of file.
2026-06-29 17:08:48,960 [ERROR] LogOutputStream:75 - [STDERR_REDIRECT] 
2026-06-29 17:08:49,890 [ERROR] LogOutputStream:75 - [STDERR_REDIRECT] [Fatal Error] :1:1: Premature end of file.
2026-06-29 17:08:49,890 [ERROR] LogOutputStream:75 - [STDERR_REDIRECT] 
2026-06-29 17:08:50,866 [ERROR] LogOutputStream:75 - [STDERR_REDIRECT] [Fatal Error] :1:1: Premature end of file.
2026-06-29 17:08:50,866 [ERROR] LogOutputStream:75 - [STDERR_REDIRECT] 
2026-06-29 17:08:51,895 [ERROR] LogOutputStream:75 - [STDERR_REDIRECT] [Fatal Error] :1:1: Premature end of file.
2026-06-29 17:08:51,895 [ERROR] LogOutputStream:75 - [STDERR_REDIRECT] 
2026-06-29 17:08:52,891 [ERROR] LogOutputStream:75 - [STDERR_REDIRECT] [Fatal Error] :1:1: Premature end of file.
2026-06-29 17:08:52,891 [ERROR] LogOutputStream:75 - [STDERR_REDIRECT] 
2026-06-29 17:08:53,872 [ERROR] LogOutputStream:75 - [STDERR_REDIRECT] [Fatal Error] :1:1: Premature end of file.
2026-06-29 17:08:53,872 [ERROR] LogOutputStream:75 - [STDERR_REDIRECT] 
2026-06-29 17:08:54,897 [ERROR] LogOutputStream:75 - [STDERR_REDIRECT] [Fatal Error] :1:1: Premature end of file.
2026-06-29 17:08:54,897 [ERROR] LogOutputStream:75 - [STDERR_REDIRECT] 
2026-06-29 17:08:55,874 [ERROR] LogOutputStream:75 - [STDERR_REDIRECT] [Fatal Error] :1:1: Premature end of file.
2026-06-29 17:08:55,874 [ERROR] LogOutputStream:75 - [STDERR_REDIRECT] 
2026-06-29 17:08:56,892 [ERROR] LogOutputStream:75 - [STDERR_REDIRECT] [Fatal Error] :1:1: Premature end of file.
2026-06-29 17:08:56,892 [ERROR] LogOutputStream:75 - [STDERR_REDIRECT] 
2026-06-29 17:08:57,903 [ERROR] LogOutputStream:75 - [STDERR_REDIRECT] [Fatal Error] :1:1: Premature end of file.
2026-06-29 17:08:57,905 [ERROR] LogOutputStream:75 - [STDERR_REDIRECT] 
2026-06-29 17:08:58,876 [ERROR] LogOutputStream:75 - [STDERR_REDIRECT] [Fatal Error] :1:1: Premature end of file.
2026-06-29 17:08:58,876 [ERROR] LogOutputStream:75 - [STDERR_REDIRECT] 
2026-06-29 17:08:59,894 [ERROR] LogOutputStream:75 - [STDERR_REDIRECT] [Fatal Error] :1:1: Premature end of file.
2026-06-29 17:08:59,894 [ERROR] LogOutputStream:75 - [STDERR_REDIRECT] 
2026-06-29 17:09:00,884 [ERROR] LogOutputStream:75 - [STDERR_REDIRECT] [Fatal Error] :1:1: Premature end of file.
2026-06-29 17:09:00,884 [ERROR] LogOutputStream:75 - [STDERR_REDIRECT] 
2026-06-29 17:09:01,877 [ERROR] LogOutputStream:75 - [STDERR_REDIRECT] [Fatal Error] :1:1: Premature end of file.
2026-06-29 17:09:01,880 [ERROR] LogOutputStream:75 - [STDERR_REDIRECT] 
2026-06-29 17:09:02,879 [ERROR] LogOutputStream:75 - [STDERR_REDIRECT] [Fatal Error] :1:1: Premature end of file.
2026-06-29 17:09:02,879 [ERROR] LogOutputStream:75 - [STDERR_REDIRECT] 
2026-06-29 17:09:03,881 [ERROR] LogOutputStream:75 - [STDERR_REDIRECT] [Fatal Error] :1:1: Premature end of file.
2026-06-29 17:09:03,881 [ERROR] LogOutputStream:75 - [STDERR_REDIRECT] 
2026-06-29 17:09:04,858 [ERROR] LogOutputStream:75 - [STDERR_REDIRECT] [Fatal Error] :1:1: Premature end of file.
2026-06-29 17:09:04,858 [ERROR] LogOutputStream:75 - [STDERR_REDIRECT] 
2026-06-29 17:09:05,879 [ERROR] LogOutputStream:75 - [STDERR_REDIRECT] [Fatal Error] :1:1: Premature end of file.
2026-06-29 17:09:05,879 [ERROR] LogOutputStream:75 - [STDERR_REDIRECT] 
2026-06-29 17:09:06,867 [ERROR] LogOutputStream:75 - [STDERR_REDIRECT] [Fatal Error] :1:1: Premature end of file.
2026-06-29 17:09:06,867 [ERROR] LogOutputStream:75 - [STDERR_REDIRECT] 
2026-06-29 17:09:07,896 [ERROR] LogOutputStream:75 - [STDERR_REDIRECT] [Fatal Error] :1:1: Premature end of file.
2026-06-29 17:09:07,896 [ERROR] LogOutputStream:75 - [STDERR_REDIRECT] 
2026-06-29 17:09:08,911 [ERROR] LogOutputStream:75 - [STDERR_REDIRECT] [Fatal Error] :1:1: Premature end of file.
2026-06-29 17:09:08,911 [ERROR] LogOutputStream:75 - [STDERR_REDIRECT] 
2026-06-29 17:09:09,904 [ERROR] LogOutputStream:75 - [STDERR_REDIRECT] [Fatal Error] :1:1: Premature end of file.
2026-06-29 17:09:09,908 [ERROR] LogOutputStream:75 - [STDERR_REDIRECT] 
2026-06-29 17:09:10,874 [ERROR] LogOutputStream:75 - [STDERR_REDIRECT] [Fatal Error] :1:1: Premature end of file.
2026-06-29 17:09:10,874 [ERROR] LogOutputStream:75 - [STDERR_REDIRECT] 
2026-06-29 17:09:11,890 [ERROR] LogOutputStream:75 - [STDERR_REDIRECT] [Fatal Error] :1:1: Premature end of file.
2026-06-29 17:09:11,892 [ERROR] LogOutputStream:75 - [STDERR_REDIRECT] 
2026-06-29 17:09:12,920 [ERROR] LogOutputStream:75 - [STDERR_REDIRECT] [Fatal Error] :1:1: Premature end of file.
2026-06-29 17:09:12,920 [ERROR] LogOutputStream:75 - [STDERR_REDIRECT] 
2026-06-29 17:09:13,891 [ERROR] LogOutputStream:75 - [STDERR_REDIRECT] [Fatal Error] :1:1: Premature end of file.
2026-06-29 17:09:13,900 [ERROR] LogOutputStream:75 - [STDERR_REDIRECT] 
2026-06-29 17:09:14,905 [ERROR] LogOutputStream:75 - [STDERR_REDIRECT] [Fatal Error] :1:1: Premature end of file.
2026-06-29 17:09:14,905 [ERROR] LogOutputStream:75 - [STDERR_REDIRECT] 
2026-06-29 17:09:15,923 [ERROR] LogOutputStream:75 - [STDERR_REDIRECT] [Fatal Error] :1:1: Premature end of file.
2026-06-29 17:09:15,923 [ERROR] LogOutputStream:75 - [STDERR_REDIRECT] 
2026-06-29 17:09:16,910 [ERROR] LogOutputStream:75 - [STDERR_REDIRECT] [Fatal Error] :1:1: Premature end of file.
2026-06-29 17:09:16,910 [ERROR] LogOutputStream:75 - [STDERR_REDIRECT] 
2026-06-29 17:09:17,881 [ERROR] LogOutputStream:75 - [STDERR_REDIRECT] [Fatal Error] :1:1: Premature end of file.
2026-06-29 17:09:17,881 [ERROR] LogOutputStream:75 - [STDERR_REDIRECT] 
2026-06-29 17:09:18,918 [ERROR] LogOutputStream:75 - [STDERR_REDIRECT] [Fatal Error] :1:1: Premature end of file.
2026-06-29 17:09:18,919 [ERROR] LogOutputStream:75 - [STDERR_REDIRECT] 
2026-06-29 17:09:19,966 [ERROR] LogOutputStream:75 - [STDERR_REDIRECT] [Fatal Error] :1:1: Premature end of file.
2026-06-29 17:09:19,968 [ERROR] LogOutputStream:75 - [STDERR_REDIRECT] 
2026-06-29 17:09:20,916 [ERROR] LogOutputStream:75 - [STDERR_REDIRECT] [Fatal Error] :1:1: Premature end of file.
2026-06-29 17:09:20,918 [ERROR] LogOutputStream:75 - [STDERR_REDIRECT] 
2026-06-29 17:09:21,899 [ERROR] LogOutputStream:75 - [STDERR_REDIRECT] [Fatal Error] :1:1: Premature end of file.
2026-06-29 17:09:21,899 [ERROR] LogOutputStream:75 - [STDERR_REDIRECT] 
2026-06-29 17:09:22,974 [ERROR] LogOutputStream:75 - [STDERR_REDIRECT] [Fatal Error] :1:1: Premature end of file.
2026-06-29 17:09:22,974 [ERROR] LogOutputStream:75 - [STDERR_REDIRECT] 
2026-06-29 17:09:23,910 [ERROR] LogOutputStream:75 - [STDERR_REDIRECT] [Fatal Error] :1:1: Premature end of file.
2026-06-29 17:09:23,910 [ERROR] LogOutputStream:75 - [STDERR_REDIRECT] 
2026-06-29 17:09:24,906 [ERROR] LogOutputStream:75 - [STDERR_REDIRECT] [Fatal Error] :1:1: Premature end of file.
2026-06-29 17:09:24,906 [ERROR] LogOutputStream:75 - [STDERR_REDIRECT] 
2026-06-29 17:09:25,897 [ERROR] LogOutputStream:75 - [STDERR_REDIRECT] [Fatal Error] :1:1: Premature end of file.
2026-06-29 17:09:25,897 [ERROR] LogOutputStream:75 - [STDERR_REDIRECT] 
2026-06-29 17:09:26,917 [ERROR] LogOutputStream:75 - [STDERR_REDIRECT] [Fatal Error] :1:1: Premature end of file.
2026-06-29 17:09:26,917 [ERROR] LogOutputStream:75 - [STDERR_REDIRECT] 
2026-06-29 17:09:27,903 [ERROR] LogOutputStream:75 - [STDERR_REDIRECT] [Fatal Error] :1:1: Premature end of file.
2026-06-29 17:09:27,903 [ERROR] LogOutputStream:75 - [STDERR_REDIRECT] 
2026-06-29 17:09:28,897 [ERROR] LogOutputStream:75 - [STDERR_REDIRECT] [Fatal Error] :1:1: Premature end of file.
2026-06-29 17:09:28,897 [ERROR] LogOutputStream:75 - [STDERR_REDIRECT] 
2026-06-29 17:09:29,890 [ERROR] LogOutputStream:75 - [STDERR_REDIRECT] [Fatal Error] :1:1: Premature end of file.
2026-06-29 17:09:29,905 [ERROR] LogOutputStream:75 - [STDERR_REDIRECT] 
2026-06-29 17:09:30,955 [ERROR] LogOutputStream:75 - [STDERR_REDIRECT] [Fatal Error] :1:1: Premature end of file.
2026-06-29 17:09:30,955 [ERROR] LogOutputStream:75 - [STDERR_REDIRECT] 
2026-06-29 17:09:31,900 [ERROR] LogOutputStream:75 - [STDERR_REDIRECT] [Fatal Error] :1:1: Premature end of file.
2026-06-29 17:09:31,900 [ERROR] LogOutputStream:75 - [STDERR_REDIRECT] 
2026-06-29 17:09:32,908 [ERROR] LogOutputStream:75 - [STDERR_REDIRECT] [Fatal Error] :1:1: Premature end of file.
2026-06-29 17:09:32,908 [ERROR] LogOutputStream:75 - [STDERR_REDIRECT] 
2026-06-29 17:09:33,883 [ERROR] LogOutputStream:75 - [STDERR_REDIRECT] [Fatal Error] :1:1: Premature end of file.
2026-06-29 17:09:33,883 [ERROR] LogOutputStream:75 - [STDERR_REDIRECT] 
2026-06-29 17:09:34,889 [ERROR] LogOutputStream:75 - [STDERR_REDIRECT] [Fatal Error] :1:1: Premature end of file.
2026-06-29 17:09:34,890 [ERROR] LogOutputStream:75 - [STDERR_REDIRECT] 
2026-06-29 17:09:35,879 [ERROR] LogOutputStream:75 - [STDERR_REDIRECT] [Fatal Error] :1:1: Premature end of file.
2026-06-29 17:09:35,887 [ERROR] LogOutputStream:75 - [STDERR_REDIRECT] 
2026-06-29 17:09:36,919 [ERROR] LogOutputStream:75 - [STDERR_REDIRECT] [Fatal Error] :1:1: Premature end of file.
2026-06-29 17:09:36,920 [ERROR] LogOutputStream:75 - [STDERR_REDIRECT] 
2026-06-29 17:09:37,906 [ERROR] LogOutputStream:75 - [STDERR_REDIRECT] [Fatal Error] :1:1: Premature end of file.
2026-06-29 17:09:37,906 [ERROR] LogOutputStream:75 - [STDERR_REDIRECT] 
2026-06-29 17:09:38,865 [ERROR] LogOutputStream:75 - [STDERR_REDIRECT] [Fatal Error] :1:1: Premature end of file.
2026-06-29 17:09:38,865 [ERROR] LogOutputStream:75 - [STDERR_REDIRECT] 
2026-06-29 17:09:39,952 [ERROR] LogOutputStream:75 - [STDERR_REDIRECT] [Fatal Error] :1:1: Premature end of file.
2026-06-29 17:09:39,952 [ERROR] LogOutputStream:75 - [STDERR_REDIRECT] 
2026-06-29 17:09:40,887 [ERROR] LogOutputStream:75 - [STDERR_REDIRECT] [Fatal Error] :1:1: Premature end of file.
2026-06-29 17:09:40,887 [ERROR] LogOutputStream:75 - [STDERR_REDIRECT] 
2026-06-29 17:09:41,870 [ERROR] LogOutputStream:75 - [STDERR_REDIRECT] [Fatal Error] :1:1: Premature end of file.
2026-06-29 17:09:41,870 [ERROR] LogOutputStream:75 - [STDERR_REDIRECT] 
2026-06-29 17:09:42,933 [ERROR] LogOutputStream:75 - [STDERR_REDIRECT] [Fatal Error] :1:1: Premature end of file.
2026-06-29 17:09:42,933 [ERROR] LogOutputStream:75 - [STDERR_REDIRECT] 
2026-06-29 17:09:43,896 [ERROR] LogOutputStream:75 - [STDERR_REDIRECT] [Fatal Error] :1:1: Premature end of file.
2026-06-29 17:09:43,896 [ERROR] LogOutputStream:75 - [STDERR_REDIRECT] 
2026-06-29 17:09:44,882 [ERROR] LogOutputStream:75 - [STDERR_REDIRECT] [Fatal Error] :1:1: Premature end of file.
2026-06-29 17:09:44,882 [ERROR] LogOutputStream:75 - [STDERR_REDIRECT] 
2026-06-29 17:09:45,887 [ERROR] LogOutputStream:75 - [STDERR_REDIRECT] [Fatal Error] :1:1: Premature end of file.
2026-06-29 17:09:45,887 [ERROR] LogOutputStream:75 - [STDERR_REDIRECT] 
2026-06-29 17:09:46,892 [ERROR] LogOutputStream:75 - [STDERR_REDIRECT] [Fatal Error] :1:1: Premature end of file.
2026-06-29 17:09:46,892 [ERROR] LogOutputStream:75 - [STDERR_REDIRECT] 
2026-06-29 17:09:47,917 [ERROR] LogOutputStream:75 - [STDERR_REDIRECT] [Fatal Error] :1:1: Premature end of file.
2026-06-29 17:09:47,917 [ERROR] LogOutputStream:75 - [STDERR_REDIRECT] 
2026-06-29 17:09:48,904 [ERROR] LogOutputStream:75 - [STDERR_REDIRECT] [Fatal Error] :1:1: Premature end of file.
2026-06-29 17:09:48,904 [ERROR] LogOutputStream:75 - [STDERR_REDIRECT] 
2026-06-29 17:09:49,892 [ERROR] LogOutputStream:75 - [STDERR_REDIRECT] [Fatal Error] :1:1: Premature end of file.
2026-06-29 17:09:49,892 [ERROR] LogOutputStream:75 - [STDERR_REDIRECT] 
2026-06-29 17:09:50,887 [ERROR] LogOutputStream:75 - [STDERR_REDIRECT] [Fatal Error] :1:1: Premature end of file.
2026-06-29 17:09:50,890 [ERROR] LogOutputStream:75 - [STDERR_REDIRECT] 
2026-06-29 17:09:51,919 [ERROR] LogOutputStream:75 - [STDERR_REDIRECT] [Fatal Error] :1:1: Premature end of file.
2026-06-29 17:09:51,919 [ERROR] LogOutputStream:75 - [STDERR_REDIRECT] 
2026-06-29 17:09:52,908 [ERROR] LogOutputStream:75 - [STDERR_REDIRECT] [Fatal Error] :1:1: Premature end of file.
2026-06-29 17:09:52,908 [ERROR] LogOutputStream:75 - [STDERR_REDIRECT] 
2026-06-29 17:09:53,882 [ERROR] LogOutputStream:75 - [STDERR_REDIRECT] [Fatal Error] :1:1: Premature end of file.
2026-06-29 17:09:53,882 [ERROR] LogOutputStream:75 - [STDERR_REDIRECT] 
2026-06-29 17:09:54,913 [ERROR] LogOutputStream:75 - [STDERR_REDIRECT] [Fatal Error] :1:1: Premature end of file.
2026-06-29 17:09:54,913 [ERROR] LogOutputStream:75 - [STDERR_REDIRECT] 
2026-06-29 17:09:55,900 [ERROR] LogOutputStream:75 - [STDERR_REDIRECT] [Fatal Error] :1:1: Premature end of file.
2026-06-29 17:09:55,900 [ERROR] LogOutputStream:75 - [STDERR_REDIRECT] 
2026-06-29 17:09:56,908 [ERROR] LogOutputStream:75 - [STDERR_REDIRECT] [Fatal Error] :1:1: Premature end of file.
2026-06-29 17:09:56,908 [ERROR] LogOutputStream:75 - [STDERR_REDIRECT] 
2026-06-29 17:09:57,956 [ERROR] LogOutputStream:75 - [STDERR_REDIRECT] [Fatal Error] :1:1: Premature end of file.
2026-06-29 17:09:57,956 [ERROR] LogOutputStream:75 - [STDERR_REDIRECT] 
2026-06-29 17:09:58,888 [ERROR] LogOutputStream:75 - [STDERR_REDIRECT] [Fatal Error] :1:1: Premature end of file.
2026-06-29 17:09:58,888 [ERROR] LogOutputStream:75 - [STDERR_REDIRECT] 
2026-06-29 17:09:59,916 [ERROR] LogOutputStream:75 - [STDERR_REDIRECT] [Fatal Error] :1:1: Premature end of file.
2026-06-29 17:09:59,918 [ERROR] LogOutputStream:75 - [STDERR_REDIRECT] 
2026-06-29 17:10:00,887 [ERROR] LogOutputStream:75 - [STDERR_REDIRECT] [Fatal Error] :1:1: Premature end of file.
2026-06-29 17:10:00,887 [ERROR] LogOutputStream:75 - [STDERR_REDIRECT] 
2026-06-29 17:10:01,881 [ERROR] LogOutputStream:75 - [STDERR_REDIRECT] [Fatal Error] :1:1: Premature end of file.
2026-06-29 17:10:01,881 [ERROR] LogOutputStream:75 - [STDERR_REDIRECT] 
2026-06-29 17:10:02,883 [ERROR] LogOutputStream:75 - [STDERR_REDIRECT] [Fatal Error] :1:1: Premature end of file.
2026-06-29 17:10:02,885 [ERROR] LogOutputStream:75 - [STDERR_REDIRECT] 
2026-06-29 17:10:03,882 [ERROR] LogOutputStream:75 - [STDERR_REDIRECT] [Fatal Error] :1:1: Premature end of file.
2026-06-29 17:10:03,882 [ERROR] LogOutputStream:75 - [STDERR_REDIRECT] 
2026-06-29 17:10:04,880 [ERROR] LogOutputStream:75 - [STDERR_REDIRECT] [Fatal Error] :1:1: Premature end of file.
2026-06-29 17:10:04,880 [ERROR] LogOutputStream:75 - [STDERR_REDIRECT] 
2026-06-29 17:10:05,879 [ERROR] LogOutputStream:75 - [STDERR_REDIRECT] [Fatal Error] :1:1: Premature end of file.
2026-06-29 17:10:05,882 [ERROR] LogOutputStream:75 - [STDERR_REDIRECT] 
2026-06-29 17:10:06,902 [ERROR] LogOutputStream:75 - [STDERR_REDIRECT] [Fatal Error] :1:1: Premature end of file.
2026-06-29 17:10:06,902 [ERROR] LogOutputStream:75 - [STDERR_REDIRECT] 
2026-06-29 17:10:07,910 [ERROR] LogOutputStream:75 - [STDERR_REDIRECT] [Fatal Error] :1:1: Premature end of file.
2026-06-29 17:10:07,910 [ERROR] LogOutputStream:75 - [STDERR_REDIRECT] 
2026-06-29 17:10:08,925 [ERROR] LogOutputStream:75 - [STDERR_REDIRECT] [Fatal Error] :1:1: Premature end of file.
2026-06-29 17:10:08,925 [ERROR] LogOutputStream:75 - [STDERR_REDIRECT] 
2026-06-29 17:10:09,904 [ERROR] LogOutputStream:75 - [STDERR_REDIRECT] [Fatal Error] :1:1: Premature end of file.
2026-06-29 17:10:09,904 [ERROR] LogOutputStream:75 - [STDERR_REDIRECT] 
2026-06-29 17:10:10,896 [ERROR] LogOutputStream:75 - [STDERR_REDIRECT] [Fatal Error] :1:1: Premature end of file.
2026-06-29 17:10:10,896 [ERROR] LogOutputStream:75 - [STDERR_REDIRECT] 
2026-06-29 17:10:11,909 [ERROR] LogOutputStream:75 - [STDERR_REDIRECT] [Fatal Error] :1:1: Premature end of file.
2026-06-29 17:10:11,909 [ERROR] LogOutputStream:75 - [STDERR_REDIRECT] 
2026-06-29 17:10:12,944 [ERROR] LogOutputStream:75 - [STDERR_REDIRECT] [Fatal Error] :1:1: Premature end of file.
2026-06-29 17:10:12,944 [ERROR] LogOutputStream:75 - [STDERR_REDIRECT] 
2026-06-29 17:10:13,896 [ERROR] LogOutputStream:75 - [STDERR_REDIRECT] [Fatal Error] :1:1: Premature end of file.
2026-06-29 17:10:13,896 [ERROR] LogOutputStream:75 - [STDERR_REDIRECT] 
2026-06-29 17:10:14,889 [ERROR] LogOutputStream:75 - [STDERR_REDIRECT] [Fatal Error] :1:1: Premature end of file.
2026-06-29 17:10:14,889 [ERROR] LogOutputStream:75 - [STDERR_REDIRECT] 
2026-06-29 17:10:15,890 [ERROR] LogOutputStream:75 - [STDERR_REDIRECT] [Fatal Error] :1:1: Premature end of file.
2026-06-29 17:10:15,891 [ERROR] LogOutputStream:75 - [STDERR_REDIRECT] 
2026-06-29 17:10:16,877 [ERROR] LogOutputStream:75 - [STDERR_REDIRECT] [Fatal Error] :1:1: Premature end of file.
2026-06-29 17:10:16,877 [ERROR] LogOutputStream:75 - [STDERR_REDIRECT] 
2026-06-29 17:10:17,879 [ERROR] LogOutputStream:75 - [STDERR_REDIRECT] [Fatal Error] :1:1: Premature end of file.
2026-06-29 17:10:17,879 [ERROR] LogOutputStream:75 - [STDERR_REDIRECT] 
2026-06-29 17:10:18,872 [ERROR] LogOutputStream:75 - [STDERR_REDIRECT] [Fatal Error] :1:1: Premature end of file.
2026-06-29 17:10:18,872 [ERROR] LogOutputStream:75 - [STDERR_REDIRECT] 
2026-06-29 17:10:19,885 [ERROR] LogOutputStream:75 - [STDERR_REDIRECT] [Fatal Error] :1:1: Premature end of file.
2026-06-29 17:10:19,885 [ERROR] LogOutputStream:75 - [STDERR_REDIRECT] 
2026-06-29 17:10:20,880 [ERROR] LogOutputStream:75 - [STDERR_REDIRECT] [Fatal Error] :1:1: Premature end of file.
2026-06-29 17:10:20,882 [ERROR] LogOutputStream:75 - [STDERR_REDIRECT] 
2026-06-29 17:10:21,876 [ERROR] LogOutputStream:75 - [STDERR_REDIRECT] [Fatal Error] :1:1: Premature end of file.
2026-06-29 17:10:21,876 [ERROR] LogOutputStream:75 - [STDERR_REDIRECT] 
2026-06-29 17:10:22,882 [ERROR] LogOutputStream:75 - [STDERR_REDIRECT] [Fatal Error] :1:1: Premature end of file.
2026-06-29 17:10:22,882 [ERROR] LogOutputStream:75 - [STDERR_REDIRECT] 
2026-06-29 17:10:23,891 [ERROR] LogOutputStream:75 - [STDERR_REDIRECT] [Fatal Error] :1:1: Premature end of file.
2026-06-29 17:10:23,893 [ERROR] LogOutputStream:75 - [STDERR_REDIRECT] 
2026-06-29 17:10:24,885 [ERROR] LogOutputStream:75 - [STDERR_REDIRECT] [Fatal Error] :1:1: Premature end of file.
2026-06-29 17:10:24,885 [ERROR] LogOutputStream:75 - [STDERR_REDIRECT] 
2026-06-29 17:10:25,884 [ERROR] LogOutputStream:75 - [STDERR_REDIRECT] [Fatal Error] :1:1: Premature end of file.
2026-06-29 17:10:25,884 [ERROR] LogOutputStream:75 - [STDERR_REDIRECT] 
2026-06-29 17:10:26,888 [ERROR] LogOutputStream:75 - [STDERR_REDIRECT] [Fatal Error] :1:1: Premature end of file.
2026-06-29 17:10:26,888 [ERROR] LogOutputStream:75 - [STDERR_REDIRECT] 
2026-06-29 17:10:27,891 [ERROR] LogOutputStream:75 - [STDERR_REDIRECT] [Fatal Error] :1:1: Premature end of file.
2026-06-29 17:10:27,891 [ERROR] LogOutputStream:75 - [STDERR_REDIRECT] 
2026-06-29 17:10:28,884 [ERROR] LogOutputStream:75 - [STDERR_REDIRECT] [Fatal Error] :1:1: Premature end of file.
2026-06-29 17:10:28,884 [ERROR] LogOutputStream:75 - [STDERR_REDIRECT] 
2026-06-29 17:10:29,888 [ERROR] LogOutputStream:75 - [STDERR_REDIRECT] [Fatal Error] :1:1: Premature end of file.
2026-06-29 17:10:29,889 [ERROR] LogOutputStream:75 - [STDERR_REDIRECT] 
2026-06-29 17:10:30,909 [ERROR] LogOutputStream:75 - [STDERR_REDIRECT] [Fatal Error] :1:1: Premature end of file.
2026-06-29 17:10:30,909 [ERROR] LogOutputStream:75 - [STDERR_REDIRECT] 
2026-06-29 17:10:31,903 [ERROR] LogOutputStream:75 - [STDERR_REDIRECT] [Fatal Error] :1:1: Premature end of file.
2026-06-29 17:10:31,903 [ERROR] LogOutputStream:75 - [STDERR_REDIRECT] 
2026-06-29 17:10:32,892 [ERROR] LogOutputStream:75 - [STDERR_REDIRECT] [Fatal Error] :1:1: Premature end of file.
2026-06-29 17:10:32,892 [ERROR] LogOutputStream:75 - [STDERR_REDIRECT] 
2026-06-29 17:10:33,930 [ERROR] LogOutputStream:75 - [STDERR_REDIRECT] [Fatal Error] :1:1: Premature end of file.
2026-06-29 17:10:33,930 [ERROR] LogOutputStream:75 - [STDERR_REDIRECT] 
2026-06-29 17:10:34,947 [ERROR] LogOutputStream:75 - [STDERR_REDIRECT] [Fatal Error] :1:1: Premature end of file.
2026-06-29 17:10:34,947 [ERROR] LogOutputStream:75 - [STDERR_REDIRECT] 
2026-06-29 17:10:35,896 [ERROR] LogOutputStream:75 - [STDERR_REDIRECT] [Fatal Error] :1:1: Premature end of file.
2026-06-29 17:10:35,896 [ERROR] LogOutputStream:75 - [STDERR_REDIRECT] 
2026-06-29 17:10:36,889 [ERROR] LogOutputStream:75 - [STDERR_REDIRECT] [Fatal Error] :1:1: Premature end of file.
2026-06-29 17:10:36,889 [ERROR] LogOutputStream:75 - [STDERR_REDIRECT] 
2026-06-29 17:10:37,903 [ERROR] LogOutputStream:75 - [STDERR_REDIRECT] [Fatal Error] :1:1: Premature end of file.
2026-06-29 17:10:37,905 [ERROR] LogOutputStream:75 - [STDERR_REDIRECT] 
2026-06-29 17:10:38,891 [ERROR] LogOutputStream:75 - [STDERR_REDIRECT] [Fatal Error] :1:1: Premature end of file.
2026-06-29 17:10:38,891 [ERROR] LogOutputStream:75 - [STDERR_REDIRECT] 
2026-06-29 17:10:39,885 [ERROR] LogOutputStream:75 - [STDERR_REDIRECT] [Fatal Error] :1:1: Premature end of file.
2026-06-29 17:10:39,885 [ERROR] LogOutputStream:75 - [STDERR_REDIRECT] 
2026-06-29 17:10:40,897 [ERROR] LogOutputStream:75 - [STDERR_REDIRECT] [Fatal Error] :1:1: Premature end of file.
2026-06-29 17:10:40,897 [ERROR] LogOutputStream:75 - [STDERR_REDIRECT] 
2026-06-29 17:10:41,899 [ERROR] LogOutputStream:75 - [STDERR_REDIRECT] [Fatal Error] :1:1: Premature end of file.
2026-06-29 17:10:41,899 [ERROR] LogOutputStream:75 - [STDERR_REDIRECT] 
2026-06-29 17:10:42,893 [ERROR] LogOutputStream:75 - [STDERR_REDIRECT] [Fatal Error] :1:1: Premature end of file.
2026-06-29 17:10:42,895 [ERROR] LogOutputStream:75 - [STDERR_REDIRECT] 
2026-06-29 17:10:43,901 [ERROR] LogOutputStream:75 - [STDERR_REDIRECT] [Fatal Error] :1:1: Premature end of file.
2026-06-29 17:10:43,901 [ERROR] LogOutputStream:75 - [STDERR_REDIRECT] 
2026-06-29 17:10:44,885 [ERROR] LogOutputStream:75 - [STDERR_REDIRECT] [Fatal Error] :1:1: Premature end of file.
2026-06-29 17:10:44,885 [ERROR] LogOutputStream:75 - [STDERR_REDIRECT] 
2026-06-29 17:10:45,923 [ERROR] LogOutputStream:75 - [STDERR_REDIRECT] [Fatal Error] :1:1: Premature end of file.
2026-06-29 17:10:45,928 [ERROR] LogOutputStream:75 - [STDERR_REDIRECT] 
2026-06-29 17:10:46,924 [ERROR] LogOutputStream:75 - [STDERR_REDIRECT] [Fatal Error] :1:1: Premature end of file.
2026-06-29 17:10:46,924 [ERROR] LogOutputStream:75 - [STDERR_REDIRECT] 
2026-06-29 17:10:47,847 [ERROR] LogOutputStream:75 - [STDERR_REDIRECT] [Fatal Error] :1:1: Premature end of file.
2026-06-29 17:10:47,847 [ERROR] LogOutputStream:75 - [STDERR_REDIRECT] 
2026-06-29 17:10:48,924 [ERROR] LogOutputStream:75 - [STDERR_REDIRECT] [Fatal Error] :1:1: Premature end of file.
2026-06-29 17:10:48,924 [ERROR] LogOutputStream:75 - [STDERR_REDIRECT] 
2026-06-29 17:10:49,892 [ERROR] LogOutputStream:75 - [STDERR_REDIRECT] [Fatal Error] :1:1: Premature end of file.
2026-06-29 17:10:49,893 [ERROR] LogOutputStream:75 - [STDERR_REDIRECT] 
2026-06-29 17:10:50,902 [ERROR] LogOutputStream:75 - [STDERR_REDIRECT] [Fatal Error] :1:1: Premature end of file.
2026-06-29 17:10:50,905 [ERROR] LogOutputStream:75 - [STDERR_REDIRECT] 
2026-06-29 17:10:51,919 [ERROR] LogOutputStream:75 - [STDERR_REDIRECT] [Fatal Error] :1:1: Premature end of file.
2026-06-29 17:10:51,919 [ERROR] LogOutputStream:75 - [STDERR_REDIRECT] 
2026-06-29 17:10:52,934 [ERROR] LogOutputStream:75 - [STDERR_REDIRECT] [Fatal Error] :1:1: Premature end of file.
2026-06-29 17:10:52,934 [ERROR] LogOutputStream:75 - [STDERR_REDIRECT] 
2026-06-29 17:10:53,893 [ERROR] LogOutputStream:75 - [STDERR_REDIRECT] [Fatal Error] :1:1: Premature end of file.
2026-06-29 17:10:53,893 [ERROR] LogOutputStream:75 - [STDERR_REDIRECT] 
2026-06-29 17:10:54,934 [ERROR] LogOutputStream:75 - [STDERR_REDIRECT] [Fatal Error] :1:1: Premature end of file.
2026-06-29 17:10:54,934 [ERROR] LogOutputStream:75 - [STDERR_REDIRECT] 
2026-06-29 17:10:55,913 [ERROR] LogOutputStream:75 - [STDERR_REDIRECT] [Fatal Error] :1:1: Premature end of file.
2026-06-29 17:10:55,916 [ERROR] LogOutputStream:75 - [STDERR_REDIRECT] 
2026-06-29 17:10:56,895 [ERROR] LogOutputStream:75 - [STDERR_REDIRECT] [Fatal Error] :1:1: Premature end of file.
2026-06-29 17:10:56,897 [ERROR] LogOutputStream:75 - [STDERR_REDIRECT] 
2026-06-29 17:10:57,901 [ERROR] LogOutputStream:75 - [STDERR_REDIRECT] [Fatal Error] :1:1: Premature end of file.
2026-06-29 17:10:57,901 [ERROR] LogOutputStream:75 - [STDERR_REDIRECT] 
2026-06-29 17:10:58,884 [ERROR] LogOutputStream:75 - [STDERR_REDIRECT] [Fatal Error] :1:1: Premature end of file.
2026-06-29 17:10:58,884 [ERROR] LogOutputStream:75 - [STDERR_REDIRECT] 
2026-06-29 17:10:59,872 [ERROR] LogOutputStream:75 - [STDERR_REDIRECT] [Fatal Error] :1:1: Premature end of file.
2026-06-29 17:10:59,874 [ERROR] LogOutputStream:75 - [STDERR_REDIRECT] 
2026-06-29 17:11:00,918 [ERROR] LogOutputStream:75 - [STDERR_REDIRECT] [Fatal Error] :1:1: Premature end of file.
2026-06-29 17:11:00,918 [ERROR] LogOutputStream:75 - [STDERR_REDIRECT] 
2026-06-29 17:11:01,906 [ERROR] LogOutputStream:75 - [STDERR_REDIRECT] [Fatal Error] :1:1: Premature end of file.
2026-06-29 17:11:01,906 [ERROR] LogOutputStream:75 - [STDERR_REDIRECT] 
2026-06-29 17:11:02,946 [ERROR] LogOutputStream:75 - [STDERR_REDIRECT] [Fatal Error] :1:1: Premature end of file.
2026-06-29 17:11:02,946 [ERROR] LogOutputStream:75 - [STDERR_REDIRECT] 
2026-06-29 17:11:03,886 [ERROR] LogOutputStream:75 - [STDERR_REDIRECT] [Fatal Error] :1:1: Premature end of file.
2026-06-29 17:11:03,887 [ERROR] LogOutputStream:75 - [STDERR_REDIRECT] 
2026-06-29 17:11:04,897 [ERROR] LogOutputStream:75 - [STDERR_REDIRECT] [Fatal Error] :1:1: Premature end of file.
2026-06-29 17:11:04,897 [ERROR] LogOutputStream:75 - [STDERR_REDIRECT] 
2026-06-29 17:11:05,893 [ERROR] LogOutputStream:75 - [STDERR_REDIRECT] [Fatal Error] :1:1: Premature end of file.
2026-06-29 17:11:05,893 [ERROR] LogOutputStream:75 - [STDERR_REDIRECT] 
2026-06-29 17:11:06,961 [ERROR] LogOutputStream:75 - [STDERR_REDIRECT] [Fatal Error] :1:1: Premature end of file.
2026-06-29 17:11:06,962 [ERROR] LogOutputStream:75 - [STDERR_REDIRECT] 
2026-06-29 17:11:07,921 [ERROR] LogOutputStream:75 - [STDERR_REDIRECT] [Fatal Error] :1:1: Premature end of file.
2026-06-29 17:11:07,921 [ERROR] LogOutputStream:75 - [STDERR_REDIRECT] 
2026-06-29 17:11:08,892 [ERROR] LogOutputStream:75 - [STDERR_REDIRECT] [Fatal Error] :1:1: Premature end of file.
2026-06-29 17:11:08,892 [ERROR] LogOutputStream:75 - [STDERR_REDIRECT] 
2026-06-29 17:11:09,950 [ERROR] LogOutputStream:75 - [STDERR_REDIRECT] [Fatal Error] :1:1: Premature end of file.
2026-06-29 17:11:09,950 [ERROR] LogOutputStream:75 - [STDERR_REDIRECT] 
2026-06-29 17:11:10,927 [ERROR] LogOutputStream:75 - [STDERR_REDIRECT] [Fatal Error] :1:1: Premature end of file.
2026-06-29 17:11:10,927 [ERROR] LogOutputStream:75 - [STDERR_REDIRECT] 
2026-06-29 17:11:11,972 [ERROR] LogOutputStream:75 - [STDERR_REDIRECT] [Fatal Error] :1:1: Premature end of file.
2026-06-29 17:11:11,972 [ERROR] LogOutputStream:75 - [STDERR_REDIRECT] 
2026-06-29 17:11:12,984 [ERROR] LogOutputStream:75 - [STDERR_REDIRECT] [Fatal Error] :1:1: Premature end of file.
2026-06-29 17:11:12,984 [ERROR] LogOutputStream:75 - [STDERR_REDIRECT] 
2026-06-29 17:11:13,945 [ERROR] LogOutputStream:75 - [STDERR_REDIRECT] [Fatal Error] :1:1: Premature end of file.
2026-06-29 17:11:13,954 [ERROR] LogOutputStream:75 - [STDERR_REDIRECT] 
2026-06-29 17:11:14,922 [ERROR] LogOutputStream:75 - [STDERR_REDIRECT] [Fatal Error] :1:1: Premature end of file.
2026-06-29 17:11:14,922 [ERROR] LogOutputStream:75 - [STDERR_REDIRECT] 
2026-06-29 17:11:15,959 [ERROR] LogOutputStream:75 - [STDERR_REDIRECT] [Fatal Error] :1:1: Premature end of file.
2026-06-29 17:11:15,959 [ERROR] LogOutputStream:75 - [STDERR_REDIRECT] 
2026-06-29 17:11:16,941 [ERROR] LogOutputStream:75 - [STDERR_REDIRECT] [Fatal Error] :1:1: Premature end of file.
2026-06-29 17:11:16,941 [ERROR] LogOutputStream:75 - [STDERR_REDIRECT] 
2026-06-29 17:11:17,896 [ERROR] LogOutputStream:75 - [STDERR_REDIRECT] [Fatal Error] :1:1: Premature end of file.
2026-06-29 17:11:17,896 [ERROR] LogOutputStream:75 - [STDERR_REDIRECT] 
2026-06-29 17:11:18,890 [ERROR] LogOutputStream:75 - [STDERR_REDIRECT] [Fatal Error] :1:1: Premature end of file.
2026-06-29 17:11:18,890 [ERROR] LogOutputStream:75 - [STDERR_REDIRECT] 
2026-06-29 17:11:19,940 [ERROR] LogOutputStream:75 - [STDERR_REDIRECT] [Fatal Error] :1:1: Premature end of file.
2026-06-29 17:11:19,940 [ERROR] LogOutputStream:75 - [STDERR_REDIRECT] 
2026-06-29 17:11:20,984 [ERROR] LogOutputStream:75 - [STDERR_REDIRECT] [Fatal Error] :1:1: Premature end of file.
2026-06-29 17:11:20,987 [ERROR] LogOutputStream:75 - [STDERR_REDIRECT] 
2026-06-29 17:11:21,911 [ERROR] LogOutputStream:75 - [STDERR_REDIRECT] [Fatal Error] :1:1: Premature end of file.
2026-06-29 17:11:21,911 [ERROR] LogOutputStream:75 - [STDERR_REDIRECT] 
2026-06-29 17:11:22,910 [ERROR] LogOutputStream:75 - [STDERR_REDIRECT] [Fatal Error] :1:1: Premature end of file.
2026-06-29 17:11:22,910 [ERROR] LogOutputStream:75 - [STDERR_REDIRECT] 
2026-06-29 17:11:23,886 [ERROR] LogOutputStream:75 - [STDERR_REDIRECT] [Fatal Error] :1:1: Premature end of file.
2026-06-29 17:11:23,886 [ERROR] LogOutputStream:75 - [STDERR_REDIRECT] 
2026-06-29 17:11:24,899 [ERROR] LogOutputStream:75 - [STDERR_REDIRECT] [Fatal Error] :1:1: Premature end of file.
2026-06-29 17:11:24,899 [ERROR] LogOutputStream:75 - [STDERR_REDIRECT] 
2026-06-29 17:11:25,945 [ERROR] LogOutputStream:75 - [STDERR_REDIRECT] [Fatal Error] :1:1: Premature end of file.
2026-06-29 17:11:25,945 [ERROR] LogOutputStream:75 - [STDERR_REDIRECT] 
2026-06-29 17:11:26,948 [ERROR] LogOutputStream:75 - [STDERR_REDIRECT] [Fatal Error] :1:1: Premature end of file.
2026-06-29 17:11:26,948 [ERROR] LogOutputStream:75 - [STDERR_REDIRECT] 
2026-06-29 17:11:27,883 [ERROR] LogOutputStream:75 - [STDERR_REDIRECT] [Fatal Error] :1:1: Premature end of file.
2026-06-29 17:11:27,885 [ERROR] LogOutputStream:75 - [STDERR_REDIRECT] 
2026-06-29 17:11:28,955 [ERROR] LogOutputStream:75 - [STDERR_REDIRECT] [Fatal Error] :1:1: Premature end of file.
2026-06-29 17:11:28,957 [ERROR] LogOutputStream:75 - [STDERR_REDIRECT] 
2026-06-29 17:11:29,894 [ERROR] LogOutputStream:75 - [STDERR_REDIRECT] [Fatal Error] :1:1: Premature end of file.
2026-06-29 17:11:29,894 [ERROR] LogOutputStream:75 - [STDERR_REDIRECT] 
2026-06-29 17:11:30,974 [ERROR] LogOutputStream:75 - [STDERR_REDIRECT] [Fatal Error] :1:1: Premature end of file.
2026-06-29 17:11:30,974 [ERROR] LogOutputStream:75 - [STDERR_REDIRECT] 
2026-06-29 17:11:31,881 [ERROR] LogOutputStream:75 - [STDERR_REDIRECT] [Fatal Error] :1:1: Premature end of file.
2026-06-29 17:11:31,881 [ERROR] LogOutputStream:75 - [STDERR_REDIRECT] 
2026-06-29 17:11:32,961 [ERROR] LogOutputStream:75 - [STDERR_REDIRECT] [Fatal Error] :1:1: Premature end of file.
2026-06-29 17:11:32,961 [ERROR] LogOutputStream:75 - [STDERR_REDIRECT] 
2026-06-29 17:11:34,045 [ERROR] LogOutputStream:75 - [STDERR_REDIRECT] [Fatal Error] :1:1: Premature end of file.
2026-06-29 17:11:34,045 [ERROR] LogOutputStream:75 - [STDERR_REDIRECT] 
2026-06-29 17:11:34,953 [ERROR] LogOutputStream:75 - [STDERR_REDIRECT] [Fatal Error] :1:1: Premature end of file.
2026-06-29 17:11:34,953 [ERROR] LogOutputStream:75 - [STDERR_REDIRECT] 
2026-06-29 17:11:35,887 [ERROR] LogOutputStream:75 - [STDERR_REDIRECT] [Fatal Error] :1:1: Premature end of file.
2026-06-29 17:11:35,887 [ERROR] LogOutputStream:75 - [STDERR_REDIRECT] 
2026-06-29 17:11:36,913 [ERROR] LogOutputStream:75 - [STDERR_REDIRECT] [Fatal Error] :1:1: Premature end of file.
2026-06-29 17:11:36,913 [ERROR] LogOutputStream:75 - [STDERR_REDIRECT] 
2026-06-29 17:11:37,904 [ERROR] LogOutputStream:75 - [STDERR_REDIRECT] [Fatal Error] :1:1: Premature end of file.
2026-06-29 17:11:37,904 [ERROR] LogOutputStream:75 - [STDERR_REDIRECT] 
2026-06-29 17:11:38,894 [ERROR] LogOutputStream:75 - [STDERR_REDIRECT] [Fatal Error] :1:1: Premature end of file.
2026-06-29 17:11:38,894 [ERROR] LogOutputStream:75 - [STDERR_REDIRECT] 
2026-06-29 17:11:39,887 [ERROR] LogOutputStream:75 - [STDERR_REDIRECT] [Fatal Error] :1:1: Premature end of file.
2026-06-29 17:11:39,887 [ERROR] LogOutputStream:75 - [STDERR_REDIRECT] 
2026-06-29 17:11:40,892 [ERROR] LogOutputStream:75 - [STDERR_REDIRECT] [Fatal Error] :1:1: Premature end of file.
2026-06-29 17:11:40,892 [ERROR] LogOutputStream:75 - [STDERR_REDIRECT] 
2026-06-29 17:11:41,985 [ERROR] LogOutputStream:75 - [STDERR_REDIRECT] [Fatal Error] :1:1: Premature end of file.
2026-06-29 17:11:41,986 [ERROR] LogOutputStream:75 - [STDERR_REDIRECT] 
2026-06-29 17:11:42,933 [ERROR] LogOutputStream:75 - [STDERR_REDIRECT] [Fatal Error] :1:1: Premature end of file.
2026-06-29 17:11:42,933 [ERROR] LogOutputStream:75 - [STDERR_REDIRECT] 
2026-06-29 17:11:43,894 [ERROR] LogOutputStream:75 - [STDERR_REDIRECT] [Fatal Error] :1:1: Premature end of file.
2026-06-29 17:11:43,894 [ERROR] LogOutputStream:75 - [STDERR_REDIRECT] 
2026-06-29 17:11:44,903 [ERROR] LogOutputStream:75 - [STDERR_REDIRECT] [Fatal Error] :1:1: Premature end of file.
2026-06-29 17:11:44,903 [ERROR] LogOutputStream:75 - [STDERR_REDIRECT] 
2026-06-29 17:11:45,896 [ERROR] LogOutputStream:75 - [STDERR_REDIRECT] [Fatal Error] :1:1: Premature end of file.
2026-06-29 17:11:45,898 [ERROR] LogOutputStream:75 - [STDERR_REDIRECT] 
2026-06-29 17:11:46,874 [ERROR] LogOutputStream:75 - [STDERR_REDIRECT] [Fatal Error] :1:1: Premature end of file.
2026-06-29 17:11:46,874 [ERROR] LogOutputStream:75 - [STDERR_REDIRECT] 
2026-06-29 17:11:47,922 [ERROR] LogOutputStream:75 - [STDERR_REDIRECT] [Fatal Error] :1:1: Premature end of file.
2026-06-29 17:11:47,922 [ERROR] LogOutputStream:75 - [STDERR_REDIRECT] 
2026-06-29 17:11:48,933 [ERROR] LogOutputStream:75 - [STDERR_REDIRECT] [Fatal Error] :1:1: Premature end of file.
2026-06-29 17:11:48,933 [ERROR] LogOutputStream:75 - [STDERR_REDIRECT] 
2026-06-29 17:11:49,947 [ERROR] LogOutputStream:75 - [STDERR_REDIRECT] [Fatal Error] :1:1: Premature end of file.
2026-06-29 17:11:49,947 [ERROR] LogOutputStream:75 - [STDERR_REDIRECT] 
2026-06-29 17:11:50,934 [ERROR] LogOutputStream:75 - [STDERR_REDIRECT] [Fatal Error] :1:1: Premature end of file.
2026-06-29 17:11:50,936 [ERROR] LogOutputStream:75 - [STDERR_REDIRECT] 
2026-06-29 17:11:51,965 [ERROR] LogOutputStream:75 - [STDERR_REDIRECT] [Fatal Error] :1:1: Premature end of file.
2026-06-29 17:11:51,965 [ERROR] LogOutputStream:75 - [STDERR_REDIRECT] 
2026-06-29 17:11:52,890 [ERROR] LogOutputStream:75 - [STDERR_REDIRECT] [Fatal Error] :1:1: Premature end of file.
2026-06-29 17:11:52,893 [ERROR] LogOutputStream:75 - [STDERR_REDIRECT] 
2026-06-29 17:11:53,849 [ERROR] LogOutputStream:75 - [STDERR_REDIRECT] [Fatal Error] :1:1: Premature end of file.
2026-06-29 17:11:53,849 [ERROR] LogOutputStream:75 - [STDERR_REDIRECT] 
2026-06-29 17:11:54,884 [ERROR] LogOutputStream:75 - [STDERR_REDIRECT] [Fatal Error] :1:1: Premature end of file.
2026-06-29 17:11:54,885 [ERROR] LogOutputStream:75 - [STDERR_REDIRECT] 
2026-06-29 17:11:55,875 [ERROR] LogOutputStream:75 - [STDERR_REDIRECT] [Fatal Error] :1:1: Premature end of file.
2026-06-29 17:11:55,875 [ERROR] LogOutputStream:75 - [STDERR_REDIRECT] 
2026-06-29 17:11:56,854 [ERROR] LogOutputStream:75 - [STDERR_REDIRECT] [Fatal Error] :1:1: Premature end of file.
2026-06-29 17:11:56,854 [ERROR] LogOutputStream:75 - [STDERR_REDIRECT] 
2026-06-29 17:11:57,889 [ERROR] LogOutputStream:75 - [STDERR_REDIRECT] [Fatal Error] :1:1: Premature end of file.
2026-06-29 17:11:57,891 [ERROR] LogOutputStream:75 - [STDERR_REDIRECT] 
2026-06-29 17:11:58,847 [ERROR] LogOutputStream:75 - [STDERR_REDIRECT] [Fatal Error] :1:1: Premature end of file.
2026-06-29 17:11:58,847 [ERROR] LogOutputStream:75 - [STDERR_REDIRECT] 
2026-06-29 17:11:59,953 [ERROR] LogOutputStream:75 - [STDERR_REDIRECT] [Fatal Error] :1:1: Premature end of file.
2026-06-29 17:11:59,953 [ERROR] LogOutputStream:75 - [STDERR_REDIRECT] 
2026-06-29 17:12:00,919 [ERROR] LogOutputStream:75 - [STDERR_REDIRECT] [Fatal Error] :1:1: Premature end of file.
2026-06-29 17:12:00,921 [ERROR] LogOutputStream:75 - [STDERR_REDIRECT] 
2026-06-29 17:12:01,892 [ERROR] LogOutputStream:75 - [STDERR_REDIRECT] [Fatal Error] :1:1: Premature end of file.
2026-06-29 17:12:01,892 [ERROR] LogOutputStream:75 - [STDERR_REDIRECT] 
2026-06-29 17:12:02,919 [ERROR] LogOutputStream:75 - [STDERR_REDIRECT] [Fatal Error] :1:1: Premature end of file.
2026-06-29 17:12:02,919 [ERROR] LogOutputStream:75 - [STDERR_REDIRECT] 
2026-06-29 17:12:03,975 [ERROR] LogOutputStream:75 - [STDERR_REDIRECT] [Fatal Error] :1:1: Premature end of file.
2026-06-29 17:12:03,975 [ERROR] LogOutputStream:75 - [STDERR_REDIRECT] 
2026-06-29 17:12:04,983 [ERROR] LogOutputStream:75 - [STDERR_REDIRECT] [Fatal Error] :1:1: Premature end of file.
2026-06-29 17:12:04,985 [ERROR] LogOutputStream:75 - [STDERR_REDIRECT] 
2026-06-29 17:12:05,937 [ERROR] LogOutputStream:75 - [STDERR_REDIRECT] [Fatal Error] :1:1: Premature end of file.
2026-06-29 17:12:05,937 [ERROR] LogOutputStream:75 - [STDERR_REDIRECT] 
2026-06-29 17:12:06,953 [ERROR] LogOutputStream:75 - [STDERR_REDIRECT] [Fatal Error] :1:1: Premature end of file.
2026-06-29 17:12:06,953 [ERROR] LogOutputStream:75 - [STDERR_REDIRECT] 
2026-06-29 17:12:07,884 [ERROR] LogOutputStream:75 - [STDERR_REDIRECT] [Fatal Error] :1:1: Premature end of file.
2026-06-29 17:12:07,886 [ERROR] LogOutputStream:75 - [STDERR_REDIRECT] 
2026-06-29 17:12:08,911 [ERROR] LogOutputStream:75 - [STDERR_REDIRECT] [Fatal Error] :1:1: Premature end of file.
2026-06-29 17:12:08,911 [ERROR] LogOutputStream:75 - [STDERR_REDIRECT] 
2026-06-29 17:12:09,960 [ERROR] LogOutputStream:75 - [STDERR_REDIRECT] [Fatal Error] :1:1: Premature end of file.
2026-06-29 17:12:09,962 [ERROR] LogOutputStream:75 - [STDERR_REDIRECT] 
2026-06-29 17:12:10,986 [ERROR] LogOutputStream:75 - [STDERR_REDIRECT] [Fatal Error] :1:1: Premature end of file.
2026-06-29 17:12:10,986 [ERROR] LogOutputStream:75 - [STDERR_REDIRECT] 
2026-06-29 17:12:11,960 [ERROR] LogOutputStream:75 - [STDERR_REDIRECT] [Fatal Error] :1:1: Premature end of file.
2026-06-29 17:12:11,962 [ERROR] LogOutputStream:75 - [STDERR_REDIRECT] 
2026-06-29 17:12:12,983 [ERROR] LogOutputStream:75 - [STDERR_REDIRECT] [Fatal Error] :1:1: Premature end of file.
2026-06-29 17:12:12,983 [ERROR] LogOutputStream:75 - [STDERR_REDIRECT] 
2026-06-29 17:12:13,915 [ERROR] LogOutputStream:75 - [STDERR_REDIRECT] [Fatal Error] :1:1: Premature end of file.
2026-06-29 17:12:13,915 [ERROR] LogOutputStream:75 - [STDERR_REDIRECT] 
2026-06-29 17:12:14,876 [ERROR] LogOutputStream:75 - [STDERR_REDIRECT] [Fatal Error] :1:1: Premature end of file.
2026-06-29 17:12:14,876 [ERROR] LogOutputStream:75 - [STDERR_REDIRECT] 
2026-06-29 17:12:15,871 [ERROR] LogOutputStream:75 - [STDERR_REDIRECT] [Fatal Error] :1:1: Premature end of file.
2026-06-29 17:12:15,871 [ERROR] LogOutputStream:75 - [STDERR_REDIRECT] 
2026-06-29 17:12:16,888 [ERROR] LogOutputStream:75 - [STDERR_REDIRECT] [Fatal Error] :1:1: Premature end of file.
2026-06-29 17:12:16,888 [ERROR] LogOutputStream:75 - [STDERR_REDIRECT] 
2026-06-29 17:12:17,883 [ERROR] LogOutputStream:75 - [STDERR_REDIRECT] [Fatal Error] :1:1: Premature end of file.
2026-06-29 17:12:17,883 [ERROR] LogOutputStream:75 - [STDERR_REDIRECT] 
2026-06-29 17:12:18,931 [ERROR] LogOutputStream:75 - [STDERR_REDIRECT] [Fatal Error] :1:1: Premature end of file.
2026-06-29 17:12:18,931 [ERROR] LogOutputStream:75 - [STDERR_REDIRECT] 
2026-06-29 17:12:19,891 [ERROR] LogOutputStream:75 - [STDERR_REDIRECT] [Fatal Error] :1:1: Premature end of file.
2026-06-29 17:12:19,891 [ERROR] LogOutputStream:75 - [STDERR_REDIRECT] 
2026-06-29 17:12:20,880 [ERROR] LogOutputStream:75 - [STDERR_REDIRECT] [Fatal Error] :1:1: Premature end of file.
2026-06-29 17:12:20,892 [ERROR] LogOutputStream:75 - [STDERR_REDIRECT] 
2026-06-29 17:12:21,855 [ERROR] LogOutputStream:75 - [STDERR_REDIRECT] [Fatal Error] :1:1: Premature end of file.
2026-06-29 17:12:21,855 [ERROR] LogOutputStream:75 - [STDERR_REDIRECT] 
2026-06-29 17:12:22,853 [ERROR] LogOutputStream:75 - [STDERR_REDIRECT] [Fatal Error] :1:1: Premature end of file.
2026-06-29 17:12:22,853 [ERROR] LogOutputStream:75 - [STDERR_REDIRECT] 
2026-06-29 17:12:23,890 [ERROR] LogOutputStream:75 - [STDERR_REDIRECT] [Fatal Error] :1:1: Premature end of file.
2026-06-29 17:12:23,890 [ERROR] LogOutputStream:75 - [STDERR_REDIRECT] 
2026-06-29 17:12:24,926 [ERROR] LogOutputStream:75 - [STDERR_REDIRECT] [Fatal Error] :1:1: Premature end of file.
2026-06-29 17:12:24,927 [ERROR] LogOutputStream:75 - [STDERR_REDIRECT] 
2026-06-29 17:12:25,917 [ERROR] LogOutputStream:75 - [STDERR_REDIRECT] [Fatal Error] :1:1: Premature end of file.
2026-06-29 17:12:25,917 [ERROR] LogOutputStream:75 - [STDERR_REDIRECT] 
2026-06-29 17:12:26,911 [ERROR] LogOutputStream:75 - [STDERR_REDIRECT] [Fatal Error] :1:1: Premature end of file.
2026-06-29 17:12:26,911 [ERROR] LogOutputStream:75 - [STDERR_REDIRECT] 
2026-06-29 17:12:27,869 [ERROR] LogOutputStream:75 - [STDERR_REDIRECT] [Fatal Error] :1:1: Premature end of file.
2026-06-29 17:12:27,869 [ERROR] LogOutputStream:75 - [STDERR_REDIRECT] 
2026-06-29 17:12:28,893 [ERROR] LogOutputStream:75 - [STDERR_REDIRECT] [Fatal Error] :1:1: Premature end of file.
2026-06-29 17:12:28,894 [ERROR] LogOutputStream:75 - [STDERR_REDIRECT] 
2026-06-29 17:12:29,892 [ERROR] LogOutputStream:75 - [STDERR_REDIRECT] [Fatal Error] :1:1: Premature end of file.
2026-06-29 17:12:29,908 [ERROR] LogOutputStream:75 - [STDERR_REDIRECT] 
2026-06-29 17:12:30,897 [ERROR] LogOutputStream:75 - [STDERR_REDIRECT] [Fatal Error] :1:1: Premature end of file.
2026-06-29 17:12:30,897 [ERROR] LogOutputStream:75 - [STDERR_REDIRECT] 
2026-06-29 17:12:31,876 [ERROR] LogOutputStream:75 - [STDERR_REDIRECT] [Fatal Error] :1:1: Premature end of file.
2026-06-29 17:12:31,876 [ERROR] LogOutputStream:75 - [STDERR_REDIRECT] 
2026-06-29 17:12:32,880 [ERROR] LogOutputStream:75 - [STDERR_REDIRECT] [Fatal Error] :1:1: Premature end of file.
2026-06-29 17:12:32,880 [ERROR] LogOutputStream:75 - [STDERR_REDIRECT] 
2026-06-29 17:12:33,898 [ERROR] LogOutputStream:75 - [STDERR_REDIRECT] [Fatal Error] :1:1: Premature end of file.
2026-06-29 17:12:33,898 [ERROR] LogOutputStream:75 - [STDERR_REDIRECT] 
2026-06-29 17:12:34,873 [ERROR] LogOutputStream:75 - [STDERR_REDIRECT] [Fatal Error] :1:1: Premature end of file.
2026-06-29 17:12:34,873 [ERROR] LogOutputStream:75 - [STDERR_REDIRECT] 
2026-06-29 17:12:35,926 [ERROR] LogOutputStream:75 - [STDERR_REDIRECT] [Fatal Error] :1:1: Premature end of file.
2026-06-29 17:12:35,928 [ERROR] LogOutputStream:75 - [STDERR_REDIRECT] 
2026-06-29 17:12:36,938 [ERROR] LogOutputStream:75 - [STDERR_REDIRECT] [Fatal Error] :1:1: Premature end of file.
2026-06-29 17:12:36,938 [ERROR] LogOutputStream:75 - [STDERR_REDIRECT] 
2026-06-29 17:12:37,906 [ERROR] LogOutputStream:75 - [STDERR_REDIRECT] [Fatal Error] :1:1: Premature end of file.
2026-06-29 17:12:37,906 [ERROR] LogOutputStream:75 - [STDERR_REDIRECT] 
2026-06-29 17:12:38,926 [ERROR] LogOutputStream:75 - [STDERR_REDIRECT] [Fatal Error] :1:1: Premature end of file.
2026-06-29 17:12:38,926 [ERROR] LogOutputStream:75 - [STDERR_REDIRECT] 
2026-06-29 17:12:39,897 [ERROR] LogOutputStream:75 - [STDERR_REDIRECT] [Fatal Error] :1:1: Premature end of file.
2026-06-29 17:12:39,897 [ERROR] LogOutputStream:75 - [STDERR_REDIRECT] 
2026-06-29 17:12:40,887 [ERROR] LogOutputStream:75 - [STDERR_REDIRECT] [Fatal Error] :1:1: Premature end of file.
2026-06-29 17:12:40,887 [ERROR] LogOutputStream:75 - [STDERR_REDIRECT] 
2026-06-29 17:12:41,894 [ERROR] LogOutputStream:75 - [STDERR_REDIRECT] [Fatal Error] :1:1: Premature end of file.
2026-06-29 17:12:41,894 [ERROR] LogOutputStream:75 - [STDERR_REDIRECT] 
2026-06-29 17:12:42,887 [ERROR] LogOutputStream:75 - [STDERR_REDIRECT] [Fatal Error] :1:1: Premature end of file.
2026-06-29 17:12:42,887 [ERROR] LogOutputStream:75 - [STDERR_REDIRECT] 
2026-06-29 17:12:43,903 [ERROR] LogOutputStream:75 - [STDERR_REDIRECT] [Fatal Error] :1:1: Premature end of file.
2026-06-29 17:12:43,903 [ERROR] LogOutputStream:75 - [STDERR_REDIRECT] 
2026-06-29 17:12:44,892 [ERROR] LogOutputStream:75 - [STDERR_REDIRECT] [Fatal Error] :1:1: Premature end of file.
2026-06-29 17:12:44,892 [ERROR] LogOutputStream:75 - [STDERR_REDIRECT] 
2026-06-29 17:12:45,965 [ERROR] LogOutputStream:75 - [STDERR_REDIRECT] [Fatal Error] :1:1: Premature end of file.
2026-06-29 17:12:45,965 [ERROR] LogOutputStream:75 - [STDERR_REDIRECT] 
2026-06-29 17:12:46,900 [ERROR] LogOutputStream:75 - [STDERR_REDIRECT] [Fatal Error] :1:1: Premature end of file.
2026-06-29 17:12:46,900 [ERROR] LogOutputStream:75 - [STDERR_REDIRECT] 
2026-06-29 17:12:47,947 [ERROR] LogOutputStream:75 - [STDERR_REDIRECT] [Fatal Error] :1:1: Premature end of file.
2026-06-29 17:12:47,947 [ERROR] LogOutputStream:75 - [STDERR_REDIRECT] 
2026-06-29 17:12:48,940 [ERROR] LogOutputStream:75 - [STDERR_REDIRECT] [Fatal Error] :1:1: Premature end of file.
2026-06-29 17:12:48,940 [ERROR] LogOutputStream:75 - [STDERR_REDIRECT] 
2026-06-29 17:12:49,877 [ERROR] LogOutputStream:75 - [STDERR_REDIRECT] [Fatal Error] :1:1: Premature end of file.
2026-06-29 17:12:49,877 [ERROR] LogOutputStream:75 - [STDERR_REDIRECT] 
2026-06-29 17:12:50,944 [ERROR] LogOutputStream:75 - [STDERR_REDIRECT] [Fatal Error] :1:1: Premature end of file.
2026-06-29 17:12:50,944 [ERROR] LogOutputStream:75 - [STDERR_REDIRECT] 
2026-06-29 17:12:51,932 [ERROR] LogOutputStream:75 - [STDERR_REDIRECT] [Fatal Error] :1:1: Premature end of file.
2026-06-29 17:12:51,932 [ERROR] LogOutputStream:75 - [STDERR_REDIRECT] 
2026-06-29 17:12:52,901 [ERROR] LogOutputStream:75 - [STDERR_REDIRECT] [Fatal Error] :1:1: Premature end of file.
2026-06-29 17:12:52,917 [ERROR] LogOutputStream:75 - [STDERR_REDIRECT] 
2026-06-29 17:12:53,916 [ERROR] LogOutputStream:75 - [STDERR_REDIRECT] [Fatal Error] :1:1: Premature end of file.
2026-06-29 17:12:53,916 [ERROR] LogOutputStream:75 - [STDERR_REDIRECT] 
2026-06-29 17:12:54,962 [ERROR] LogOutputStream:75 - [STDERR_REDIRECT] [Fatal Error] :1:1: Premature end of file.
2026-06-29 17:12:54,962 [ERROR] LogOutputStream:75 - [STDERR_REDIRECT] 
2026-06-29 17:12:55,933 [ERROR] LogOutputStream:75 - [STDERR_REDIRECT] [Fatal Error] :1:1: Premature end of file.
2026-06-29 17:12:55,933 [ERROR] LogOutputStream:75 - [STDERR_REDIRECT] 
2026-06-29 17:12:56,937 [ERROR] LogOutputStream:75 - [STDERR_REDIRECT] [Fatal Error] :1:1: Premature end of file.
2026-06-29 17:12:56,938 [ERROR] LogOutputStream:75 - [STDERR_REDIRECT] 
2026-06-29 17:12:57,912 [ERROR] LogOutputStream:75 - [STDERR_REDIRECT] [Fatal Error] :1:1: Premature end of file.
2026-06-29 17:12:57,912 [ERROR] LogOutputStream:75 - [STDERR_REDIRECT] 
2026-06-29 17:12:58,956 [ERROR] LogOutputStream:75 - [STDERR_REDIRECT] [Fatal Error] :1:1: Premature end of file.
2026-06-29 17:12:58,956 [ERROR] LogOutputStream:75 - [STDERR_REDIRECT] 
2026-06-29 17:12:59,913 [ERROR] LogOutputStream:75 - [STDERR_REDIRECT] [Fatal Error] :1:1: Premature end of file.
2026-06-29 17:12:59,913 [ERROR] LogOutputStream:75 - [STDERR_REDIRECT] 
2026-06-29 17:13:00,925 [ERROR] LogOutputStream:75 - [STDERR_REDIRECT] [Fatal Error] :1:1: Premature end of file.
2026-06-29 17:13:00,925 [ERROR] LogOutputStream:75 - [STDERR_REDIRECT] 
2026-06-29 17:13:01,924 [ERROR] LogOutputStream:75 - [STDERR_REDIRECT] [Fatal Error] :1:1: Premature end of file.
2026-06-29 17:13:01,925 [ERROR] LogOutputStream:75 - [STDERR_REDIRECT] 
2026-06-29 17:13:02,959 [ERROR] LogOutputStream:75 - [STDERR_REDIRECT] [Fatal Error] :1:1: Premature end of file.
2026-06-29 17:13:02,961 [ERROR] LogOutputStream:75 - [STDERR_REDIRECT] 
2026-06-29 17:13:03,958 [ERROR] LogOutputStream:75 - [STDERR_REDIRECT] [Fatal Error] :1:1: Premature end of file.
2026-06-29 17:13:03,958 [ERROR] LogOutputStream:75 - [STDERR_REDIRECT] 
2026-06-29 17:13:04,895 [ERROR] LogOutputStream:75 - [STDERR_REDIRECT] [Fatal Error] :1:1: Premature end of file.
2026-06-29 17:13:04,895 [ERROR] LogOutputStream:75 - [STDERR_REDIRECT] 
2026-06-29 17:13:05,901 [ERROR] LogOutputStream:75 - [STDERR_REDIRECT] [Fatal Error] :1:1: Premature end of file.
2026-06-29 17:13:05,901 [ERROR] LogOutputStream:75 - [STDERR_REDIRECT] 
2026-06-29 17:13:06,873 [ERROR] LogOutputStream:75 - [STDERR_REDIRECT] [Fatal Error] :1:1: Premature end of file.
2026-06-29 17:13:06,873 [ERROR] LogOutputStream:75 - [STDERR_REDIRECT] 
2026-06-29 17:13:07,883 [ERROR] LogOutputStream:75 - [STDERR_REDIRECT] [Fatal Error] :1:1: Premature end of file.
2026-06-29 17:13:07,883 [ERROR] LogOutputStream:75 - [STDERR_REDIRECT] 
2026-06-29 17:13:08,894 [ERROR] LogOutputStream:75 - [STDERR_REDIRECT] [Fatal Error] :1:1: Premature end of file.
2026-06-29 17:13:08,896 [ERROR] LogOutputStream:75 - [STDERR_REDIRECT] 
2026-06-29 17:13:09,881 [ERROR] LogOutputStream:75 - [STDERR_REDIRECT] [Fatal Error] :1:1: Premature end of file.
2026-06-29 17:13:09,881 [ERROR] LogOutputStream:75 - [STDERR_REDIRECT] 
2026-06-29 17:13:10,872 [ERROR] LogOutputStream:75 - [STDERR_REDIRECT] [Fatal Error] :1:1: Premature end of file.
2026-06-29 17:13:10,872 [ERROR] LogOutputStream:75 - [STDERR_REDIRECT] 
2026-06-29 17:13:11,926 [ERROR] LogOutputStream:75 - [STDERR_REDIRECT] [Fatal Error] :1:1: Premature end of file.
2026-06-29 17:13:11,926 [ERROR] LogOutputStream:75 - [STDERR_REDIRECT] 
2026-06-29 17:13:12,930 [ERROR] LogOutputStream:75 - [STDERR_REDIRECT] [Fatal Error] :1:1: Premature end of file.
2026-06-29 17:13:12,930 [ERROR] LogOutputStream:75 - [STDERR_REDIRECT] 
2026-06-29 17:13:14,025 [ERROR] LogOutputStream:75 - [STDERR_REDIRECT] [Fatal Error] :1:1: Premature end of file.
2026-06-29 17:13:14,025 [ERROR] LogOutputStream:75 - [STDERR_REDIRECT] 
2026-06-29 17:13:14,994 [ERROR] LogOutputStream:75 - [STDERR_REDIRECT] [Fatal Error] :1:1: Premature end of file.
2026-06-29 17:13:14,996 [ERROR] LogOutputStream:75 - [STDERR_REDIRECT] 
2026-06-29 17:13:15,875 [ERROR] LogOutputStream:75 - [STDERR_REDIRECT] [Fatal Error] :1:1: Premature end of file.
2026-06-29 17:13:15,875 [ERROR] LogOutputStream:75 - [STDERR_REDIRECT] 
2026-06-29 17:13:16,889 [ERROR] LogOutputStream:75 - [STDERR_REDIRECT] [Fatal Error] :1:1: Premature end of file.
2026-06-29 17:13:16,889 [ERROR] LogOutputStream:75 - [STDERR_REDIRECT] 
2026-06-29 17:13:18,046 [ERROR] LogOutputStream:75 - [STDERR_REDIRECT] [Fatal Error] :1:1: Premature end of file.
2026-06-29 17:13:18,046 [ERROR] LogOutputStream:75 - [STDERR_REDIRECT] 
2026-06-29 17:13:18,883 [ERROR] LogOutputStream:75 - [STDERR_REDIRECT] [Fatal Error] :1:1: Premature end of file.
2026-06-29 17:13:18,883 [ERROR] LogOutputStream:75 - [STDERR_REDIRECT] 
2026-06-29 17:13:19,846 [ERROR] LogOutputStream:75 - [STDERR_REDIRECT] [Fatal Error] :1:1: Premature end of file.
2026-06-29 17:13:19,852 [ERROR] LogOutputStream:75 - [STDERR_REDIRECT] 
2026-06-29 17:13:20,841 [ERROR] LogOutputStream:75 - [STDERR_REDIRECT] [Fatal Error] :1:1: Premature end of file.
2026-06-29 17:13:20,841 [ERROR] LogOutputStream:75 - [STDERR_REDIRECT] 
2026-06-29 17:13:20,969 [INFO] WebApp:403 - JxBrowser engine has been closed 
2026-06-29 17:13:21,845 [ERROR] LogOutputStream:75 - [STDERR_REDIRECT] [Fatal Error] :1:1: Premature end of file.
2026-06-29 17:13:21,845 [ERROR] LogOutputStream:75 - [STDERR_REDIRECT] 
2026-06-29 17:13:22,832 [ERROR] LogOutputStream:75 - [STDERR_REDIRECT] [Fatal Error] :1:1: Premature end of file.
2026-06-29 17:13:22,832 [ERROR] LogOutputStream:75 - [STDERR_REDIRECT] 
2026-06-29 17:13:23,841 [ERROR] LogOutputStream:75 - [STDERR_REDIRECT] [Fatal Error] :1:1: Premature end of file.
2026-06-29 17:13:23,841 [ERROR] LogOutputStream:75 - [STDERR_REDIRECT] 
2026-06-29 17:13:25,032 [ERROR] LogOutputStream:75 - [STDERR_REDIRECT] [Fatal Error] :1:1: Premature end of file.
2026-06-29 17:13:25,032 [ERROR] LogOutputStream:75 - [STDERR_REDIRECT] 
2026-06-29 17:13:25,888 [ERROR] LogOutputStream:75 - [STDERR_REDIRECT] [Fatal Error] :1:1: Premature end of file.
2026-06-29 17:13:25,890 [ERROR] LogOutputStream:75 - [STDERR_REDIRECT] 
2026-06-29 17:13:26,864 [ERROR] LogOutputStream:75 - [STDERR_REDIRECT] [Fatal Error] :1:1: Premature end of file.
2026-06-29 17:13:26,864 [ERROR] LogOutputStream:75 - [STDERR_REDIRECT] 
2026-06-29 17:13:27,825 [ERROR] LogOutputStream:75 - [STDERR_REDIRECT] [Fatal Error] :1:1: Premature end of file.
2026-06-29 17:13:27,825 [ERROR] LogOutputStream:75 - [STDERR_REDIRECT] 
2026-06-29 17:13:28,814 [ERROR] LogOutputStream:75 - [STDERR_REDIRECT] [Fatal Error] :1:1: Premature end of file.
2026-06-29 17:13:28,814 [ERROR] LogOutputStream:75 - [STDERR_REDIRECT] 
2026-06-29 17:13:29,811 [ERROR] LogOutputStream:75 - [STDERR_REDIRECT] [Fatal Error] :1:1: Premature end of file.
2026-06-29 17:13:29,811 [ERROR] LogOutputStream:75 - [STDERR_REDIRECT] 
2026-06-29 17:13:30,814 [ERROR] LogOutputStream:75 - [STDERR_REDIRECT] [Fatal Error] :1:1: Premature end of file.
2026-06-29 17:13:30,814 [ERROR] LogOutputStream:75 - [STDERR_REDIRECT] 
2026-06-29 17:13:31,808 [ERROR] LogOutputStream:75 - [STDERR_REDIRECT] [Fatal Error] :1:1: Premature end of file.
2026-06-29 17:13:31,812 [ERROR] LogOutputStream:75 - [STDERR_REDIRECT] 
2026-06-29 17:13:32,819 [ERROR] LogOutputStream:75 - [STDERR_REDIRECT] [Fatal Error] :1:1: Premature end of file.
2026-06-29 17:13:32,819 [ERROR] LogOutputStream:75 - [STDERR_REDIRECT] 
2026-06-29 17:13:33,812 [ERROR] LogOutputStream:75 - [STDERR_REDIRECT] [Fatal Error] :1:1: Premature end of file.
2026-06-29 17:13:33,812 [ERROR] LogOutputStream:75 - [STDERR_REDIRECT] 
2026-06-29 17:13:34,819 [ERROR] LogOutputStream:75 - [STDERR_REDIRECT] [Fatal Error] :1:1: Premature end of file.
2026-06-29 17:13:34,819 [ERROR] LogOutputStream:75 - [STDERR_REDIRECT] 
